solid OpenSCAD_Model
  facet normal 0.706985 0.0185246 -0.706986
    outer loop
      vertex 54.4 0 0
      vertex 54.3254 2.84708 0
      vertex 55 0 0.599999
    endloop
  endfacet
  facet normal 0.561072 0.43053 -0.706995
    outer loop
      vertex 44.4959 32.3282 0.599999
      vertex 42.2767 34.235 0
      vertex 42.743 34.6126 0.599999
    endloop
  endfacet
  facet normal -0.236084 0.666682 -0.706965
    outer loop
      vertex -16.8105 51.7375 0
      vertex -19.4952 50.7868 0
      vertex -16.9959 52.3081 0.599999
    endloop
  endfacet
  facet normal 0.603016 0.369532 -0.706978
    outer loop
      vertex 47.1118 27.2 0
      vertex 46.1269 29.9551 0.599999
      vertex 47.6314 27.5 0.599999
    endloop
  endfacet
  facet normal -0.705056 -0.0554754 -0.706978
    outer loop
      vertex -54.102 -5.68635 0
      vertex -54.6987 -5.74907 0.599999
      vertex -54.3254 -2.84708 0
    endloop
  endfacet
  facet normal 0.400578 -0.582839 -0.706991
    outer loop
      vertex 32.3282 -44.4959 0.599999
      vertex 29.9551 -46.1269 0.599999
      vertex 31.9755 -44.0105 0
    endloop
  endfacet
  facet normal 0.701127 -0.092294 -0.707038
    outer loop
      vertex 54.3229 -8.6039 0.599999
      vertex 53.7302 -8.51003 0
      vertex 54.6987 -5.74907 0.599999
    endloop
  endfacet
  facet normal -0.62152 0.337467 -0.706986
    outer loop
      vertex -48.4708 24.6971 0
      vertex -49.0054 24.9695 0.599999
      vertex -47.1118 27.2 0
    endloop
  endfacet
  facet normal -0.400609 -0.582859 -0.706957
    outer loop
      vertex -29.9551 -46.1269 0.599999
      vertex -31.9755 -44.0105 0
      vertex -29.6284 -45.6237 0
    endloop
  endfacet
  facet normal -0.512979 -0.486807 -0.707016
    outer loop
      vertex -38.8909 -38.8909 0.599999
      vertex -40.4271 -36.4007 0
      vertex -38.4666 -38.4666 0
    endloop
  endfacet
  facet normal -0.0923262 0.701183 -0.706979
    outer loop
      vertex -5.68635 54.102 0
      vertex -8.51003 53.7302 0
      vertex -5.74907 54.6987 0.599999
    endloop
  endfacet
  facet normal 0.537785 -0.459288 -0.706995
    outer loop
      vertex 42.743 -34.6126 0.599999
      vertex 40.873 -36.8022 0.599999
      vertex 42.2767 -34.235 0
    endloop
  endfacet
  facet normal -0.603016 -0.369532 -0.706978
    outer loop
      vertex -46.1269 -29.9551 0.599999
      vertex -47.6314 -27.5 0.599999
      vertex -47.1118 -27.2 0
    endloop
  endfacet
  facet normal -0.430533 0.561074 -0.706992
    outer loop
      vertex -31.9755 44.0105 0
      vertex -34.235 42.2767 0
      vertex -32.3282 44.4959 0.599999
    endloop
  endfacet
  facet normal 0.695384 0.128877 -0.706988
    outer loop
      vertex 53.7302 8.51003 0
      vertex 53.2112 11.3104 0
      vertex 53.7981 11.4351 0.599999
    endloop
  endfacet
  facet normal -0.486807 -0.512979 -0.707016
    outer loop
      vertex -36.4007 -40.4271 0
      vertex -38.8909 -38.8909 0.599999
      vertex -38.4666 -38.4666 0
    endloop
  endfacet
  facet normal 0.0185187 -0.706972 -0.706999
    outer loop
      vertex 2.87848 -54.9246 0.599999
      vertex 0 -55 0.599999
      vertex 2.84708 -54.3254 0
    endloop
  endfacet
  facet normal -0.200873 -0.678149 -0.70694
    outer loop
      vertex -14.235 -53.1259 0.599999
      vertex -16.9959 -52.3081 0.599999
      vertex -14.0798 -52.5464 0
    endloop
  endfacet
  facet normal -0.337473 -0.621525 -0.706978
    outer loop
      vertex -24.9695 -49.0054 0.599999
      vertex -27.5 -47.6314 0.599999
      vertex -27.2 -47.1118 0
    endloop
  endfacet
  facet normal -0.304467 -0.638335 -0.706986
    outer loop
      vertex -22.1265 -49.6969 0
      vertex -24.9695 -49.0054 0.599999
      vertex -24.6971 -48.4708 0
    endloop
  endfacet
  facet normal 0.687734 -0.165092 -0.706942
    outer loop
      vertex 53.1259 -14.235 0.599999
      vertex 52.5464 -14.0798 0
      vertex 53.2112 -11.3104 0
    endloop
  endfacet
  facet normal -0.092294 0.701127 -0.707038
    outer loop
      vertex -8.51003 53.7302 0
      vertex -8.6039 54.3229 0.599999
      vertex -5.74907 54.6987 0.599999
    endloop
  endfacet
  facet normal -0.561074 -0.430533 -0.706992
    outer loop
      vertex -42.2767 -34.235 0
      vertex -44.4959 -32.3282 0.599999
      vertex -44.0105 -31.9755 0
    endloop
  endfacet
  facet normal 0.666682 0.236084 -0.706965
    outer loop
      vertex 51.7375 16.8105 0
      vertex 50.7868 19.4952 0
      vertex 52.3081 16.9959 0.599999
    endloop
  endfacet
  facet normal 0.638335 -0.304467 -0.706986
    outer loop
      vertex 49.0054 -24.9695 0.599999
      vertex 48.4708 -24.6971 0
      vertex 49.6969 -22.1265 0
    endloop
  endfacet
  facet normal 0.400609 0.582859 -0.706957
    outer loop
      vertex 31.9755 44.0105 0
      vertex 29.6284 45.6237 0
      vertex 29.9551 46.1269 0.599999
    endloop
  endfacet
  facet normal 0.0554754 -0.705056 -0.706978
    outer loop
      vertex 5.74907 -54.6987 0.599999
      vertex 2.84708 -54.3254 0
      vertex 5.68635 -54.102 0
    endloop
  endfacet
  facet normal 0.638361 -0.304468 -0.706961
    outer loop
      vertex 50.245 -22.3705 0.599999
      vertex 49.0054 -24.9695 0.599999
      vertex 49.6969 -22.1265 0
    endloop
  endfacet
  facet normal 0.270649 -0.653424 -0.706955
    outer loop
      vertex 19.7102 -51.3469 0.599999
      vertex 19.4952 -50.7868 0
      vertex 22.3705 -50.245 0.599999
    endloop
  endfacet
  facet normal 0.092294 -0.701127 -0.707038
    outer loop
      vertex 8.6039 -54.3229 0.599999
      vertex 5.74907 -54.6987 0.599999
      vertex 8.51003 -53.7302 0
    endloop
  endfacet
  facet normal -0.706985 0.0185246 -0.706986
    outer loop
      vertex -54.4 0 0
      vertex -55 0 0.599999
      vertex -54.3254 2.84708 0
    endloop
  endfacet
  facet normal 0.701127 0.092294 -0.707038
    outer loop
      vertex 54.6987 5.74907 0.599999
      vertex 53.7302 8.51003 0
      vertex 54.3229 8.6039 0.599999
    endloop
  endfacet
  facet normal -0.706972 -0.0185187 -0.706999
    outer loop
      vertex -54.9246 -2.87848 0.599999
      vertex -55 0 0.599999
      vertex -54.3254 -2.84708 0
    endloop
  endfacet
  facet normal 0.621525 0.337473 -0.706978
    outer loop
      vertex 49.0054 24.9695 0.599999
      vertex 47.1118 27.2 0
      vertex 47.6314 27.5 0.599999
    endloop
  endfacet
  facet normal -0.459287 0.537779 -0.707
    outer loop
      vertex -36.4007 40.4271 0
      vertex -36.8022 40.873 0.599999
      vertex -34.235 42.2767 0
    endloop
  endfacet
  facet normal -0.369532 0.603016 -0.706978
    outer loop
      vertex -27.2 47.1118 0
      vertex -29.9551 46.1269 0.599999
      vertex -27.5 47.6314 0.599999
    endloop
  endfacet
  facet normal 0.537779 0.459287 -0.707
    outer loop
      vertex 42.2767 34.235 0
      vertex 40.4271 36.4007 0
      vertex 40.873 36.8022 0.599999
    endloop
  endfacet
  facet normal 0.687686 0.1651 -0.706986
    outer loop
      vertex 53.2112 11.3104 0
      vertex 53.1259 14.235 0.599999
      vertex 53.7981 11.4351 0.599999
    endloop
  endfacet
  facet normal 0.200876 0.678121 -0.706965
    outer loop
      vertex 16.8105 51.7375 0
      vertex 14.0798 52.5464 0
      vertex 16.9959 52.3081 0.599999
    endloop
  endfacet
  facet normal 0.512979 0.486807 -0.707016
    outer loop
      vertex 40.4271 36.4007 0
      vertex 38.4666 38.4666 0
      vertex 38.8909 38.8909 0.599999
    endloop
  endfacet
  facet normal -0.304468 -0.638361 -0.706961
    outer loop
      vertex -22.3705 -50.245 0.599999
      vertex -24.9695 -49.0054 0.599999
      vertex -22.1265 -49.6969 0
    endloop
  endfacet
  facet normal 0.0185246 -0.706985 -0.706986
    outer loop
      vertex 2.84708 -54.3254 0
      vertex 0 -55 0.599999
      vertex 0 -54.4 0
    endloop
  endfacet
  facet normal 0.653417 -0.270649 -0.706962
    outer loop
      vertex 50.245 -22.3705 0.599999
      vertex 49.6969 -22.1265 0
      vertex 50.7868 -19.4952 0
    endloop
  endfacet
  facet normal 0.236091 -0.66669 -0.706955
    outer loop
      vertex 19.7102 -51.3469 0.599999
      vertex 16.9959 -52.3081 0.599999
      vertex 19.4952 -50.7868 0
    endloop
  endfacet
  facet normal 0.638335 0.304467 -0.706986
    outer loop
      vertex 49.6969 22.1265 0
      vertex 48.4708 24.6971 0
      vertex 49.0054 24.9695 0.599999
    endloop
  endfacet
  facet normal -0.687686 -0.1651 -0.706986
    outer loop
      vertex -53.1259 -14.235 0.599999
      vertex -53.7981 -11.4351 0.599999
      vertex -53.2112 -11.3104 0
    endloop
  endfacet
  facet normal -0.092294 -0.701127 -0.707038
    outer loop
      vertex -5.74907 -54.6987 0.599999
      vertex -8.6039 -54.3229 0.599999
      vertex -8.51003 -53.7302 0
    endloop
  endfacet
  facet normal -0.695384 -0.128877 -0.706988
    outer loop
      vertex -53.2112 -11.3104 0
      vertex -53.7981 -11.4351 0.599999
      vertex -53.7302 -8.51003 0
    endloop
  endfacet
  facet normal 0.705035 0.0554824 -0.706999
    outer loop
      vertex 54.9246 2.87848 0.599999
      vertex 54.3254 2.84708 0
      vertex 54.6987 5.74907 0.599999
    endloop
  endfacet
  facet normal -0.678121 0.200876 -0.706965
    outer loop
      vertex -51.7375 16.8105 0
      vertex -52.5464 14.0798 0
      vertex -52.3081 16.9959 0.599999
    endloop
  endfacet
  facet normal 0.400609 -0.582859 -0.706957
    outer loop
      vertex 29.9551 -46.1269 0.599999
      vertex 29.6284 -45.6237 0
      vertex 31.9755 -44.0105 0
    endloop
  endfacet
  facet normal 0.0185246 0.706985 -0.706986
    outer loop
      vertex 2.84708 54.3254 0
      vertex 0 54.4 0
      vertex 0 55 0.599999
    endloop
  endfacet
  facet normal 0.486813 -0.512994 -0.707001
    outer loop
      vertex 36.8022 -40.873 0.599999
      vertex 36.4007 -40.4271 0
      vertex 38.8909 -38.8909 0.599999
    endloop
  endfacet
  facet normal -0.128889 0.695331 -0.707037
    outer loop
      vertex -8.51003 53.7302 0
      vertex -11.4351 53.7981 0.599999
      vertex -8.6039 54.3229 0.599999
    endloop
  endfacet
  facet normal -0.705035 -0.0554824 -0.706999
    outer loop
      vertex -54.6987 -5.74907 0.599999
      vertex -54.9246 -2.87848 0.599999
      vertex -54.3254 -2.84708 0
    endloop
  endfacet
  facet normal -0.705056 0.0554754 -0.706978
    outer loop
      vertex -54.3254 2.84708 0
      vertex -54.6987 5.74907 0.599999
      vertex -54.102 5.68635 0
    endloop
  endfacet
  facet normal 0.128877 -0.695384 -0.706988
    outer loop
      vertex 11.4351 -53.7981 0.599999
      vertex 8.51003 -53.7302 0
      vertex 11.3104 -53.2112 0
    endloop
  endfacet
  facet normal 0.653424 0.270649 -0.706955
    outer loop
      vertex 50.7868 19.4952 0
      vertex 50.245 22.3705 0.599999
      vertex 51.3469 19.7102 0.599999
    endloop
  endfacet
  facet normal 0.0185187 0.706972 -0.706999
    outer loop
      vertex 2.84708 54.3254 0
      vertex 0 55 0.599999
      vertex 2.87848 54.9246 0.599999
    endloop
  endfacet
  facet normal -0.430533 -0.561074 -0.706992
    outer loop
      vertex -32.3282 -44.4959 0.599999
      vertex -34.235 -42.2767 0
      vertex -31.9755 -44.0105 0
    endloop
  endfacet
  facet normal 0.459287 0.537779 -0.707
    outer loop
      vertex 36.4007 40.4271 0
      vertex 34.235 42.2767 0
      vertex 36.8022 40.873 0.599999
    endloop
  endfacet
  facet normal 0.128889 -0.695331 -0.707037
    outer loop
      vertex 8.6039 -54.3229 0.599999
      vertex 8.51003 -53.7302 0
      vertex 11.4351 -53.7981 0.599999
    endloop
  endfacet
  facet normal 0.561072 -0.43053 -0.706995
    outer loop
      vertex 42.743 -34.6126 0.599999
      vertex 42.2767 -34.235 0
      vertex 44.4959 -32.3282 0.599999
    endloop
  endfacet
  facet normal 0.0554824 -0.705035 -0.706999
    outer loop
      vertex 2.87848 -54.9246 0.599999
      vertex 2.84708 -54.3254 0
      vertex 5.74907 -54.6987 0.599999
    endloop
  endfacet
  facet normal -0.0185187 0.706972 -0.706999
    outer loop
      vertex -2.84708 54.3254 0
      vertex -2.87848 54.9246 0.599999
      vertex 0 55 0.599999
    endloop
  endfacet
  facet normal 0.304467 0.638335 -0.706986
    outer loop
      vertex 24.6971 48.4708 0
      vertex 22.1265 49.6969 0
      vertex 24.9695 49.0054 0.599999
    endloop
  endfacet
  facet normal -0.695331 0.128889 -0.707037
    outer loop
      vertex -53.7302 8.51003 0
      vertex -54.3229 8.6039 0.599999
      vertex -53.7981 11.4351 0.599999
    endloop
  endfacet
  facet normal -0.695384 0.128877 -0.706988
    outer loop
      vertex -53.7302 8.51003 0
      vertex -53.7981 11.4351 0.599999
      vertex -53.2112 11.3104 0
    endloop
  endfacet
  facet normal 0.653424 -0.270649 -0.706955
    outer loop
      vertex 51.3469 -19.7102 0.599999
      vertex 50.245 -22.3705 0.599999
      vertex 50.7868 -19.4952 0
    endloop
  endfacet
  facet normal -0.687686 0.1651 -0.706986
    outer loop
      vertex -53.2112 11.3104 0
      vertex -53.7981 11.4351 0.599999
      vertex -53.1259 14.235 0.599999
    endloop
  endfacet
  facet normal 0.66669 0.236091 -0.706955
    outer loop
      vertex 52.3081 16.9959 0.599999
      vertex 50.7868 19.4952 0
      vertex 51.3469 19.7102 0.599999
    endloop
  endfacet
  facet normal 0.128889 0.695331 -0.707037
    outer loop
      vertex 11.4351 53.7981 0.599999
      vertex 8.51003 53.7302 0
      vertex 8.6039 54.3229 0.599999
    endloop
  endfacet
  facet normal 0.512994 -0.486813 -0.707001
    outer loop
      vertex 40.873 -36.8022 0.599999
      vertex 38.8909 -38.8909 0.599999
      vertex 40.4271 -36.4007 0
    endloop
  endfacet
  facet normal 0.701183 -0.0923262 -0.706979
    outer loop
      vertex 54.6987 -5.74907 0.599999
      vertex 53.7302 -8.51003 0
      vertex 54.102 -5.68635 0
    endloop
  endfacet
  facet normal 0.270649 0.653424 -0.706955
    outer loop
      vertex 22.3705 50.245 0.599999
      vertex 19.4952 50.7868 0
      vertex 19.7102 51.3469 0.599999
    endloop
  endfacet
  facet normal 0.706972 0.0185187 -0.706999
    outer loop
      vertex 55 0 0.599999
      vertex 54.3254 2.84708 0
      vertex 54.9246 2.87848 0.599999
    endloop
  endfacet
  facet normal 0.706985 -0.0185246 -0.706986
    outer loop
      vertex 55 0 0.599999
      vertex 54.3254 -2.84708 0
      vertex 54.4 0 0
    endloop
  endfacet
  facet normal 0.705035 -0.0554824 -0.706999
    outer loop
      vertex 54.6987 -5.74907 0.599999
      vertex 54.3254 -2.84708 0
      vertex 54.9246 -2.87848 0.599999
    endloop
  endfacet
  facet normal -0.512994 -0.486813 -0.707001
    outer loop
      vertex -38.8909 -38.8909 0.599999
      vertex -40.873 -36.8022 0.599999
      vertex -40.4271 -36.4007 0
    endloop
  endfacet
  facet normal 0.200873 0.678149 -0.70694
    outer loop
      vertex 16.9959 52.3081 0.599999
      vertex 14.0798 52.5464 0
      vertex 14.235 53.1259 0.599999
    endloop
  endfacet
  facet normal -0.653424 -0.270649 -0.706955
    outer loop
      vertex -50.245 -22.3705 0.599999
      vertex -51.3469 -19.7102 0.599999
      vertex -50.7868 -19.4952 0
    endloop
  endfacet
  facet normal -0.43053 -0.561072 -0.706995
    outer loop
      vertex -32.3282 -44.4959 0.599999
      vertex -34.6126 -42.743 0.599999
      vertex -34.235 -42.2767 0
    endloop
  endfacet
  facet normal 0.337473 -0.621525 -0.706978
    outer loop
      vertex 27.5 -47.6314 0.599999
      vertex 24.9695 -49.0054 0.599999
      vertex 27.2 -47.1118 0
    endloop
  endfacet
  facet normal 0.092294 0.701127 -0.707038
    outer loop
      vertex 8.51003 53.7302 0
      vertex 5.74907 54.6987 0.599999
      vertex 8.6039 54.3229 0.599999
    endloop
  endfacet
  facet normal 0.369532 0.603016 -0.706978
    outer loop
      vertex 29.9551 46.1269 0.599999
      vertex 27.2 47.1118 0
      vertex 27.5 47.6314 0.599999
    endloop
  endfacet
  facet normal -0.653424 0.270649 -0.706955
    outer loop
      vertex -50.7868 19.4952 0
      vertex -51.3469 19.7102 0.599999
      vertex -50.245 22.3705 0.599999
    endloop
  endfacet
  facet normal -0.400578 0.582839 -0.706991
    outer loop
      vertex -31.9755 44.0105 0
      vertex -32.3282 44.4959 0.599999
      vertex -29.9551 46.1269 0.599999
    endloop
  endfacet
  facet normal -0.337467 -0.62152 -0.706986
    outer loop
      vertex -24.9695 -49.0054 0.599999
      vertex -27.2 -47.1118 0
      vertex -24.6971 -48.4708 0
    endloop
  endfacet
  facet normal 0.653417 0.270649 -0.706962
    outer loop
      vertex 50.7868 19.4952 0
      vertex 49.6969 22.1265 0
      vertex 50.245 22.3705 0.599999
    endloop
  endfacet
  facet normal 0.512994 0.486813 -0.707001
    outer loop
      vertex 40.4271 36.4007 0
      vertex 38.8909 38.8909 0.599999
      vertex 40.873 36.8022 0.599999
    endloop
  endfacet
  facet normal 0.236084 -0.666682 -0.706965
    outer loop
      vertex 16.9959 -52.3081 0.599999
      vertex 16.8105 -51.7375 0
      vertex 19.4952 -50.7868 0
    endloop
  endfacet
  facet normal 0.603036 0.369535 -0.706959
    outer loop
      vertex 47.1118 27.2 0
      vertex 45.6237 29.6284 0
      vertex 46.1269 29.9551 0.599999
    endloop
  endfacet
  facet normal -0.0554754 -0.705056 -0.706978
    outer loop
      vertex -2.84708 -54.3254 0
      vertex -5.74907 -54.6987 0.599999
      vertex -5.68635 -54.102 0
    endloop
  endfacet
  facet normal 0.0554824 0.705035 -0.706999
    outer loop
      vertex 5.74907 54.6987 0.599999
      vertex 2.84708 54.3254 0
      vertex 2.87848 54.9246 0.599999
    endloop
  endfacet
  facet normal 0.236091 0.66669 -0.706955
    outer loop
      vertex 19.4952 50.7868 0
      vertex 16.9959 52.3081 0.599999
      vertex 19.7102 51.3469 0.599999
    endloop
  endfacet
  facet normal -0.582839 -0.400578 -0.706991
    outer loop
      vertex -44.4959 -32.3282 0.599999
      vertex -46.1269 -29.9551 0.599999
      vertex -44.0105 -31.9755 0
    endloop
  endfacet
  facet normal -0.561072 -0.43053 -0.706995
    outer loop
      vertex -42.743 -34.6126 0.599999
      vertex -44.4959 -32.3282 0.599999
      vertex -42.2767 -34.235 0
    endloop
  endfacet
  facet normal -0.0923262 -0.701183 -0.706979
    outer loop
      vertex -5.74907 -54.6987 0.599999
      vertex -8.51003 -53.7302 0
      vertex -5.68635 -54.102 0
    endloop
  endfacet
  facet normal -0.638361 0.304468 -0.706961
    outer loop
      vertex -49.6969 22.1265 0
      vertex -50.245 22.3705 0.599999
      vertex -49.0054 24.9695 0.599999
    endloop
  endfacet
  facet normal -0.582839 0.400578 -0.706991
    outer loop
      vertex -44.0105 31.9755 0
      vertex -46.1269 29.9551 0.599999
      vertex -44.4959 32.3282 0.599999
    endloop
  endfacet
  facet normal 0.678149 -0.200873 -0.70694
    outer loop
      vertex 53.1259 -14.235 0.599999
      vertex 52.3081 -16.9959 0.599999
      vertex 52.5464 -14.0798 0
    endloop
  endfacet
  facet normal 0.687734 0.165092 -0.706942
    outer loop
      vertex 53.2112 11.3104 0
      vertex 52.5464 14.0798 0
      vertex 53.1259 14.235 0.599999
    endloop
  endfacet
  facet normal -0.369532 -0.603016 -0.706978
    outer loop
      vertex -27.5 -47.6314 0.599999
      vertex -29.9551 -46.1269 0.599999
      vertex -27.2 -47.1118 0
    endloop
  endfacet
  facet normal 0.537785 0.459288 -0.706995
    outer loop
      vertex 42.2767 34.235 0
      vertex 40.873 36.8022 0.599999
      vertex 42.743 34.6126 0.599999
    endloop
  endfacet
  facet normal -0.561074 0.430533 -0.706992
    outer loop
      vertex -44.0105 31.9755 0
      vertex -44.4959 32.3282 0.599999
      vertex -42.2767 34.235 0
    endloop
  endfacet
  facet normal -0.236091 -0.66669 -0.706955
    outer loop
      vertex -16.9959 -52.3081 0.599999
      vertex -19.7102 -51.3469 0.599999
      vertex -19.4952 -50.7868 0
    endloop
  endfacet
  facet normal 0.0554754 0.705056 -0.706978
    outer loop
      vertex 5.68635 54.102 0
      vertex 2.84708 54.3254 0
      vertex 5.74907 54.6987 0.599999
    endloop
  endfacet
  facet normal -0.666682 0.236084 -0.706965
    outer loop
      vertex -51.7375 16.8105 0
      vertex -52.3081 16.9959 0.599999
      vertex -50.7868 19.4952 0
    endloop
  endfacet
  facet normal -0.666682 -0.236084 -0.706965
    outer loop
      vertex -50.7868 -19.4952 0
      vertex -52.3081 -16.9959 0.599999
      vertex -51.7375 -16.8105 0
    endloop
  endfacet
  facet normal 0.687686 -0.1651 -0.706986
    outer loop
      vertex 53.7981 -11.4351 0.599999
      vertex 53.1259 -14.235 0.599999
      vertex 53.2112 -11.3104 0
    endloop
  endfacet
  facet normal -0.62152 -0.337467 -0.706986
    outer loop
      vertex -47.1118 -27.2 0
      vertex -49.0054 -24.9695 0.599999
      vertex -48.4708 -24.6971 0
    endloop
  endfacet
  facet normal 0.582839 -0.400578 -0.706991
    outer loop
      vertex 44.4959 -32.3282 0.599999
      vertex 44.0105 -31.9755 0
      vertex 46.1269 -29.9551 0.599999
    endloop
  endfacet
  facet normal 0.678121 -0.200876 -0.706965
    outer loop
      vertex 52.3081 -16.9959 0.599999
      vertex 51.7375 -16.8105 0
      vertex 52.5464 -14.0798 0
    endloop
  endfacet
  facet normal 0.638361 0.304468 -0.706961
    outer loop
      vertex 49.6969 22.1265 0
      vertex 49.0054 24.9695 0.599999
      vertex 50.245 22.3705 0.599999
    endloop
  endfacet
  facet normal -0.270649 -0.653424 -0.706955
    outer loop
      vertex -19.7102 -51.3469 0.599999
      vertex -22.3705 -50.245 0.599999
      vertex -19.4952 -50.7868 0
    endloop
  endfacet
  facet normal 0.695331 -0.128889 -0.707037
    outer loop
      vertex 53.7981 -11.4351 0.599999
      vertex 53.7302 -8.51003 0
      vertex 54.3229 -8.6039 0.599999
    endloop
  endfacet
  facet normal 0.695384 -0.128877 -0.706988
    outer loop
      vertex 53.7981 -11.4351 0.599999
      vertex 53.2112 -11.3104 0
      vertex 53.7302 -8.51003 0
    endloop
  endfacet
  facet normal -0.638335 0.304467 -0.706986
    outer loop
      vertex -48.4708 24.6971 0
      vertex -49.6969 22.1265 0
      vertex -49.0054 24.9695 0.599999
    endloop
  endfacet
  facet normal 0.200873 -0.678149 -0.70694
    outer loop
      vertex 14.235 -53.1259 0.599999
      vertex 14.0798 -52.5464 0
      vertex 16.9959 -52.3081 0.599999
    endloop
  endfacet
  facet normal -0.128877 0.695384 -0.706988
    outer loop
      vertex -11.3104 53.2112 0
      vertex -11.4351 53.7981 0.599999
      vertex -8.51003 53.7302 0
    endloop
  endfacet
  facet normal 0.705056 -0.0554754 -0.706978
    outer loop
      vertex 54.6987 -5.74907 0.599999
      vertex 54.102 -5.68635 0
      vertex 54.3254 -2.84708 0
    endloop
  endfacet
  facet normal 0.706972 -0.0185187 -0.706999
    outer loop
      vertex 54.9246 -2.87848 0.599999
      vertex 54.3254 -2.84708 0
      vertex 55 0 0.599999
    endloop
  endfacet
  facet normal -0.0185246 0.706985 -0.706986
    outer loop
      vertex 0 54.4 0
      vertex -2.84708 54.3254 0
      vertex 0 55 0.599999
    endloop
  endfacet
  facet normal 0.62152 -0.337467 -0.706986
    outer loop
      vertex 49.0054 -24.9695 0.599999
      vertex 47.1118 -27.2 0
      vertex 48.4708 -24.6971 0
    endloop
  endfacet
  facet normal 0.582859 0.400609 -0.706957
    outer loop
      vertex 45.6237 29.6284 0
      vertex 44.0105 31.9755 0
      vertex 46.1269 29.9551 0.599999
    endloop
  endfacet
  facet normal 0.705056 0.0554754 -0.706978
    outer loop
      vertex 54.3254 2.84708 0
      vertex 54.102 5.68635 0
      vertex 54.6987 5.74907 0.599999
    endloop
  endfacet
  facet normal -0.270649 -0.653417 -0.706962
    outer loop
      vertex -19.4952 -50.7868 0
      vertex -22.3705 -50.245 0.599999
      vertex -22.1265 -49.6969 0
    endloop
  endfacet
  facet normal 0.0923262 0.701183 -0.706979
    outer loop
      vertex 8.51003 53.7302 0
      vertex 5.68635 54.102 0
      vertex 5.74907 54.6987 0.599999
    endloop
  endfacet
  facet normal 0.369532 -0.603016 -0.706978
    outer loop
      vertex 27.5 -47.6314 0.599999
      vertex 27.2 -47.1118 0
      vertex 29.9551 -46.1269 0.599999
    endloop
  endfacet
  facet normal -0.638361 -0.304468 -0.706961
    outer loop
      vertex -49.0054 -24.9695 0.599999
      vertex -50.245 -22.3705 0.599999
      vertex -49.6969 -22.1265 0
    endloop
  endfacet
  facet normal 0.304468 -0.638361 -0.706961
    outer loop
      vertex 22.3705 -50.245 0.599999
      vertex 22.1265 -49.6969 0
      vertex 24.9695 -49.0054 0.599999
    endloop
  endfacet
  facet normal 0.304467 -0.638335 -0.706986
    outer loop
      vertex 24.9695 -49.0054 0.599999
      vertex 22.1265 -49.6969 0
      vertex 24.6971 -48.4708 0
    endloop
  endfacet
  facet normal -0.486807 0.512979 -0.707016
    outer loop
      vertex -38.4666 38.4666 0
      vertex -38.8909 38.8909 0.599999
      vertex -36.4007 40.4271 0
    endloop
  endfacet
  facet normal -0.695331 -0.128889 -0.707037
    outer loop
      vertex -53.7981 -11.4351 0.599999
      vertex -54.3229 -8.6039 0.599999
      vertex -53.7302 -8.51003 0
    endloop
  endfacet
  facet normal -0.400578 -0.582839 -0.706991
    outer loop
      vertex -29.9551 -46.1269 0.599999
      vertex -32.3282 -44.4959 0.599999
      vertex -31.9755 -44.0105 0
    endloop
  endfacet
  facet normal -0.537785 -0.459288 -0.706995
    outer loop
      vertex -40.873 -36.8022 0.599999
      vertex -42.743 -34.6126 0.599999
      vertex -42.2767 -34.235 0
    endloop
  endfacet
  facet normal -0.43053 0.561072 -0.706995
    outer loop
      vertex -34.235 42.2767 0
      vertex -34.6126 42.743 0.599999
      vertex -32.3282 44.4959 0.599999
    endloop
  endfacet
  facet normal -0.701127 0.092294 -0.707038
    outer loop
      vertex -53.7302 8.51003 0
      vertex -54.6987 5.74907 0.599999
      vertex -54.3229 8.6039 0.599999
    endloop
  endfacet
  facet normal 0.1651 0.687686 -0.706986
    outer loop
      vertex 14.235 53.1259 0.599999
      vertex 11.3104 53.2112 0
      vertex 11.4351 53.7981 0.599999
    endloop
  endfacet
  facet normal -0.486813 -0.512994 -0.707001
    outer loop
      vertex -36.8022 -40.873 0.599999
      vertex -38.8909 -38.8909 0.599999
      vertex -36.4007 -40.4271 0
    endloop
  endfacet
  facet normal -0.200876 -0.678121 -0.706965
    outer loop
      vertex -14.0798 -52.5464 0
      vertex -16.9959 -52.3081 0.599999
      vertex -16.8105 -51.7375 0
    endloop
  endfacet
  facet normal -0.66669 0.236091 -0.706955
    outer loop
      vertex -50.7868 19.4952 0
      vertex -52.3081 16.9959 0.599999
      vertex -51.3469 19.7102 0.599999
    endloop
  endfacet
  facet normal -0.0554754 0.705056 -0.706978
    outer loop
      vertex -5.68635 54.102 0
      vertex -5.74907 54.6987 0.599999
      vertex -2.84708 54.3254 0
    endloop
  endfacet
  facet normal -0.236091 0.66669 -0.706955
    outer loop
      vertex -19.4952 50.7868 0
      vertex -19.7102 51.3469 0.599999
      vertex -16.9959 52.3081 0.599999
    endloop
  endfacet
  facet normal -0.678149 0.200873 -0.70694
    outer loop
      vertex -52.5464 14.0798 0
      vertex -53.1259 14.235 0.599999
      vertex -52.3081 16.9959 0.599999
    endloop
  endfacet
  facet normal 0.337473 0.621525 -0.706978
    outer loop
      vertex 27.2 47.1118 0
      vertex 24.9695 49.0054 0.599999
      vertex 27.5 47.6314 0.599999
    endloop
  endfacet
  facet normal -0.603036 0.369535 -0.706959
    outer loop
      vertex -45.6237 29.6284 0
      vertex -47.1118 27.2 0
      vertex -46.1269 29.9551 0.599999
    endloop
  endfacet
  facet normal -0.459287 -0.537779 -0.707
    outer loop
      vertex -34.235 -42.2767 0
      vertex -36.8022 -40.873 0.599999
      vertex -36.4007 -40.4271 0
    endloop
  endfacet
  facet normal 0.695331 0.128889 -0.707037
    outer loop
      vertex 54.3229 8.6039 0.599999
      vertex 53.7302 8.51003 0
      vertex 53.7981 11.4351 0.599999
    endloop
  endfacet
  facet normal -0.701183 0.0923262 -0.706979
    outer loop
      vertex -54.102 5.68635 0
      vertex -54.6987 5.74907 0.599999
      vertex -53.7302 8.51003 0
    endloop
  endfacet
  facet normal -0.706972 0.0185187 -0.706999
    outer loop
      vertex -54.3254 2.84708 0
      vertex -55 0 0.599999
      vertex -54.9246 2.87848 0.599999
    endloop
  endfacet
  facet normal -0.705035 0.0554824 -0.706999
    outer loop
      vertex -54.3254 2.84708 0
      vertex -54.9246 2.87848 0.599999
      vertex -54.6987 5.74907 0.599999
    endloop
  endfacet
  facet normal 0.270649 -0.653417 -0.706962
    outer loop
      vertex 22.3705 -50.245 0.599999
      vertex 19.4952 -50.7868 0
      vertex 22.1265 -49.6969 0
    endloop
  endfacet
  facet normal 0.337467 0.62152 -0.706986
    outer loop
      vertex 27.2 47.1118 0
      vertex 24.6971 48.4708 0
      vertex 24.9695 49.0054 0.599999
    endloop
  endfacet
  facet normal -0.0185246 -0.706985 -0.706986
    outer loop
      vertex 0 -55 0.599999
      vertex -2.84708 -54.3254 0
      vertex 0 -54.4 0
    endloop
  endfacet
  facet normal -0.0554824 0.705035 -0.706999
    outer loop
      vertex -2.84708 54.3254 0
      vertex -5.74907 54.6987 0.599999
      vertex -2.87848 54.9246 0.599999
    endloop
  endfacet
  facet normal -0.304468 0.638361 -0.706961
    outer loop
      vertex -22.1265 49.6969 0
      vertex -24.9695 49.0054 0.599999
      vertex -22.3705 50.245 0.599999
    endloop
  endfacet
  facet normal -0.304467 0.638335 -0.706986
    outer loop
      vertex -24.6971 48.4708 0
      vertex -24.9695 49.0054 0.599999
      vertex -22.1265 49.6969 0
    endloop
  endfacet
  facet normal 0.400578 0.582839 -0.706991
    outer loop
      vertex 31.9755 44.0105 0
      vertex 29.9551 46.1269 0.599999
      vertex 32.3282 44.4959 0.599999
    endloop
  endfacet
  facet normal 0.304468 0.638361 -0.706961
    outer loop
      vertex 24.9695 49.0054 0.599999
      vertex 22.1265 49.6969 0
      vertex 22.3705 50.245 0.599999
    endloop
  endfacet
  facet normal -0.165092 -0.687734 -0.706942
    outer loop
      vertex -11.3104 -53.2112 0
      vertex -14.235 -53.1259 0.599999
      vertex -14.0798 -52.5464 0
    endloop
  endfacet
  facet normal 0.128877 0.695384 -0.706988
    outer loop
      vertex 11.3104 53.2112 0
      vertex 8.51003 53.7302 0
      vertex 11.4351 53.7981 0.599999
    endloop
  endfacet
  facet normal 0.1651 -0.687686 -0.706986
    outer loop
      vertex 11.4351 -53.7981 0.599999
      vertex 11.3104 -53.2112 0
      vertex 14.235 -53.1259 0.599999
    endloop
  endfacet
  facet normal -0.459288 0.537785 -0.706995
    outer loop
      vertex -34.235 42.2767 0
      vertex -36.8022 40.873 0.599999
      vertex -34.6126 42.743 0.599999
    endloop
  endfacet
  facet normal 0.459288 -0.537785 -0.706995
    outer loop
      vertex 34.6126 -42.743 0.599999
      vertex 34.235 -42.2767 0
      vertex 36.8022 -40.873 0.599999
    endloop
  endfacet
  facet normal -0.603016 0.369532 -0.706978
    outer loop
      vertex -47.1118 27.2 0
      vertex -47.6314 27.5 0.599999
      vertex -46.1269 29.9551 0.599999
    endloop
  endfacet
  facet normal -0.701127 -0.092294 -0.707038
    outer loop
      vertex -54.3229 -8.6039 0.599999
      vertex -54.6987 -5.74907 0.599999
      vertex -53.7302 -8.51003 0
    endloop
  endfacet
  facet normal -0.621525 -0.337473 -0.706978
    outer loop
      vertex -47.6314 -27.5 0.599999
      vertex -49.0054 -24.9695 0.599999
      vertex -47.1118 -27.2 0
    endloop
  endfacet
  facet normal 0.678121 0.200876 -0.706965
    outer loop
      vertex 52.5464 14.0798 0
      vertex 51.7375 16.8105 0
      vertex 52.3081 16.9959 0.599999
    endloop
  endfacet
  facet normal 0.678149 0.200873 -0.70694
    outer loop
      vertex 52.5464 14.0798 0
      vertex 52.3081 16.9959 0.599999
      vertex 53.1259 14.235 0.599999
    endloop
  endfacet
  facet normal -0.200873 0.678149 -0.70694
    outer loop
      vertex -14.0798 52.5464 0
      vertex -16.9959 52.3081 0.599999
      vertex -14.235 53.1259 0.599999
    endloop
  endfacet
  facet normal 0.512979 -0.486807 -0.707016
    outer loop
      vertex 38.8909 -38.8909 0.599999
      vertex 38.4666 -38.4666 0
      vertex 40.4271 -36.4007 0
    endloop
  endfacet
  facet normal 0.603016 -0.369532 -0.706978
    outer loop
      vertex 47.6314 -27.5 0.599999
      vertex 46.1269 -29.9551 0.599999
      vertex 47.1118 -27.2 0
    endloop
  endfacet
  facet normal 0.621525 -0.337473 -0.706978
    outer loop
      vertex 47.6314 -27.5 0.599999
      vertex 47.1118 -27.2 0
      vertex 49.0054 -24.9695 0.599999
    endloop
  endfacet
  facet normal -0.369535 -0.603036 -0.706959
    outer loop
      vertex -27.2 -47.1118 0
      vertex -29.9551 -46.1269 0.599999
      vertex -29.6284 -45.6237 0
    endloop
  endfacet
  facet normal 0.62152 0.337467 -0.706986
    outer loop
      vertex 48.4708 24.6971 0
      vertex 47.1118 27.2 0
      vertex 49.0054 24.9695 0.599999
    endloop
  endfacet
  facet normal -0.653417 -0.270649 -0.706962
    outer loop
      vertex -50.245 -22.3705 0.599999
      vertex -50.7868 -19.4952 0
      vertex -49.6969 -22.1265 0
    endloop
  endfacet
  facet normal -0.687734 -0.165092 -0.706942
    outer loop
      vertex -53.1259 -14.235 0.599999
      vertex -53.2112 -11.3104 0
      vertex -52.5464 -14.0798 0
    endloop
  endfacet
  facet normal 0.0923262 -0.701183 -0.706979
    outer loop
      vertex 5.74907 -54.6987 0.599999
      vertex 5.68635 -54.102 0
      vertex 8.51003 -53.7302 0
    endloop
  endfacet
  facet normal 0.430533 -0.561074 -0.706992
    outer loop
      vertex 32.3282 -44.4959 0.599999
      vertex 31.9755 -44.0105 0
      vertex 34.235 -42.2767 0
    endloop
  endfacet
  facet normal -0.621525 0.337473 -0.706978
    outer loop
      vertex -47.1118 27.2 0
      vertex -49.0054 24.9695 0.599999
      vertex -47.6314 27.5 0.599999
    endloop
  endfacet
  facet normal 0.666682 -0.236084 -0.706965
    outer loop
      vertex 52.3081 -16.9959 0.599999
      vertex 50.7868 -19.4952 0
      vertex 51.7375 -16.8105 0
    endloop
  endfacet
  facet normal 0.603036 -0.369535 -0.706959
    outer loop
      vertex 46.1269 -29.9551 0.599999
      vertex 45.6237 -29.6284 0
      vertex 47.1118 -27.2 0
    endloop
  endfacet
  facet normal -0.128889 -0.695331 -0.707037
    outer loop
      vertex -8.6039 -54.3229 0.599999
      vertex -11.4351 -53.7981 0.599999
      vertex -8.51003 -53.7302 0
    endloop
  endfacet
  facet normal 0.582859 -0.400609 -0.706957
    outer loop
      vertex 46.1269 -29.9551 0.599999
      vertex 44.0105 -31.9755 0
      vertex 45.6237 -29.6284 0
    endloop
  endfacet
  facet normal 0.66669 -0.236091 -0.706955
    outer loop
      vertex 51.3469 -19.7102 0.599999
      vertex 50.7868 -19.4952 0
      vertex 52.3081 -16.9959 0.599999
    endloop
  endfacet
  facet normal 0.701183 0.0923262 -0.706979
    outer loop
      vertex 54.102 5.68635 0
      vertex 53.7302 8.51003 0
      vertex 54.6987 5.74907 0.599999
    endloop
  endfacet
  facet normal 0.43053 -0.561072 -0.706995
    outer loop
      vertex 34.6126 -42.743 0.599999
      vertex 32.3282 -44.4959 0.599999
      vertex 34.235 -42.2767 0
    endloop
  endfacet
  facet normal -0.512994 0.486813 -0.707001
    outer loop
      vertex -40.4271 36.4007 0
      vertex -40.873 36.8022 0.599999
      vertex -38.8909 38.8909 0.599999
    endloop
  endfacet
  facet normal -0.537779 0.459287 -0.707
    outer loop
      vertex -40.4271 36.4007 0
      vertex -42.2767 34.235 0
      vertex -40.873 36.8022 0.599999
    endloop
  endfacet
  facet normal 0.270649 0.653417 -0.706962
    outer loop
      vertex 22.1265 49.6969 0
      vertex 19.4952 50.7868 0
      vertex 22.3705 50.245 0.599999
    endloop
  endfacet
  facet normal -0.512979 0.486807 -0.707016
    outer loop
      vertex -38.4666 38.4666 0
      vertex -40.4271 36.4007 0
      vertex -38.8909 38.8909 0.599999
    endloop
  endfacet
  facet normal 0.486813 0.512994 -0.707001
    outer loop
      vertex 38.8909 38.8909 0.599999
      vertex 36.4007 40.4271 0
      vertex 36.8022 40.873 0.599999
    endloop
  endfacet
  facet normal 0.337467 -0.62152 -0.706986
    outer loop
      vertex 24.9695 -49.0054 0.599999
      vertex 24.6971 -48.4708 0
      vertex 27.2 -47.1118 0
    endloop
  endfacet
  facet normal 0.43053 0.561072 -0.706995
    outer loop
      vertex 34.235 42.2767 0
      vertex 32.3282 44.4959 0.599999
      vertex 34.6126 42.743 0.599999
    endloop
  endfacet
  facet normal 0.582839 0.400578 -0.706991
    outer loop
      vertex 46.1269 29.9551 0.599999
      vertex 44.0105 31.9755 0
      vertex 44.4959 32.3282 0.599999
    endloop
  endfacet
  facet normal -0.706985 -0.0185246 -0.706986
    outer loop
      vertex -54.3254 -2.84708 0
      vertex -55 0 0.599999
      vertex -54.4 0 0
    endloop
  endfacet
  facet normal -0.200876 0.678121 -0.706965
    outer loop
      vertex -16.8105 51.7375 0
      vertex -16.9959 52.3081 0.599999
      vertex -14.0798 52.5464 0
    endloop
  endfacet
  facet normal 0.236084 0.666682 -0.706965
    outer loop
      vertex 19.4952 50.7868 0
      vertex 16.8105 51.7375 0
      vertex 16.9959 52.3081 0.599999
    endloop
  endfacet
  facet normal 0.561074 0.430533 -0.706992
    outer loop
      vertex 44.0105 31.9755 0
      vertex 42.2767 34.235 0
      vertex 44.4959 32.3282 0.599999
    endloop
  endfacet
  facet normal -0.537779 -0.459287 -0.707
    outer loop
      vertex -40.873 -36.8022 0.599999
      vertex -42.2767 -34.235 0
      vertex -40.4271 -36.4007 0
    endloop
  endfacet
  facet normal 0.486807 0.512979 -0.707016
    outer loop
      vertex 38.4666 38.4666 0
      vertex 36.4007 40.4271 0
      vertex 38.8909 38.8909 0.599999
    endloop
  endfacet
  facet normal 0.369535 -0.603036 -0.706959
    outer loop
      vertex 29.9551 -46.1269 0.599999
      vertex 27.2 -47.1118 0
      vertex 29.6284 -45.6237 0
    endloop
  endfacet
  facet normal -0.1651 -0.687686 -0.706986
    outer loop
      vertex -11.4351 -53.7981 0.599999
      vertex -14.235 -53.1259 0.599999
      vertex -11.3104 -53.2112 0
    endloop
  endfacet
  facet normal 0.165092 0.687734 -0.706942
    outer loop
      vertex 14.0798 52.5464 0
      vertex 11.3104 53.2112 0
      vertex 14.235 53.1259 0.599999
    endloop
  endfacet
  facet normal 0.486807 -0.512979 -0.707016
    outer loop
      vertex 38.8909 -38.8909 0.599999
      vertex 36.4007 -40.4271 0
      vertex 38.4666 -38.4666 0
    endloop
  endfacet
  facet normal -0.582859 0.400609 -0.706957
    outer loop
      vertex -45.6237 29.6284 0
      vertex -46.1269 29.9551 0.599999
      vertex -44.0105 31.9755 0
    endloop
  endfacet
  facet normal -0.653417 0.270649 -0.706962
    outer loop
      vertex -49.6969 22.1265 0
      vertex -50.7868 19.4952 0
      vertex -50.245 22.3705 0.599999
    endloop
  endfacet
  facet normal 0.430533 0.561074 -0.706992
    outer loop
      vertex 34.235 42.2767 0
      vertex 31.9755 44.0105 0
      vertex 32.3282 44.4959 0.599999
    endloop
  endfacet
  facet normal -0.687734 0.165092 -0.706942
    outer loop
      vertex -52.5464 14.0798 0
      vertex -53.2112 11.3104 0
      vertex -53.1259 14.235 0.599999
    endloop
  endfacet
  facet normal -0.459288 -0.537785 -0.706995
    outer loop
      vertex -34.6126 -42.743 0.599999
      vertex -36.8022 -40.873 0.599999
      vertex -34.235 -42.2767 0
    endloop
  endfacet
  facet normal 0.537779 -0.459287 -0.707
    outer loop
      vertex 40.873 -36.8022 0.599999
      vertex 40.4271 -36.4007 0
      vertex 42.2767 -34.235 0
    endloop
  endfacet
  facet normal 0.369535 0.603036 -0.706959
    outer loop
      vertex 29.6284 45.6237 0
      vertex 27.2 47.1118 0
      vertex 29.9551 46.1269 0.599999
    endloop
  endfacet
  facet normal -0.638335 -0.304467 -0.706986
    outer loop
      vertex -49.0054 -24.9695 0.599999
      vertex -49.6969 -22.1265 0
      vertex -48.4708 -24.6971 0
    endloop
  endfacet
  facet normal -0.337473 0.621525 -0.706978
    outer loop
      vertex -27.2 47.1118 0
      vertex -27.5 47.6314 0.599999
      vertex -24.9695 49.0054 0.599999
    endloop
  endfacet
  facet normal -0.337467 0.62152 -0.706986
    outer loop
      vertex -24.6971 48.4708 0
      vertex -27.2 47.1118 0
      vertex -24.9695 49.0054 0.599999
    endloop
  endfacet
  facet normal -0.1651 0.687686 -0.706986
    outer loop
      vertex -11.3104 53.2112 0
      vertex -14.235 53.1259 0.599999
      vertex -11.4351 53.7981 0.599999
    endloop
  endfacet
  facet normal 0.165092 -0.687734 -0.706942
    outer loop
      vertex 14.235 -53.1259 0.599999
      vertex 11.3104 -53.2112 0
      vertex 14.0798 -52.5464 0
    endloop
  endfacet
  facet normal -0.270649 0.653417 -0.706962
    outer loop
      vertex -22.1265 49.6969 0
      vertex -22.3705 50.245 0.599999
      vertex -19.4952 50.7868 0
    endloop
  endfacet
  facet normal -0.270649 0.653424 -0.706955
    outer loop
      vertex -19.4952 50.7868 0
      vertex -22.3705 50.245 0.599999
      vertex -19.7102 51.3469 0.599999
    endloop
  endfacet
  facet normal -0.236084 -0.666682 -0.706965
    outer loop
      vertex -16.9959 -52.3081 0.599999
      vertex -19.4952 -50.7868 0
      vertex -16.8105 -51.7375 0
    endloop
  endfacet
  facet normal 0.459288 0.537785 -0.706995
    outer loop
      vertex 36.8022 40.873 0.599999
      vertex 34.235 42.2767 0
      vertex 34.6126 42.743 0.599999
    endloop
  endfacet
  facet normal 0.200876 -0.678121 -0.706965
    outer loop
      vertex 16.9959 -52.3081 0.599999
      vertex 14.0798 -52.5464 0
      vertex 16.8105 -51.7375 0
    endloop
  endfacet
  facet normal -0.678149 -0.200873 -0.70694
    outer loop
      vertex -52.3081 -16.9959 0.599999
      vertex -53.1259 -14.235 0.599999
      vertex -52.5464 -14.0798 0
    endloop
  endfacet
  facet normal -0.701183 -0.0923262 -0.706979
    outer loop
      vertex -53.7302 -8.51003 0
      vertex -54.6987 -5.74907 0.599999
      vertex -54.102 -5.68635 0
    endloop
  endfacet
  facet normal -0.369535 0.603036 -0.706959
    outer loop
      vertex -29.6284 45.6237 0
      vertex -29.9551 46.1269 0.599999
      vertex -27.2 47.1118 0
    endloop
  endfacet
  facet normal -0.0554824 -0.705035 -0.706999
    outer loop
      vertex -2.87848 -54.9246 0.599999
      vertex -5.74907 -54.6987 0.599999
      vertex -2.84708 -54.3254 0
    endloop
  endfacet
  facet normal -0.678121 -0.200876 -0.706965
    outer loop
      vertex -52.3081 -16.9959 0.599999
      vertex -52.5464 -14.0798 0
      vertex -51.7375 -16.8105 0
    endloop
  endfacet
  facet normal -0.603036 -0.369535 -0.706959
    outer loop
      vertex -46.1269 -29.9551 0.599999
      vertex -47.1118 -27.2 0
      vertex -45.6237 -29.6284 0
    endloop
  endfacet
  facet normal 0.561074 -0.430533 -0.706992
    outer loop
      vertex 44.4959 -32.3282 0.599999
      vertex 42.2767 -34.235 0
      vertex 44.0105 -31.9755 0
    endloop
  endfacet
  facet normal -0.128877 -0.695384 -0.706988
    outer loop
      vertex -8.51003 -53.7302 0
      vertex -11.4351 -53.7981 0.599999
      vertex -11.3104 -53.2112 0
    endloop
  endfacet
  facet normal -0.400609 0.582859 -0.706957
    outer loop
      vertex -29.6284 45.6237 0
      vertex -31.9755 44.0105 0
      vertex -29.9551 46.1269 0.599999
    endloop
  endfacet
  facet normal -0.165092 0.687734 -0.706942
    outer loop
      vertex -14.0798 52.5464 0
      vertex -14.235 53.1259 0.599999
      vertex -11.3104 53.2112 0
    endloop
  endfacet
  facet normal -0.582859 -0.400609 -0.706957
    outer loop
      vertex -44.0105 -31.9755 0
      vertex -46.1269 -29.9551 0.599999
      vertex -45.6237 -29.6284 0
    endloop
  endfacet
  facet normal -0.0185187 -0.706972 -0.706999
    outer loop
      vertex 0 -55 0.599999
      vertex -2.87848 -54.9246 0.599999
      vertex -2.84708 -54.3254 0
    endloop
  endfacet
  facet normal 0.459287 -0.537779 -0.707
    outer loop
      vertex 36.8022 -40.873 0.599999
      vertex 34.235 -42.2767 0
      vertex 36.4007 -40.4271 0
    endloop
  endfacet
  facet normal -0.486813 0.512994 -0.707001
    outer loop
      vertex -36.4007 40.4271 0
      vertex -38.8909 38.8909 0.599999
      vertex -36.8022 40.873 0.599999
    endloop
  endfacet
  facet normal -0.561072 0.43053 -0.706995
    outer loop
      vertex -42.2767 34.235 0
      vertex -44.4959 32.3282 0.599999
      vertex -42.743 34.6126 0.599999
    endloop
  endfacet
  facet normal -0.537785 0.459288 -0.706995
    outer loop
      vertex -42.2767 34.235 0
      vertex -42.743 34.6126 0.599999
      vertex -40.873 36.8022 0.599999
    endloop
  endfacet
  facet normal -0.66669 -0.236091 -0.706955
    outer loop
      vertex -51.3469 -19.7102 0.599999
      vertex -52.3081 -16.9959 0.599999
      vertex -50.7868 -19.4952 0
    endloop
  endfacet
  facet normal 0 0 -1
    outer loop
      vertex 47.7285 -3.72624 0
      vertex 54.3254 -2.84708 0
      vertex 47.7404 -3.81707 0
    endloop
  endfacet
  facet normal 0 0 -1
    outer loop
      vertex 54.4 0 0
      vertex 47.7476 3.90841 0
      vertex 47.75 4 0
    endloop
  endfacet
  facet normal 0 0 -1
    outer loop
      vertex 47.7118 -3.63615 0
      vertex 54.3254 -2.84708 0
      vertex 47.7285 -3.72624 0
    endloop
  endfacet
  facet normal 0 0 -1
    outer loop
      vertex 54.4 0 0
      vertex 47.7404 3.81707 0
      vertex 47.7476 3.90841 0
    endloop
  endfacet
  facet normal 0 0 -1
    outer loop
      vertex 47.6904 -3.54707 0
      vertex 54.3254 -2.84708 0
      vertex 47.7118 -3.63615 0
    endloop
  endfacet
  facet normal 0 0 -1
    outer loop
      vertex 54.4 0 0
      vertex 47.7285 3.72624 0
      vertex 47.7404 3.81707 0
    endloop
  endfacet
  facet normal 0 0 -1
    outer loop
      vertex 47.6643 -3.45922 0
      vertex 54.3254 -2.84708 0
      vertex 47.6904 -3.54707 0
    endloop
  endfacet
  facet normal 0 0 -1
    outer loop
      vertex 54.4 0 0
      vertex 47.7118 3.63615 0
      vertex 47.7285 3.72624 0
    endloop
  endfacet
  facet normal 0 0 -1
    outer loop
      vertex 47.6338 -3.37286 0
      vertex 54.3254 -2.84708 0
      vertex 47.6643 -3.45922 0
    endloop
  endfacet
  facet normal 0 0 -1
    outer loop
      vertex 54.4 0 0
      vertex 47.6904 3.54707 0
      vertex 47.7118 3.63615 0
    endloop
  endfacet
  facet normal 0 0 -1
    outer loop
      vertex 47.5987 -3.28821 0
      vertex 54.3254 -2.84708 0
      vertex 47.6338 -3.37286 0
    endloop
  endfacet
  facet normal 0 0 -1
    outer loop
      vertex 54.4 0 0
      vertex 47.6643 3.45922 0
      vertex 47.6904 3.54707 0
    endloop
  endfacet
  facet normal 0 0 -1
    outer loop
      vertex 47.5593 -3.20552 0
      vertex 54.3254 -2.84708 0
      vertex 47.5987 -3.28821 0
    endloop
  endfacet
  facet normal 0 0 -1
    outer loop
      vertex 54.4 0 0
      vertex 47.6338 3.37286 0
      vertex 47.6643 3.45922 0
    endloop
  endfacet
  facet normal -0 0 -1
    outer loop
      vertex 54.3254 -2.84708 0
      vertex 47.5593 -3.20552 0
      vertex 54.4 0 0
    endloop
  endfacet
  facet normal 0 0 -1
    outer loop
      vertex 54.4 0 0
      vertex 47.5987 3.28821 0
      vertex 47.6338 3.37286 0
    endloop
  endfacet
  facet normal 0 0 -1
    outer loop
      vertex 47.5155 -3.125 0
      vertex 54.4 0 0
      vertex 47.5593 -3.20552 0
    endloop
  endfacet
  facet normal 0 0 -1
    outer loop
      vertex 54.4 0 0
      vertex 47.5593 3.20552 0
      vertex 47.5987 3.28821 0
    endloop
  endfacet
  facet normal 0 0 -1
    outer loop
      vertex 47.4677 -3.04688 0
      vertex 54.4 0 0
      vertex 47.5155 -3.125 0
    endloop
  endfacet
  facet normal 0 0 -1
    outer loop
      vertex 54.4 0 0
      vertex 47.5155 3.125 0
      vertex 47.5593 3.20552 0
    endloop
  endfacet
  facet normal 0 0 -1
    outer loop
      vertex 47.4158 -2.97138 0
      vertex 54.4 0 0
      vertex 47.4677 -3.04688 0
    endloop
  endfacet
  facet normal 0 0 -1
    outer loop
      vertex 54.4 0 0
      vertex 47.4677 3.04688 0
      vertex 47.5155 3.125 0
    endloop
  endfacet
  facet normal 0 0 -1
    outer loop
      vertex 47.36 -2.89869 0
      vertex 54.4 0 0
      vertex 47.4158 -2.97138 0
    endloop
  endfacet
  facet normal 0 0 -1
    outer loop
      vertex 54.4 0 0
      vertex 47.4158 2.97138 0
      vertex 47.4677 3.04688 0
    endloop
  endfacet
  facet normal 0 0 -1
    outer loop
      vertex 47.3005 -2.82902 0
      vertex 54.4 0 0
      vertex 47.36 -2.89869 0
    endloop
  endfacet
  facet normal 0 0 -1
    outer loop
      vertex 54.4 0 0
      vertex 47.36 2.89869 0
      vertex 47.4158 2.97138 0
    endloop
  endfacet
  facet normal 0 0 -1
    outer loop
      vertex 47.3005 2.82902 0
      vertex 54.4 0 0
      vertex 47.3005 -2.82902 0
    endloop
  endfacet
  facet normal 0 0 -1
    outer loop
      vertex 54.4 0 0
      vertex 47.3005 2.82902 0
      vertex 47.36 2.89869 0
    endloop
  endfacet
  facet normal 0 0 -1
    outer loop
      vertex 47.2374 -2.76256 0
      vertex 47.3005 2.82902 0
      vertex 47.3005 -2.82902 0
    endloop
  endfacet
  facet normal 0 0 -1
    outer loop
      vertex 47.2374 -2.76256 0
      vertex 47.2374 2.76256 0
      vertex 47.3005 2.82902 0
    endloop
  endfacet
  facet normal 0 0 -1
    outer loop
      vertex 47.171 -2.6995 0
      vertex 47.2374 2.76256 0
      vertex 47.2374 -2.76256 0
    endloop
  endfacet
  facet normal 0 0 -1
    outer loop
      vertex 47.171 -2.6995 0
      vertex 47.171 2.6995 0
      vertex 47.2374 2.76256 0
    endloop
  endfacet
  facet normal 0 0 -1
    outer loop
      vertex 47.1013 -2.63999 0
      vertex 47.171 2.6995 0
      vertex 47.171 -2.6995 0
    endloop
  endfacet
  facet normal 0 0 -1
    outer loop
      vertex 47.1013 -2.63999 0
      vertex 47.1013 2.63999 0
      vertex 47.171 2.6995 0
    endloop
  endfacet
  facet normal 0 0 -1
    outer loop
      vertex 47.0286 -2.58422 0
      vertex 47.1013 2.63999 0
      vertex 47.1013 -2.63999 0
    endloop
  endfacet
  facet normal 0 0 -1
    outer loop
      vertex 47.0286 -2.58422 0
      vertex 47.0286 2.58422 0
      vertex 47.1013 2.63999 0
    endloop
  endfacet
  facet normal 0 0 -1
    outer loop
      vertex 46.9531 -2.53233 0
      vertex 47.0286 2.58422 0
      vertex 47.0286 -2.58422 0
    endloop
  endfacet
  facet normal 0 0 -1
    outer loop
      vertex 46.9531 -2.53233 0
      vertex 46.9531 2.53233 0
      vertex 47.0286 2.58422 0
    endloop
  endfacet
  facet normal 0 0 -1
    outer loop
      vertex 46.875 -2.48446 0
      vertex 46.9531 2.53233 0
      vertex 46.9531 -2.53233 0
    endloop
  endfacet
  facet normal 0 0 -1
    outer loop
      vertex 46.875 -2.48446 0
      vertex 46.875 2.48446 0
      vertex 46.9531 2.53233 0
    endloop
  endfacet
  facet normal 0 0 -1
    outer loop
      vertex 46.7945 -2.44074 0
      vertex 46.875 2.48446 0
      vertex 46.875 -2.48446 0
    endloop
  endfacet
  facet normal 0 0 -1
    outer loop
      vertex 46.7945 -2.44074 0
      vertex 46.7945 2.44074 0
      vertex 46.875 2.48446 0
    endloop
  endfacet
  facet normal 0 0 -1
    outer loop
      vertex 46.7118 -2.40129 0
      vertex 46.7945 2.44074 0
      vertex 46.7945 -2.44074 0
    endloop
  endfacet
  facet normal 0 0 -1
    outer loop
      vertex 46.7118 -2.40129 0
      vertex 46.7118 2.40129 0
      vertex 46.7945 2.44074 0
    endloop
  endfacet
  facet normal 0 0 -1
    outer loop
      vertex 46.6271 -2.36623 0
      vertex 46.7118 2.40129 0
      vertex 46.7118 -2.40129 0
    endloop
  endfacet
  facet normal 0 0 -1
    outer loop
      vertex 46.6271 -2.36623 0
      vertex 46.6271 2.36623 0
      vertex 46.7118 2.40129 0
    endloop
  endfacet
  facet normal 0 0 -1
    outer loop
      vertex 46.5408 -2.33565 0
      vertex 46.6271 2.36623 0
      vertex 46.6271 -2.36623 0
    endloop
  endfacet
  facet normal 0 0 -1
    outer loop
      vertex 46.5408 -2.33565 0
      vertex 46.5408 2.33565 0
      vertex 46.6271 2.36623 0
    endloop
  endfacet
  facet normal 0 0 -1
    outer loop
      vertex 46.4529 -2.30963 0
      vertex 46.5408 2.33565 0
      vertex 46.5408 -2.33565 0
    endloop
  endfacet
  facet normal 0 0 -1
    outer loop
      vertex 46.4529 -2.30963 0
      vertex 46.4529 2.30963 0
      vertex 46.5408 2.33565 0
    endloop
  endfacet
  facet normal 0 0 -1
    outer loop
      vertex 46.3638 -2.28824 0
      vertex 46.4529 2.30963 0
      vertex 46.4529 -2.30963 0
    endloop
  endfacet
  facet normal 0 0 -1
    outer loop
      vertex 46.3638 -2.28824 0
      vertex 46.3638 2.28824 0
      vertex 46.4529 2.30963 0
    endloop
  endfacet
  facet normal 0 0 -1
    outer loop
      vertex 46.2738 -2.27154 0
      vertex 46.3638 2.28824 0
      vertex 46.3638 -2.28824 0
    endloop
  endfacet
  facet normal 0 0 -1
    outer loop
      vertex 46.2738 -2.27154 0
      vertex 46.2738 2.27154 0
      vertex 46.3638 2.28824 0
    endloop
  endfacet
  facet normal 0 0 -1
    outer loop
      vertex 46.1829 -2.25959 0
      vertex 46.2738 2.27154 0
      vertex 46.2738 -2.27154 0
    endloop
  endfacet
  facet normal 0 0 -1
    outer loop
      vertex 46.1829 -2.25959 0
      vertex 46.1829 2.25959 0
      vertex 46.2738 2.27154 0
    endloop
  endfacet
  facet normal 0 0 -1
    outer loop
      vertex 46.0916 -2.2524 0
      vertex 46.1829 2.25959 0
      vertex 46.1829 -2.25959 0
    endloop
  endfacet
  facet normal 0 0 -1
    outer loop
      vertex 46.0916 -2.2524 0
      vertex 46.0916 2.2524 0
      vertex 46.1829 2.25959 0
    endloop
  endfacet
  facet normal 0 0 -1
    outer loop
      vertex 46 -2.25 0
      vertex 46.0916 2.2524 0
      vertex 46.0916 -2.2524 0
    endloop
  endfacet
  facet normal 0 0 -1
    outer loop
      vertex 46 -2.25 0
      vertex 46 2.25 0
      vertex 46.0916 2.2524 0
    endloop
  endfacet
  facet normal 0 0 -1
    outer loop
      vertex 45.9084 -2.2524 0
      vertex 46 2.25 0
      vertex 46 -2.25 0
    endloop
  endfacet
  facet normal 0 0 -1
    outer loop
      vertex 45.9084 -2.2524 0
      vertex 45.9084 2.2524 0
      vertex 46 2.25 0
    endloop
  endfacet
  facet normal 0 0 -1
    outer loop
      vertex 45.8171 -2.25959 0
      vertex 45.9084 2.2524 0
      vertex 45.9084 -2.2524 0
    endloop
  endfacet
  facet normal 0 0 -1
    outer loop
      vertex 45.8171 -2.25959 0
      vertex 45.8171 2.25959 0
      vertex 45.9084 2.2524 0
    endloop
  endfacet
  facet normal 0 0 -1
    outer loop
      vertex 45.7262 -2.27154 0
      vertex 45.8171 2.25959 0
      vertex 45.8171 -2.25959 0
    endloop
  endfacet
  facet normal 0 0 -1
    outer loop
      vertex 45.7262 -2.27154 0
      vertex 45.7262 2.27154 0
      vertex 45.8171 2.25959 0
    endloop
  endfacet
  facet normal 0 0 -1
    outer loop
      vertex 45.6362 -2.28824 0
      vertex 45.7262 2.27154 0
      vertex 45.7262 -2.27154 0
    endloop
  endfacet
  facet normal 0 0 -1
    outer loop
      vertex 45.6362 -2.28824 0
      vertex 45.6362 2.28824 0
      vertex 45.7262 2.27154 0
    endloop
  endfacet
  facet normal 0 0 -1
    outer loop
      vertex 45.5471 -2.30963 0
      vertex 45.6362 2.28824 0
      vertex 45.6362 -2.28824 0
    endloop
  endfacet
  facet normal 0 0 -1
    outer loop
      vertex 45.5471 -2.30963 0
      vertex 45.5471 2.30963 0
      vertex 45.6362 2.28824 0
    endloop
  endfacet
  facet normal 0 0 -1
    outer loop
      vertex 45.4592 -2.33565 0
      vertex 45.5471 2.30963 0
      vertex 45.5471 -2.30963 0
    endloop
  endfacet
  facet normal 0 0 -1
    outer loop
      vertex 45.4592 -2.33565 0
      vertex 45.4592 2.33565 0
      vertex 45.5471 2.30963 0
    endloop
  endfacet
  facet normal 0 0 -1
    outer loop
      vertex 45.3729 -2.36623 0
      vertex 45.4592 2.33565 0
      vertex 45.4592 -2.33565 0
    endloop
  endfacet
  facet normal 0 0 -1
    outer loop
      vertex 45.3729 -2.36623 0
      vertex 45.3729 2.36623 0
      vertex 45.4592 2.33565 0
    endloop
  endfacet
  facet normal 0 0 -1
    outer loop
      vertex 45.2882 -2.40129 0
      vertex 45.3729 2.36623 0
      vertex 45.3729 -2.36623 0
    endloop
  endfacet
  facet normal 0 0 -1
    outer loop
      vertex 45.2882 -2.40129 0
      vertex 45.2882 2.40129 0
      vertex 45.3729 2.36623 0
    endloop
  endfacet
  facet normal 0 0 -1
    outer loop
      vertex 45.2055 -2.44074 0
      vertex 45.2882 2.40129 0
      vertex 45.2882 -2.40129 0
    endloop
  endfacet
  facet normal 0 0 -1
    outer loop
      vertex 45.2055 -2.44074 0
      vertex 45.2055 2.44074 0
      vertex 45.2882 2.40129 0
    endloop
  endfacet
  facet normal 0 0 -1
    outer loop
      vertex 45.125 -2.48446 0
      vertex 45.2055 2.44074 0
      vertex 45.2055 -2.44074 0
    endloop
  endfacet
  facet normal 0 0 -1
    outer loop
      vertex 45.125 -2.48446 0
      vertex 45.125 2.48446 0
      vertex 45.2055 2.44074 0
    endloop
  endfacet
  facet normal 0 0 -1
    outer loop
      vertex 45.0469 -2.53233 0
      vertex 45.125 2.48446 0
      vertex 45.125 -2.48446 0
    endloop
  endfacet
  facet normal 0 0 -1
    outer loop
      vertex 45.0469 -2.53233 0
      vertex 45.0469 2.53233 0
      vertex 45.125 2.48446 0
    endloop
  endfacet
  facet normal 0 0 -1
    outer loop
      vertex 44.9714 -2.58422 0
      vertex 45.0469 2.53233 0
      vertex 45.0469 -2.53233 0
    endloop
  endfacet
  facet normal 0 0 -1
    outer loop
      vertex 44.9714 -2.58422 0
      vertex 44.9714 2.58422 0
      vertex 45.0469 2.53233 0
    endloop
  endfacet
  facet normal 0 0 -1
    outer loop
      vertex 44.8987 -2.63999 0
      vertex 44.9714 2.58422 0
      vertex 44.9714 -2.58422 0
    endloop
  endfacet
  facet normal 0 0 -1
    outer loop
      vertex 44.8987 -2.63999 0
      vertex 44.8987 2.63999 0
      vertex 44.9714 2.58422 0
    endloop
  endfacet
  facet normal 0 0 -1
    outer loop
      vertex 44.829 -2.6995 0
      vertex 44.8987 2.63999 0
      vertex 44.8987 -2.63999 0
    endloop
  endfacet
  facet normal 0 0 -1
    outer loop
      vertex 44.829 -2.6995 0
      vertex 44.829 2.6995 0
      vertex 44.8987 2.63999 0
    endloop
  endfacet
  facet normal 0 0 -1
    outer loop
      vertex 44.7626 -2.76256 0
      vertex 44.829 2.6995 0
      vertex 44.829 -2.6995 0
    endloop
  endfacet
  facet normal 0 0 -1
    outer loop
      vertex 44.7626 -2.76256 0
      vertex 44.7626 2.76256 0
      vertex 44.829 2.6995 0
    endloop
  endfacet
  facet normal 0 0 -1
    outer loop
      vertex 44.6995 -2.82902 0
      vertex 44.7626 2.76256 0
      vertex 44.7626 -2.76256 0
    endloop
  endfacet
  facet normal 0 0 -1
    outer loop
      vertex 44.6995 -2.82902 0
      vertex 44.6995 2.82902 0
      vertex 44.7626 2.76256 0
    endloop
  endfacet
  facet normal 0 0 -1
    outer loop
      vertex 44.64 -2.89869 0
      vertex 44.6995 2.82902 0
      vertex 44.6995 -2.82902 0
    endloop
  endfacet
  facet normal 0 0 -1
    outer loop
      vertex 44.64 -2.89869 0
      vertex 44.64 2.89869 0
      vertex 44.6995 2.82902 0
    endloop
  endfacet
  facet normal 0 0 -1
    outer loop
      vertex 44.5842 -2.97138 0
      vertex 44.64 2.89869 0
      vertex 44.64 -2.89869 0
    endloop
  endfacet
  facet normal 0 0 -1
    outer loop
      vertex 44.5842 -2.97138 0
      vertex 44.5842 2.97138 0
      vertex 44.64 2.89869 0
    endloop
  endfacet
  facet normal 0 0 -1
    outer loop
      vertex 44.5323 -3.04688 0
      vertex 44.5842 2.97138 0
      vertex 44.5842 -2.97138 0
    endloop
  endfacet
  facet normal 0 0 -1
    outer loop
      vertex 44.5323 -3.04688 0
      vertex 44.5323 3.04688 0
      vertex 44.5842 2.97138 0
    endloop
  endfacet
  facet normal 0 0 -1
    outer loop
      vertex 44.4845 -3.125 0
      vertex 44.5323 3.04688 0
      vertex 44.5323 -3.04688 0
    endloop
  endfacet
  facet normal 0 0 -1
    outer loop
      vertex 44.4845 -3.125 0
      vertex 44.4845 3.125 0
      vertex 44.5323 3.04688 0
    endloop
  endfacet
  facet normal 0 0 -1
    outer loop
      vertex 44.4407 -3.20552 0
      vertex 44.4845 3.125 0
      vertex 44.4845 -3.125 0
    endloop
  endfacet
  facet normal 0 0 -1
    outer loop
      vertex 44.4407 -3.20552 0
      vertex 44.4407 3.20552 0
      vertex 44.4845 3.125 0
    endloop
  endfacet
  facet normal 0 0 -1
    outer loop
      vertex 44.4013 -3.28821 0
      vertex 44.4407 3.20552 0
      vertex 44.4407 -3.20552 0
    endloop
  endfacet
  facet normal 0 0 -1
    outer loop
      vertex 44.4013 -3.28821 0
      vertex 44.4013 3.28821 0
      vertex 44.4407 3.20552 0
    endloop
  endfacet
  facet normal 0 0 -1
    outer loop
      vertex 44.3662 -3.37286 0
      vertex 44.4013 3.28821 0
      vertex 44.4013 -3.28821 0
    endloop
  endfacet
  facet normal 0 0 -1
    outer loop
      vertex 44.3662 -3.37286 0
      vertex 44.3662 3.37286 0
      vertex 44.4013 3.28821 0
    endloop
  endfacet
  facet normal 0 0 -1
    outer loop
      vertex 44.3357 -3.45922 0
      vertex 44.3662 3.37286 0
      vertex 44.3662 -3.37286 0
    endloop
  endfacet
  facet normal 0 0 -1
    outer loop
      vertex 44.3357 -3.45922 0
      vertex 44.3357 3.45922 0
      vertex 44.3662 3.37286 0
    endloop
  endfacet
  facet normal 0 0 -1
    outer loop
      vertex 44.3096 -3.54707 0
      vertex 44.3357 3.45922 0
      vertex 44.3357 -3.45922 0
    endloop
  endfacet
  facet normal 0 0 -1
    outer loop
      vertex 44.3096 -3.54707 0
      vertex 44.3096 3.54707 0
      vertex 44.3357 3.45922 0
    endloop
  endfacet
  facet normal 0 0 -1
    outer loop
      vertex 44.2882 -3.63615 0
      vertex 44.3096 3.54707 0
      vertex 44.3096 -3.54707 0
    endloop
  endfacet
  facet normal 0 0 -1
    outer loop
      vertex 44.2882 -3.63615 0
      vertex 44.2882 3.63615 0
      vertex 44.3096 3.54707 0
    endloop
  endfacet
  facet normal 0 0 -1
    outer loop
      vertex 44.2715 -3.72624 0
      vertex 44.2882 3.63615 0
      vertex 44.2882 -3.63615 0
    endloop
  endfacet
  facet normal 0 0 -1
    outer loop
      vertex 44.2715 -3.72624 0
      vertex 44.2715 3.72624 0
      vertex 44.2882 3.63615 0
    endloop
  endfacet
  facet normal 0 0 -1
    outer loop
      vertex 44.2596 -3.81707 0
      vertex 44.2715 3.72624 0
      vertex 44.2715 -3.72624 0
    endloop
  endfacet
  facet normal 0 0 -1
    outer loop
      vertex 44.2596 -3.81707 0
      vertex 44.2596 3.81707 0
      vertex 44.2715 3.72624 0
    endloop
  endfacet
  facet normal 0 0 -1
    outer loop
      vertex 44.2524 -3.90841 0
      vertex 44.2596 3.81707 0
      vertex 44.2596 -3.81707 0
    endloop
  endfacet
  facet normal 0 0 -1
    outer loop
      vertex 44.2524 -3.90841 0
      vertex 44.2524 3.90841 0
      vertex 44.2596 3.81707 0
    endloop
  endfacet
  facet normal 0 0 -1
    outer loop
      vertex -49.6969 -22.1265 0
      vertex 44.2524 -3.90841 0
      vertex 44.25 -4 0
    endloop
  endfacet
  facet normal -0 0 -1
    outer loop
      vertex 44.2524 -3.90841 0
      vertex -54.102 -5.68635 0
      vertex 44.2524 3.90841 0
    endloop
  endfacet
  facet normal 0 0 -1
    outer loop
      vertex 47.7476 -3.90841 0
      vertex 54.3254 -2.84708 0
      vertex 47.75 -4 0
    endloop
  endfacet
  facet normal 0 0 -1
    outer loop
      vertex 47.75 -4 0
      vertex 54.3254 -2.84708 0
      vertex 54.102 -5.68635 0
    endloop
  endfacet
  facet normal 0 0 -1
    outer loop
      vertex 47.7404 -3.81707 0
      vertex 54.3254 -2.84708 0
      vertex 47.7476 -3.90841 0
    endloop
  endfacet
  facet normal 0 0 -1
    outer loop
      vertex 47.5155 -4.875 0
      vertex 54.102 -5.68635 0
      vertex 53.7302 -8.51003 0
    endloop
  endfacet
  facet normal 0 0 -1
    outer loop
      vertex 54.4 0 0
      vertex 47.75 4 0
      vertex 54.3254 2.84708 0
    endloop
  endfacet
  facet normal 0 0 -1
    outer loop
      vertex 46.9531 -5.46767 0
      vertex 53.7302 -8.51003 0
      vertex 53.2112 -11.3104 0
    endloop
  endfacet
  facet normal 0 0 -1
    outer loop
      vertex 54.3254 2.84708 0
      vertex 47.75 4 0
      vertex 54.102 5.68635 0
    endloop
  endfacet
  facet normal 0 0 -1
    outer loop
      vertex 46.3638 -5.71176 0
      vertex 53.2112 -11.3104 0
      vertex 52.5464 -14.0798 0
    endloop
  endfacet
  facet normal 0 0 -1
    outer loop
      vertex 47.7476 4.09159 0
      vertex 54.102 5.68635 0
      vertex 47.75 4 0
    endloop
  endfacet
  facet normal 0 0 -1
    outer loop
      vertex 45.8171 -5.74041 0
      vertex 52.5464 -14.0798 0
      vertex 51.7375 -16.8105 0
    endloop
  endfacet
  facet normal 0 0 -1
    outer loop
      vertex 47.7404 4.18292 0
      vertex 54.102 5.68635 0
      vertex 47.7476 4.09159 0
    endloop
  endfacet
  facet normal 0 0 -1
    outer loop
      vertex 45.4592 -5.66435 0
      vertex 51.7375 -16.8105 0
      vertex 50.7868 -19.4952 0
    endloop
  endfacet
  facet normal 0 0 -1
    outer loop
      vertex 47.7285 4.27376 0
      vertex 54.102 5.68635 0
      vertex 47.7404 4.18292 0
    endloop
  endfacet
  facet normal 0 0 -1
    outer loop
      vertex 45.125 -5.51554 0
      vertex 50.7868 -19.4952 0
      vertex 49.6969 -22.1265 0
    endloop
  endfacet
  facet normal 0 0 -1
    outer loop
      vertex 47.7118 4.36384 0
      vertex 54.102 5.68635 0
      vertex 47.7285 4.27376 0
    endloop
  endfacet
  facet normal 0 0 -1
    outer loop
      vertex 44.8987 -5.36001 0
      vertex 49.6969 -22.1265 0
      vertex 48.4708 -24.6971 0
    endloop
  endfacet
  facet normal 0 0 -1
    outer loop
      vertex 47.6904 4.45293 0
      vertex 54.102 5.68635 0
      vertex 47.7118 4.36384 0
    endloop
  endfacet
  facet normal 0 0 -1
    outer loop
      vertex 47.6643 4.54078 0
      vertex 54.102 5.68635 0
      vertex 47.6904 4.45293 0
    endloop
  endfacet
  facet normal 0 0 -1
    outer loop
      vertex 54.102 -5.68635 0
      vertex 47.7476 -4.09159 0
      vertex 47.75 -4 0
    endloop
  endfacet
  facet normal 0 0 -1
    outer loop
      vertex 54.102 -5.68635 0
      vertex 47.7404 -4.18292 0
      vertex 47.7476 -4.09159 0
    endloop
  endfacet
  facet normal 0 0 -1
    outer loop
      vertex 54.102 -5.68635 0
      vertex 47.7285 -4.27376 0
      vertex 47.7404 -4.18292 0
    endloop
  endfacet
  facet normal 0 0 -1
    outer loop
      vertex 54.102 -5.68635 0
      vertex 47.7118 -4.36384 0
      vertex 47.7285 -4.27376 0
    endloop
  endfacet
  facet normal 0 0 -1
    outer loop
      vertex 54.102 -5.68635 0
      vertex 47.6904 -4.45293 0
      vertex 47.7118 -4.36384 0
    endloop
  endfacet
  facet normal 0 0 -1
    outer loop
      vertex 54.102 -5.68635 0
      vertex 47.6643 -4.54078 0
      vertex 47.6904 -4.45293 0
    endloop
  endfacet
  facet normal 0 0 -1
    outer loop
      vertex 54.102 -5.68635 0
      vertex 47.6338 -4.62714 0
      vertex 47.6643 -4.54078 0
    endloop
  endfacet
  facet normal 0 0 -1
    outer loop
      vertex 54.102 -5.68635 0
      vertex 47.5987 -4.71179 0
      vertex 47.6338 -4.62714 0
    endloop
  endfacet
  facet normal 0 0 -1
    outer loop
      vertex 54.102 -5.68635 0
      vertex 47.5593 -4.79448 0
      vertex 47.5987 -4.71179 0
    endloop
  endfacet
  facet normal 0 0 -1
    outer loop
      vertex 54.102 -5.68635 0
      vertex 47.5155 -4.875 0
      vertex 47.5593 -4.79448 0
    endloop
  endfacet
  facet normal 0 0 -1
    outer loop
      vertex 53.7302 -8.51003 0
      vertex 47.4677 -4.95312 0
      vertex 47.5155 -4.875 0
    endloop
  endfacet
  facet normal 0 0 -1
    outer loop
      vertex 53.7302 -8.51003 0
      vertex 47.4158 -5.02862 0
      vertex 47.4677 -4.95312 0
    endloop
  endfacet
  facet normal 0 0 -1
    outer loop
      vertex 53.7302 -8.51003 0
      vertex 47.36 -5.10131 0
      vertex 47.4158 -5.02862 0
    endloop
  endfacet
  facet normal 0 0 -1
    outer loop
      vertex 53.7302 -8.51003 0
      vertex 47.3005 -5.17098 0
      vertex 47.36 -5.10131 0
    endloop
  endfacet
  facet normal 0 0 -1
    outer loop
      vertex 53.7302 -8.51003 0
      vertex 47.2374 -5.23744 0
      vertex 47.3005 -5.17098 0
    endloop
  endfacet
  facet normal 0 0 -1
    outer loop
      vertex 53.7302 -8.51003 0
      vertex 47.171 -5.3005 0
      vertex 47.2374 -5.23744 0
    endloop
  endfacet
  facet normal 0 0 -1
    outer loop
      vertex 44.7626 -5.23744 0
      vertex 48.4708 -24.6971 0
      vertex 47.1118 -27.2 0
    endloop
  endfacet
  facet normal 0 0 -1
    outer loop
      vertex 53.7302 -8.51003 0
      vertex 47.1013 -5.36001 0
      vertex 47.171 -5.3005 0
    endloop
  endfacet
  facet normal 0 0 -1
    outer loop
      vertex 53.7302 -8.51003 0
      vertex 47.0286 -5.41578 0
      vertex 47.1013 -5.36001 0
    endloop
  endfacet
  facet normal 0 0 -1
    outer loop
      vertex 53.7302 -8.51003 0
      vertex 46.9531 -5.46767 0
      vertex 47.0286 -5.41578 0
    endloop
  endfacet
  facet normal 0 0 -1
    outer loop
      vertex 53.2112 -11.3104 0
      vertex 46.875 -5.51554 0
      vertex 46.9531 -5.46767 0
    endloop
  endfacet
  facet normal 0 0 -1
    outer loop
      vertex 53.2112 -11.3104 0
      vertex 46.7945 -5.55926 0
      vertex 46.875 -5.51554 0
    endloop
  endfacet
  facet normal 0 0 -1
    outer loop
      vertex 53.2112 -11.3104 0
      vertex 46.7118 -5.5987 0
      vertex 46.7945 -5.55926 0
    endloop
  endfacet
  facet normal 0 0 -1
    outer loop
      vertex 53.2112 -11.3104 0
      vertex 46.6271 -5.63377 0
      vertex 46.7118 -5.5987 0
    endloop
  endfacet
  facet normal 0 0 -1
    outer loop
      vertex 53.2112 -11.3104 0
      vertex 46.5408 -5.66435 0
      vertex 46.6271 -5.63377 0
    endloop
  endfacet
  facet normal 0 0 -1
    outer loop
      vertex 53.2112 -11.3104 0
      vertex 46.4529 -5.69037 0
      vertex 46.5408 -5.66435 0
    endloop
  endfacet
  facet normal 0 0 -1
    outer loop
      vertex 53.2112 -11.3104 0
      vertex 46.3638 -5.71176 0
      vertex 46.4529 -5.69037 0
    endloop
  endfacet
  facet normal 0 0 -1
    outer loop
      vertex 52.5464 -14.0798 0
      vertex 46.2738 -5.72845 0
      vertex 46.3638 -5.71176 0
    endloop
  endfacet
  facet normal 0 0 -1
    outer loop
      vertex 52.5464 -14.0798 0
      vertex 46.1829 -5.74041 0
      vertex 46.2738 -5.72845 0
    endloop
  endfacet
  facet normal 0 0 -1
    outer loop
      vertex 52.5464 -14.0798 0
      vertex 46.0916 -5.7476 0
      vertex 46.1829 -5.74041 0
    endloop
  endfacet
  facet normal 0 0 -1
    outer loop
      vertex 52.5464 -14.0798 0
      vertex 46 -5.75 0
      vertex 46.0916 -5.7476 0
    endloop
  endfacet
  facet normal 0 0 -1
    outer loop
      vertex 52.5464 -14.0798 0
      vertex 45.9084 -5.7476 0
      vertex 46 -5.75 0
    endloop
  endfacet
  facet normal 0 0 -1
    outer loop
      vertex 52.5464 -14.0798 0
      vertex 45.8171 -5.74041 0
      vertex 45.9084 -5.7476 0
    endloop
  endfacet
  facet normal 0 0 -1
    outer loop
      vertex 51.7375 -16.8105 0
      vertex 45.7262 -5.72845 0
      vertex 45.8171 -5.74041 0
    endloop
  endfacet
  facet normal 0 0 -1
    outer loop
      vertex 51.7375 -16.8105 0
      vertex 45.6362 -5.71176 0
      vertex 45.7262 -5.72845 0
    endloop
  endfacet
  facet normal 0 0 -1
    outer loop
      vertex 44.6995 -5.17098 0
      vertex 47.1118 -27.2 0
      vertex 45.6237 -29.6284 0
    endloop
  endfacet
  facet normal 0 0 -1
    outer loop
      vertex 51.7375 -16.8105 0
      vertex 45.5471 -5.69037 0
      vertex 45.6362 -5.71176 0
    endloop
  endfacet
  facet normal 0 0 -1
    outer loop
      vertex 51.7375 -16.8105 0
      vertex 45.4592 -5.66435 0
      vertex 45.5471 -5.69037 0
    endloop
  endfacet
  facet normal 0 0 -1
    outer loop
      vertex 50.7868 -19.4952 0
      vertex 45.3729 -5.63377 0
      vertex 45.4592 -5.66435 0
    endloop
  endfacet
  facet normal 0 0 -1
    outer loop
      vertex 50.7868 -19.4952 0
      vertex 45.2882 -5.5987 0
      vertex 45.3729 -5.63377 0
    endloop
  endfacet
  facet normal 0 0 -1
    outer loop
      vertex 50.7868 -19.4952 0
      vertex 45.2055 -5.55926 0
      vertex 45.2882 -5.5987 0
    endloop
  endfacet
  facet normal 0 0 -1
    outer loop
      vertex 50.7868 -19.4952 0
      vertex 45.125 -5.51554 0
      vertex 45.2055 -5.55926 0
    endloop
  endfacet
  facet normal 0 0 -1
    outer loop
      vertex 49.6969 -22.1265 0
      vertex 45.0469 -5.46767 0
      vertex 45.125 -5.51554 0
    endloop
  endfacet
  facet normal 0 0 -1
    outer loop
      vertex 49.6969 -22.1265 0
      vertex 44.9714 -5.41578 0
      vertex 45.0469 -5.46767 0
    endloop
  endfacet
  facet normal 0 0 -1
    outer loop
      vertex 49.6969 -22.1265 0
      vertex 44.8987 -5.36001 0
      vertex 44.9714 -5.41578 0
    endloop
  endfacet
  facet normal 0 0 -1
    outer loop
      vertex 48.4708 -24.6971 0
      vertex 44.829 -5.3005 0
      vertex 44.8987 -5.36001 0
    endloop
  endfacet
  facet normal 0 0 -1
    outer loop
      vertex 48.4708 -24.6971 0
      vertex 44.7626 -5.23744 0
      vertex 44.829 -5.3005 0
    endloop
  endfacet
  facet normal 0 0 -1
    outer loop
      vertex 47.1118 -27.2 0
      vertex 44.6995 -5.17098 0
      vertex 44.7626 -5.23744 0
    endloop
  endfacet
  facet normal 0 0 -1
    outer loop
      vertex 45.6237 -29.6284 0
      vertex 44.64 -5.10131 0
      vertex 44.6995 -5.17098 0
    endloop
  endfacet
  facet normal 0 0 -1
    outer loop
      vertex 45.6237 -29.6284 0
      vertex 44.5842 -5.02862 0
      vertex 44.64 -5.10131 0
    endloop
  endfacet
  facet normal 0 0 -1
    outer loop
      vertex 44.0105 -31.9755 0
      vertex 44.5842 -5.02862 0
      vertex 45.6237 -29.6284 0
    endloop
  endfacet
  facet normal -0 0 -1
    outer loop
      vertex 44.5842 -5.02862 0
      vertex 44.0105 -31.9755 0
      vertex 44.5323 -4.95312 0
    endloop
  endfacet
  facet normal 0 0 -1
    outer loop
      vertex 42.2767 -34.235 0
      vertex 44.5323 -4.95312 0
      vertex 44.0105 -31.9755 0
    endloop
  endfacet
  facet normal -0 0 -1
    outer loop
      vertex 44.5323 -4.95312 0
      vertex 42.2767 -34.235 0
      vertex 44.4845 -4.875 0
    endloop
  endfacet
  facet normal -0 0 -1
    outer loop
      vertex 44.4845 -4.875 0
      vertex 42.2767 -34.235 0
      vertex 44.4407 -4.79448 0
    endloop
  endfacet
  facet normal 0 0 -1
    outer loop
      vertex 40.4271 -36.4007 0
      vertex 44.4407 -4.79448 0
      vertex 42.2767 -34.235 0
    endloop
  endfacet
  facet normal 0 0 -1
    outer loop
      vertex 38.4666 -38.4666 0
      vertex 44.4407 -4.79448 0
      vertex 40.4271 -36.4007 0
    endloop
  endfacet
  facet normal -0 0 -1
    outer loop
      vertex 44.4407 -4.79448 0
      vertex 38.4666 -38.4666 0
      vertex 44.4013 -4.71179 0
    endloop
  endfacet
  facet normal 0 0 -1
    outer loop
      vertex 36.4007 -40.4271 0
      vertex 44.4013 -4.71179 0
      vertex 38.4666 -38.4666 0
    endloop
  endfacet
  facet normal -0 0 -1
    outer loop
      vertex 44.4013 -4.71179 0
      vertex 36.4007 -40.4271 0
      vertex 44.3662 -4.62714 0
    endloop
  endfacet
  facet normal 0 0 -1
    outer loop
      vertex 34.235 -42.2767 0
      vertex 44.3662 -4.62714 0
      vertex 36.4007 -40.4271 0
    endloop
  endfacet
  facet normal 0 0 -1
    outer loop
      vertex 29.6284 -45.6237 0
      vertex 44.3357 -4.54078 0
      vertex 31.9755 -44.0105 0
    endloop
  endfacet
  facet normal 0 0 -1
    outer loop
      vertex 31.9755 -44.0105 0
      vertex 44.3357 -4.54078 0
      vertex 34.235 -42.2767 0
    endloop
  endfacet
  facet normal -0 0 -1
    outer loop
      vertex 44.3662 -4.62714 0
      vertex 34.235 -42.2767 0
      vertex 44.3357 -4.54078 0
    endloop
  endfacet
  facet normal 0 0 -1
    outer loop
      vertex 47.6338 4.62714 0
      vertex 54.102 5.68635 0
      vertex 47.6643 4.54078 0
    endloop
  endfacet
  facet normal 0 0 -1
    outer loop
      vertex 47.5987 4.71179 0
      vertex 54.102 5.68635 0
      vertex 47.6338 4.62714 0
    endloop
  endfacet
  facet normal 0 0 -1
    outer loop
      vertex 47.5593 4.79448 0
      vertex 54.102 5.68635 0
      vertex 47.5987 4.71179 0
    endloop
  endfacet
  facet normal 0 0 -1
    outer loop
      vertex 47.5155 4.875 0
      vertex 54.102 5.68635 0
      vertex 47.5593 4.79448 0
    endloop
  endfacet
  facet normal -0 0 -1
    outer loop
      vertex 54.102 5.68635 0
      vertex 47.5155 4.875 0
      vertex 53.7302 8.51003 0
    endloop
  endfacet
  facet normal 0 0 -1
    outer loop
      vertex 47.4677 4.95312 0
      vertex 53.7302 8.51003 0
      vertex 47.5155 4.875 0
    endloop
  endfacet
  facet normal 0 0 -1
    outer loop
      vertex 47.4158 5.02862 0
      vertex 53.7302 8.51003 0
      vertex 47.4677 4.95312 0
    endloop
  endfacet
  facet normal 0 0 -1
    outer loop
      vertex 47.36 5.10131 0
      vertex 53.7302 8.51003 0
      vertex 47.4158 5.02862 0
    endloop
  endfacet
  facet normal 0 0 -1
    outer loop
      vertex 47.3005 5.17098 0
      vertex 53.7302 8.51003 0
      vertex 47.36 5.10131 0
    endloop
  endfacet
  facet normal 0 0 -1
    outer loop
      vertex 47.2374 5.23744 0
      vertex 53.7302 8.51003 0
      vertex 47.3005 5.17098 0
    endloop
  endfacet
  facet normal 0 0 -1
    outer loop
      vertex 47.171 5.3005 0
      vertex 53.7302 8.51003 0
      vertex 47.2374 5.23744 0
    endloop
  endfacet
  facet normal 0 0 -1
    outer loop
      vertex 47.1013 5.36001 0
      vertex 53.7302 8.51003 0
      vertex 47.171 5.3005 0
    endloop
  endfacet
  facet normal 0 0 -1
    outer loop
      vertex 47.0286 5.41578 0
      vertex 53.7302 8.51003 0
      vertex 47.1013 5.36001 0
    endloop
  endfacet
  facet normal 0 0 -1
    outer loop
      vertex 46.9531 5.46767 0
      vertex 53.7302 8.51003 0
      vertex 47.0286 5.41578 0
    endloop
  endfacet
  facet normal -0 0 -1
    outer loop
      vertex 53.7302 8.51003 0
      vertex 46.9531 5.46767 0
      vertex 53.2112 11.3104 0
    endloop
  endfacet
  facet normal 0 0 -1
    outer loop
      vertex 46.875 5.51554 0
      vertex 53.2112 11.3104 0
      vertex 46.9531 5.46767 0
    endloop
  endfacet
  facet normal 0 0 -1
    outer loop
      vertex 46.7945 5.55926 0
      vertex 53.2112 11.3104 0
      vertex 46.875 5.51554 0
    endloop
  endfacet
  facet normal 0 0 -1
    outer loop
      vertex 46.7118 5.5987 0
      vertex 53.2112 11.3104 0
      vertex 46.7945 5.55926 0
    endloop
  endfacet
  facet normal 0 0 -1
    outer loop
      vertex 46.6271 5.63377 0
      vertex 53.2112 11.3104 0
      vertex 46.7118 5.5987 0
    endloop
  endfacet
  facet normal 0 0 -1
    outer loop
      vertex 46.5408 5.66435 0
      vertex 53.2112 11.3104 0
      vertex 46.6271 5.63377 0
    endloop
  endfacet
  facet normal 0 0 -1
    outer loop
      vertex 46.4529 5.69037 0
      vertex 53.2112 11.3104 0
      vertex 46.5408 5.66435 0
    endloop
  endfacet
  facet normal 0 0 -1
    outer loop
      vertex 46.3638 5.71176 0
      vertex 53.2112 11.3104 0
      vertex 46.4529 5.69037 0
    endloop
  endfacet
  facet normal -0 0 -1
    outer loop
      vertex 53.2112 11.3104 0
      vertex 46.3638 5.71176 0
      vertex 52.5464 14.0798 0
    endloop
  endfacet
  facet normal 0 0 -1
    outer loop
      vertex 46.2738 5.72845 0
      vertex 52.5464 14.0798 0
      vertex 46.3638 5.71176 0
    endloop
  endfacet
  facet normal 0 0 -1
    outer loop
      vertex 46.1829 5.74041 0
      vertex 52.5464 14.0798 0
      vertex 46.2738 5.72845 0
    endloop
  endfacet
  facet normal 0 0 -1
    outer loop
      vertex 46.0916 5.7476 0
      vertex 52.5464 14.0798 0
      vertex 46.1829 5.74041 0
    endloop
  endfacet
  facet normal 0 0 -1
    outer loop
      vertex 46 5.75 0
      vertex 52.5464 14.0798 0
      vertex 46.0916 5.7476 0
    endloop
  endfacet
  facet normal 0 0 -1
    outer loop
      vertex 45.9084 5.7476 0
      vertex 52.5464 14.0798 0
      vertex 46 5.75 0
    endloop
  endfacet
  facet normal 0 0 -1
    outer loop
      vertex 45.8171 5.74041 0
      vertex 52.5464 14.0798 0
      vertex 45.9084 5.7476 0
    endloop
  endfacet
  facet normal -0 0 -1
    outer loop
      vertex 52.5464 14.0798 0
      vertex 45.8171 5.74041 0
      vertex 51.7375 16.8105 0
    endloop
  endfacet
  facet normal 0 0 -1
    outer loop
      vertex 45.7262 5.72845 0
      vertex 51.7375 16.8105 0
      vertex 45.8171 5.74041 0
    endloop
  endfacet
  facet normal 0 0 -1
    outer loop
      vertex 45.6362 5.71176 0
      vertex 51.7375 16.8105 0
      vertex 45.7262 5.72845 0
    endloop
  endfacet
  facet normal 0 0 -1
    outer loop
      vertex 45.5471 5.69037 0
      vertex 51.7375 16.8105 0
      vertex 45.6362 5.71176 0
    endloop
  endfacet
  facet normal 0 0 -1
    outer loop
      vertex 45.4592 5.66435 0
      vertex 51.7375 16.8105 0
      vertex 45.5471 5.69037 0
    endloop
  endfacet
  facet normal -0 0 -1
    outer loop
      vertex 51.7375 16.8105 0
      vertex 45.4592 5.66435 0
      vertex 50.7868 19.4952 0
    endloop
  endfacet
  facet normal 0 0 -1
    outer loop
      vertex 45.3729 5.63377 0
      vertex 50.7868 19.4952 0
      vertex 45.4592 5.66435 0
    endloop
  endfacet
  facet normal 0 0 -1
    outer loop
      vertex 45.2882 5.5987 0
      vertex 50.7868 19.4952 0
      vertex 45.3729 5.63377 0
    endloop
  endfacet
  facet normal 0 0 -1
    outer loop
      vertex 45.2055 5.55926 0
      vertex 50.7868 19.4952 0
      vertex 45.2882 5.5987 0
    endloop
  endfacet
  facet normal 0 0 -1
    outer loop
      vertex 45.125 5.51554 0
      vertex 50.7868 19.4952 0
      vertex 45.2055 5.55926 0
    endloop
  endfacet
  facet normal -0 0 -1
    outer loop
      vertex 50.7868 19.4952 0
      vertex 45.125 5.51554 0
      vertex 49.6969 22.1265 0
    endloop
  endfacet
  facet normal 0 0 -1
    outer loop
      vertex 45.0469 5.46767 0
      vertex 49.6969 22.1265 0
      vertex 45.125 5.51554 0
    endloop
  endfacet
  facet normal 0 0 -1
    outer loop
      vertex 44.9714 5.41578 0
      vertex 49.6969 22.1265 0
      vertex 45.0469 5.46767 0
    endloop
  endfacet
  facet normal 0 0 -1
    outer loop
      vertex 44.8987 5.36001 0
      vertex 49.6969 22.1265 0
      vertex 44.9714 5.41578 0
    endloop
  endfacet
  facet normal -0 0 -1
    outer loop
      vertex 49.6969 22.1265 0
      vertex 44.8987 5.36001 0
      vertex 48.4708 24.6971 0
    endloop
  endfacet
  facet normal 0 0 -1
    outer loop
      vertex 44.829 5.3005 0
      vertex 48.4708 24.6971 0
      vertex 44.8987 5.36001 0
    endloop
  endfacet
  facet normal 0 0 -1
    outer loop
      vertex 44.7626 5.23744 0
      vertex 48.4708 24.6971 0
      vertex 44.829 5.3005 0
    endloop
  endfacet
  facet normal -0 0 -1
    outer loop
      vertex 48.4708 24.6971 0
      vertex 44.7626 5.23744 0
      vertex 47.1118 27.2 0
    endloop
  endfacet
  facet normal 0 0 -1
    outer loop
      vertex 44.6995 5.17098 0
      vertex 47.1118 27.2 0
      vertex 44.7626 5.23744 0
    endloop
  endfacet
  facet normal -0 0 -1
    outer loop
      vertex 47.1118 27.2 0
      vertex 44.6995 5.17098 0
      vertex 45.6237 29.6284 0
    endloop
  endfacet
  facet normal 0 0 -1
    outer loop
      vertex 44.64 5.10131 0
      vertex 45.6237 29.6284 0
      vertex 44.6995 5.17098 0
    endloop
  endfacet
  facet normal 0 0 -1
    outer loop
      vertex 44.5842 5.02862 0
      vertex 45.6237 29.6284 0
      vertex 44.64 5.10131 0
    endloop
  endfacet
  facet normal 0 0 -1
    outer loop
      vertex 44.0105 31.9755 0
      vertex 44.5842 5.02862 0
      vertex 44.5323 4.95312 0
    endloop
  endfacet
  facet normal 0 0 -1
    outer loop
      vertex 42.2767 34.235 0
      vertex 44.5323 4.95312 0
      vertex 44.4845 4.875 0
    endloop
  endfacet
  facet normal 0 0 -1
    outer loop
      vertex 42.2767 34.235 0
      vertex 44.4845 4.875 0
      vertex 44.4407 4.79448 0
    endloop
  endfacet
  facet normal 0 0 -1
    outer loop
      vertex 38.4666 38.4666 0
      vertex 44.4407 4.79448 0
      vertex 44.4013 4.71179 0
    endloop
  endfacet
  facet normal 0 0 -1
    outer loop
      vertex 36.4007 40.4271 0
      vertex 44.4013 4.71179 0
      vertex 44.3662 4.62714 0
    endloop
  endfacet
  facet normal 0 0 -1
    outer loop
      vertex 34.235 42.2767 0
      vertex 44.3662 4.62714 0
      vertex 44.3357 4.54078 0
    endloop
  endfacet
  facet normal 0 0 -1
    outer loop
      vertex 29.6284 45.6237 0
      vertex 44.3357 4.54078 0
      vertex 44.3096 4.45293 0
    endloop
  endfacet
  facet normal 0 0 -1
    outer loop
      vertex 22.1265 49.6969 0
      vertex 44.3096 4.45293 0
      vertex 44.2882 4.36384 0
    endloop
  endfacet
  facet normal 0 0 -1
    outer loop
      vertex 14.0798 52.5464 0
      vertex 44.2882 4.36384 0
      vertex 44.2715 4.27376 0
    endloop
  endfacet
  facet normal 0 0 -1
    outer loop
      vertex 2.84708 54.3254 0
      vertex 44.2715 4.27376 0
      vertex 44.2596 4.18292 0
    endloop
  endfacet
  facet normal 0 0 -1
    outer loop
      vertex -11.3104 53.2112 0
      vertex 44.2596 4.18292 0
      vertex 44.2524 4.09159 0
    endloop
  endfacet
  facet normal 0 0 -1
    outer loop
      vertex 44.5842 5.02862 0
      vertex 44.0105 31.9755 0
      vertex 45.6237 29.6284 0
    endloop
  endfacet
  facet normal 0 0 -1
    outer loop
      vertex -27.2 47.1118 0
      vertex 44.2524 4.09159 0
      vertex 44.25 4 0
    endloop
  endfacet
  facet normal -0 0 -1
    outer loop
      vertex 44.3357 -4.54078 0
      vertex 29.6284 -45.6237 0
      vertex 44.3096 -4.45293 0
    endloop
  endfacet
  facet normal 0 0 -1
    outer loop
      vertex 27.2 -47.1118 0
      vertex 44.3096 -4.45293 0
      vertex 29.6284 -45.6237 0
    endloop
  endfacet
  facet normal 0 0 -1
    outer loop
      vertex 44.5323 4.95312 0
      vertex 42.2767 34.235 0
      vertex 44.0105 31.9755 0
    endloop
  endfacet
  facet normal 0 0 -1
    outer loop
      vertex 24.6971 -48.4708 0
      vertex 44.3096 -4.45293 0
      vertex 27.2 -47.1118 0
    endloop
  endfacet
  facet normal 0 0 -1
    outer loop
      vertex 44.4407 4.79448 0
      vertex 40.4271 36.4007 0
      vertex 42.2767 34.235 0
    endloop
  endfacet
  facet normal 0 0 -1
    outer loop
      vertex 22.1265 -49.6969 0
      vertex 44.3096 -4.45293 0
      vertex 24.6971 -48.4708 0
    endloop
  endfacet
  facet normal 0 0 -1
    outer loop
      vertex 44.4407 4.79448 0
      vertex 38.4666 38.4666 0
      vertex 40.4271 36.4007 0
    endloop
  endfacet
  facet normal -0 0 -1
    outer loop
      vertex 44.3096 -4.45293 0
      vertex 22.1265 -49.6969 0
      vertex 44.2882 -4.36384 0
    endloop
  endfacet
  facet normal 0 0 -1
    outer loop
      vertex 44.4013 4.71179 0
      vertex 36.4007 40.4271 0
      vertex 38.4666 38.4666 0
    endloop
  endfacet
  facet normal 0 0 -1
    outer loop
      vertex 19.4952 -50.7868 0
      vertex 44.2882 -4.36384 0
      vertex 22.1265 -49.6969 0
    endloop
  endfacet
  facet normal 0 0 -1
    outer loop
      vertex 44.3662 4.62714 0
      vertex 34.235 42.2767 0
      vertex 36.4007 40.4271 0
    endloop
  endfacet
  facet normal 0 0 -1
    outer loop
      vertex 16.8105 -51.7375 0
      vertex 44.2882 -4.36384 0
      vertex 19.4952 -50.7868 0
    endloop
  endfacet
  facet normal 0 0 -1
    outer loop
      vertex 44.3357 4.54078 0
      vertex 31.9755 44.0105 0
      vertex 34.235 42.2767 0
    endloop
  endfacet
  facet normal 0 0 -1
    outer loop
      vertex 14.0798 -52.5464 0
      vertex 44.2882 -4.36384 0
      vertex 16.8105 -51.7375 0
    endloop
  endfacet
  facet normal 0 0 -1
    outer loop
      vertex 44.3357 4.54078 0
      vertex 29.6284 45.6237 0
      vertex 31.9755 44.0105 0
    endloop
  endfacet
  facet normal -0 0 -1
    outer loop
      vertex 44.2882 -4.36384 0
      vertex 14.0798 -52.5464 0
      vertex 44.2715 -4.27376 0
    endloop
  endfacet
  facet normal 0 0 -1
    outer loop
      vertex 44.3096 4.45293 0
      vertex 27.2 47.1118 0
      vertex 29.6284 45.6237 0
    endloop
  endfacet
  facet normal 0 0 -1
    outer loop
      vertex 11.3104 -53.2112 0
      vertex 44.2715 -4.27376 0
      vertex 14.0798 -52.5464 0
    endloop
  endfacet
  facet normal 0 0 -1
    outer loop
      vertex 44.3096 4.45293 0
      vertex 24.6971 48.4708 0
      vertex 27.2 47.1118 0
    endloop
  endfacet
  facet normal 0 0 -1
    outer loop
      vertex 8.51003 -53.7302 0
      vertex 44.2715 -4.27376 0
      vertex 11.3104 -53.2112 0
    endloop
  endfacet
  facet normal 0 0 -1
    outer loop
      vertex 44.3096 4.45293 0
      vertex 22.1265 49.6969 0
      vertex 24.6971 48.4708 0
    endloop
  endfacet
  facet normal 0 0 -1
    outer loop
      vertex 5.68635 -54.102 0
      vertex 44.2715 -4.27376 0
      vertex 8.51003 -53.7302 0
    endloop
  endfacet
  facet normal 0 0 -1
    outer loop
      vertex 44.2882 4.36384 0
      vertex 19.4952 50.7868 0
      vertex 22.1265 49.6969 0
    endloop
  endfacet
  facet normal 0 0 -1
    outer loop
      vertex 2.84708 -54.3254 0
      vertex 44.2715 -4.27376 0
      vertex 5.68635 -54.102 0
    endloop
  endfacet
  facet normal 0 0 -1
    outer loop
      vertex 44.2882 4.36384 0
      vertex 16.8105 51.7375 0
      vertex 19.4952 50.7868 0
    endloop
  endfacet
  facet normal -0 0 -1
    outer loop
      vertex 44.2715 -4.27376 0
      vertex 2.84708 -54.3254 0
      vertex 44.2596 -4.18292 0
    endloop
  endfacet
  facet normal 0 0 -1
    outer loop
      vertex 44.2882 4.36384 0
      vertex 14.0798 52.5464 0
      vertex 16.8105 51.7375 0
    endloop
  endfacet
  facet normal 0 0 -1
    outer loop
      vertex 0 -54.4 0
      vertex 44.2596 -4.18292 0
      vertex 2.84708 -54.3254 0
    endloop
  endfacet
  facet normal 0 0 -1
    outer loop
      vertex 44.2715 4.27376 0
      vertex 11.3104 53.2112 0
      vertex 14.0798 52.5464 0
    endloop
  endfacet
  facet normal 0 0 -1
    outer loop
      vertex -2.84708 -54.3254 0
      vertex 44.2596 -4.18292 0
      vertex 0 -54.4 0
    endloop
  endfacet
  facet normal 0 0 -1
    outer loop
      vertex 44.2715 4.27376 0
      vertex 8.51003 53.7302 0
      vertex 11.3104 53.2112 0
    endloop
  endfacet
  facet normal 0 0 -1
    outer loop
      vertex -5.68635 -54.102 0
      vertex 44.2596 -4.18292 0
      vertex -2.84708 -54.3254 0
    endloop
  endfacet
  facet normal 0 0 -1
    outer loop
      vertex 44.2715 4.27376 0
      vertex 5.68635 54.102 0
      vertex 8.51003 53.7302 0
    endloop
  endfacet
  facet normal 0 0 -1
    outer loop
      vertex -8.51003 -53.7302 0
      vertex 44.2596 -4.18292 0
      vertex -5.68635 -54.102 0
    endloop
  endfacet
  facet normal 0 0 -1
    outer loop
      vertex 44.2715 4.27376 0
      vertex 2.84708 54.3254 0
      vertex 5.68635 54.102 0
    endloop
  endfacet
  facet normal 0 0 -1
    outer loop
      vertex -11.3104 -53.2112 0
      vertex 44.2596 -4.18292 0
      vertex -8.51003 -53.7302 0
    endloop
  endfacet
  facet normal 0 0 -1
    outer loop
      vertex 44.2596 4.18292 0
      vertex 0 54.4 0
      vertex 2.84708 54.3254 0
    endloop
  endfacet
  facet normal -0 0 -1
    outer loop
      vertex 44.2596 -4.18292 0
      vertex -11.3104 -53.2112 0
      vertex 44.2524 -4.09159 0
    endloop
  endfacet
  facet normal 0 0 -1
    outer loop
      vertex 44.2596 4.18292 0
      vertex -2.84708 54.3254 0
      vertex 0 54.4 0
    endloop
  endfacet
  facet normal 0 0 -1
    outer loop
      vertex -14.0798 -52.5464 0
      vertex 44.2524 -4.09159 0
      vertex -11.3104 -53.2112 0
    endloop
  endfacet
  facet normal 0 0 -1
    outer loop
      vertex 44.2596 4.18292 0
      vertex -5.68635 54.102 0
      vertex -2.84708 54.3254 0
    endloop
  endfacet
  facet normal 0 0 -1
    outer loop
      vertex -16.8105 -51.7375 0
      vertex 44.2524 -4.09159 0
      vertex -14.0798 -52.5464 0
    endloop
  endfacet
  facet normal 0 0 -1
    outer loop
      vertex 44.2596 4.18292 0
      vertex -8.51003 53.7302 0
      vertex -5.68635 54.102 0
    endloop
  endfacet
  facet normal 0 0 -1
    outer loop
      vertex -19.4952 -50.7868 0
      vertex 44.2524 -4.09159 0
      vertex -16.8105 -51.7375 0
    endloop
  endfacet
  facet normal 0 0 -1
    outer loop
      vertex 44.2596 4.18292 0
      vertex -11.3104 53.2112 0
      vertex -8.51003 53.7302 0
    endloop
  endfacet
  facet normal 0 0 -1
    outer loop
      vertex -22.1265 -49.6969 0
      vertex 44.2524 -4.09159 0
      vertex -19.4952 -50.7868 0
    endloop
  endfacet
  facet normal 0 0 -1
    outer loop
      vertex 44.2524 4.09159 0
      vertex -14.0798 52.5464 0
      vertex -11.3104 53.2112 0
    endloop
  endfacet
  facet normal 0 0 -1
    outer loop
      vertex -24.6971 -48.4708 0
      vertex 44.2524 -4.09159 0
      vertex -22.1265 -49.6969 0
    endloop
  endfacet
  facet normal 0 0 -1
    outer loop
      vertex 44.2524 4.09159 0
      vertex -16.8105 51.7375 0
      vertex -14.0798 52.5464 0
    endloop
  endfacet
  facet normal 0 0 -1
    outer loop
      vertex -27.2 -47.1118 0
      vertex 44.2524 -4.09159 0
      vertex -24.6971 -48.4708 0
    endloop
  endfacet
  facet normal 0 0 -1
    outer loop
      vertex 44.2524 4.09159 0
      vertex -19.4952 50.7868 0
      vertex -16.8105 51.7375 0
    endloop
  endfacet
  facet normal -0 0 -1
    outer loop
      vertex 44.2524 -4.09159 0
      vertex -27.2 -47.1118 0
      vertex 44.25 -4 0
    endloop
  endfacet
  facet normal 0 0 -1
    outer loop
      vertex 44.2524 4.09159 0
      vertex -22.1265 49.6969 0
      vertex -19.4952 50.7868 0
    endloop
  endfacet
  facet normal 0 0 -1
    outer loop
      vertex -29.6284 -45.6237 0
      vertex 44.25 -4 0
      vertex -27.2 -47.1118 0
    endloop
  endfacet
  facet normal 0 0 -1
    outer loop
      vertex 44.2524 4.09159 0
      vertex -24.6971 48.4708 0
      vertex -22.1265 49.6969 0
    endloop
  endfacet
  facet normal 0 0 -1
    outer loop
      vertex -31.9755 -44.0105 0
      vertex 44.25 -4 0
      vertex -29.6284 -45.6237 0
    endloop
  endfacet
  facet normal 0 0 -1
    outer loop
      vertex 44.2524 4.09159 0
      vertex -27.2 47.1118 0
      vertex -24.6971 48.4708 0
    endloop
  endfacet
  facet normal 0 0 -1
    outer loop
      vertex -34.235 -42.2767 0
      vertex 44.25 -4 0
      vertex -31.9755 -44.0105 0
    endloop
  endfacet
  facet normal 0 0 -1
    outer loop
      vertex 44.25 4 0
      vertex -29.6284 45.6237 0
      vertex -27.2 47.1118 0
    endloop
  endfacet
  facet normal 0 0 -1
    outer loop
      vertex -36.4007 -40.4271 0
      vertex 44.25 -4 0
      vertex -34.235 -42.2767 0
    endloop
  endfacet
  facet normal 0 0 -1
    outer loop
      vertex 44.25 4 0
      vertex -31.9755 44.0105 0
      vertex -29.6284 45.6237 0
    endloop
  endfacet
  facet normal 0 0 -1
    outer loop
      vertex -38.4666 -38.4666 0
      vertex 44.25 -4 0
      vertex -36.4007 -40.4271 0
    endloop
  endfacet
  facet normal 0 0 -1
    outer loop
      vertex 44.25 4 0
      vertex -34.235 42.2767 0
      vertex -31.9755 44.0105 0
    endloop
  endfacet
  facet normal 0 0 -1
    outer loop
      vertex -40.4271 -36.4007 0
      vertex 44.25 -4 0
      vertex -38.4666 -38.4666 0
    endloop
  endfacet
  facet normal 0 0 -1
    outer loop
      vertex 44.25 4 0
      vertex -36.4007 40.4271 0
      vertex -34.235 42.2767 0
    endloop
  endfacet
  facet normal 0 0 -1
    outer loop
      vertex -42.2767 -34.235 0
      vertex 44.25 -4 0
      vertex -40.4271 -36.4007 0
    endloop
  endfacet
  facet normal 0 0 -1
    outer loop
      vertex 44.25 4 0
      vertex -38.4666 38.4666 0
      vertex -36.4007 40.4271 0
    endloop
  endfacet
  facet normal 0 0 -1
    outer loop
      vertex -44.0105 -31.9755 0
      vertex 44.25 -4 0
      vertex -42.2767 -34.235 0
    endloop
  endfacet
  facet normal 0 0 -1
    outer loop
      vertex 44.25 4 0
      vertex -40.4271 36.4007 0
      vertex -38.4666 38.4666 0
    endloop
  endfacet
  facet normal 0 0 -1
    outer loop
      vertex -45.6237 -29.6284 0
      vertex 44.25 -4 0
      vertex -44.0105 -31.9755 0
    endloop
  endfacet
  facet normal 0 0 -1
    outer loop
      vertex 44.25 4 0
      vertex -42.2767 34.235 0
      vertex -40.4271 36.4007 0
    endloop
  endfacet
  facet normal 0 0 -1
    outer loop
      vertex -47.1118 -27.2 0
      vertex 44.25 -4 0
      vertex -45.6237 -29.6284 0
    endloop
  endfacet
  facet normal 0 0 -1
    outer loop
      vertex 44.25 4 0
      vertex -44.0105 31.9755 0
      vertex -42.2767 34.235 0
    endloop
  endfacet
  facet normal 0 0 -1
    outer loop
      vertex -48.4708 -24.6971 0
      vertex 44.25 -4 0
      vertex -47.1118 -27.2 0
    endloop
  endfacet
  facet normal 0 0 -1
    outer loop
      vertex 44.25 4 0
      vertex -45.6237 29.6284 0
      vertex -44.0105 31.9755 0
    endloop
  endfacet
  facet normal 0 0 -1
    outer loop
      vertex -49.6969 -22.1265 0
      vertex 44.25 -4 0
      vertex -48.4708 -24.6971 0
    endloop
  endfacet
  facet normal 0 0 -1
    outer loop
      vertex 44.25 4 0
      vertex -47.1118 27.2 0
      vertex -45.6237 29.6284 0
    endloop
  endfacet
  facet normal 0 0 -1
    outer loop
      vertex 44.2524 -3.90841 0
      vertex -49.6969 -22.1265 0
      vertex -50.7868 -19.4952 0
    endloop
  endfacet
  facet normal 0 0 -1
    outer loop
      vertex 44.25 4 0
      vertex -48.4708 24.6971 0
      vertex -47.1118 27.2 0
    endloop
  endfacet
  facet normal 0 0 -1
    outer loop
      vertex 44.2524 -3.90841 0
      vertex -50.7868 -19.4952 0
      vertex -51.7375 -16.8105 0
    endloop
  endfacet
  facet normal 0 0 -1
    outer loop
      vertex 44.25 4 0
      vertex -49.6969 22.1265 0
      vertex -48.4708 24.6971 0
    endloop
  endfacet
  facet normal 0 0 -1
    outer loop
      vertex 44.2524 -3.90841 0
      vertex -51.7375 -16.8105 0
      vertex -52.5464 -14.0798 0
    endloop
  endfacet
  facet normal 0 0 -1
    outer loop
      vertex 44.2524 3.90841 0
      vertex -49.6969 22.1265 0
      vertex 44.25 4 0
    endloop
  endfacet
  facet normal 0 0 -1
    outer loop
      vertex 44.2524 -3.90841 0
      vertex -52.5464 -14.0798 0
      vertex -53.2112 -11.3104 0
    endloop
  endfacet
  facet normal 0 -0 -1
    outer loop
      vertex -49.6969 22.1265 0
      vertex 44.2524 3.90841 0
      vertex -50.7868 19.4952 0
    endloop
  endfacet
  facet normal 0 0 -1
    outer loop
      vertex 44.2524 -3.90841 0
      vertex -53.2112 -11.3104 0
      vertex -53.7302 -8.51003 0
    endloop
  endfacet
  facet normal 0 -0 -1
    outer loop
      vertex -50.7868 19.4952 0
      vertex 44.2524 3.90841 0
      vertex -51.7375 16.8105 0
    endloop
  endfacet
  facet normal 0 0 -1
    outer loop
      vertex 44.2524 -3.90841 0
      vertex -53.7302 -8.51003 0
      vertex -54.102 -5.68635 0
    endloop
  endfacet
  facet normal 0 -0 -1
    outer loop
      vertex -51.7375 16.8105 0
      vertex 44.2524 3.90841 0
      vertex -52.5464 14.0798 0
    endloop
  endfacet
  facet normal 0 0 -1
    outer loop
      vertex -54.3254 -2.84708 0
      vertex 44.2524 3.90841 0
      vertex -54.102 -5.68635 0
    endloop
  endfacet
  facet normal 0 -0 -1
    outer loop
      vertex -52.5464 14.0798 0
      vertex 44.2524 3.90841 0
      vertex -53.2112 11.3104 0
    endloop
  endfacet
  facet normal 0 -0 -1
    outer loop
      vertex -54.102 5.68635 0
      vertex 44.2524 3.90841 0
      vertex -54.3254 -2.84708 0
    endloop
  endfacet
  facet normal 0 -0 -1
    outer loop
      vertex -53.2112 11.3104 0
      vertex 44.2524 3.90841 0
      vertex -53.7302 8.51003 0
    endloop
  endfacet
  facet normal 0 -0 -1
    outer loop
      vertex -53.7302 8.51003 0
      vertex 44.2524 3.90841 0
      vertex -54.102 5.68635 0
    endloop
  endfacet
  facet normal 0 0 -1
    outer loop
      vertex -54.3254 -2.84708 0
      vertex -54.3254 2.84708 0
      vertex -54.102 5.68635 0
    endloop
  endfacet
  facet normal 0 -0 -1
    outer loop
      vertex -54.3254 2.84708 0
      vertex -54.3254 -2.84708 0
      vertex -54.4 0 0
    endloop
  endfacet
  facet normal 0.182258 0.983251 -0
    outer loop
      vertex 11.4351 53.7981 0.599999
      vertex 8.6039 54.3229 52
      vertex 11.4351 53.7981 52
    endloop
  endfacet
  facet normal 0.182258 0.983251 0
    outer loop
      vertex 8.6039 54.3229 52
      vertex 11.4351 53.7981 0.599999
      vertex 8.6039 54.3229 0.599999
    endloop
  endfacet
  facet normal 0.996707 0.081088 0
    outer loop
      vertex 54.6999 5.73432 6.56653
      vertex 54.6987 5.74907 0.599999
      vertex 54.6987 5.74907 6.60816
    endloop
  endfacet
  facet normal 0.996923 0.0783868 -6.7213e-06
    outer loop
      vertex 54.7062 5.65418 6.37305
      vertex 54.6987 5.74907 0.599999
      vertex 54.6999 5.73432 6.56653
    endloop
  endfacet
  facet normal 0.996912 0.0785238 -4.4552e-06
    outer loop
      vertex 54.7133 5.56403 6.18404
      vertex 54.6987 5.74907 0.599999
      vertex 54.7062 5.65418 6.37305
    endloop
  endfacet
  facet normal 0.996964 0.0778662 -2.63795e-05
    outer loop
      vertex 54.7211 5.4641 6
      vertex 54.6987 5.74907 0.599999
      vertex 54.7133 5.56403 6.18404
    endloop
  endfacet
  facet normal 0.996925 0.0783553 -4.13216e-07
    outer loop
      vertex 54.7297 5.35468 5.82144
      vertex 54.6987 5.74907 0.599999
      vertex 54.7211 5.4641 6
    endloop
  endfacet
  facet normal 0.996879 0.07894 4.40241e-05
    outer loop
      vertex 54.7391 5.23607 5.64886
      vertex 54.6987 5.74907 0.599999
      vertex 54.7297 5.35468 5.82144
    endloop
  endfacet
  facet normal 0.996935 0.0782338 -2.81693e-05
    outer loop
      vertex 54.7491 5.10858 5.48272
      vertex 54.6987 5.74907 0.599999
      vertex 54.7391 5.23607 5.64886
    endloop
  endfacet
  facet normal 0.996919 0.0784358 -1.50571e-06
    outer loop
      vertex 54.7598 4.97258 5.32348
      vertex 54.6987 5.74907 0.599999
      vertex 54.7491 5.10858 5.48272
    endloop
  endfacet
  facet normal 0.996892 0.0787801 5.54336e-05
    outer loop
      vertex 54.7712 4.82843 5.17157
      vertex 54.6987 5.74907 0.599999
      vertex 54.7598 4.97258 5.32348
    endloop
  endfacet
  facet normal 0.996941 0.0781624 -6.97335e-05
    outer loop
      vertex 54.7831 4.67652 5.02742
      vertex 54.6987 5.74907 0.599999
      vertex 54.7712 4.82843 5.17157
    endloop
  endfacet
  facet normal 0.996931 0.0782899 -3.86417e-05
    outer loop
      vertex 54.7956 4.51728 4.89142
      vertex 54.6987 5.74907 0.599999
      vertex 54.7831 4.67652 5.02742
    endloop
  endfacet
  facet normal 0.996908 0.0785724 4.29498e-05
    outer loop
      vertex 54.8087 4.35114 4.76393
      vertex 54.6987 5.74907 0.599999
      vertex 54.7956 4.51728 4.89142
    endloop
  endfacet
  facet normal 0.996911 0.0785389 3.16155e-05
    outer loop
      vertex 54.8223 4.17856 4.64532
      vertex 54.6987 5.74907 0.599999
      vertex 54.8087 4.35114 4.76393
    endloop
  endfacet
  facet normal 0.996901 0.0786696 8.26962e-05
    outer loop
      vertex 54.8364 4 4.5359
      vertex 54.6987 5.74907 0.599999
      vertex 54.8223 4.17856 4.64532
    endloop
  endfacet
  facet normal 0.996946 0.0780986 -0.000172635
    outer loop
      vertex 54.8508 3.81596 4.43597
      vertex 54.6987 5.74907 0.599999
      vertex 54.8364 4 4.5359
    endloop
  endfacet
  facet normal 0.996909 0.0785591 6.08783e-05
    outer loop
      vertex 54.8657 3.62695 4.34582
      vertex 54.6987 5.74907 0.599999
      vertex 54.8508 3.81596 4.43597
    endloop
  endfacet
  facet normal 0.996926 0.078345 -6.12055e-05
    outer loop
      vertex 54.8809 3.43347 4.26568
      vertex 54.6987 5.74907 0.599999
      vertex 54.8657 3.62695 4.34582
    endloop
  endfacet
  facet normal 0.996891 0.0787979 -4.5803e-05
    outer loop
      vertex 54.9246 2.87848 0.599999
      vertex 54.8809 3.43347 4.26568
      vertex 54.8965 3.23607 4.19577
    endloop
  endfacet
  facet normal 0.996918 0.0784499 -1.09874e-05
    outer loop
      vertex 54.9246 2.87848 0.599999
      vertex 54.8965 3.23607 4.19577
      vertex 54.9123 3.03528 4.1363
    endloop
  endfacet
  facet normal 0.996937 0.0782036 -0
    outer loop
      vertex 54.9246 2.87848 0.599999
      vertex 54.9123 3.03528 4.1363
      vertex 54.9246 2.87848 4.09865
    endloop
  endfacet
  facet normal 0.996918 0.0784521 6.87263e-06
    outer loop
      vertex 54.8809 3.43347 4.26568
      vertex 54.9246 2.87848 0.599999
      vertex 54.6987 5.74907 0.599999
    endloop
  endfacet
  facet normal 0.996707 0.081088 0
    outer loop
      vertex 54.6987 5.74907 52
      vertex 54.6999 5.73432 9.43347
      vertex 54.6987 5.74907 9.39184
    endloop
  endfacet
  facet normal 0.996924 0.0783729 9.46953e-07
    outer loop
      vertex 54.6987 5.74907 52
      vertex 54.7062 5.65418 9.62695
      vertex 54.6999 5.73432 9.43347
    endloop
  endfacet
  facet normal 0.996913 0.0785158 6.24976e-07
    outer loop
      vertex 54.6987 5.74907 52
      vertex 54.7133 5.56403 9.81596
      vertex 54.7062 5.65418 9.62695
    endloop
  endfacet
  facet normal 0.996967 0.0778247 3.67537e-06
    outer loop
      vertex 54.6987 5.74907 52
      vertex 54.7211 5.4641 10
      vertex 54.7133 5.56403 9.81596
    endloop
  endfacet
  facet normal 0.996926 0.0783547 5.70709e-08
    outer loop
      vertex 54.6987 5.74907 52
      vertex 54.7297 5.35468 10.1786
      vertex 54.7211 5.4641 10
    endloop
  endfacet
  facet normal 0.996875 0.0789949 -6.01796e-06
    outer loop
      vertex 54.6987 5.74907 52
      vertex 54.7391 5.23607 10.3511
      vertex 54.7297 5.35468 10.1786
    endloop
  endfacet
  facet normal 0.996938 0.0782023 3.80586e-06
    outer loop
      vertex 54.6987 5.74907 52
      vertex 54.7491 5.10858 10.5173
      vertex 54.7391 5.23607 10.3511
    endloop
  endfacet
  facet normal 0.996919 0.0784343 2.00821e-07
    outer loop
      vertex 54.6987 5.74907 52
      vertex 54.7598 4.97258 10.6765
      vertex 54.7491 5.10858 10.5173
    endloop
  endfacet
  facet normal 0.996888 0.0788305 -7.28967e-06
    outer loop
      vertex 54.6987 5.74907 52
      vertex 54.7712 4.82843 10.8284
      vertex 54.7598 4.97258 10.6765
    endloop
  endfacet
  facet normal 0.996945 0.0781051 9.03101e-06
    outer loop
      vertex 54.6987 5.74907 52
      vertex 54.7831 4.67652 10.9726
      vertex 54.7712 4.82843 10.8284
    endloop
  endfacet
  facet normal 0.996933 0.0782613 4.92282e-06
    outer loop
      vertex 54.6987 5.74907 52
      vertex 54.7956 4.51728 11.1086
      vertex 54.7831 4.67652 10.9726
    endloop
  endfacet
  facet normal 0.996906 0.0786011 -5.37597e-06
    outer loop
      vertex 54.6987 5.74907 52
      vertex 54.8087 4.35114 11.2361
      vertex 54.7956 4.51728 11.1086
    endloop
  endfacet
  facet normal 0.99691 0.0785578 -3.88307e-06
    outer loop
      vertex 54.6987 5.74907 52
      vertex 54.8223 4.17856 11.3547
      vertex 54.8087 4.35114 11.2361
    endloop
  endfacet
  facet normal 0.996897 0.0787139 -9.95295e-06
    outer loop
      vertex 54.6987 5.74907 52
      vertex 54.8364 4 11.4641
      vertex 54.8223 4.17856 11.3547
    endloop
  endfacet
  facet normal 0.996952 0.0780164 2.03309e-05
    outer loop
      vertex 54.6987 5.74907 52
      vertex 54.8508 3.81596 11.564
      vertex 54.8364 4 11.4641
    endloop
  endfacet
  facet normal 0.996907 0.0785847 -7.00357e-06
    outer loop
      vertex 54.6987 5.74907 52
      vertex 54.8657 3.62695 11.6542
      vertex 54.8508 3.81596 11.564
    endloop
  endfacet
  facet normal 0.996928 0.0783226 6.86643e-06
    outer loop
      vertex 54.6987 5.74907 52
      vertex 54.8809 3.43347 11.7343
      vertex 54.8657 3.62695 11.6542
    endloop
  endfacet
  facet normal 0.996892 0.0787749 -1.93078e-05
    outer loop
      vertex 54.6987 5.74907 52
      vertex 54.8965 3.23607 11.8042
      vertex 54.8809 3.43347 11.7343
    endloop
  endfacet
  facet normal 0.996918 0.0784471 1.31727e-06
    outer loop
      vertex 54.6987 5.74907 52
      vertex 54.9123 3.03528 11.8637
      vertex 54.8965 3.23607 11.8042
    endloop
  endfacet
  facet normal 0.996918 0.0784521 -0
    outer loop
      vertex 54.9246 2.87848 11.9013
      vertex 54.6987 5.74907 52
      vertex 54.9246 2.87848 52
    endloop
  endfacet
  facet normal 0.996937 0.0782078 1.75934e-05
    outer loop
      vertex 54.6987 5.74907 52
      vertex 54.9246 2.87848 11.9013
      vertex 54.9123 3.03528 11.8637
    endloop
  endfacet
  facet normal 0.999672 0.0256162 0
    outer loop
      vertex 54.9246 2.87848 52
      vertex 54.9258 2.83165 11.9126
      vertex 54.9246 2.87848 11.9013
    endloop
  endfacet
  facet normal 0.999656 0.0262159 -7.01051e-07
    outer loop
      vertex 54.9246 2.87848 52
      vertex 54.9312 2.62574 11.9508
      vertex 54.9258 2.83165 11.9126
    endloop
  endfacet
  facet normal 0.999649 0.0264798 -2.36774e-06
    outer loop
      vertex 54.9246 2.87848 52
      vertex 54.9367 2.41811 11.9781
      vertex 54.9312 2.62574 11.9508
    endloop
  endfacet
  facet normal 0.999666 0.0258575 4.79564e-06
    outer loop
      vertex 54.9246 2.87848 52
      vertex 54.9421 2.20934 11.9945
      vertex 54.9367 2.41811 11.9781
    endloop
  endfacet
  facet normal 0.999655 0.0262639 -2.00684e-06
    outer loop
      vertex 54.9246 2.87848 52
      vertex 54.9476 2 12
      vertex 54.9421 2.20934 11.9945
    endloop
  endfacet
  facet normal 0.999657 0.0261854 -2.80885e-07
    outer loop
      vertex 55 0 52
      vertex 54.9476 2 12
      vertex 54.9246 2.87848 52
    endloop
  endfacet
  facet normal 0.999657 0.026191 0
    outer loop
      vertex 54.9476 2 12
      vertex 55 0 52
      vertex 55 0 12
    endloop
  endfacet
  facet normal 0.999672 0.0256162 0
    outer loop
      vertex 54.9258 2.83165 4.08741
      vertex 54.9246 2.87848 0.599999
      vertex 54.9246 2.87848 4.09865
    endloop
  endfacet
  facet normal 0.999656 0.0262145 8.04024e-06
    outer loop
      vertex 54.9312 2.62574 4.04925
      vertex 54.9246 2.87848 0.599999
      vertex 54.9258 2.83165 4.08741
    endloop
  endfacet
  facet normal 0.999649 0.0264766 2.72517e-05
    outer loop
      vertex 54.9367 2.41811 4.02191
      vertex 54.9246 2.87848 0.599999
      vertex 54.9312 2.62574 4.04925
    endloop
  endfacet
  facet normal 0.999666 0.0258615 -5.55513e-05
    outer loop
      vertex 54.9421 2.20934 4.00548
      vertex 54.9246 2.87848 0.599999
      vertex 54.9367 2.41811 4.02191
    endloop
  endfacet
  facet normal 0.999655 0.0262634 2.34648e-05
    outer loop
      vertex 54.9476 2 4
      vertex 54.9246 2.87848 0.599999
      vertex 54.9421 2.20934 4.00548
    endloop
  endfacet
  facet normal 0.999657 0.026191 -0
    outer loop
      vertex 55 0 0.599999
      vertex 54.9476 2 4
      vertex 55 0 4
    endloop
  endfacet
  facet normal 0.999657 0.0261854 3.30453e-06
    outer loop
      vertex 54.9476 2 4
      vertex 55 0 0.599999
      vertex 54.9246 2.87848 0.599999
    endloop
  endfacet
  facet normal 0.991447 0.130507 0
    outer loop
      vertex 54.6836 5.8637 9.03528
      vertex 54.3229 8.6039 0.599999
      vertex 54.3229 8.6039 52
    endloop
  endfacet
  facet normal 0.991405 0.130829 0.000109671
    outer loop
      vertex 54.3229 8.6039 0.599999
      vertex 54.6664 5.99452 8.20934
      vertex 54.6657 6 8
    endloop
  endfacet
  facet normal 0.991533 0.129858 -0.000228976
    outer loop
      vertex 54.3229 8.6039 0.599999
      vertex 54.6686 5.97809 8.41811
      vertex 54.6664 5.99452 8.20934
    endloop
  endfacet
  facet normal 0.991141 0.132813 0.000780781
    outer loop
      vertex 54.3229 8.6039 0.599999
      vertex 54.6721 5.95075 8.62574
      vertex 54.6686 5.97809 8.41811
    endloop
  endfacet
  facet normal 0.991778 0.127966 -0.000849425
    outer loop
      vertex 54.3229 8.6039 0.599999
      vertex 54.6772 5.91259 8.83165
      vertex 54.6721 5.95075 8.62574
    endloop
  endfacet
  facet normal 0.991181 0.132512 0.000662732
    outer loop
      vertex 54.3229 8.6039 0.599999
      vertex 54.6836 5.8637 9.03528
      vertex 54.6772 5.91259 8.83165
    endloop
  endfacet
  facet normal 0.991497 0.130127 2.46712e-05
    outer loop
      vertex 54.3229 8.6039 52
      vertex 54.6914 5.80423 9.23607
      vertex 54.6836 5.8637 9.03528
    endloop
  endfacet
  facet normal 0.991447 0.130511 -0
    outer loop
      vertex 54.6987 5.74907 9.39184
      vertex 54.3229 8.6039 52
      vertex 54.6987 5.74907 52
    endloop
  endfacet
  facet normal 0.991371 0.131089 -3.94181e-05
    outer loop
      vertex 54.3229 8.6039 52
      vertex 54.6987 5.74907 9.39184
      vertex 54.6914 5.80423 9.23607
    endloop
  endfacet
  facet normal 0.99148 0.130259 -9.44903e-05
    outer loop
      vertex 54.6664 5.99452 7.79066
      vertex 54.3229 8.6039 0.599999
      vertex 54.6657 6 8
    endloop
  endfacet
  facet normal 0.991395 0.130907 0.000144964
    outer loop
      vertex 54.6686 5.97809 7.58189
      vertex 54.3229 8.6039 0.599999
      vertex 54.6664 5.99452 7.79066
    endloop
  endfacet
  facet normal 0.991565 0.129609 -0.000351728
    outer loop
      vertex 54.6721 5.95075 7.37426
      vertex 54.3229 8.6039 0.599999
      vertex 54.6686 5.97809 7.58189
    endloop
  endfacet
  facet normal 0.991366 0.131127 0.000253248
    outer loop
      vertex 54.6772 5.91259 7.16835
      vertex 54.3229 8.6039 0.599999
      vertex 54.6721 5.95075 7.37426
    endloop
  endfacet
  facet normal 0.991481 0.130253 -0.000111043
    outer loop
      vertex 54.6836 5.8637 6.96472
      vertex 54.3229 8.6039 0.599999
      vertex 54.6772 5.91259 7.16835
    endloop
  endfacet
  facet normal 0.991472 0.130319 -8.24904e-05
    outer loop
      vertex 54.6914 5.80423 6.76393
      vertex 54.3229 8.6039 0.599999
      vertex 54.6836 5.8637 6.96472
    endloop
  endfacet
  facet normal 0.991408 0.130804 0.00014196
    outer loop
      vertex 54.6987 5.74907 6.60816
      vertex 54.3229 8.6039 0.599999
      vertex 54.6914 5.80423 6.76393
    endloop
  endfacet
  facet normal 0.991447 0.130511 0
    outer loop
      vertex 54.3229 8.6039 0.599999
      vertex 54.6987 5.74907 6.60816
      vertex 54.6987 5.74907 0.599999
    endloop
  endfacet
  facet normal 0.87881 0.477172 0
    outer loop
      vertex 49.0054 24.9695 52
      vertex 47.6314 27.5 0.599999
      vertex 47.6314 27.5 52
    endloop
  endfacet
  facet normal 0.87881 0.477172 0
    outer loop
      vertex 47.6314 27.5 0.599999
      vertex 49.0054 24.9695 52
      vertex 49.0054 24.9695 0.599999
    endloop
  endfacet
  facet normal -0.793338 0.608781 0
    outer loop
      vertex -42.743 34.6126 0.599999
      vertex -44.2 32.7139 3
      vertex -42.743 34.6126 3
    endloop
  endfacet
  facet normal -0.793411 0.608686 0
    outer loop
      vertex -44.2 32.7139 3
      vertex -44.4959 32.3282 0.599999
      vertex -44.2 32.7139 6
    endloop
  endfacet
  facet normal -0.79335 0.608765 -2.01964e-05
    outer loop
      vertex -44.4959 32.3282 0.599999
      vertex -44.2 32.7139 3
      vertex -42.743 34.6126 0.599999
    endloop
  endfacet
  facet normal -0.793338 0.608781 0
    outer loop
      vertex -44.2 32.7139 6
      vertex -42.743 34.6126 52
      vertex -42.743 34.6126 6
    endloop
  endfacet
  facet normal -0.793411 0.608686 0
    outer loop
      vertex -44.4959 32.3282 52
      vertex -44.2 32.7139 6
      vertex -44.4959 32.3282 0.599999
    endloop
  endfacet
  facet normal -0.79335 0.608765 1.05372e-06
    outer loop
      vertex -44.2 32.7139 6
      vertex -44.4959 32.3282 52
      vertex -42.743 34.6126 52
    endloop
  endfacet
  facet normal -0.0261854 0.999657 0
    outer loop
      vertex 0 55 0.599999
      vertex -2.87848 54.9246 52
      vertex 0 55 52
    endloop
  endfacet
  facet normal -0.0261854 0.999657 0
    outer loop
      vertex -2.87848 54.9246 52
      vertex 0 55 0.599999
      vertex -2.87848 54.9246 0.599999
    endloop
  endfacet
  facet normal 0.0784521 -0.996918 0
    outer loop
      vertex 2.87848 -54.9246 0.599999
      vertex 5.74907 -54.6987 52
      vertex 2.87848 -54.9246 52
    endloop
  endfacet
  facet normal 0.0784521 -0.996918 0
    outer loop
      vertex 5.74907 -54.6987 52
      vertex 2.87848 -54.9246 0.599999
      vertex 5.74907 -54.6987 0.599999
    endloop
  endfacet
  facet normal 0.522502 0.852638 -0
    outer loop
      vertex 29.9551 46.1269 0.599999
      vertex 27.5 47.6314 52
      vertex 29.9551 46.1269 52
    endloop
  endfacet
  facet normal 0.522502 0.852638 0
    outer loop
      vertex 27.5 47.6314 52
      vertex 29.9551 46.1269 0.599999
      vertex 27.5 47.6314 0.599999
    endloop
  endfacet
  facet normal -0.477172 -0.87881 0
    outer loop
      vertex -27.5 -47.6314 0.599999
      vertex -24.9695 -49.0054 52
      vertex -27.5 -47.6314 52
    endloop
  endfacet
  facet normal -0.477172 -0.87881 -0
    outer loop
      vertex -24.9695 -49.0054 52
      vertex -27.5 -47.6314 0.599999
      vertex -24.9695 -49.0054 0.599999
    endloop
  endfacet
  facet normal 0.97237 0.233447 0
    outer loop
      vertex 53.7981 11.4351 52
      vertex 53.1259 14.235 0.599999
      vertex 53.1259 14.235 52
    endloop
  endfacet
  facet normal 0.97237 0.233447 0
    outer loop
      vertex 53.1259 14.235 0.599999
      vertex 53.7981 11.4351 52
      vertex 53.7981 11.4351 0.599999
    endloop
  endfacet
  facet normal -0.87881 -0.477172 0
    outer loop
      vertex -47.6314 -27.5 0.599999
      vertex -49.0054 -24.9695 52
      vertex -49.0054 -24.9695 0.599999
    endloop
  endfacet
  facet normal -0.87881 -0.477172 0
    outer loop
      vertex -49.0054 -24.9695 52
      vertex -47.6314 -27.5 0.599999
      vertex -47.6314 -27.5 52
    endloop
  endfacet
  facet normal 0.333812 -0.94264 0
    outer loop
      vertex 16.9959 -52.3081 0.599999
      vertex 19.7102 -51.3469 52
      vertex 16.9959 -52.3081 52
    endloop
  endfacet
  facet normal 0.333812 -0.94264 0
    outer loop
      vertex 19.7102 -51.3469 52
      vertex 16.9959 -52.3081 0.599999
      vertex 19.7102 -51.3469 0.599999
    endloop
  endfacet
  facet normal -0.82415 -0.566372 0
    outer loop
      vertex -46.1269 -29.9551 0.599999
      vertex -45.9586 -30.2 3
      vertex -46.1269 -29.9551 3
    endloop
  endfacet
  facet normal -0.824121 -0.566414 0
    outer loop
      vertex -45.9586 -30.2 3
      vertex -44.4959 -32.3282 0.599999
      vertex -45.9586 -30.2 6
    endloop
  endfacet
  facet normal -0.824124 -0.566409 -5.66785e-06
    outer loop
      vertex -44.4959 -32.3282 0.599999
      vertex -45.9586 -30.2 3
      vertex -46.1269 -29.9551 0.599999
    endloop
  endfacet
  facet normal -0.82415 -0.566372 0
    outer loop
      vertex -45.9586 -30.2 6
      vertex -46.1269 -29.9551 52
      vertex -46.1269 -29.9551 6
    endloop
  endfacet
  facet normal -0.824121 -0.566414 -0
    outer loop
      vertex -44.4959 -32.3282 52
      vertex -45.9586 -30.2 6
      vertex -44.4959 -32.3282 0.599999
    endloop
  endfacet
  facet normal -0.824124 -0.566409 2.95714e-07
    outer loop
      vertex -45.9586 -30.2 6
      vertex -44.4959 -32.3282 52
      vertex -46.1269 -29.9551 52
    endloop
  endfacet
  facet normal 0.233447 -0.97237 0
    outer loop
      vertex 11.4351 -53.7981 0.599999
      vertex 14.235 -53.1259 52
      vertex 11.4351 -53.7981 52
    endloop
  endfacet
  facet normal 0.233447 -0.97237 0
    outer loop
      vertex 14.235 -53.1259 52
      vertex 11.4351 -53.7981 0.599999
      vertex 14.235 -53.1259 0.599999
    endloop
  endfacet
  facet normal -0.824121 0.566414 0
    outer loop
      vertex -45.9586 30.2 6
      vertex -44.4959 32.3282 0.599999
      vertex -45.9586 30.2 3
    endloop
  endfacet
  facet normal -0.824124 0.566409 -5.66785e-06
    outer loop
      vertex -46.1269 29.9551 0.599999
      vertex -45.9586 30.2 3
      vertex -44.4959 32.3282 0.599999
    endloop
  endfacet
  facet normal -0.82415 0.566372 0
    outer loop
      vertex -45.9586 30.2 3
      vertex -46.1269 29.9551 0.599999
      vertex -46.1269 29.9551 3
    endloop
  endfacet
  facet normal -0.824121 0.566414 0
    outer loop
      vertex -44.4959 32.3282 0.599999
      vertex -45.9586 30.2 6
      vertex -44.4959 32.3282 52
    endloop
  endfacet
  facet normal -0.82415 0.566372 0
    outer loop
      vertex -46.1269 29.9551 52
      vertex -45.9586 30.2 6
      vertex -46.1269 29.9551 6
    endloop
  endfacet
  facet normal -0.824124 0.566409 2.95714e-07
    outer loop
      vertex -45.9586 30.2 6
      vertex -46.1269 29.9551 52
      vertex -44.4959 32.3282 52
    endloop
  endfacet
  facet normal -0.333812 0.94264 0
    outer loop
      vertex -16.9959 52.3081 0.599999
      vertex -19.7102 51.3469 52
      vertex -16.9959 52.3081 52
    endloop
  endfacet
  facet normal -0.333812 0.94264 0
    outer loop
      vertex -19.7102 51.3469 52
      vertex -16.9959 52.3081 0.599999
      vertex -19.7102 51.3469 0.599999
    endloop
  endfacet
  facet normal 0.28401 -0.958821 0
    outer loop
      vertex 14.235 -53.1259 0.599999
      vertex 16.9959 -52.3081 52
      vertex 14.235 -53.1259 52
    endloop
  endfacet
  facet normal 0.28401 -0.958821 0
    outer loop
      vertex 16.9959 -52.3081 52
      vertex 14.235 -53.1259 0.599999
      vertex 16.9959 -52.3081 0.599999
    endloop
  endfacet
  facet normal 0.983251 0.182258 0
    outer loop
      vertex 54.3229 8.6039 52
      vertex 53.7981 11.4351 0.599999
      vertex 53.7981 11.4351 52
    endloop
  endfacet
  facet normal 0.983251 0.182258 0
    outer loop
      vertex 53.7981 11.4351 0.599999
      vertex 54.3229 8.6039 52
      vertex 54.3229 8.6039 0.599999
    endloop
  endfacet
  facet normal -0.649429 0.760422 0
    outer loop
      vertex -34.6126 42.743 0.599999
      vertex -36.8022 40.873 52
      vertex -34.6126 42.743 52
    endloop
  endfacet
  facet normal -0.649429 0.760422 0
    outer loop
      vertex -36.8022 40.873 52
      vertex -34.6126 42.743 0.599999
      vertex -36.8022 40.873 0.599999
    endloop
  endfacet
  facet normal 0.958821 0.28401 0
    outer loop
      vertex 53.1259 14.235 52
      vertex 52.3081 16.9959 0.599999
      vertex 52.3081 16.9959 52
    endloop
  endfacet
  facet normal 0.958821 0.28401 0
    outer loop
      vertex 52.3081 16.9959 0.599999
      vertex 53.1259 14.235 52
      vertex 53.1259 14.235 0.599999
    endloop
  endfacet
  facet normal -0.608765 0.79335 0
    outer loop
      vertex -32.3282 44.4959 0.599999
      vertex -34.6126 42.743 52
      vertex -32.3282 44.4959 52
    endloop
  endfacet
  facet normal -0.608765 0.79335 0
    outer loop
      vertex -34.6126 42.743 52
      vertex -32.3282 44.4959 0.599999
      vertex -34.6126 42.743 0.599999
    endloop
  endfacet
  facet normal 0.233447 0.97237 -0
    outer loop
      vertex 14.235 53.1259 0.599999
      vertex 11.4351 53.7981 52
      vertex 14.235 53.1259 52
    endloop
  endfacet
  facet normal 0.233447 0.97237 0
    outer loop
      vertex 11.4351 53.7981 52
      vertex 14.235 53.1259 0.599999
      vertex 11.4351 53.7981 0.599999
    endloop
  endfacet
  facet normal 0.430494 0.902593 -0
    outer loop
      vertex 24.9695 49.0054 0.599999
      vertex 22.3705 50.245 52
      vertex 24.9695 49.0054 52
    endloop
  endfacet
  facet normal 0.430494 0.902593 0
    outer loop
      vertex 22.3705 50.245 52
      vertex 24.9695 49.0054 0.599999
      vertex 22.3705 50.245 0.599999
    endloop
  endfacet
  facet normal -0.688354 0.725375 0
    outer loop
      vertex -36.8022 40.873 0.599999
      vertex -38.8909 38.8909 52
      vertex -36.8022 40.873 52
    endloop
  endfacet
  facet normal -0.688354 0.725375 0
    outer loop
      vertex -38.8909 38.8909 52
      vertex -36.8022 40.873 0.599999
      vertex -38.8909 38.8909 0.599999
    endloop
  endfacet
  facet normal 0.94264 0.333812 0
    outer loop
      vertex 52.3081 16.9959 52
      vertex 51.3469 19.7102 0.599999
      vertex 51.3469 19.7102 52
    endloop
  endfacet
  facet normal 0.94264 0.333812 0
    outer loop
      vertex 51.3469 19.7102 0.599999
      vertex 52.3081 16.9959 52
      vertex 52.3081 16.9959 0.599999
    endloop
  endfacet
  facet normal -0.983251 0.182258 0
    outer loop
      vertex -54.3229 8.6039 0.599999
      vertex -53.7981 11.4351 52
      vertex -53.7981 11.4351 0.599999
    endloop
  endfacet
  facet normal -0.983251 0.182258 0
    outer loop
      vertex -53.7981 11.4351 52
      vertex -54.3229 8.6039 0.599999
      vertex -54.3229 8.6039 52
    endloop
  endfacet
  facet normal -0.97237 -0.233447 0
    outer loop
      vertex -53.1259 -14.235 0.599999
      vertex -53.7981 -11.4351 52
      vertex -53.7981 -11.4351 0.599999
    endloop
  endfacet
  facet normal -0.97237 -0.233447 0
    outer loop
      vertex -53.7981 -11.4351 52
      vertex -53.1259 -14.235 0.599999
      vertex -53.1259 -14.235 52
    endloop
  endfacet
  facet normal -0.608765 -0.79335 0
    outer loop
      vertex -34.6126 -42.743 0.599999
      vertex -32.3282 -44.4959 52
      vertex -34.6126 -42.743 52
    endloop
  endfacet
  facet normal -0.608765 -0.79335 -0
    outer loop
      vertex -32.3282 -44.4959 52
      vertex -34.6126 -42.743 0.599999
      vertex -32.3282 -44.4959 0.599999
    endloop
  endfacet
  facet normal 0.382674 0.923884 -0
    outer loop
      vertex 22.3705 50.245 0.599999
      vertex 19.7102 51.3469 52
      vertex 22.3705 50.245 52
    endloop
  endfacet
  facet normal 0.382674 0.923884 0
    outer loop
      vertex 19.7102 51.3469 52
      vertex 22.3705 50.245 0.599999
      vertex 19.7102 51.3469 0.599999
    endloop
  endfacet
  facet normal -0.760428 -0.649423 0
    outer loop
      vertex -42.743 -34.6126 0.599999
      vertex -42 -35.4826 3
      vertex -42.743 -34.6126 3
    endloop
  endfacet
  facet normal -0.760419 -0.649433 0
    outer loop
      vertex -42 -35.4826 3
      vertex -40.873 -36.8022 0.599999
      vertex -42 -35.4826 6
    endloop
  endfacet
  facet normal -0.760422 -0.649429 -3.93593e-06
    outer loop
      vertex -40.873 -36.8022 0.599999
      vertex -42 -35.4826 3
      vertex -42.743 -34.6126 0.599999
    endloop
  endfacet
  facet normal -0.760428 -0.649423 0
    outer loop
      vertex -42 -35.4826 6
      vertex -42.743 -34.6126 52
      vertex -42.743 -34.6126 6
    endloop
  endfacet
  facet normal -0.760419 -0.649433 -0
    outer loop
      vertex -40.873 -36.8022 52
      vertex -42 -35.4826 6
      vertex -40.873 -36.8022 0.599999
    endloop
  endfacet
  facet normal -0.760422 -0.649429 2.05353e-07
    outer loop
      vertex -42 -35.4826 6
      vertex -40.873 -36.8022 52
      vertex -42.743 -34.6126 52
    endloop
  endfacet
  facet normal 0.182258 -0.983251 0
    outer loop
      vertex 8.6039 -54.3229 0.599999
      vertex 11.4351 -53.7981 52
      vertex 8.6039 -54.3229 52
    endloop
  endfacet
  facet normal 0.182258 -0.983251 0
    outer loop
      vertex 11.4351 -53.7981 52
      vertex 8.6039 -54.3229 0.599999
      vertex 11.4351 -53.7981 0.599999
    endloop
  endfacet
  facet normal -0.725375 0.688354 0
    outer loop
      vertex -40.873 36.8022 0.599999
      vertex -38.8909 38.8909 52
      vertex -38.8909 38.8909 0.599999
    endloop
  endfacet
  facet normal -0.725375 0.688354 0
    outer loop
      vertex -38.8909 38.8909 52
      vertex -40.873 36.8022 0.599999
      vertex -40.873 36.8022 52
    endloop
  endfacet
  facet normal -0.725375 -0.688354 0
    outer loop
      vertex -38.8909 -38.8909 0.599999
      vertex -40.873 -36.8022 52
      vertex -40.873 -36.8022 0.599999
    endloop
  endfacet
  facet normal -0.725375 -0.688354 0
    outer loop
      vertex -40.873 -36.8022 52
      vertex -38.8909 -38.8909 0.599999
      vertex -38.8909 -38.8909 52
    endloop
  endfacet
  facet normal -0.958821 -0.28401 0
    outer loop
      vertex -52.3081 -16.9959 0.599999
      vertex -53.1259 -14.235 52
      vertex -53.1259 -14.235 0.599999
    endloop
  endfacet
  facet normal -0.958821 -0.28401 0
    outer loop
      vertex -53.1259 -14.235 52
      vertex -52.3081 -16.9959 0.599999
      vertex -52.3081 -16.9959 52
    endloop
  endfacet
  facet normal 0.760419 0.649433 0
    outer loop
      vertex 40.873 36.8022 52
      vertex 42 35.4826 6
      vertex 40.873 36.8022 0.599999
    endloop
  endfacet
  facet normal 0.760422 0.649429 2.05353e-07
    outer loop
      vertex 42.743 34.6126 52
      vertex 42 35.4826 6
      vertex 40.873 36.8022 52
    endloop
  endfacet
  facet normal 0.760428 0.649423 0
    outer loop
      vertex 42 35.4826 6
      vertex 42.743 34.6126 52
      vertex 42.743 34.6126 6
    endloop
  endfacet
  facet normal 0.760419 0.649433 -0
    outer loop
      vertex 42 35.4826 3
      vertex 40.873 36.8022 0.599999
      vertex 42 35.4826 6
    endloop
  endfacet
  facet normal 0.760428 0.649423 -0
    outer loop
      vertex 42.743 34.6126 0.599999
      vertex 42 35.4826 3
      vertex 42.743 34.6126 3
    endloop
  endfacet
  facet normal 0.760422 0.649429 -3.93593e-06
    outer loop
      vertex 42 35.4826 3
      vertex 42.743 34.6126 0.599999
      vertex 40.873 36.8022 0.599999
    endloop
  endfacet
  facet normal -0.233447 -0.97237 0
    outer loop
      vertex -14.235 -53.1259 0.599999
      vertex -11.4351 -53.7981 52
      vertex -14.235 -53.1259 52
    endloop
  endfacet
  facet normal -0.233447 -0.97237 -0
    outer loop
      vertex -11.4351 -53.7981 52
      vertex -14.235 -53.1259 0.599999
      vertex -11.4351 -53.7981 0.599999
    endloop
  endfacet
  facet normal 0.983251 -0.182258 0
    outer loop
      vertex 53.7981 -11.4351 52
      vertex 54.3229 -8.6039 0.599999
      vertex 54.3229 -8.6039 52
    endloop
  endfacet
  facet normal 0.983251 -0.182258 0
    outer loop
      vertex 54.3229 -8.6039 0.599999
      vertex 53.7981 -11.4351 52
      vertex 53.7981 -11.4351 0.599999
    endloop
  endfacet
  facet normal -0.87881 0.477172 0
    outer loop
      vertex -49.0054 24.9695 0.599999
      vertex -47.6314 27.5 52
      vertex -47.6314 27.5 0.599999
    endloop
  endfacet
  facet normal -0.87881 0.477172 0
    outer loop
      vertex -47.6314 27.5 52
      vertex -49.0054 24.9695 0.599999
      vertex -49.0054 24.9695 52
    endloop
  endfacet
  facet normal 0.82415 -0.566372 0
    outer loop
      vertex 46.1269 -29.9551 52
      vertex 45.9586 -30.2 6
      vertex 46.1269 -29.9551 6
    endloop
  endfacet
  facet normal 0.824121 -0.566414 0
    outer loop
      vertex 44.4959 -32.3282 0.599999
      vertex 45.9586 -30.2 6
      vertex 44.4959 -32.3282 52
    endloop
  endfacet
  facet normal 0.824124 -0.566409 2.95714e-07
    outer loop
      vertex 44.4959 -32.3282 52
      vertex 45.9586 -30.2 6
      vertex 46.1269 -29.9551 52
    endloop
  endfacet
  facet normal 0.82415 -0.566372 0
    outer loop
      vertex 45.9586 -30.2 3
      vertex 46.1269 -29.9551 0.599999
      vertex 46.1269 -29.9551 3
    endloop
  endfacet
  facet normal 0.824124 -0.566409 -5.66785e-06
    outer loop
      vertex 45.9586 -30.2 3
      vertex 44.4959 -32.3282 0.599999
      vertex 46.1269 -29.9551 0.599999
    endloop
  endfacet
  facet normal 0.824121 -0.566414 0
    outer loop
      vertex 45.9586 -30.2 6
      vertex 44.4959 -32.3282 0.599999
      vertex 45.9586 -30.2 3
    endloop
  endfacet
  facet normal 0.793338 0.608781 0
    outer loop
      vertex 42.743 34.6126 52
      vertex 44.2 32.7139 6
      vertex 42.743 34.6126 6
    endloop
  endfacet
  facet normal 0.793411 0.608686 -0
    outer loop
      vertex 44.4959 32.3282 0.599999
      vertex 44.2 32.7139 6
      vertex 44.4959 32.3282 52
    endloop
  endfacet
  facet normal 0.79335 0.608765 1.05372e-06
    outer loop
      vertex 44.4959 32.3282 52
      vertex 44.2 32.7139 6
      vertex 42.743 34.6126 52
    endloop
  endfacet
  facet normal 0.793338 0.608781 0
    outer loop
      vertex 44.2 32.7139 3
      vertex 42.743 34.6126 0.599999
      vertex 42.743 34.6126 3
    endloop
  endfacet
  facet normal 0.79335 0.608765 -2.01964e-05
    outer loop
      vertex 44.2 32.7139 3
      vertex 44.4959 32.3282 0.599999
      vertex 42.743 34.6126 0.599999
    endloop
  endfacet
  facet normal 0.793411 0.608686 0
    outer loop
      vertex 44.2 32.7139 6
      vertex 44.4959 32.3282 0.599999
      vertex 44.2 32.7139 3
    endloop
  endfacet
  facet normal 0.902593 0.430494 0
    outer loop
      vertex 50.245 22.3705 52
      vertex 49.0054 24.9695 0.599999
      vertex 49.0054 24.9695 52
    endloop
  endfacet
  facet normal 0.902593 0.430494 0
    outer loop
      vertex 49.0054 24.9695 0.599999
      vertex 50.245 22.3705 52
      vertex 50.245 22.3705 0.599999
    endloop
  endfacet
  facet normal -0.0784521 -0.996918 0
    outer loop
      vertex -5.74907 -54.6987 0.599999
      vertex -2.87848 -54.9246 52
      vertex -5.74907 -54.6987 52
    endloop
  endfacet
  facet normal -0.0784521 -0.996918 -0
    outer loop
      vertex -2.87848 -54.9246 52
      vertex -5.74907 -54.6987 0.599999
      vertex -2.87848 -54.9246 0.599999
    endloop
  endfacet
  facet normal 0.649429 -0.760422 0
    outer loop
      vertex 34.6126 -42.743 0.599999
      vertex 36.8022 -40.873 52
      vertex 34.6126 -42.743 52
    endloop
  endfacet
  facet normal 0.649429 -0.760422 0
    outer loop
      vertex 36.8022 -40.873 52
      vertex 34.6126 -42.743 0.599999
      vertex 36.8022 -40.873 0.599999
    endloop
  endfacet
  facet normal 0.958821 -0.28401 0
    outer loop
      vertex 52.3081 -16.9959 52
      vertex 53.1259 -14.235 0.599999
      vertex 53.1259 -14.235 52
    endloop
  endfacet
  facet normal 0.958821 -0.28401 0
    outer loop
      vertex 53.1259 -14.235 0.599999
      vertex 52.3081 -16.9959 52
      vertex 52.3081 -16.9959 0.599999
    endloop
  endfacet
  facet normal 0.94264 -0.333812 0
    outer loop
      vertex 51.3469 -19.7102 52
      vertex 52.3081 -16.9959 0.599999
      vertex 52.3081 -16.9959 52
    endloop
  endfacet
  facet normal 0.94264 -0.333812 0
    outer loop
      vertex 52.3081 -16.9959 0.599999
      vertex 51.3469 -19.7102 52
      vertex 51.3469 -19.7102 0.599999
    endloop
  endfacet
  facet normal 0.566409 -0.824124 0
    outer loop
      vertex 29.9551 -46.1269 0.599999
      vertex 32.3282 -44.4959 52
      vertex 29.9551 -46.1269 52
    endloop
  endfacet
  facet normal 0.566409 -0.824124 0
    outer loop
      vertex 32.3282 -44.4959 52
      vertex 29.9551 -46.1269 0.599999
      vertex 32.3282 -44.4959 0.599999
    endloop
  endfacet
  facet normal 0.0261854 -0.999657 0
    outer loop
      vertex 0 -55 0.599999
      vertex 2.87848 -54.9246 52
      vertex 0 -55 52
    endloop
  endfacet
  facet normal 0.0261854 -0.999657 0
    outer loop
      vertex 2.87848 -54.9246 52
      vertex 0 -55 0.599999
      vertex 2.87848 -54.9246 0.599999
    endloop
  endfacet
  facet normal -0.333812 -0.94264 0
    outer loop
      vertex -19.7102 -51.3469 0.599999
      vertex -16.9959 -52.3081 52
      vertex -19.7102 -51.3469 52
    endloop
  endfacet
  facet normal -0.333812 -0.94264 -0
    outer loop
      vertex -16.9959 -52.3081 52
      vertex -19.7102 -51.3469 0.599999
      vertex -16.9959 -52.3081 0.599999
    endloop
  endfacet
  facet normal 0.996918 -0.0784521 0
    outer loop
      vertex 54.6987 -5.74907 52
      vertex 54.9246 -2.87848 11.9013
      vertex 54.9246 -2.87848 52
    endloop
  endfacet
  facet normal 0.996937 -0.0782078 1.75934e-05
    outer loop
      vertex 54.9246 -2.87848 11.9013
      vertex 54.6987 -5.74907 52
      vertex 54.9123 -3.03528 11.8637
    endloop
  endfacet
  facet normal 0.996918 -0.0784471 1.31727e-06
    outer loop
      vertex 54.9123 -3.03528 11.8637
      vertex 54.6987 -5.74907 52
      vertex 54.8965 -3.23607 11.8042
    endloop
  endfacet
  facet normal 0.996892 -0.0787749 -1.93078e-05
    outer loop
      vertex 54.8965 -3.23607 11.8042
      vertex 54.6987 -5.74907 52
      vertex 54.8809 -3.43347 11.7343
    endloop
  endfacet
  facet normal 0.996928 -0.0783226 6.86643e-06
    outer loop
      vertex 54.8809 -3.43347 11.7343
      vertex 54.6987 -5.74907 52
      vertex 54.8657 -3.62695 11.6542
    endloop
  endfacet
  facet normal 0.996907 -0.0785847 -7.00357e-06
    outer loop
      vertex 54.8657 -3.62695 11.6542
      vertex 54.6987 -5.74907 52
      vertex 54.8508 -3.81596 11.564
    endloop
  endfacet
  facet normal 0.996952 -0.0780164 2.03309e-05
    outer loop
      vertex 54.8508 -3.81596 11.564
      vertex 54.6987 -5.74907 52
      vertex 54.8364 -4 11.4641
    endloop
  endfacet
  facet normal 0.996897 -0.0787139 -9.95295e-06
    outer loop
      vertex 54.8364 -4 11.4641
      vertex 54.6987 -5.74907 52
      vertex 54.8223 -4.17856 11.3547
    endloop
  endfacet
  facet normal 0.99691 -0.0785578 -3.88307e-06
    outer loop
      vertex 54.8223 -4.17856 11.3547
      vertex 54.6987 -5.74907 52
      vertex 54.8087 -4.35114 11.2361
    endloop
  endfacet
  facet normal 0.996906 -0.0786011 -5.37597e-06
    outer loop
      vertex 54.8087 -4.35114 11.2361
      vertex 54.6987 -5.74907 52
      vertex 54.7956 -4.51728 11.1086
    endloop
  endfacet
  facet normal 0.996933 -0.0782613 4.92282e-06
    outer loop
      vertex 54.7956 -4.51728 11.1086
      vertex 54.6987 -5.74907 52
      vertex 54.7831 -4.67652 10.9726
    endloop
  endfacet
  facet normal 0.996945 -0.0781051 9.03101e-06
    outer loop
      vertex 54.7831 -4.67652 10.9726
      vertex 54.6987 -5.74907 52
      vertex 54.7712 -4.82843 10.8284
    endloop
  endfacet
  facet normal 0.996888 -0.0788305 -7.28967e-06
    outer loop
      vertex 54.7712 -4.82843 10.8284
      vertex 54.6987 -5.74907 52
      vertex 54.7598 -4.97258 10.6765
    endloop
  endfacet
  facet normal 0.996919 -0.0784343 2.00821e-07
    outer loop
      vertex 54.7598 -4.97258 10.6765
      vertex 54.6987 -5.74907 52
      vertex 54.7491 -5.10858 10.5173
    endloop
  endfacet
  facet normal 0.996938 -0.0782023 3.80586e-06
    outer loop
      vertex 54.7491 -5.10858 10.5173
      vertex 54.6987 -5.74907 52
      vertex 54.7391 -5.23607 10.3511
    endloop
  endfacet
  facet normal 0.996875 -0.0789949 -6.01796e-06
    outer loop
      vertex 54.7391 -5.23607 10.3511
      vertex 54.6987 -5.74907 52
      vertex 54.7297 -5.35468 10.1786
    endloop
  endfacet
  facet normal 0.996926 -0.0783547 5.70709e-08
    outer loop
      vertex 54.7297 -5.35468 10.1786
      vertex 54.6987 -5.74907 52
      vertex 54.7211 -5.4641 10
    endloop
  endfacet
  facet normal 0.996967 -0.0778247 3.67537e-06
    outer loop
      vertex 54.7211 -5.4641 10
      vertex 54.6987 -5.74907 52
      vertex 54.7133 -5.56403 9.81596
    endloop
  endfacet
  facet normal 0.996913 -0.0785158 6.24976e-07
    outer loop
      vertex 54.7133 -5.56403 9.81596
      vertex 54.6987 -5.74907 52
      vertex 54.7062 -5.65418 9.62695
    endloop
  endfacet
  facet normal 0.996924 -0.0783729 9.46953e-07
    outer loop
      vertex 54.7062 -5.65418 9.62695
      vertex 54.6987 -5.74907 52
      vertex 54.6999 -5.73432 9.43347
    endloop
  endfacet
  facet normal 0.996707 -0.081088 0
    outer loop
      vertex 54.6999 -5.73432 9.43347
      vertex 54.6987 -5.74907 52
      vertex 54.6987 -5.74907 9.39184
    endloop
  endfacet
  facet normal 0.996937 -0.0782036 0
    outer loop
      vertex 54.9123 -3.03528 4.1363
      vertex 54.9246 -2.87848 0.599999
      vertex 54.9246 -2.87848 4.09865
    endloop
  endfacet
  facet normal 0.996918 -0.0784499 -1.09874e-05
    outer loop
      vertex 54.8965 -3.23607 4.19577
      vertex 54.9246 -2.87848 0.599999
      vertex 54.9123 -3.03528 4.1363
    endloop
  endfacet
  facet normal 0.996891 -0.0787979 -4.5803e-05
    outer loop
      vertex 54.8809 -3.43347 4.26568
      vertex 54.9246 -2.87848 0.599999
      vertex 54.8965 -3.23607 4.19577
    endloop
  endfacet
  facet normal 0.996926 -0.078345 -6.12055e-05
    outer loop
      vertex 54.6987 -5.74907 0.599999
      vertex 54.8809 -3.43347 4.26568
      vertex 54.8657 -3.62695 4.34582
    endloop
  endfacet
  facet normal 0.996909 -0.0785591 6.08783e-05
    outer loop
      vertex 54.6987 -5.74907 0.599999
      vertex 54.8657 -3.62695 4.34582
      vertex 54.8508 -3.81596 4.43597
    endloop
  endfacet
  facet normal 0.996946 -0.0780986 -0.000172635
    outer loop
      vertex 54.6987 -5.74907 0.599999
      vertex 54.8508 -3.81596 4.43597
      vertex 54.8364 -4 4.5359
    endloop
  endfacet
  facet normal 0.996901 -0.0786696 8.26962e-05
    outer loop
      vertex 54.6987 -5.74907 0.599999
      vertex 54.8364 -4 4.5359
      vertex 54.8223 -4.17856 4.64532
    endloop
  endfacet
  facet normal 0.996911 -0.0785389 3.16155e-05
    outer loop
      vertex 54.6987 -5.74907 0.599999
      vertex 54.8223 -4.17856 4.64532
      vertex 54.8087 -4.35114 4.76393
    endloop
  endfacet
  facet normal 0.996908 -0.0785724 4.29498e-05
    outer loop
      vertex 54.6987 -5.74907 0.599999
      vertex 54.8087 -4.35114 4.76393
      vertex 54.7956 -4.51728 4.89142
    endloop
  endfacet
  facet normal 0.996931 -0.0782899 -3.86417e-05
    outer loop
      vertex 54.6987 -5.74907 0.599999
      vertex 54.7956 -4.51728 4.89142
      vertex 54.7831 -4.67652 5.02742
    endloop
  endfacet
  facet normal 0.996941 -0.0781624 -6.97335e-05
    outer loop
      vertex 54.6987 -5.74907 0.599999
      vertex 54.7831 -4.67652 5.02742
      vertex 54.7712 -4.82843 5.17157
    endloop
  endfacet
  facet normal 0.996892 -0.0787801 5.54336e-05
    outer loop
      vertex 54.6987 -5.74907 0.599999
      vertex 54.7712 -4.82843 5.17157
      vertex 54.7598 -4.97258 5.32348
    endloop
  endfacet
  facet normal 0.996919 -0.0784358 -1.50571e-06
    outer loop
      vertex 54.6987 -5.74907 0.599999
      vertex 54.7598 -4.97258 5.32348
      vertex 54.7491 -5.10858 5.48272
    endloop
  endfacet
  facet normal 0.996935 -0.0782338 -2.81693e-05
    outer loop
      vertex 54.6987 -5.74907 0.599999
      vertex 54.7491 -5.10858 5.48272
      vertex 54.7391 -5.23607 5.64886
    endloop
  endfacet
  facet normal 0.996879 -0.07894 4.40241e-05
    outer loop
      vertex 54.6987 -5.74907 0.599999
      vertex 54.7391 -5.23607 5.64886
      vertex 54.7297 -5.35468 5.82144
    endloop
  endfacet
  facet normal 0.996925 -0.0783553 -4.13216e-07
    outer loop
      vertex 54.6987 -5.74907 0.599999
      vertex 54.7297 -5.35468 5.82144
      vertex 54.7211 -5.4641 6
    endloop
  endfacet
  facet normal 0.996964 -0.0778662 -2.63795e-05
    outer loop
      vertex 54.6987 -5.74907 0.599999
      vertex 54.7211 -5.4641 6
      vertex 54.7133 -5.56403 6.18404
    endloop
  endfacet
  facet normal 0.996918 -0.0784521 6.87263e-06
    outer loop
      vertex 54.8809 -3.43347 4.26568
      vertex 54.6987 -5.74907 0.599999
      vertex 54.9246 -2.87848 0.599999
    endloop
  endfacet
  facet normal 0.996912 -0.0785238 -4.4552e-06
    outer loop
      vertex 54.7062 -5.65418 6.37305
      vertex 54.6987 -5.74907 0.599999
      vertex 54.7133 -5.56403 6.18404
    endloop
  endfacet
  facet normal 0.996923 -0.0783868 -6.7213e-06
    outer loop
      vertex 54.6999 -5.73432 6.56653
      vertex 54.6987 -5.74907 0.599999
      vertex 54.7062 -5.65418 6.37305
    endloop
  endfacet
  facet normal 0.996707 -0.081088 0
    outer loop
      vertex 54.6987 -5.74907 0.599999
      vertex 54.6999 -5.73432 6.56653
      vertex 54.6987 -5.74907 6.60816
    endloop
  endfacet
  facet normal -0.991447 -0.130511 0
    outer loop
      vertex -54.3229 -8.6039 0.599999
      vertex -54.6987 -5.74907 52
      vertex -54.6987 -5.74907 0.599999
    endloop
  endfacet
  facet normal -0.991447 -0.130511 0
    outer loop
      vertex -54.6987 -5.74907 52
      vertex -54.3229 -8.6039 0.599999
      vertex -54.3229 -8.6039 52
    endloop
  endfacet
  facet normal 0.85264 -0.522498 0
    outer loop
      vertex 47.6314 -27.5 52
      vertex 47.325 -28 6
      vertex 47.6314 -27.5 0.599999
    endloop
  endfacet
  facet normal 0.852638 -0.522502 5.55668e-08
    outer loop
      vertex 46.1269 -29.9551 52
      vertex 47.325 -28 6
      vertex 47.6314 -27.5 52
    endloop
  endfacet
  facet normal 0.852638 -0.522503 0
    outer loop
      vertex 47.325 -28 6
      vertex 46.1269 -29.9551 52
      vertex 46.1269 -29.9551 6
    endloop
  endfacet
  facet normal 0.85264 -0.522498 0
    outer loop
      vertex 47.325 -28 3
      vertex 47.6314 -27.5 0.599999
      vertex 47.325 -28 6
    endloop
  endfacet
  facet normal 0.852638 -0.522503 0
    outer loop
      vertex 46.1269 -29.9551 0.599999
      vertex 47.325 -28 3
      vertex 46.1269 -29.9551 3
    endloop
  endfacet
  facet normal 0.852638 -0.522502 -1.06503e-06
    outer loop
      vertex 47.325 -28 3
      vertex 46.1269 -29.9551 0.599999
      vertex 47.6314 -27.5 0.599999
    endloop
  endfacet
  facet normal 0.649429 0.760422 -0
    outer loop
      vertex 36.8022 40.873 0.599999
      vertex 34.6126 42.743 52
      vertex 36.8022 40.873 52
    endloop
  endfacet
  facet normal 0.649429 0.760422 0
    outer loop
      vertex 34.6126 42.743 52
      vertex 36.8022 40.873 0.599999
      vertex 34.6126 42.743 0.599999
    endloop
  endfacet
  facet normal 0.923884 0.382674 0
    outer loop
      vertex 51.3469 19.7102 52
      vertex 50.245 22.3705 0.599999
      vertex 50.245 22.3705 52
    endloop
  endfacet
  facet normal 0.923884 0.382674 0
    outer loop
      vertex 50.245 22.3705 0.599999
      vertex 51.3469 19.7102 52
      vertex 51.3469 19.7102 0.599999
    endloop
  endfacet
  facet normal 0.760428 -0.649423 0
    outer loop
      vertex 42.743 -34.6126 52
      vertex 42 -35.4826 6
      vertex 42.743 -34.6126 6
    endloop
  endfacet
  facet normal 0.760419 -0.649433 0
    outer loop
      vertex 40.873 -36.8022 0.599999
      vertex 42 -35.4826 6
      vertex 40.873 -36.8022 52
    endloop
  endfacet
  facet normal 0.760422 -0.649429 2.05353e-07
    outer loop
      vertex 40.873 -36.8022 52
      vertex 42 -35.4826 6
      vertex 42.743 -34.6126 52
    endloop
  endfacet
  facet normal 0.760428 -0.649423 0
    outer loop
      vertex 42 -35.4826 3
      vertex 42.743 -34.6126 0.599999
      vertex 42.743 -34.6126 3
    endloop
  endfacet
  facet normal 0.760422 -0.649429 -3.93593e-06
    outer loop
      vertex 42 -35.4826 3
      vertex 40.873 -36.8022 0.599999
      vertex 42.743 -34.6126 0.599999
    endloop
  endfacet
  facet normal 0.760419 -0.649433 0
    outer loop
      vertex 42 -35.4826 6
      vertex 40.873 -36.8022 0.599999
      vertex 42 -35.4826 3
    endloop
  endfacet
  facet normal 0.725375 -0.688354 0
    outer loop
      vertex 38.8909 -38.8909 52
      vertex 40.873 -36.8022 0.599999
      vertex 40.873 -36.8022 52
    endloop
  endfacet
  facet normal 0.725375 -0.688354 0
    outer loop
      vertex 40.873 -36.8022 0.599999
      vertex 38.8909 -38.8909 52
      vertex 38.8909 -38.8909 0.599999
    endloop
  endfacet
  facet normal 0.991447 -0.130511 0
    outer loop
      vertex 54.3229 -8.6039 52
      vertex 54.6987 -5.74907 9.39184
      vertex 54.6987 -5.74907 52
    endloop
  endfacet
  facet normal 0.991371 -0.131089 -3.94181e-05
    outer loop
      vertex 54.6987 -5.74907 9.39184
      vertex 54.3229 -8.6039 52
      vertex 54.6914 -5.80423 9.23607
    endloop
  endfacet
  facet normal 0.991497 -0.130127 2.46712e-05
    outer loop
      vertex 54.6914 -5.80423 9.23607
      vertex 54.3229 -8.6039 52
      vertex 54.6836 -5.8637 9.03528
    endloop
  endfacet
  facet normal 0.991447 -0.130507 0
    outer loop
      vertex 54.3229 -8.6039 0.599999
      vertex 54.6836 -5.8637 9.03528
      vertex 54.3229 -8.6039 52
    endloop
  endfacet
  facet normal 0.991181 -0.132512 0.000662732
    outer loop
      vertex 54.6836 -5.8637 9.03528
      vertex 54.3229 -8.6039 0.599999
      vertex 54.6772 -5.91259 8.83165
    endloop
  endfacet
  facet normal 0.991778 -0.127966 -0.000849425
    outer loop
      vertex 54.6772 -5.91259 8.83165
      vertex 54.3229 -8.6039 0.599999
      vertex 54.6721 -5.95075 8.62574
    endloop
  endfacet
  facet normal 0.991141 -0.132813 0.000780781
    outer loop
      vertex 54.6721 -5.95075 8.62574
      vertex 54.3229 -8.6039 0.599999
      vertex 54.6686 -5.97809 8.41811
    endloop
  endfacet
  facet normal 0.991533 -0.129858 -0.000228976
    outer loop
      vertex 54.6686 -5.97809 8.41811
      vertex 54.3229 -8.6039 0.599999
      vertex 54.6664 -5.99452 8.20934
    endloop
  endfacet
  facet normal 0.991408 -0.130804 0.00014196
    outer loop
      vertex 54.3229 -8.6039 0.599999
      vertex 54.6987 -5.74907 6.60816
      vertex 54.6914 -5.80423 6.76393
    endloop
  endfacet
  facet normal 0.991472 -0.130319 -8.24904e-05
    outer loop
      vertex 54.3229 -8.6039 0.599999
      vertex 54.6914 -5.80423 6.76393
      vertex 54.6836 -5.8637 6.96472
    endloop
  endfacet
  facet normal 0.991481 -0.130253 -0.000111043
    outer loop
      vertex 54.3229 -8.6039 0.599999
      vertex 54.6836 -5.8637 6.96472
      vertex 54.6772 -5.91259 7.16835
    endloop
  endfacet
  facet normal 0.991366 -0.131127 0.000253248
    outer loop
      vertex 54.3229 -8.6039 0.599999
      vertex 54.6772 -5.91259 7.16835
      vertex 54.6721 -5.95075 7.37426
    endloop
  endfacet
  facet normal 0.991565 -0.129609 -0.000351728
    outer loop
      vertex 54.3229 -8.6039 0.599999
      vertex 54.6721 -5.95075 7.37426
      vertex 54.6686 -5.97809 7.58189
    endloop
  endfacet
  facet normal 0.991395 -0.130907 0.000144964
    outer loop
      vertex 54.3229 -8.6039 0.599999
      vertex 54.6686 -5.97809 7.58189
      vertex 54.6664 -5.99452 7.79066
    endloop
  endfacet
  facet normal 0.991405 -0.130829 0.000109671
    outer loop
      vertex 54.6664 -5.99452 8.20934
      vertex 54.3229 -8.6039 0.599999
      vertex 54.6657 -6 8
    endloop
  endfacet
  facet normal 0.99148 -0.130259 -9.44903e-05
    outer loop
      vertex 54.6657 -6 8
      vertex 54.3229 -8.6039 0.599999
      vertex 54.6664 -5.99452 7.79066
    endloop
  endfacet
  facet normal 0.991447 -0.130511 0
    outer loop
      vertex 54.6987 -5.74907 6.60816
      vertex 54.3229 -8.6039 0.599999
      vertex 54.6987 -5.74907 0.599999
    endloop
  endfacet
  facet normal -0.999657 0.0261854 0
    outer loop
      vertex -55 0 0.599999
      vertex -54.9246 2.87848 52
      vertex -54.9246 2.87848 0.599999
    endloop
  endfacet
  facet normal -0.999657 0.0261854 0
    outer loop
      vertex -54.9246 2.87848 52
      vertex -55 0 0.599999
      vertex -55 0 52
    endloop
  endfacet
  facet normal -0.430494 0.902593 0
    outer loop
      vertex -22.3705 50.245 0.599999
      vertex -24.9695 49.0054 52
      vertex -22.3705 50.245 52
    endloop
  endfacet
  facet normal -0.430494 0.902593 0
    outer loop
      vertex -24.9695 49.0054 52
      vertex -22.3705 50.245 0.599999
      vertex -24.9695 49.0054 0.599999
    endloop
  endfacet
  facet normal 0.430494 -0.902593 0
    outer loop
      vertex 22.3705 -50.245 0.599999
      vertex 24.9695 -49.0054 52
      vertex 22.3705 -50.245 52
    endloop
  endfacet
  facet normal 0.430494 -0.902593 0
    outer loop
      vertex 24.9695 -49.0054 52
      vertex 22.3705 -50.245 0.599999
      vertex 24.9695 -49.0054 0.599999
    endloop
  endfacet
  facet normal 0.688354 -0.725375 0
    outer loop
      vertex 36.8022 -40.873 0.599999
      vertex 38.8909 -38.8909 52
      vertex 36.8022 -40.873 52
    endloop
  endfacet
  facet normal 0.688354 -0.725375 0
    outer loop
      vertex 38.8909 -38.8909 52
      vertex 36.8022 -40.873 0.599999
      vertex 38.8909 -38.8909 0.599999
    endloop
  endfacet
  facet normal -0.382674 -0.923884 0
    outer loop
      vertex -22.3705 -50.245 0.599999
      vertex -19.7102 -51.3469 52
      vertex -22.3705 -50.245 52
    endloop
  endfacet
  facet normal -0.382674 -0.923884 -0
    outer loop
      vertex -19.7102 -51.3469 52
      vertex -22.3705 -50.245 0.599999
      vertex -19.7102 -51.3469 0.599999
    endloop
  endfacet
  facet normal 0.688354 0.725375 -0
    outer loop
      vertex 38.8909 38.8909 0.599999
      vertex 36.8022 40.873 52
      vertex 38.8909 38.8909 52
    endloop
  endfacet
  facet normal 0.688354 0.725375 0
    outer loop
      vertex 36.8022 40.873 52
      vertex 38.8909 38.8909 0.599999
      vertex 36.8022 40.873 0.599999
    endloop
  endfacet
  facet normal -0.477172 0.87881 0
    outer loop
      vertex -24.9695 49.0054 0.599999
      vertex -27.5 47.6314 52
      vertex -24.9695 49.0054 52
    endloop
  endfacet
  facet normal -0.477172 0.87881 0
    outer loop
      vertex -27.5 47.6314 52
      vertex -24.9695 49.0054 0.599999
      vertex -27.5 47.6314 0.599999
    endloop
  endfacet
  facet normal -0.996918 -0.0784521 0
    outer loop
      vertex -54.6987 -5.74907 0.599999
      vertex -54.9246 -2.87848 52
      vertex -54.9246 -2.87848 0.599999
    endloop
  endfacet
  facet normal -0.996918 -0.0784521 0
    outer loop
      vertex -54.9246 -2.87848 52
      vertex -54.6987 -5.74907 0.599999
      vertex -54.6987 -5.74907 52
    endloop
  endfacet
  facet normal 0.999657 -0.026191 0
    outer loop
      vertex 55 0 52
      vertex 54.9476 -2 12
      vertex 55 0 12
    endloop
  endfacet
  facet normal 0.999657 -0.0261854 -2.80885e-07
    outer loop
      vertex 54.9246 -2.87848 52
      vertex 54.9476 -2 12
      vertex 55 0 52
    endloop
  endfacet
  facet normal 0.999655 -0.0262639 -2.00684e-06
    outer loop
      vertex 54.9476 -2 12
      vertex 54.9246 -2.87848 52
      vertex 54.9421 -2.20934 11.9945
    endloop
  endfacet
  facet normal 0.999666 -0.0258575 4.79564e-06
    outer loop
      vertex 54.9421 -2.20934 11.9945
      vertex 54.9246 -2.87848 52
      vertex 54.9367 -2.41811 11.9781
    endloop
  endfacet
  facet normal 0.999649 -0.0264798 -2.36774e-06
    outer loop
      vertex 54.9367 -2.41811 11.9781
      vertex 54.9246 -2.87848 52
      vertex 54.9312 -2.62574 11.9508
    endloop
  endfacet
  facet normal 0.999656 -0.0262159 -7.01051e-07
    outer loop
      vertex 54.9312 -2.62574 11.9508
      vertex 54.9246 -2.87848 52
      vertex 54.9258 -2.83165 11.9126
    endloop
  endfacet
  facet normal 0.999672 -0.0256162 0
    outer loop
      vertex 54.9258 -2.83165 11.9126
      vertex 54.9246 -2.87848 52
      vertex 54.9246 -2.87848 11.9013
    endloop
  endfacet
  facet normal 0.999657 -0.026191 0
    outer loop
      vertex 54.9476 -2 4
      vertex 55 0 0.599999
      vertex 55 0 4
    endloop
  endfacet
  facet normal 0.999655 -0.0262634 2.34648e-05
    outer loop
      vertex 54.9246 -2.87848 0.599999
      vertex 54.9476 -2 4
      vertex 54.9421 -2.20934 4.00548
    endloop
  endfacet
  facet normal 0.999666 -0.0258615 -5.55513e-05
    outer loop
      vertex 54.9246 -2.87848 0.599999
      vertex 54.9421 -2.20934 4.00548
      vertex 54.9367 -2.41811 4.02191
    endloop
  endfacet
  facet normal 0.999649 -0.0264766 2.72517e-05
    outer loop
      vertex 54.9246 -2.87848 0.599999
      vertex 54.9367 -2.41811 4.02191
      vertex 54.9312 -2.62574 4.04925
    endloop
  endfacet
  facet normal 0.999656 -0.0262145 8.04024e-06
    outer loop
      vertex 54.9246 -2.87848 0.599999
      vertex 54.9312 -2.62574 4.04925
      vertex 54.9258 -2.83165 4.08741
    endloop
  endfacet
  facet normal 0.999672 -0.0256162 0
    outer loop
      vertex 54.9246 -2.87848 0.599999
      vertex 54.9258 -2.83165 4.08741
      vertex 54.9246 -2.87848 4.09865
    endloop
  endfacet
  facet normal 0.999657 -0.0261854 3.30453e-06
    outer loop
      vertex 54.9476 -2 4
      vertex 54.9246 -2.87848 0.599999
      vertex 55 0 0.599999
    endloop
  endfacet
  facet normal -0.991447 0.130511 0
    outer loop
      vertex -54.6987 5.74907 0.599999
      vertex -54.3229 8.6039 52
      vertex -54.3229 8.6039 0.599999
    endloop
  endfacet
  facet normal -0.991447 0.130511 0
    outer loop
      vertex -54.3229 8.6039 52
      vertex -54.6987 5.74907 0.599999
      vertex -54.6987 5.74907 52
    endloop
  endfacet
  facet normal 0.0784521 0.996918 -0
    outer loop
      vertex 5.74907 54.6987 0.599999
      vertex 2.87848 54.9246 52
      vertex 5.74907 54.6987 52
    endloop
  endfacet
  facet normal 0.0784521 0.996918 0
    outer loop
      vertex 2.87848 54.9246 52
      vertex 5.74907 54.6987 0.599999
      vertex 2.87848 54.9246 0.599999
    endloop
  endfacet
  facet normal -0.793411 -0.608686 -0
    outer loop
      vertex -44.2 -32.7139 6
      vertex -44.4959 -32.3282 0.599999
      vertex -44.2 -32.7139 3
    endloop
  endfacet
  facet normal -0.79335 -0.608765 -2.01964e-05
    outer loop
      vertex -42.743 -34.6126 0.599999
      vertex -44.2 -32.7139 3
      vertex -44.4959 -32.3282 0.599999
    endloop
  endfacet
  facet normal -0.793338 -0.608781 0
    outer loop
      vertex -44.2 -32.7139 3
      vertex -42.743 -34.6126 0.599999
      vertex -42.743 -34.6126 3
    endloop
  endfacet
  facet normal -0.793411 -0.608686 0
    outer loop
      vertex -44.4959 -32.3282 0.599999
      vertex -44.2 -32.7139 6
      vertex -44.4959 -32.3282 52
    endloop
  endfacet
  facet normal -0.793338 -0.608781 1.26776e-06
    outer loop
      vertex -42.743 -34.6126 6
      vertex -44.4959 -32.3282 52
      vertex -44.2 -32.7139 6
    endloop
  endfacet
  facet normal -0.79335 -0.608765 0
    outer loop
      vertex -44.4959 -32.3282 52
      vertex -42.743 -34.6126 6
      vertex -42.743 -34.6126 52
    endloop
  endfacet
  facet normal 0.608765 0.79335 -0
    outer loop
      vertex 34.6126 42.743 0.599999
      vertex 32.3282 44.4959 52
      vertex 34.6126 42.743 52
    endloop
  endfacet
  facet normal 0.608765 0.79335 0
    outer loop
      vertex 32.3282 44.4959 52
      vertex 34.6126 42.743 0.599999
      vertex 32.3282 44.4959 0.599999
    endloop
  endfacet
  facet normal 0.0261854 0.999657 -0
    outer loop
      vertex 2.87848 54.9246 0.599999
      vertex 0 55 52
      vertex 2.87848 54.9246 52
    endloop
  endfacet
  facet normal 0.0261854 0.999657 0
    outer loop
      vertex 0 55 52
      vertex 2.87848 54.9246 0.599999
      vertex 0 55 0.599999
    endloop
  endfacet
  facet normal -0.28401 -0.958821 0
    outer loop
      vertex -16.9959 -52.3081 0.599999
      vertex -14.235 -53.1259 52
      vertex -16.9959 -52.3081 52
    endloop
  endfacet
  facet normal -0.28401 -0.958821 -0
    outer loop
      vertex -14.235 -53.1259 52
      vertex -16.9959 -52.3081 0.599999
      vertex -14.235 -53.1259 0.599999
    endloop
  endfacet
  facet normal 0.566409 0.824124 -0
    outer loop
      vertex 32.3282 44.4959 0.599999
      vertex 29.9551 46.1269 52
      vertex 32.3282 44.4959 52
    endloop
  endfacet
  facet normal 0.566409 0.824124 0
    outer loop
      vertex 29.9551 46.1269 52
      vertex 32.3282 44.4959 0.599999
      vertex 29.9551 46.1269 0.599999
    endloop
  endfacet
  facet normal 0.28401 0.958821 -0
    outer loop
      vertex 16.9959 52.3081 0.599999
      vertex 14.235 53.1259 52
      vertex 16.9959 52.3081 52
    endloop
  endfacet
  facet normal 0.28401 0.958821 0
    outer loop
      vertex 14.235 53.1259 52
      vertex 16.9959 52.3081 0.599999
      vertex 14.235 53.1259 0.599999
    endloop
  endfacet
  facet normal 0.382674 -0.923884 0
    outer loop
      vertex 19.7102 -51.3469 0.599999
      vertex 22.3705 -50.245 52
      vertex 19.7102 -51.3469 52
    endloop
  endfacet
  facet normal 0.382674 -0.923884 0
    outer loop
      vertex 22.3705 -50.245 52
      vertex 19.7102 -51.3469 0.599999
      vertex 22.3705 -50.245 0.599999
    endloop
  endfacet
  facet normal -0.182258 0.983251 0
    outer loop
      vertex -8.6039 54.3229 0.599999
      vertex -11.4351 53.7981 52
      vertex -8.6039 54.3229 52
    endloop
  endfacet
  facet normal -0.182258 0.983251 0
    outer loop
      vertex -11.4351 53.7981 52
      vertex -8.6039 54.3229 0.599999
      vertex -11.4351 53.7981 0.599999
    endloop
  endfacet
  facet normal -0.0261854 -0.999657 0
    outer loop
      vertex -2.87848 -54.9246 0.599999
      vertex 0 -55 52
      vertex -2.87848 -54.9246 52
    endloop
  endfacet
  facet normal -0.0261854 -0.999657 -0
    outer loop
      vertex 0 -55 52
      vertex -2.87848 -54.9246 0.599999
      vertex 0 -55 0.599999
    endloop
  endfacet
  facet normal -0.902593 -0.430494 0
    outer loop
      vertex -49.0054 -24.9695 0.599999
      vertex -50.245 -22.3705 52
      vertex -50.245 -22.3705 0.599999
    endloop
  endfacet
  facet normal -0.902593 -0.430494 0
    outer loop
      vertex -50.245 -22.3705 52
      vertex -49.0054 -24.9695 0.599999
      vertex -49.0054 -24.9695 52
    endloop
  endfacet
  facet normal 0.130511 -0.991447 0
    outer loop
      vertex 5.74907 -54.6987 0.599999
      vertex 8.6039 -54.3229 52
      vertex 5.74907 -54.6987 52
    endloop
  endfacet
  facet normal 0.130511 -0.991447 0
    outer loop
      vertex 8.6039 -54.3229 52
      vertex 5.74907 -54.6987 0.599999
      vertex 8.6039 -54.3229 0.599999
    endloop
  endfacet
  facet normal -0.923884 0.382674 0
    outer loop
      vertex -51.3469 19.7102 0.599999
      vertex -50.245 22.3705 52
      vertex -50.245 22.3705 0.599999
    endloop
  endfacet
  facet normal -0.923884 0.382674 0
    outer loop
      vertex -50.245 22.3705 52
      vertex -51.3469 19.7102 0.599999
      vertex -51.3469 19.7102 52
    endloop
  endfacet
  facet normal -0.688354 -0.725375 0
    outer loop
      vertex -38.8909 -38.8909 0.599999
      vertex -36.8022 -40.873 52
      vertex -38.8909 -38.8909 52
    endloop
  endfacet
  facet normal -0.688354 -0.725375 -0
    outer loop
      vertex -36.8022 -40.873 52
      vertex -38.8909 -38.8909 0.599999
      vertex -36.8022 -40.873 0.599999
    endloop
  endfacet
  facet normal -0.130511 0.991447 0
    outer loop
      vertex -5.74907 54.6987 0.599999
      vertex -8.6039 54.3229 52
      vertex -5.74907 54.6987 52
    endloop
  endfacet
  facet normal -0.130511 0.991447 0
    outer loop
      vertex -8.6039 54.3229 52
      vertex -5.74907 54.6987 0.599999
      vertex -8.6039 54.3229 0.599999
    endloop
  endfacet
  facet normal -0.182258 -0.983251 0
    outer loop
      vertex -11.4351 -53.7981 0.599999
      vertex -8.6039 -54.3229 52
      vertex -11.4351 -53.7981 52
    endloop
  endfacet
  facet normal -0.182258 -0.983251 -0
    outer loop
      vertex -8.6039 -54.3229 52
      vertex -11.4351 -53.7981 0.599999
      vertex -8.6039 -54.3229 0.599999
    endloop
  endfacet
  facet normal 0.852638 0.522503 0
    outer loop
      vertex 46.1269 29.9551 52
      vertex 47.325 28 6
      vertex 46.1269 29.9551 6
    endloop
  endfacet
  facet normal 0.85264 0.522498 -0
    outer loop
      vertex 47.6314 27.5 0.599999
      vertex 47.325 28 6
      vertex 47.6314 27.5 52
    endloop
  endfacet
  facet normal 0.852638 0.522502 5.55668e-08
    outer loop
      vertex 47.6314 27.5 52
      vertex 47.325 28 6
      vertex 46.1269 29.9551 52
    endloop
  endfacet
  facet normal 0.852638 0.522503 0
    outer loop
      vertex 47.325 28 3
      vertex 46.1269 29.9551 0.599999
      vertex 46.1269 29.9551 3
    endloop
  endfacet
  facet normal 0.852638 0.522502 -1.06503e-06
    outer loop
      vertex 47.325 28 3
      vertex 47.6314 27.5 0.599999
      vertex 46.1269 29.9551 0.599999
    endloop
  endfacet
  facet normal 0.85264 0.522498 0
    outer loop
      vertex 47.325 28 6
      vertex 47.6314 27.5 0.599999
      vertex 47.325 28 3
    endloop
  endfacet
  facet normal 0.902593 -0.430494 0
    outer loop
      vertex 49.0054 -24.9695 52
      vertex 50.245 -22.3705 0.599999
      vertex 50.245 -22.3705 52
    endloop
  endfacet
  facet normal 0.902593 -0.430494 0
    outer loop
      vertex 50.245 -22.3705 0.599999
      vertex 49.0054 -24.9695 52
      vertex 49.0054 -24.9695 0.599999
    endloop
  endfacet
  facet normal -0.958821 0.28401 0
    outer loop
      vertex -53.1259 14.235 0.599999
      vertex -52.3081 16.9959 52
      vertex -52.3081 16.9959 0.599999
    endloop
  endfacet
  facet normal -0.958821 0.28401 0
    outer loop
      vertex -52.3081 16.9959 52
      vertex -53.1259 14.235 0.599999
      vertex -53.1259 14.235 52
    endloop
  endfacet
  facet normal -0.649429 -0.760422 0
    outer loop
      vertex -36.8022 -40.873 0.599999
      vertex -34.6126 -42.743 52
      vertex -36.8022 -40.873 52
    endloop
  endfacet
  facet normal -0.649429 -0.760422 -0
    outer loop
      vertex -34.6126 -42.743 52
      vertex -36.8022 -40.873 0.599999
      vertex -34.6126 -42.743 0.599999
    endloop
  endfacet
  facet normal 0.477172 -0.87881 0
    outer loop
      vertex 24.9695 -49.0054 0.599999
      vertex 27.5 -47.6314 52
      vertex 24.9695 -49.0054 52
    endloop
  endfacet
  facet normal 0.477172 -0.87881 0
    outer loop
      vertex 27.5 -47.6314 52
      vertex 24.9695 -49.0054 0.599999
      vertex 27.5 -47.6314 0.599999
    endloop
  endfacet
  facet normal -0.382674 0.923884 0
    outer loop
      vertex -19.7102 51.3469 0.599999
      vertex -22.3705 50.245 52
      vertex -19.7102 51.3469 52
    endloop
  endfacet
  facet normal -0.382674 0.923884 0
    outer loop
      vertex -22.3705 50.245 52
      vertex -19.7102 51.3469 0.599999
      vertex -22.3705 50.245 0.599999
    endloop
  endfacet
  facet normal -0.522502 0.852638 0
    outer loop
      vertex -27.5 47.6314 0.599999
      vertex -29.9551 46.1269 52
      vertex -27.5 47.6314 52
    endloop
  endfacet
  facet normal -0.522502 0.852638 0
    outer loop
      vertex -29.9551 46.1269 52
      vertex -27.5 47.6314 0.599999
      vertex -29.9551 46.1269 0.599999
    endloop
  endfacet
  facet normal 0.477172 0.87881 -0
    outer loop
      vertex 27.5 47.6314 0.599999
      vertex 24.9695 49.0054 52
      vertex 27.5 47.6314 52
    endloop
  endfacet
  facet normal 0.477172 0.87881 0
    outer loop
      vertex 24.9695 49.0054 52
      vertex 27.5 47.6314 0.599999
      vertex 24.9695 49.0054 0.599999
    endloop
  endfacet
  facet normal 0.130511 0.991447 -0
    outer loop
      vertex 8.6039 54.3229 0.599999
      vertex 5.74907 54.6987 52
      vertex 8.6039 54.3229 52
    endloop
  endfacet
  facet normal 0.130511 0.991447 0
    outer loop
      vertex 5.74907 54.6987 52
      vertex 8.6039 54.3229 0.599999
      vertex 5.74907 54.6987 0.599999
    endloop
  endfacet
  facet normal 0.608765 -0.79335 0
    outer loop
      vertex 32.3282 -44.4959 0.599999
      vertex 34.6126 -42.743 52
      vertex 32.3282 -44.4959 52
    endloop
  endfacet
  facet normal 0.608765 -0.79335 0
    outer loop
      vertex 34.6126 -42.743 52
      vertex 32.3282 -44.4959 0.599999
      vertex 34.6126 -42.743 0.599999
    endloop
  endfacet
  facet normal -0.85264 -0.522498 -0
    outer loop
      vertex -47.325 -28 6
      vertex -47.6314 -27.5 0.599999
      vertex -47.325 -28 3
    endloop
  endfacet
  facet normal -0.852638 -0.522502 -1.06503e-06
    outer loop
      vertex -46.1269 -29.9551 0.599999
      vertex -47.325 -28 3
      vertex -47.6314 -27.5 0.599999
    endloop
  endfacet
  facet normal -0.852638 -0.522503 0
    outer loop
      vertex -47.325 -28 3
      vertex -46.1269 -29.9551 0.599999
      vertex -46.1269 -29.9551 3
    endloop
  endfacet
  facet normal -0.85264 -0.522498 0
    outer loop
      vertex -47.6314 -27.5 0.599999
      vertex -47.325 -28 6
      vertex -47.6314 -27.5 52
    endloop
  endfacet
  facet normal -0.852638 -0.522503 -0
    outer loop
      vertex -46.1269 -29.9551 52
      vertex -47.325 -28 6
      vertex -46.1269 -29.9551 6
    endloop
  endfacet
  facet normal -0.852638 -0.522502 5.55668e-08
    outer loop
      vertex -47.325 -28 6
      vertex -46.1269 -29.9551 52
      vertex -47.6314 -27.5 52
    endloop
  endfacet
  facet normal -0.983251 -0.182258 0
    outer loop
      vertex -53.7981 -11.4351 0.599999
      vertex -54.3229 -8.6039 52
      vertex -54.3229 -8.6039 0.599999
    endloop
  endfacet
  facet normal -0.983251 -0.182258 0
    outer loop
      vertex -54.3229 -8.6039 52
      vertex -53.7981 -11.4351 0.599999
      vertex -53.7981 -11.4351 52
    endloop
  endfacet
  facet normal 0.522502 -0.852638 0
    outer loop
      vertex 27.5 -47.6314 0.599999
      vertex 29.9551 -46.1269 52
      vertex 27.5 -47.6314 52
    endloop
  endfacet
  facet normal 0.522502 -0.852638 0
    outer loop
      vertex 29.9551 -46.1269 52
      vertex 27.5 -47.6314 0.599999
      vertex 29.9551 -46.1269 0.599999
    endloop
  endfacet
  facet normal -0.923884 -0.382674 0
    outer loop
      vertex -50.245 -22.3705 0.599999
      vertex -51.3469 -19.7102 52
      vertex -51.3469 -19.7102 0.599999
    endloop
  endfacet
  facet normal -0.923884 -0.382674 0
    outer loop
      vertex -51.3469 -19.7102 52
      vertex -50.245 -22.3705 0.599999
      vertex -50.245 -22.3705 52
    endloop
  endfacet
  facet normal -0.522502 -0.852638 0
    outer loop
      vertex -29.9551 -46.1269 0.599999
      vertex -27.5 -47.6314 52
      vertex -29.9551 -46.1269 52
    endloop
  endfacet
  facet normal -0.522502 -0.852638 -0
    outer loop
      vertex -27.5 -47.6314 52
      vertex -29.9551 -46.1269 0.599999
      vertex -27.5 -47.6314 0.599999
    endloop
  endfacet
  facet normal -0.0784521 0.996918 0
    outer loop
      vertex -2.87848 54.9246 0.599999
      vertex -5.74907 54.6987 52
      vertex -2.87848 54.9246 52
    endloop
  endfacet
  facet normal -0.0784521 0.996918 0
    outer loop
      vertex -5.74907 54.6987 52
      vertex -2.87848 54.9246 0.599999
      vertex -5.74907 54.6987 0.599999
    endloop
  endfacet
  facet normal -0.999657 -0.0261854 0
    outer loop
      vertex -54.9246 -2.87848 0.599999
      vertex -55 0 52
      vertex -55 0 0.599999
    endloop
  endfacet
  facet normal -0.999657 -0.0261854 0
    outer loop
      vertex -55 0 52
      vertex -54.9246 -2.87848 0.599999
      vertex -54.9246 -2.87848 52
    endloop
  endfacet
  facet normal 0.923884 -0.382674 0
    outer loop
      vertex 50.245 -22.3705 52
      vertex 51.3469 -19.7102 0.599999
      vertex 51.3469 -19.7102 52
    endloop
  endfacet
  facet normal 0.923884 -0.382674 0
    outer loop
      vertex 51.3469 -19.7102 0.599999
      vertex 50.245 -22.3705 52
      vertex 50.245 -22.3705 0.599999
    endloop
  endfacet
  facet normal -0.852638 0.522503 0
    outer loop
      vertex -46.1269 29.9551 0.599999
      vertex -47.325 28 3
      vertex -46.1269 29.9551 3
    endloop
  endfacet
  facet normal -0.85264 0.522498 0
    outer loop
      vertex -47.325 28 3
      vertex -47.6314 27.5 0.599999
      vertex -47.325 28 6
    endloop
  endfacet
  facet normal -0.852638 0.522502 -1.06503e-06
    outer loop
      vertex -47.6314 27.5 0.599999
      vertex -47.325 28 3
      vertex -46.1269 29.9551 0.599999
    endloop
  endfacet
  facet normal -0.852638 0.522503 0
    outer loop
      vertex -47.325 28 6
      vertex -46.1269 29.9551 52
      vertex -46.1269 29.9551 6
    endloop
  endfacet
  facet normal -0.85264 0.522498 0
    outer loop
      vertex -47.6314 27.5 52
      vertex -47.325 28 6
      vertex -47.6314 27.5 0.599999
    endloop
  endfacet
  facet normal -0.852638 0.522502 5.55668e-08
    outer loop
      vertex -47.325 28 6
      vertex -47.6314 27.5 52
      vertex -46.1269 29.9551 52
    endloop
  endfacet
  facet normal -0.94264 -0.333812 0
    outer loop
      vertex -51.3469 -19.7102 0.599999
      vertex -52.3081 -16.9959 52
      vertex -52.3081 -16.9959 0.599999
    endloop
  endfacet
  facet normal -0.94264 -0.333812 0
    outer loop
      vertex -52.3081 -16.9959 52
      vertex -51.3469 -19.7102 0.599999
      vertex -51.3469 -19.7102 52
    endloop
  endfacet
  facet normal 0.824121 0.566414 0
    outer loop
      vertex 44.4959 32.3282 52
      vertex 45.9586 30.2 6
      vertex 44.4959 32.3282 0.599999
    endloop
  endfacet
  facet normal 0.824124 0.566409 2.95714e-07
    outer loop
      vertex 46.1269 29.9551 52
      vertex 45.9586 30.2 6
      vertex 44.4959 32.3282 52
    endloop
  endfacet
  facet normal 0.82415 0.566372 0
    outer loop
      vertex 45.9586 30.2 6
      vertex 46.1269 29.9551 52
      vertex 46.1269 29.9551 6
    endloop
  endfacet
  facet normal 0.824121 0.566414 -0
    outer loop
      vertex 45.9586 30.2 3
      vertex 44.4959 32.3282 0.599999
      vertex 45.9586 30.2 6
    endloop
  endfacet
  facet normal 0.82415 0.566372 -0
    outer loop
      vertex 46.1269 29.9551 0.599999
      vertex 45.9586 30.2 3
      vertex 46.1269 29.9551 3
    endloop
  endfacet
  facet normal 0.824124 0.566409 -5.66785e-06
    outer loop
      vertex 45.9586 30.2 3
      vertex 46.1269 29.9551 0.599999
      vertex 44.4959 32.3282 0.599999
    endloop
  endfacet
  facet normal 0.87881 -0.477172 0
    outer loop
      vertex 47.6314 -27.5 52
      vertex 49.0054 -24.9695 0.599999
      vertex 49.0054 -24.9695 52
    endloop
  endfacet
  facet normal 0.87881 -0.477172 0
    outer loop
      vertex 49.0054 -24.9695 0.599999
      vertex 47.6314 -27.5 52
      vertex 47.6314 -27.5 0.599999
    endloop
  endfacet
  facet normal 0.793411 -0.608686 0
    outer loop
      vertex 44.4959 -32.3282 52
      vertex 44.2 -32.7139 6
      vertex 44.4959 -32.3282 0.599999
    endloop
  endfacet
  facet normal 0.79335 -0.608765 1.05372e-06
    outer loop
      vertex 42.743 -34.6126 52
      vertex 44.2 -32.7139 6
      vertex 44.4959 -32.3282 52
    endloop
  endfacet
  facet normal 0.793338 -0.608781 0
    outer loop
      vertex 44.2 -32.7139 6
      vertex 42.743 -34.6126 52
      vertex 42.743 -34.6126 6
    endloop
  endfacet
  facet normal 0.793411 -0.608686 0
    outer loop
      vertex 44.2 -32.7139 3
      vertex 44.4959 -32.3282 0.599999
      vertex 44.2 -32.7139 6
    endloop
  endfacet
  facet normal 0.793338 -0.608781 0
    outer loop
      vertex 42.743 -34.6126 0.599999
      vertex 44.2 -32.7139 3
      vertex 42.743 -34.6126 3
    endloop
  endfacet
  facet normal 0.79335 -0.608765 -2.01964e-05
    outer loop
      vertex 44.2 -32.7139 3
      vertex 42.743 -34.6126 0.599999
      vertex 44.4959 -32.3282 0.599999
    endloop
  endfacet
  facet normal 0.97237 -0.233447 0
    outer loop
      vertex 53.1259 -14.235 52
      vertex 53.7981 -11.4351 0.599999
      vertex 53.7981 -11.4351 52
    endloop
  endfacet
  facet normal 0.97237 -0.233447 0
    outer loop
      vertex 53.7981 -11.4351 0.599999
      vertex 53.1259 -14.235 52
      vertex 53.1259 -14.235 0.599999
    endloop
  endfacet
  facet normal 0.333812 0.94264 -0
    outer loop
      vertex 19.7102 51.3469 0.599999
      vertex 16.9959 52.3081 52
      vertex 19.7102 51.3469 52
    endloop
  endfacet
  facet normal 0.333812 0.94264 0
    outer loop
      vertex 16.9959 52.3081 52
      vertex 19.7102 51.3469 0.599999
      vertex 16.9959 52.3081 0.599999
    endloop
  endfacet
  facet normal -0.94264 0.333812 0
    outer loop
      vertex -52.3081 16.9959 0.599999
      vertex -51.3469 19.7102 52
      vertex -51.3469 19.7102 0.599999
    endloop
  endfacet
  facet normal -0.94264 0.333812 0
    outer loop
      vertex -51.3469 19.7102 52
      vertex -52.3081 16.9959 0.599999
      vertex -52.3081 16.9959 52
    endloop
  endfacet
  facet normal 0.725375 0.688354 0
    outer loop
      vertex 40.873 36.8022 52
      vertex 38.8909 38.8909 0.599999
      vertex 38.8909 38.8909 52
    endloop
  endfacet
  facet normal 0.725375 0.688354 0
    outer loop
      vertex 38.8909 38.8909 0.599999
      vertex 40.873 36.8022 52
      vertex 40.873 36.8022 0.599999
    endloop
  endfacet
  facet normal -0.566409 -0.824124 0
    outer loop
      vertex -32.3282 -44.4959 0.599999
      vertex -29.9551 -46.1269 52
      vertex -32.3282 -44.4959 52
    endloop
  endfacet
  facet normal -0.566409 -0.824124 -0
    outer loop
      vertex -29.9551 -46.1269 52
      vertex -32.3282 -44.4959 0.599999
      vertex -29.9551 -46.1269 0.599999
    endloop
  endfacet
  facet normal -0.566409 0.824124 0
    outer loop
      vertex -29.9551 46.1269 0.599999
      vertex -32.3282 44.4959 52
      vertex -29.9551 46.1269 52
    endloop
  endfacet
  facet normal -0.566409 0.824124 0
    outer loop
      vertex -32.3282 44.4959 52
      vertex -29.9551 46.1269 0.599999
      vertex -32.3282 44.4959 0.599999
    endloop
  endfacet
  facet normal -0.28401 0.958821 0
    outer loop
      vertex -14.235 53.1259 0.599999
      vertex -16.9959 52.3081 52
      vertex -14.235 53.1259 52
    endloop
  endfacet
  facet normal -0.28401 0.958821 0
    outer loop
      vertex -16.9959 52.3081 52
      vertex -14.235 53.1259 0.599999
      vertex -16.9959 52.3081 0.599999
    endloop
  endfacet
  facet normal -0.996918 0.0784521 0
    outer loop
      vertex -54.9246 2.87848 0.599999
      vertex -54.6987 5.74907 52
      vertex -54.6987 5.74907 0.599999
    endloop
  endfacet
  facet normal -0.996918 0.0784521 0
    outer loop
      vertex -54.6987 5.74907 52
      vertex -54.9246 2.87848 0.599999
      vertex -54.9246 2.87848 52
    endloop
  endfacet
  facet normal -0.760419 0.649433 0
    outer loop
      vertex -42 35.4826 6
      vertex -40.873 36.8022 0.599999
      vertex -42 35.4826 3
    endloop
  endfacet
  facet normal -0.760422 0.649429 -3.93593e-06
    outer loop
      vertex -42.743 34.6126 0.599999
      vertex -42 35.4826 3
      vertex -40.873 36.8022 0.599999
    endloop
  endfacet
  facet normal -0.760428 0.649423 0
    outer loop
      vertex -42 35.4826 3
      vertex -42.743 34.6126 0.599999
      vertex -42.743 34.6126 3
    endloop
  endfacet
  facet normal -0.760419 0.649433 0
    outer loop
      vertex -40.873 36.8022 0.599999
      vertex -42 35.4826 6
      vertex -40.873 36.8022 52
    endloop
  endfacet
  facet normal -0.760428 0.649423 0
    outer loop
      vertex -42.743 34.6126 52
      vertex -42 35.4826 6
      vertex -42.743 34.6126 6
    endloop
  endfacet
  facet normal -0.760422 0.649429 2.05353e-07
    outer loop
      vertex -42 35.4826 6
      vertex -42.743 34.6126 52
      vertex -40.873 36.8022 52
    endloop
  endfacet
  facet normal -0.130511 -0.991447 0
    outer loop
      vertex -8.6039 -54.3229 0.599999
      vertex -5.74907 -54.6987 52
      vertex -8.6039 -54.3229 52
    endloop
  endfacet
  facet normal -0.130511 -0.991447 -0
    outer loop
      vertex -5.74907 -54.6987 52
      vertex -8.6039 -54.3229 0.599999
      vertex -5.74907 -54.6987 0.599999
    endloop
  endfacet
  facet normal -0.233447 0.97237 0
    outer loop
      vertex -11.4351 53.7981 0.599999
      vertex -14.235 53.1259 52
      vertex -11.4351 53.7981 52
    endloop
  endfacet
  facet normal -0.233447 0.97237 0
    outer loop
      vertex -14.235 53.1259 52
      vertex -11.4351 53.7981 0.599999
      vertex -14.235 53.1259 0.599999
    endloop
  endfacet
  facet normal -0.430494 -0.902593 0
    outer loop
      vertex -24.9695 -49.0054 0.599999
      vertex -22.3705 -50.245 52
      vertex -24.9695 -49.0054 52
    endloop
  endfacet
  facet normal -0.430494 -0.902593 -0
    outer loop
      vertex -22.3705 -50.245 52
      vertex -24.9695 -49.0054 0.599999
      vertex -22.3705 -50.245 0.599999
    endloop
  endfacet
  facet normal -0.902593 0.430494 0
    outer loop
      vertex -50.245 22.3705 0.599999
      vertex -49.0054 24.9695 52
      vertex -49.0054 24.9695 0.599999
    endloop
  endfacet
  facet normal -0.902593 0.430494 0
    outer loop
      vertex -49.0054 24.9695 52
      vertex -50.245 22.3705 0.599999
      vertex -50.245 22.3705 52
    endloop
  endfacet
  facet normal -0.97237 0.233447 0
    outer loop
      vertex -53.7981 11.4351 0.599999
      vertex -53.1259 14.235 52
      vertex -53.1259 14.235 0.599999
    endloop
  endfacet
  facet normal -0.97237 0.233447 0
    outer loop
      vertex -53.1259 14.235 52
      vertex -53.7981 11.4351 0.599999
      vertex -53.7981 11.4351 52
    endloop
  endfacet
  facet normal 0 0 1
    outer loop
      vertex 52 0 52
      vertex 55 0 52
      vertex 54.9246 2.87848 52
    endloop
  endfacet
  facet normal 0 0 1
    outer loop
      vertex 51.9287 2.72147 52
      vertex 54.9246 2.87848 52
      vertex 54.6987 5.74907 52
    endloop
  endfacet
  facet normal 0 0 1
    outer loop
      vertex 55 0 52
      vertex 52 0 52
      vertex 54.9246 -2.87848 52
    endloop
  endfacet
  facet normal 0 0 1
    outer loop
      vertex 51.7151 5.43548 52
      vertex 54.6987 5.74907 52
      vertex 54.3229 8.6039 52
    endloop
  endfacet
  facet normal -0 0 1
    outer loop
      vertex 51.9287 -2.72147 52
      vertex 54.9246 -2.87848 52
      vertex 52 0 52
    endloop
  endfacet
  facet normal 0 0 1
    outer loop
      vertex 51.3598 8.13459 52
      vertex 54.3229 8.6039 52
      vertex 53.7981 11.4351 52
    endloop
  endfacet
  facet normal 0 0 1
    outer loop
      vertex 54.9246 -2.87848 52
      vertex 51.9287 -2.72147 52
      vertex 54.6987 -5.74907 52
    endloop
  endfacet
  facet normal 0 0 1
    outer loop
      vertex 50.8637 10.8114 52
      vertex 53.7981 11.4351 52
      vertex 53.1259 14.235 52
    endloop
  endfacet
  facet normal -0 0 1
    outer loop
      vertex 51.7151 -5.43548 52
      vertex 54.6987 -5.74907 52
      vertex 51.9287 -2.72147 52
    endloop
  endfacet
  facet normal 0 0 1
    outer loop
      vertex 50.2281 13.4586 52
      vertex 53.1259 14.235 52
      vertex 52.3081 16.9959 52
    endloop
  endfacet
  facet normal 0 0 1
    outer loop
      vertex 54.6987 -5.74907 52
      vertex 51.7151 -5.43548 52
      vertex 54.3229 -8.6039 52
    endloop
  endfacet
  facet normal -0 0 1
    outer loop
      vertex 51.3598 -8.13459 52
      vertex 54.3229 -8.6039 52
      vertex 51.7151 -5.43548 52
    endloop
  endfacet
  facet normal 0 0 1
    outer loop
      vertex 54.9246 2.87848 52
      vertex 51.9287 2.72147 52
      vertex 52 0 52
    endloop
  endfacet
  facet normal 0 0 1
    outer loop
      vertex 54.6987 5.74907 52
      vertex 51.7151 5.43548 52
      vertex 51.9287 2.72147 52
    endloop
  endfacet
  facet normal 0 0 1
    outer loop
      vertex 54.3229 8.6039 52
      vertex 51.3598 8.13459 52
      vertex 51.7151 5.43548 52
    endloop
  endfacet
  facet normal 0 0 1
    outer loop
      vertex 49.4549 16.0689 52
      vertex 52.3081 16.9959 52
      vertex 51.3469 19.7102 52
    endloop
  endfacet
  facet normal 0 0 1
    outer loop
      vertex 53.7981 11.4351 52
      vertex 50.8637 10.8114 52
      vertex 51.3598 8.13459 52
    endloop
  endfacet
  facet normal 0 0 1
    outer loop
      vertex 48.5462 18.6351 52
      vertex 51.3469 19.7102 52
      vertex 50.245 22.3705 52
    endloop
  endfacet
  facet normal 0 0 1
    outer loop
      vertex 53.1259 14.235 52
      vertex 50.2281 13.4586 52
      vertex 50.8637 10.8114 52
    endloop
  endfacet
  facet normal 0 0 1
    outer loop
      vertex 52.3081 16.9959 52
      vertex 49.4549 16.0689 52
      vertex 50.2281 13.4586 52
    endloop
  endfacet
  facet normal 0 0 1
    outer loop
      vertex 47.5044 21.1503 52
      vertex 50.245 22.3705 52
      vertex 49.0054 24.9695 52
    endloop
  endfacet
  facet normal 0 0 1
    outer loop
      vertex 51.3469 19.7102 52
      vertex 48.5462 18.6351 52
      vertex 49.4549 16.0689 52
    endloop
  endfacet
  facet normal 0 0 1
    outer loop
      vertex 46.3323 23.6075 52
      vertex 49.0054 24.9695 52
      vertex 47.6314 27.5 52
    endloop
  endfacet
  facet normal 0 0 1
    outer loop
      vertex 50.245 22.3705 52
      vertex 47.5044 21.1503 52
      vertex 48.5462 18.6351 52
    endloop
  endfacet
  facet normal 0 0 1
    outer loop
      vertex 49.0054 24.9695 52
      vertex 46.3323 23.6075 52
      vertex 47.5044 21.1503 52
    endloop
  endfacet
  facet normal 0 0 1
    outer loop
      vertex 45.0333 26 52
      vertex 47.6314 27.5 52
      vertex 46.1269 29.9551 52
    endloop
  endfacet
  facet normal 0 0 1
    outer loop
      vertex 47.6314 27.5 52
      vertex 45.0333 26 52
      vertex 46.3323 23.6075 52
    endloop
  endfacet
  facet normal 0 0 1
    outer loop
      vertex 43.6109 28.3212 52
      vertex 46.1269 29.9551 52
      vertex 44.4959 32.3282 52
    endloop
  endfacet
  facet normal 0 0 1
    outer loop
      vertex 46.1269 29.9551 52
      vertex 43.6109 28.3212 52
      vertex 45.0333 26 52
    endloop
  endfacet
  facet normal 0 0 1
    outer loop
      vertex 42.0689 30.5648 52
      vertex 44.4959 32.3282 52
      vertex 42.743 34.6126 52
    endloop
  endfacet
  facet normal 0 0 1
    outer loop
      vertex 44.4959 32.3282 52
      vertex 42.0689 30.5648 52
      vertex 43.6109 28.3212 52
    endloop
  endfacet
  facet normal 0 0 1
    outer loop
      vertex 40.4116 32.7247 52
      vertex 42.743 34.6126 52
      vertex 40.873 36.8022 52
    endloop
  endfacet
  facet normal 0 0 1
    outer loop
      vertex 42.743 34.6126 52
      vertex 40.4116 32.7247 52
      vertex 42.0689 30.5648 52
    endloop
  endfacet
  facet normal 0 0 1
    outer loop
      vertex 38.6435 34.7948 52
      vertex 40.873 36.8022 52
      vertex 38.8909 38.8909 52
    endloop
  endfacet
  facet normal 0 0 1
    outer loop
      vertex 40.873 36.8022 52
      vertex 38.6435 34.7948 52
      vertex 40.4116 32.7247 52
    endloop
  endfacet
  facet normal 0 0 1
    outer loop
      vertex 36.7696 36.7696 52
      vertex 38.8909 38.8909 52
      vertex 36.8022 40.873 52
    endloop
  endfacet
  facet normal 0 0 1
    outer loop
      vertex 38.8909 38.8909 52
      vertex 36.7696 36.7696 52
      vertex 38.6435 34.7948 52
    endloop
  endfacet
  facet normal 0 0 1
    outer loop
      vertex 36.8022 40.873 52
      vertex 34.7948 38.6435 52
      vertex 36.7696 36.7696 52
    endloop
  endfacet
  facet normal 0 0 1
    outer loop
      vertex 34.6126 42.743 52
      vertex 34.7948 38.6435 52
      vertex 36.8022 40.873 52
    endloop
  endfacet
  facet normal 0 0 1
    outer loop
      vertex 34.6126 42.743 52
      vertex 32.7247 40.4116 52
      vertex 34.7948 38.6435 52
    endloop
  endfacet
  facet normal 0 0 1
    outer loop
      vertex 32.3282 44.4959 52
      vertex 32.7247 40.4116 52
      vertex 34.6126 42.743 52
    endloop
  endfacet
  facet normal 0 0 1
    outer loop
      vertex 32.3282 44.4959 52
      vertex 30.5648 42.0689 52
      vertex 32.7247 40.4116 52
    endloop
  endfacet
  facet normal 0 0 1
    outer loop
      vertex 29.9551 46.1269 52
      vertex 30.5648 42.0689 52
      vertex 32.3282 44.4959 52
    endloop
  endfacet
  facet normal 0 0 1
    outer loop
      vertex 29.9551 46.1269 52
      vertex 28.3212 43.6109 52
      vertex 30.5648 42.0689 52
    endloop
  endfacet
  facet normal 0 0 1
    outer loop
      vertex 27.5 47.6314 52
      vertex 28.3212 43.6109 52
      vertex 29.9551 46.1269 52
    endloop
  endfacet
  facet normal 0 0 1
    outer loop
      vertex 27.5 47.6314 52
      vertex 26 45.0333 52
      vertex 28.3212 43.6109 52
    endloop
  endfacet
  facet normal 0 0 1
    outer loop
      vertex 24.9695 49.0054 52
      vertex 26 45.0333 52
      vertex 27.5 47.6314 52
    endloop
  endfacet
  facet normal 0 0 1
    outer loop
      vertex 24.9695 49.0054 52
      vertex 23.6075 46.3323 52
      vertex 26 45.0333 52
    endloop
  endfacet
  facet normal 0 0 1
    outer loop
      vertex 22.3705 50.245 52
      vertex 23.6075 46.3323 52
      vertex 24.9695 49.0054 52
    endloop
  endfacet
  facet normal 0 0 1
    outer loop
      vertex 22.3705 50.245 52
      vertex 21.1503 47.5044 52
      vertex 23.6075 46.3323 52
    endloop
  endfacet
  facet normal 0 0 1
    outer loop
      vertex 19.7102 51.3469 52
      vertex 21.1503 47.5044 52
      vertex 22.3705 50.245 52
    endloop
  endfacet
  facet normal 0 0 1
    outer loop
      vertex 19.7102 51.3469 52
      vertex 18.6351 48.5462 52
      vertex 21.1503 47.5044 52
    endloop
  endfacet
  facet normal 0 0 1
    outer loop
      vertex 16.9959 52.3081 52
      vertex 18.6351 48.5462 52
      vertex 19.7102 51.3469 52
    endloop
  endfacet
  facet normal 0 0 1
    outer loop
      vertex 16.9959 52.3081 52
      vertex 16.0689 49.4549 52
      vertex 18.6351 48.5462 52
    endloop
  endfacet
  facet normal 0 0 1
    outer loop
      vertex 14.235 53.1259 52
      vertex 16.0689 49.4549 52
      vertex 16.9959 52.3081 52
    endloop
  endfacet
  facet normal 0 0 1
    outer loop
      vertex 14.235 53.1259 52
      vertex 13.4586 50.2281 52
      vertex 16.0689 49.4549 52
    endloop
  endfacet
  facet normal 0 0 1
    outer loop
      vertex 11.4351 53.7981 52
      vertex 13.4586 50.2281 52
      vertex 14.235 53.1259 52
    endloop
  endfacet
  facet normal 0 0 1
    outer loop
      vertex 11.4351 53.7981 52
      vertex 10.8114 50.8637 52
      vertex 13.4586 50.2281 52
    endloop
  endfacet
  facet normal 0 0 1
    outer loop
      vertex 8.6039 54.3229 52
      vertex 10.8114 50.8637 52
      vertex 11.4351 53.7981 52
    endloop
  endfacet
  facet normal 0 0 1
    outer loop
      vertex 8.6039 54.3229 52
      vertex 8.13459 51.3598 52
      vertex 10.8114 50.8637 52
    endloop
  endfacet
  facet normal 0 0 1
    outer loop
      vertex 5.74907 54.6987 52
      vertex 8.13459 51.3598 52
      vertex 8.6039 54.3229 52
    endloop
  endfacet
  facet normal 0 0 1
    outer loop
      vertex 5.74907 54.6987 52
      vertex 5.43548 51.7151 52
      vertex 8.13459 51.3598 52
    endloop
  endfacet
  facet normal 0 0 1
    outer loop
      vertex 2.87848 54.9246 52
      vertex 5.43548 51.7151 52
      vertex 5.74907 54.6987 52
    endloop
  endfacet
  facet normal 0 0 1
    outer loop
      vertex 2.87848 54.9246 52
      vertex 2.72147 51.9287 52
      vertex 5.43548 51.7151 52
    endloop
  endfacet
  facet normal 0 0 1
    outer loop
      vertex 0 55 52
      vertex 2.72147 51.9287 52
      vertex 2.87848 54.9246 52
    endloop
  endfacet
  facet normal 0 0 1
    outer loop
      vertex 0 55 52
      vertex 0 52 52
      vertex 2.72147 51.9287 52
    endloop
  endfacet
  facet normal 0 0 1
    outer loop
      vertex 0 55 52
      vertex -2.72147 51.9287 52
      vertex 0 52 52
    endloop
  endfacet
  facet normal -0 0 1
    outer loop
      vertex -2.87848 54.9246 52
      vertex -2.72147 51.9287 52
      vertex 0 55 52
    endloop
  endfacet
  facet normal 0 0 1
    outer loop
      vertex -2.87848 54.9246 52
      vertex -5.43548 51.7151 52
      vertex -2.72147 51.9287 52
    endloop
  endfacet
  facet normal -0 0 1
    outer loop
      vertex -5.74907 54.6987 52
      vertex -5.43548 51.7151 52
      vertex -2.87848 54.9246 52
    endloop
  endfacet
  facet normal 0 0 1
    outer loop
      vertex -5.74907 54.6987 52
      vertex -8.13459 51.3598 52
      vertex -5.43548 51.7151 52
    endloop
  endfacet
  facet normal -0 0 1
    outer loop
      vertex -8.6039 54.3229 52
      vertex -8.13459 51.3598 52
      vertex -5.74907 54.6987 52
    endloop
  endfacet
  facet normal 0 0 1
    outer loop
      vertex -8.6039 54.3229 52
      vertex -10.8114 50.8637 52
      vertex -8.13459 51.3598 52
    endloop
  endfacet
  facet normal -0 0 1
    outer loop
      vertex -11.4351 53.7981 52
      vertex -10.8114 50.8637 52
      vertex -8.6039 54.3229 52
    endloop
  endfacet
  facet normal 0 0 1
    outer loop
      vertex -11.4351 53.7981 52
      vertex -13.4586 50.2281 52
      vertex -10.8114 50.8637 52
    endloop
  endfacet
  facet normal -0 0 1
    outer loop
      vertex -14.235 53.1259 52
      vertex -13.4586 50.2281 52
      vertex -11.4351 53.7981 52
    endloop
  endfacet
  facet normal 0 0 1
    outer loop
      vertex -14.235 53.1259 52
      vertex -16.0689 49.4549 52
      vertex -13.4586 50.2281 52
    endloop
  endfacet
  facet normal -0 0 1
    outer loop
      vertex -16.9959 52.3081 52
      vertex -16.0689 49.4549 52
      vertex -14.235 53.1259 52
    endloop
  endfacet
  facet normal 0 0 1
    outer loop
      vertex -16.9959 52.3081 52
      vertex -18.6351 48.5462 52
      vertex -16.0689 49.4549 52
    endloop
  endfacet
  facet normal -0 0 1
    outer loop
      vertex -19.7102 51.3469 52
      vertex -18.6351 48.5462 52
      vertex -16.9959 52.3081 52
    endloop
  endfacet
  facet normal 0 0 1
    outer loop
      vertex -19.7102 51.3469 52
      vertex -21.1503 47.5044 52
      vertex -18.6351 48.5462 52
    endloop
  endfacet
  facet normal -0 0 1
    outer loop
      vertex -22.3705 50.245 52
      vertex -21.1503 47.5044 52
      vertex -19.7102 51.3469 52
    endloop
  endfacet
  facet normal 0 0 1
    outer loop
      vertex -22.3705 50.245 52
      vertex -23.6075 46.3323 52
      vertex -21.1503 47.5044 52
    endloop
  endfacet
  facet normal -0 0 1
    outer loop
      vertex -24.9695 49.0054 52
      vertex -23.6075 46.3323 52
      vertex -22.3705 50.245 52
    endloop
  endfacet
  facet normal 0 0 1
    outer loop
      vertex -24.9695 49.0054 52
      vertex -26 45.0333 52
      vertex -23.6075 46.3323 52
    endloop
  endfacet
  facet normal -0 0 1
    outer loop
      vertex -27.5 47.6314 52
      vertex -26 45.0333 52
      vertex -24.9695 49.0054 52
    endloop
  endfacet
  facet normal 0 0 1
    outer loop
      vertex -27.5 47.6314 52
      vertex -28.3212 43.6109 52
      vertex -26 45.0333 52
    endloop
  endfacet
  facet normal -0 0 1
    outer loop
      vertex -29.9551 46.1269 52
      vertex -28.3212 43.6109 52
      vertex -27.5 47.6314 52
    endloop
  endfacet
  facet normal 0 0 1
    outer loop
      vertex -29.9551 46.1269 52
      vertex -30.5648 42.0689 52
      vertex -28.3212 43.6109 52
    endloop
  endfacet
  facet normal -0 0 1
    outer loop
      vertex -32.3282 44.4959 52
      vertex -30.5648 42.0689 52
      vertex -29.9551 46.1269 52
    endloop
  endfacet
  facet normal 0 0 1
    outer loop
      vertex -32.3282 44.4959 52
      vertex -32.7247 40.4116 52
      vertex -30.5648 42.0689 52
    endloop
  endfacet
  facet normal -0 0 1
    outer loop
      vertex -34.6126 42.743 52
      vertex -32.7247 40.4116 52
      vertex -32.3282 44.4959 52
    endloop
  endfacet
  facet normal 0 0 1
    outer loop
      vertex -34.6126 42.743 52
      vertex -34.7948 38.6435 52
      vertex -32.7247 40.4116 52
    endloop
  endfacet
  facet normal -0 0 1
    outer loop
      vertex -36.8022 40.873 52
      vertex -34.7948 38.6435 52
      vertex -34.6126 42.743 52
    endloop
  endfacet
  facet normal 0 0 1
    outer loop
      vertex -34.7948 38.6435 52
      vertex -36.8022 40.873 52
      vertex -36.7696 36.7696 52
    endloop
  endfacet
  facet normal -0 0 1
    outer loop
      vertex -38.8909 38.8909 52
      vertex -36.7696 36.7696 52
      vertex -36.8022 40.873 52
    endloop
  endfacet
  facet normal 0 0 1
    outer loop
      vertex -36.7696 36.7696 52
      vertex -38.8909 38.8909 52
      vertex -38.6435 34.7948 52
    endloop
  endfacet
  facet normal -0 0 1
    outer loop
      vertex -40.873 36.8022 52
      vertex -38.6435 34.7948 52
      vertex -38.8909 38.8909 52
    endloop
  endfacet
  facet normal 0 0 1
    outer loop
      vertex -38.6435 34.7948 52
      vertex -40.873 36.8022 52
      vertex -40.4116 32.7247 52
    endloop
  endfacet
  facet normal -0 0 1
    outer loop
      vertex -42.743 34.6126 52
      vertex -40.4116 32.7247 52
      vertex -40.873 36.8022 52
    endloop
  endfacet
  facet normal 0 0 1
    outer loop
      vertex -40.4116 32.7247 52
      vertex -42.743 34.6126 52
      vertex -42.0689 30.5648 52
    endloop
  endfacet
  facet normal -0 0 1
    outer loop
      vertex -44.4959 32.3282 52
      vertex -42.0689 30.5648 52
      vertex -42.743 34.6126 52
    endloop
  endfacet
  facet normal 0 0 1
    outer loop
      vertex -42.0689 30.5648 52
      vertex -44.4959 32.3282 52
      vertex -43.6109 28.3212 52
    endloop
  endfacet
  facet normal -0 0 1
    outer loop
      vertex -46.1269 29.9551 52
      vertex -43.6109 28.3212 52
      vertex -44.4959 32.3282 52
    endloop
  endfacet
  facet normal 0 0 1
    outer loop
      vertex -43.6109 28.3212 52
      vertex -46.1269 29.9551 52
      vertex -45.0333 26 52
    endloop
  endfacet
  facet normal -0 0 1
    outer loop
      vertex -47.6314 27.5 52
      vertex -45.0333 26 52
      vertex -46.1269 29.9551 52
    endloop
  endfacet
  facet normal 0 0 1
    outer loop
      vertex -45.0333 26 52
      vertex -47.6314 27.5 52
      vertex -46.3323 23.6075 52
    endloop
  endfacet
  facet normal -0 0 1
    outer loop
      vertex -49.0054 24.9695 52
      vertex -46.3323 23.6075 52
      vertex -47.6314 27.5 52
    endloop
  endfacet
  facet normal 0 0 1
    outer loop
      vertex -46.3323 23.6075 52
      vertex -49.0054 24.9695 52
      vertex -47.5044 21.1503 52
    endloop
  endfacet
  facet normal -0 0 1
    outer loop
      vertex -50.245 22.3705 52
      vertex -47.5044 21.1503 52
      vertex -49.0054 24.9695 52
    endloop
  endfacet
  facet normal 0 0 1
    outer loop
      vertex -47.5044 21.1503 52
      vertex -50.245 22.3705 52
      vertex -48.5462 18.6351 52
    endloop
  endfacet
  facet normal -0 0 1
    outer loop
      vertex -51.3469 19.7102 52
      vertex -48.5462 18.6351 52
      vertex -50.245 22.3705 52
    endloop
  endfacet
  facet normal 0 0 1
    outer loop
      vertex -48.5462 18.6351 52
      vertex -51.3469 19.7102 52
      vertex -49.4549 16.0689 52
    endloop
  endfacet
  facet normal -0 0 1
    outer loop
      vertex -52.3081 16.9959 52
      vertex -49.4549 16.0689 52
      vertex -51.3469 19.7102 52
    endloop
  endfacet
  facet normal 0 0 1
    outer loop
      vertex -49.4549 16.0689 52
      vertex -52.3081 16.9959 52
      vertex -50.2281 13.4586 52
    endloop
  endfacet
  facet normal -0 0 1
    outer loop
      vertex -53.1259 14.235 52
      vertex -50.2281 13.4586 52
      vertex -52.3081 16.9959 52
    endloop
  endfacet
  facet normal 0 0 1
    outer loop
      vertex -50.2281 13.4586 52
      vertex -53.1259 14.235 52
      vertex -50.8637 10.8114 52
    endloop
  endfacet
  facet normal -0 0 1
    outer loop
      vertex -53.7981 11.4351 52
      vertex -50.8637 10.8114 52
      vertex -53.1259 14.235 52
    endloop
  endfacet
  facet normal -0 0 1
    outer loop
      vertex -54.3229 8.6039 52
      vertex -51.3598 8.13459 52
      vertex -53.7981 11.4351 52
    endloop
  endfacet
  facet normal 0 0 1
    outer loop
      vertex -50.8637 10.8114 52
      vertex -53.7981 11.4351 52
      vertex -51.3598 8.13459 52
    endloop
  endfacet
  facet normal 0 0 1
    outer loop
      vertex 54.3229 -8.6039 52
      vertex 51.3598 -8.13459 52
      vertex 53.7981 -11.4351 52
    endloop
  endfacet
  facet normal -0 0 1
    outer loop
      vertex 50.8637 -10.8114 52
      vertex 53.7981 -11.4351 52
      vertex 51.3598 -8.13459 52
    endloop
  endfacet
  facet normal 0 0 1
    outer loop
      vertex 53.7981 -11.4351 52
      vertex 50.8637 -10.8114 52
      vertex 53.1259 -14.235 52
    endloop
  endfacet
  facet normal -0 0 1
    outer loop
      vertex 50.2281 -13.4586 52
      vertex 53.1259 -14.235 52
      vertex 50.8637 -10.8114 52
    endloop
  endfacet
  facet normal 0 0 1
    outer loop
      vertex 53.1259 -14.235 52
      vertex 50.2281 -13.4586 52
      vertex 52.3081 -16.9959 52
    endloop
  endfacet
  facet normal -0 0 1
    outer loop
      vertex 49.4549 -16.0689 52
      vertex 52.3081 -16.9959 52
      vertex 50.2281 -13.4586 52
    endloop
  endfacet
  facet normal 0 0 1
    outer loop
      vertex 52.3081 -16.9959 52
      vertex 49.4549 -16.0689 52
      vertex 51.3469 -19.7102 52
    endloop
  endfacet
  facet normal -0 0 1
    outer loop
      vertex 48.5462 -18.6351 52
      vertex 51.3469 -19.7102 52
      vertex 49.4549 -16.0689 52
    endloop
  endfacet
  facet normal 0 0 1
    outer loop
      vertex 51.3469 -19.7102 52
      vertex 48.5462 -18.6351 52
      vertex 50.245 -22.3705 52
    endloop
  endfacet
  facet normal -0 0 1
    outer loop
      vertex 47.5044 -21.1503 52
      vertex 50.245 -22.3705 52
      vertex 48.5462 -18.6351 52
    endloop
  endfacet
  facet normal 0 0 1
    outer loop
      vertex 50.245 -22.3705 52
      vertex 47.5044 -21.1503 52
      vertex 49.0054 -24.9695 52
    endloop
  endfacet
  facet normal -0 0 1
    outer loop
      vertex 46.3323 -23.6075 52
      vertex 49.0054 -24.9695 52
      vertex 47.5044 -21.1503 52
    endloop
  endfacet
  facet normal 0 0 1
    outer loop
      vertex 49.0054 -24.9695 52
      vertex 46.3323 -23.6075 52
      vertex 47.6314 -27.5 52
    endloop
  endfacet
  facet normal -0 0 1
    outer loop
      vertex 45.0333 -26 52
      vertex 47.6314 -27.5 52
      vertex 46.3323 -23.6075 52
    endloop
  endfacet
  facet normal 0 0 1
    outer loop
      vertex 47.6314 -27.5 52
      vertex 45.0333 -26 52
      vertex 46.1269 -29.9551 52
    endloop
  endfacet
  facet normal -0 0 1
    outer loop
      vertex 43.6109 -28.3212 52
      vertex 46.1269 -29.9551 52
      vertex 45.0333 -26 52
    endloop
  endfacet
  facet normal 0 0 1
    outer loop
      vertex 46.1269 -29.9551 52
      vertex 43.6109 -28.3212 52
      vertex 44.4959 -32.3282 52
    endloop
  endfacet
  facet normal -0 0 1
    outer loop
      vertex 42.0689 -30.5648 52
      vertex 44.4959 -32.3282 52
      vertex 43.6109 -28.3212 52
    endloop
  endfacet
  facet normal 0 0 1
    outer loop
      vertex 44.4959 -32.3282 52
      vertex 42.0689 -30.5648 52
      vertex 42.743 -34.6126 52
    endloop
  endfacet
  facet normal -0 0 1
    outer loop
      vertex 40.4116 -32.7247 52
      vertex 42.743 -34.6126 52
      vertex 42.0689 -30.5648 52
    endloop
  endfacet
  facet normal 0 0 1
    outer loop
      vertex 42.743 -34.6126 52
      vertex 40.4116 -32.7247 52
      vertex 40.873 -36.8022 52
    endloop
  endfacet
  facet normal -0 0 1
    outer loop
      vertex 38.6435 -34.7948 52
      vertex 40.873 -36.8022 52
      vertex 40.4116 -32.7247 52
    endloop
  endfacet
  facet normal 0 0 1
    outer loop
      vertex 40.873 -36.8022 52
      vertex 38.6435 -34.7948 52
      vertex 38.8909 -38.8909 52
    endloop
  endfacet
  facet normal -0 0 1
    outer loop
      vertex 36.7696 -36.7696 52
      vertex 38.8909 -38.8909 52
      vertex 38.6435 -34.7948 52
    endloop
  endfacet
  facet normal 0 0 1
    outer loop
      vertex 38.8909 -38.8909 52
      vertex 36.7696 -36.7696 52
      vertex 36.8022 -40.873 52
    endloop
  endfacet
  facet normal -0 0 1
    outer loop
      vertex 34.7948 -38.6435 52
      vertex 36.8022 -40.873 52
      vertex 36.7696 -36.7696 52
    endloop
  endfacet
  facet normal 0 0 1
    outer loop
      vertex 34.7948 -38.6435 52
      vertex 34.6126 -42.743 52
      vertex 36.8022 -40.873 52
    endloop
  endfacet
  facet normal -0 0 1
    outer loop
      vertex 32.7247 -40.4116 52
      vertex 34.6126 -42.743 52
      vertex 34.7948 -38.6435 52
    endloop
  endfacet
  facet normal 0 0 1
    outer loop
      vertex 32.7247 -40.4116 52
      vertex 32.3282 -44.4959 52
      vertex 34.6126 -42.743 52
    endloop
  endfacet
  facet normal -0 0 1
    outer loop
      vertex 30.5648 -42.0689 52
      vertex 32.3282 -44.4959 52
      vertex 32.7247 -40.4116 52
    endloop
  endfacet
  facet normal 0 0 1
    outer loop
      vertex 30.5648 -42.0689 52
      vertex 29.9551 -46.1269 52
      vertex 32.3282 -44.4959 52
    endloop
  endfacet
  facet normal -0 0 1
    outer loop
      vertex 28.3212 -43.6109 52
      vertex 29.9551 -46.1269 52
      vertex 30.5648 -42.0689 52
    endloop
  endfacet
  facet normal 0 0 1
    outer loop
      vertex 28.3212 -43.6109 52
      vertex 27.5 -47.6314 52
      vertex 29.9551 -46.1269 52
    endloop
  endfacet
  facet normal -0 0 1
    outer loop
      vertex 26 -45.0333 52
      vertex 27.5 -47.6314 52
      vertex 28.3212 -43.6109 52
    endloop
  endfacet
  facet normal 0 0 1
    outer loop
      vertex 26 -45.0333 52
      vertex 24.9695 -49.0054 52
      vertex 27.5 -47.6314 52
    endloop
  endfacet
  facet normal -0 0 1
    outer loop
      vertex 23.6075 -46.3323 52
      vertex 24.9695 -49.0054 52
      vertex 26 -45.0333 52
    endloop
  endfacet
  facet normal 0 0 1
    outer loop
      vertex 23.6075 -46.3323 52
      vertex 22.3705 -50.245 52
      vertex 24.9695 -49.0054 52
    endloop
  endfacet
  facet normal -0 0 1
    outer loop
      vertex 21.1503 -47.5044 52
      vertex 22.3705 -50.245 52
      vertex 23.6075 -46.3323 52
    endloop
  endfacet
  facet normal 0 0 1
    outer loop
      vertex 21.1503 -47.5044 52
      vertex 19.7102 -51.3469 52
      vertex 22.3705 -50.245 52
    endloop
  endfacet
  facet normal -0 0 1
    outer loop
      vertex 18.6351 -48.5462 52
      vertex 19.7102 -51.3469 52
      vertex 21.1503 -47.5044 52
    endloop
  endfacet
  facet normal 0 0 1
    outer loop
      vertex 18.6351 -48.5462 52
      vertex 16.9959 -52.3081 52
      vertex 19.7102 -51.3469 52
    endloop
  endfacet
  facet normal -0 0 1
    outer loop
      vertex 16.0689 -49.4549 52
      vertex 16.9959 -52.3081 52
      vertex 18.6351 -48.5462 52
    endloop
  endfacet
  facet normal 0 0 1
    outer loop
      vertex 16.0689 -49.4549 52
      vertex 14.235 -53.1259 52
      vertex 16.9959 -52.3081 52
    endloop
  endfacet
  facet normal -0 0 1
    outer loop
      vertex 13.4586 -50.2281 52
      vertex 14.235 -53.1259 52
      vertex 16.0689 -49.4549 52
    endloop
  endfacet
  facet normal 0 0 1
    outer loop
      vertex 13.4586 -50.2281 52
      vertex 11.4351 -53.7981 52
      vertex 14.235 -53.1259 52
    endloop
  endfacet
  facet normal -0 0 1
    outer loop
      vertex 10.8114 -50.8637 52
      vertex 11.4351 -53.7981 52
      vertex 13.4586 -50.2281 52
    endloop
  endfacet
  facet normal 0 0 1
    outer loop
      vertex 10.8114 -50.8637 52
      vertex 8.6039 -54.3229 52
      vertex 11.4351 -53.7981 52
    endloop
  endfacet
  facet normal -0 0 1
    outer loop
      vertex 8.13459 -51.3598 52
      vertex 8.6039 -54.3229 52
      vertex 10.8114 -50.8637 52
    endloop
  endfacet
  facet normal 0 0 1
    outer loop
      vertex 8.13459 -51.3598 52
      vertex 5.74907 -54.6987 52
      vertex 8.6039 -54.3229 52
    endloop
  endfacet
  facet normal -0 0 1
    outer loop
      vertex 5.43548 -51.7151 52
      vertex 5.74907 -54.6987 52
      vertex 8.13459 -51.3598 52
    endloop
  endfacet
  facet normal 0 0 1
    outer loop
      vertex 5.43548 -51.7151 52
      vertex 2.87848 -54.9246 52
      vertex 5.74907 -54.6987 52
    endloop
  endfacet
  facet normal -0 0 1
    outer loop
      vertex 2.72147 -51.9287 52
      vertex 2.87848 -54.9246 52
      vertex 5.43548 -51.7151 52
    endloop
  endfacet
  facet normal -0 0 1
    outer loop
      vertex 0 -52 52
      vertex 2.87848 -54.9246 52
      vertex 2.72147 -51.9287 52
    endloop
  endfacet
  facet normal 0 0 1
    outer loop
      vertex 0 -52 52
      vertex 0 -55 52
      vertex 2.87848 -54.9246 52
    endloop
  endfacet
  facet normal 0 0 1
    outer loop
      vertex -2.72147 -51.9287 52
      vertex 0 -55 52
      vertex 0 -52 52
    endloop
  endfacet
  facet normal 0 0 1
    outer loop
      vertex -2.72147 -51.9287 52
      vertex -2.87848 -54.9246 52
      vertex 0 -55 52
    endloop
  endfacet
  facet normal 0 0 1
    outer loop
      vertex -5.43548 -51.7151 52
      vertex -2.87848 -54.9246 52
      vertex -2.72147 -51.9287 52
    endloop
  endfacet
  facet normal 0 0 1
    outer loop
      vertex -5.43548 -51.7151 52
      vertex -5.74907 -54.6987 52
      vertex -2.87848 -54.9246 52
    endloop
  endfacet
  facet normal 0 0 1
    outer loop
      vertex -8.13459 -51.3598 52
      vertex -5.74907 -54.6987 52
      vertex -5.43548 -51.7151 52
    endloop
  endfacet
  facet normal 0 0 1
    outer loop
      vertex -8.13459 -51.3598 52
      vertex -8.6039 -54.3229 52
      vertex -5.74907 -54.6987 52
    endloop
  endfacet
  facet normal 0 0 1
    outer loop
      vertex -10.8114 -50.8637 52
      vertex -8.6039 -54.3229 52
      vertex -8.13459 -51.3598 52
    endloop
  endfacet
  facet normal 0 0 1
    outer loop
      vertex -10.8114 -50.8637 52
      vertex -11.4351 -53.7981 52
      vertex -8.6039 -54.3229 52
    endloop
  endfacet
  facet normal 0 0 1
    outer loop
      vertex -13.4586 -50.2281 52
      vertex -11.4351 -53.7981 52
      vertex -10.8114 -50.8637 52
    endloop
  endfacet
  facet normal 0 0 1
    outer loop
      vertex -13.4586 -50.2281 52
      vertex -14.235 -53.1259 52
      vertex -11.4351 -53.7981 52
    endloop
  endfacet
  facet normal 0 0 1
    outer loop
      vertex -16.0689 -49.4549 52
      vertex -14.235 -53.1259 52
      vertex -13.4586 -50.2281 52
    endloop
  endfacet
  facet normal 0 0 1
    outer loop
      vertex -16.0689 -49.4549 52
      vertex -16.9959 -52.3081 52
      vertex -14.235 -53.1259 52
    endloop
  endfacet
  facet normal 0 0 1
    outer loop
      vertex -18.6351 -48.5462 52
      vertex -16.9959 -52.3081 52
      vertex -16.0689 -49.4549 52
    endloop
  endfacet
  facet normal 0 0 1
    outer loop
      vertex -18.6351 -48.5462 52
      vertex -19.7102 -51.3469 52
      vertex -16.9959 -52.3081 52
    endloop
  endfacet
  facet normal 0 0 1
    outer loop
      vertex -21.1503 -47.5044 52
      vertex -19.7102 -51.3469 52
      vertex -18.6351 -48.5462 52
    endloop
  endfacet
  facet normal 0 0 1
    outer loop
      vertex -21.1503 -47.5044 52
      vertex -22.3705 -50.245 52
      vertex -19.7102 -51.3469 52
    endloop
  endfacet
  facet normal 0 0 1
    outer loop
      vertex -23.6075 -46.3323 52
      vertex -22.3705 -50.245 52
      vertex -21.1503 -47.5044 52
    endloop
  endfacet
  facet normal 0 0 1
    outer loop
      vertex -23.6075 -46.3323 52
      vertex -24.9695 -49.0054 52
      vertex -22.3705 -50.245 52
    endloop
  endfacet
  facet normal 0 0 1
    outer loop
      vertex -26 -45.0333 52
      vertex -24.9695 -49.0054 52
      vertex -23.6075 -46.3323 52
    endloop
  endfacet
  facet normal 0 0 1
    outer loop
      vertex -26 -45.0333 52
      vertex -27.5 -47.6314 52
      vertex -24.9695 -49.0054 52
    endloop
  endfacet
  facet normal 0 0 1
    outer loop
      vertex -28.3212 -43.6109 52
      vertex -27.5 -47.6314 52
      vertex -26 -45.0333 52
    endloop
  endfacet
  facet normal 0 0 1
    outer loop
      vertex -28.3212 -43.6109 52
      vertex -29.9551 -46.1269 52
      vertex -27.5 -47.6314 52
    endloop
  endfacet
  facet normal 0 0 1
    outer loop
      vertex -30.5648 -42.0689 52
      vertex -29.9551 -46.1269 52
      vertex -28.3212 -43.6109 52
    endloop
  endfacet
  facet normal 0 0 1
    outer loop
      vertex -30.5648 -42.0689 52
      vertex -32.3282 -44.4959 52
      vertex -29.9551 -46.1269 52
    endloop
  endfacet
  facet normal 0 0 1
    outer loop
      vertex -32.7247 -40.4116 52
      vertex -32.3282 -44.4959 52
      vertex -30.5648 -42.0689 52
    endloop
  endfacet
  facet normal 0 0 1
    outer loop
      vertex -32.7247 -40.4116 52
      vertex -34.6126 -42.743 52
      vertex -32.3282 -44.4959 52
    endloop
  endfacet
  facet normal 0 0 1
    outer loop
      vertex -34.7948 -38.6435 52
      vertex -34.6126 -42.743 52
      vertex -32.7247 -40.4116 52
    endloop
  endfacet
  facet normal 0 0 1
    outer loop
      vertex -36.8022 -40.873 52
      vertex -34.7948 -38.6435 52
      vertex -36.7696 -36.7696 52
    endloop
  endfacet
  facet normal 0 0 1
    outer loop
      vertex -34.7948 -38.6435 52
      vertex -36.8022 -40.873 52
      vertex -34.6126 -42.743 52
    endloop
  endfacet
  facet normal 0 0 1
    outer loop
      vertex -38.8909 -38.8909 52
      vertex -36.7696 -36.7696 52
      vertex -38.6435 -34.7948 52
    endloop
  endfacet
  facet normal 0 0 1
    outer loop
      vertex -36.7696 -36.7696 52
      vertex -38.8909 -38.8909 52
      vertex -36.8022 -40.873 52
    endloop
  endfacet
  facet normal 0 0 1
    outer loop
      vertex -40.873 -36.8022 52
      vertex -38.6435 -34.7948 52
      vertex -40.4116 -32.7247 52
    endloop
  endfacet
  facet normal 0 0 1
    outer loop
      vertex -38.6435 -34.7948 52
      vertex -40.873 -36.8022 52
      vertex -38.8909 -38.8909 52
    endloop
  endfacet
  facet normal 0 0 1
    outer loop
      vertex -42.743 -34.6126 52
      vertex -40.4116 -32.7247 52
      vertex -42.0689 -30.5648 52
    endloop
  endfacet
  facet normal 0 0 1
    outer loop
      vertex -40.4116 -32.7247 52
      vertex -42.743 -34.6126 52
      vertex -40.873 -36.8022 52
    endloop
  endfacet
  facet normal 0 0 1
    outer loop
      vertex -44.4959 -32.3282 52
      vertex -42.0689 -30.5648 52
      vertex -43.6109 -28.3212 52
    endloop
  endfacet
  facet normal 0 0 1
    outer loop
      vertex -42.0689 -30.5648 52
      vertex -44.4959 -32.3282 52
      vertex -42.743 -34.6126 52
    endloop
  endfacet
  facet normal 0 0 1
    outer loop
      vertex -46.1269 -29.9551 52
      vertex -43.6109 -28.3212 52
      vertex -45.0333 -26 52
    endloop
  endfacet
  facet normal 0 0 1
    outer loop
      vertex -43.6109 -28.3212 52
      vertex -46.1269 -29.9551 52
      vertex -44.4959 -32.3282 52
    endloop
  endfacet
  facet normal 0 0 1
    outer loop
      vertex -47.6314 -27.5 52
      vertex -45.0333 -26 52
      vertex -46.3323 -23.6075 52
    endloop
  endfacet
  facet normal 0 0 1
    outer loop
      vertex -49.0054 -24.9695 52
      vertex -46.3323 -23.6075 52
      vertex -47.5044 -21.1503 52
    endloop
  endfacet
  facet normal 0 0 1
    outer loop
      vertex -45.0333 -26 52
      vertex -47.6314 -27.5 52
      vertex -46.1269 -29.9551 52
    endloop
  endfacet
  facet normal 0 0 1
    outer loop
      vertex -50.245 -22.3705 52
      vertex -47.5044 -21.1503 52
      vertex -48.5462 -18.6351 52
    endloop
  endfacet
  facet normal 0 0 1
    outer loop
      vertex -46.3323 -23.6075 52
      vertex -49.0054 -24.9695 52
      vertex -47.6314 -27.5 52
    endloop
  endfacet
  facet normal 0 0 1
    outer loop
      vertex -51.3469 -19.7102 52
      vertex -48.5462 -18.6351 52
      vertex -49.4549 -16.0689 52
    endloop
  endfacet
  facet normal 0 0 1
    outer loop
      vertex -52.3081 -16.9959 52
      vertex -49.4549 -16.0689 52
      vertex -50.2281 -13.4586 52
    endloop
  endfacet
  facet normal 0 0 1
    outer loop
      vertex -47.5044 -21.1503 52
      vertex -50.245 -22.3705 52
      vertex -49.0054 -24.9695 52
    endloop
  endfacet
  facet normal 0 0 1
    outer loop
      vertex -53.1259 -14.235 52
      vertex -50.2281 -13.4586 52
      vertex -50.8637 -10.8114 52
    endloop
  endfacet
  facet normal 0 0 1
    outer loop
      vertex -48.5462 -18.6351 52
      vertex -51.3469 -19.7102 52
      vertex -50.245 -22.3705 52
    endloop
  endfacet
  facet normal 0 0 1
    outer loop
      vertex -53.7981 -11.4351 52
      vertex -50.8637 -10.8114 52
      vertex -51.3598 -8.13459 52
    endloop
  endfacet
  facet normal 0 0 1
    outer loop
      vertex -54.3229 -8.6039 52
      vertex -51.3598 -8.13459 52
      vertex -51.7151 -5.43548 52
    endloop
  endfacet
  facet normal 0 0 1
    outer loop
      vertex -54.6987 -5.74907 52
      vertex -51.7151 -5.43548 52
      vertex -51.9287 -2.72147 52
    endloop
  endfacet
  facet normal 0 0 1
    outer loop
      vertex -49.4549 -16.0689 52
      vertex -52.3081 -16.9959 52
      vertex -51.3469 -19.7102 52
    endloop
  endfacet
  facet normal 0 0 1
    outer loop
      vertex -54.9246 -2.87848 52
      vertex -51.9287 -2.72147 52
      vertex -52 0 52
    endloop
  endfacet
  facet normal 0 0 1
    outer loop
      vertex -51.3598 8.13459 52
      vertex -54.3229 8.6039 52
      vertex -51.7151 5.43548 52
    endloop
  endfacet
  facet normal -0 0 1
    outer loop
      vertex -54.6987 5.74907 52
      vertex -51.7151 5.43548 52
      vertex -54.3229 8.6039 52
    endloop
  endfacet
  facet normal 0 0 1
    outer loop
      vertex -50.2281 -13.4586 52
      vertex -53.1259 -14.235 52
      vertex -52.3081 -16.9959 52
    endloop
  endfacet
  facet normal 0 0 1
    outer loop
      vertex -51.7151 5.43548 52
      vertex -54.6987 5.74907 52
      vertex -51.9287 2.72147 52
    endloop
  endfacet
  facet normal 0 0 1
    outer loop
      vertex -50.8637 -10.8114 52
      vertex -53.7981 -11.4351 52
      vertex -53.1259 -14.235 52
    endloop
  endfacet
  facet normal -0 0 1
    outer loop
      vertex -54.9246 2.87848 52
      vertex -51.9287 2.72147 52
      vertex -54.6987 5.74907 52
    endloop
  endfacet
  facet normal 0 0 1
    outer loop
      vertex -51.3598 -8.13459 52
      vertex -54.3229 -8.6039 52
      vertex -53.7981 -11.4351 52
    endloop
  endfacet
  facet normal 0 0 1
    outer loop
      vertex -51.9287 2.72147 52
      vertex -54.9246 2.87848 52
      vertex -52 0 52
    endloop
  endfacet
  facet normal 0 0 1
    outer loop
      vertex -51.7151 -5.43548 52
      vertex -54.6987 -5.74907 52
      vertex -54.3229 -8.6039 52
    endloop
  endfacet
  facet normal 0 0 1
    outer loop
      vertex -55 0 52
      vertex -52 0 52
      vertex -54.9246 2.87848 52
    endloop
  endfacet
  facet normal 0 0 1
    outer loop
      vertex -51.9287 -2.72147 52
      vertex -54.9246 -2.87848 52
      vertex -54.6987 -5.74907 52
    endloop
  endfacet
  facet normal 0 0 1
    outer loop
      vertex -52 0 52
      vertex -55 0 52
      vertex -54.9246 -2.87848 52
    endloop
  endfacet
  facet normal -0.996878 -0.0789606 0
    outer loop
      vertex 51.7151 5.43548 3
      vertex 51.7215 5.35468 5.82144
      vertex 51.7151 5.43548 5.95329
    endloop
  endfacet
  facet normal -0.996938 -0.0782 2.1918e-05
    outer loop
      vertex 51.7151 5.43548 3
      vertex 51.7308 5.23607 5.64886
      vertex 51.7215 5.35468 5.82144
    endloop
  endfacet
  facet normal -0.99688 -0.0789311 -3.34629e-05
    outer loop
      vertex 51.7151 5.43548 3
      vertex 51.7409 5.10858 5.48272
      vertex 51.7308 5.23607 5.64886
    endloop
  endfacet
  facet normal -0.996917 -0.0784667 2.80627e-05
    outer loop
      vertex 51.7151 5.43548 3
      vertex 51.7516 4.97258 5.32348
      vertex 51.7409 5.10858 5.48272
    endloop
  endfacet
  facet normal -0.996935 -0.0782299 7.55361e-05
    outer loop
      vertex 51.7151 5.43548 3
      vertex 51.7629 4.82843 5.17157
      vertex 51.7516 4.97258 5.32348
    endloop
  endfacet
  facet normal -0.996899 -0.0786963 -5.56548e-05
    outer loop
      vertex 51.7151 5.43548 3
      vertex 51.7749 4.67652 5.02742
      vertex 51.7629 4.82843 5.17157
    endloop
  endfacet
  facet normal -0.996928 -0.0783277 8.31863e-05
    outer loop
      vertex 51.7151 5.43548 3
      vertex 51.7874 4.51728 4.89142
      vertex 51.7749 4.67652 5.02742
    endloop
  endfacet
  facet normal -0.996908 -0.0785761 -3.81334e-05
    outer loop
      vertex 51.7151 5.43548 3
      vertex 51.8005 4.35114 4.76393
      vertex 51.7874 4.51728 4.89142
    endloop
  endfacet
  facet normal -0.99691 -0.0785468 -2.00104e-05
    outer loop
      vertex 51.7151 5.43548 3
      vertex 51.8141 4.17856 4.64532
      vertex 51.8005 4.35114 4.76393
    endloop
  endfacet
  facet normal -0.996932 -0.0782785 0.000186202
    outer loop
      vertex 51.7151 5.43548 3
      vertex 51.8281 4 4.5359
      vertex 51.8141 4.17856 4.64532
    endloop
  endfacet
  facet normal -0.996912 -0.0785212 -4.19714e-05
    outer loop
      vertex 51.7151 5.43548 3
      vertex 51.8426 3.81596 4.43597
      vertex 51.8281 4 4.5359
    endloop
  endfacet
  facet normal -0.99691 -0.0785517 -7.66003e-05
    outer loop
      vertex 51.7151 5.43548 3
      vertex 51.8575 3.62695 4.34582
      vertex 51.8426 3.81596 4.43597
    endloop
  endfacet
  facet normal -0.996917 -0.0784601 4.72223e-05
    outer loop
      vertex 51.9287 2.72147 3
      vertex 51.8575 3.62695 4.34582
      vertex 51.7151 5.43548 3
    endloop
  endfacet
  facet normal -0.99693 -0.0782925 -6.62412e-05
    outer loop
      vertex 51.8575 3.62695 4.34582
      vertex 51.9287 2.72147 3
      vertex 51.8727 3.43347 4.26568
    endloop
  endfacet
  facet normal -0.996934 -0.0782476 -9.16861e-05
    outer loop
      vertex 51.8727 3.43347 4.26568
      vertex 51.9287 2.72147 3
      vertex 51.8882 3.23607 4.19577
    endloop
  endfacet
  facet normal -0.996918 -0.0784448 -6.25764e-06
    outer loop
      vertex 51.8882 3.23607 4.19577
      vertex 51.9287 2.72147 3
      vertex 51.904 3.03528 4.1363
    endloop
  endfacet
  facet normal -0.996887 -0.078844 0.000104652
    outer loop
      vertex 51.904 3.03528 4.1363
      vertex 51.9287 2.72147 3
      vertex 51.9201 2.83165 4.08741
    endloop
  endfacet
  facet normal -0.996968 -0.0778174 0
    outer loop
      vertex 51.9201 2.83165 4.08741
      vertex 51.9287 2.72147 3
      vertex 51.9287 2.72147 4.06699
    endloop
  endfacet
  facet normal -0.996878 -0.0789606 0
    outer loop
      vertex 51.7215 5.35468 10.1786
      vertex 51.7151 5.43548 52
      vertex 51.7151 5.43548 10.0467
    endloop
  endfacet
  facet normal -0.99694 -0.0781705 -1.53598e-06
    outer loop
      vertex 51.7308 5.23607 10.3511
      vertex 51.7151 5.43548 52
      vertex 51.7215 5.35468 10.1786
    endloop
  endfacet
  facet normal -0.996877 -0.0789715 2.32252e-06
    outer loop
      vertex 51.7409 5.10858 10.5173
      vertex 51.7151 5.43548 52
      vertex 51.7308 5.23607 10.3511
    endloop
  endfacet
  facet normal -0.996919 -0.0784363 -1.92076e-06
    outer loop
      vertex 51.7516 4.97258 10.6765
      vertex 51.7151 5.43548 52
      vertex 51.7409 5.10858 10.5173
    endloop
  endfacet
  facet normal -0.996941 -0.0781561 -5.07891e-06
    outer loop
      vertex 51.7629 4.82843 10.8284
      vertex 51.7151 5.43548 52
      vertex 51.7516 4.97258 10.6765
    endloop
  endfacet
  facet normal -0.996895 -0.0787454 3.66288e-06
    outer loop
      vertex 51.7749 4.67652 10.9726
      vertex 51.7151 5.43548 52
      vertex 51.7629 4.82843 10.8284
    endloop
  endfacet
  facet normal -0.996933 -0.0782617 -5.34067e-06
    outer loop
      vertex 51.7874 4.51728 11.1086
      vertex 51.7151 5.43548 52
      vertex 51.7749 4.67652 10.9726
    endloop
  endfacet
  facet normal -0.996906 -0.0786034 2.3799e-06
    outer loop
      vertex 51.8005 4.35114 11.2361
      vertex 51.7151 5.43548 52
      vertex 51.7874 4.51728 11.1086
    endloop
  endfacet
  facet normal -0.996909 -0.0785597 1.2096e-06
    outer loop
      vertex 51.8141 4.17856 11.3547
      vertex 51.7151 5.43548 52
      vertex 51.8005 4.35114 11.2361
    endloop
  endfacet
  facet normal -0.99694 -0.0781717 -1.08603e-05
    outer loop
      vertex 51.8281 4 11.4641
      vertex 51.7151 5.43548 52
      vertex 51.8141 4.17856 11.3547
    endloop
  endfacet
  facet normal -0.996911 -0.0785426 2.35211e-06
    outer loop
      vertex 51.8426 3.81596 11.564
      vertex 51.7151 5.43548 52
      vertex 51.8281 4 11.4641
    endloop
  endfacet
  facet normal -0.996907 -0.078586 4.10505e-06
    outer loop
      vertex 51.8575 3.62695 11.6542
      vertex 51.7151 5.43548 52
      vertex 51.8426 3.81596 11.564
    endloop
  endfacet
  facet normal -0.996928 -0.078323 -7.7608e-06
    outer loop
      vertex 51.8727 3.43347 11.7343
      vertex 51.7151 5.43548 52
      vertex 51.8575 3.62695 11.6542
    endloop
  endfacet
  facet normal -0.996931 -0.0782833 -9.74759e-06
    outer loop
      vertex 51.8882 3.23607 11.8042
      vertex 51.7151 5.43548 52
      vertex 51.8727 3.43347 11.7343
    endloop
  endfacet
  facet normal -0.996918 -0.0784469 -7.37924e-07
    outer loop
      vertex 51.904 3.03528 11.8637
      vertex 51.7151 5.43548 52
      vertex 51.8882 3.23607 11.8042
    endloop
  endfacet
  facet normal -0.996889 -0.0788139 2.13455e-05
    outer loop
      vertex 51.9201 2.83165 11.9126
      vertex 51.7151 5.43548 52
      vertex 51.904 3.03528 11.8637
    endloop
  endfacet
  facet normal -0.996967 -0.0778254 -4.32608e-05
    outer loop
      vertex 51.9287 2.72147 11.933
      vertex 51.7151 5.43548 52
      vertex 51.9201 2.83165 11.9126
    endloop
  endfacet
  facet normal -0.996917 -0.0784601 0
    outer loop
      vertex 51.7151 5.43548 52
      vertex 51.9287 2.72147 11.933
      vertex 51.9287 2.72147 52
    endloop
  endfacet
  facet normal -0.999659 -0.0261062 0
    outer loop
      vertex 51.9287 2.72147 3
      vertex 51.9312 2.62574 4.04925
      vertex 51.9287 2.72147 4.06699
    endloop
  endfacet
  facet normal -0.999649 -0.0264757 -3.37338e-05
    outer loop
      vertex 51.9287 2.72147 3
      vertex 51.9367 2.41811 4.02191
      vertex 51.9312 2.62574 4.04925
    endloop
  endfacet
  facet normal -0.999665 -0.0258687 0.000146592
    outer loop
      vertex 51.9287 2.72147 3
      vertex 51.9421 2.20934 4.00548
      vertex 51.9367 2.41811 4.02191
    endloop
  endfacet
  facet normal -0.999655 -0.0262626 -5.41742e-05
    outer loop
      vertex 51.9287 2.72147 3
      vertex 51.9476 2 4
      vertex 51.9421 2.20934 4.00548
    endloop
  endfacet
  facet normal -0.999657 -0.0261901 -1.8469e-06
    outer loop
      vertex 52 0 3
      vertex 51.9476 2 4
      vertex 51.9287 2.72147 3
    endloop
  endfacet
  facet normal -0.999657 -0.026191 0
    outer loop
      vertex 51.9476 2 4
      vertex 52 0 3
      vertex 52 0 4
    endloop
  endfacet
  facet normal -0.999659 -0.0261062 0
    outer loop
      vertex 51.9312 2.62574 11.9508
      vertex 51.9287 2.72147 52
      vertex 51.9287 2.72147 11.933
    endloop
  endfacet
  facet normal -0.999649 -0.02648 8.94129e-07
    outer loop
      vertex 51.9367 2.41811 11.9781
      vertex 51.9287 2.72147 52
      vertex 51.9312 2.62574 11.9508
    endloop
  endfacet
  facet normal -0.999666 -0.0258574 -3.82823e-06
    outer loop
      vertex 51.9421 2.20934 11.9945
      vertex 51.9287 2.72147 52
      vertex 51.9367 2.41811 11.9781
    endloop
  endfacet
  facet normal -0.999655 -0.0262639 1.37928e-06
    outer loop
      vertex 51.9476 2 12
      vertex 51.9287 2.72147 52
      vertex 51.9421 2.20934 11.9945
    endloop
  endfacet
  facet normal -0.999657 -0.026191 -0
    outer loop
      vertex 52 0 52
      vertex 51.9476 2 12
      vertex 52 0 12
    endloop
  endfacet
  facet normal -0.999657 -0.0261901 4.61724e-08
    outer loop
      vertex 51.9476 2 12
      vertex 52 0 52
      vertex 51.9287 2.72147 52
    endloop
  endfacet
  facet normal -0.991414 -0.130764 -0.000107937
    outer loop
      vertex 51.6415 5.99452 8.20934
      vertex 51.3598 8.13459 3
      vertex 51.6408 6 8
    endloop
  endfacet
  facet normal -0.991475 -0.130295 9.54712e-05
    outer loop
      vertex 51.3598 8.13459 3
      vertex 51.6415 5.99452 7.79066
      vertex 51.6408 6 8
    endloop
  endfacet
  facet normal -0.991404 -0.130837 -0.000150595
    outer loop
      vertex 51.3598 8.13459 3
      vertex 51.6437 5.97809 7.58189
      vertex 51.6415 5.99452 7.79066
    endloop
  endfacet
  facet normal -0.991445 -0.130528 -2.72334e-06
    outer loop
      vertex 51.3598 8.13459 3
      vertex 51.6473 5.95075 7.37426
      vertex 51.6437 5.97809 7.58189
    endloop
  endfacet
  facet normal -0.991467 -0.130359 8.32927e-05
    outer loop
      vertex 51.3598 8.13459 3
      vertex 51.6523 5.91259 7.16835
      vertex 51.6473 5.95075 7.37426
    endloop
  endfacet
  facet normal -0.991394 -0.13091 -0.000215536
    outer loop
      vertex 51.3598 8.13459 3
      vertex 51.6588 5.8637 6.96472
      vertex 51.6523 5.91259 7.16835
    endloop
  endfacet
  facet normal -0.991465 -0.130371 9.83046e-05
    outer loop
      vertex 51.3598 8.13459 3
      vertex 51.6666 5.80423 6.76393
      vertex 51.6588 5.8637 6.96472
    endloop
  endfacet
  facet normal -0.991447 -0.130507 1.24433e-05
    outer loop
      vertex 51.3598 8.13459 3
      vertex 51.6758 5.73432 6.56653
      vertex 51.6666 5.80423 6.76393
    endloop
  endfacet
  facet normal -0.991476 -0.130291 0.000160445
    outer loop
      vertex 51.3598 8.13459 3
      vertex 51.6863 5.65418 6.37305
      vertex 51.6758 5.73432 6.56653
    endloop
  endfacet
  facet normal -0.991429 -0.130648 -0.000106344
    outer loop
      vertex 51.3598 8.13459 3
      vertex 51.6982 5.56403 6.18404
      vertex 51.6863 5.65418 6.37305
    endloop
  endfacet
  facet normal -0.991423 -0.130694 -0.00014419
    outer loop
      vertex 51.3598 8.13459 3
      vertex 51.7114 5.4641 6
      vertex 51.6982 5.56403 6.18404
    endloop
  endfacet
  facet normal -0.991447 -0.13051 -0
    outer loop
      vertex 51.7151 5.43548 5.95329
      vertex 51.3598 8.13459 3
      vertex 51.7151 5.43548 3
    endloop
  endfacet
  facet normal -0.991567 -0.129588 0.000856817
    outer loop
      vertex 51.3598 8.13459 3
      vertex 51.7151 5.43548 5.95329
      vertex 51.7114 5.4641 6
    endloop
  endfacet
  facet normal -0.991516 -0.129981 0.000219123
    outer loop
      vertex 51.6437 5.97809 8.41811
      vertex 51.3598 8.13459 3
      vertex 51.6415 5.99452 8.20934
    endloop
  endfacet
  facet normal -0.991447 -0.130509 5.20834e-06
    outer loop
      vertex 51.6473 5.95075 8.62574
      vertex 51.3598 8.13459 3
      vertex 51.6437 5.97809 8.41811
    endloop
  endfacet
  facet normal -0.991372 -0.131076 -0.000218527
    outer loop
      vertex 51.6523 5.91259 8.83165
      vertex 51.3598 8.13459 3
      vertex 51.6473 5.95075 8.62574
    endloop
  endfacet
  facet normal -0.991731 -0.128331 0.000845472
    outer loop
      vertex 51.6588 5.8637 9.03528
      vertex 51.3598 8.13459 3
      vertex 51.6523 5.91259 8.83165
    endloop
  endfacet
  facet normal -0.9912 -0.132369 -0.000700481
    outer loop
      vertex 51.6666 5.80423 9.23607
      vertex 51.3598 8.13459 3
      vertex 51.6588 5.8637 9.03528
    endloop
  endfacet
  facet normal -0.991445 -0.130527 0
    outer loop
      vertex 51.3598 8.13459 3
      vertex 51.6666 5.80423 9.23607
      vertex 51.3598 8.13459 52
    endloop
  endfacet
  facet normal -0.991451 -0.13048 -2.60851e-06
    outer loop
      vertex 51.6758 5.73432 9.43347
      vertex 51.3598 8.13459 52
      vertex 51.6666 5.80423 9.23607
    endloop
  endfacet
  facet normal -0.991516 -0.129984 -3.1059e-05
    outer loop
      vertex 51.6863 5.65418 9.62695
      vertex 51.3598 8.13459 52
      vertex 51.6758 5.73432 9.43347
    endloop
  endfacet
  facet normal -0.991405 -0.130827 1.91644e-05
    outer loop
      vertex 51.6982 5.56403 9.81596
      vertex 51.3598 8.13459 52
      vertex 51.6863 5.65418 9.62695
    endloop
  endfacet
  facet normal -0.991394 -0.130911 2.43337e-05
    outer loop
      vertex 51.7114 5.4641 10
      vertex 51.3598 8.13459 52
      vertex 51.6982 5.56403 9.81596
    endloop
  endfacet
  facet normal -0.991718 -0.128432 -0.000136025
    outer loop
      vertex 51.7151 5.43548 10.0467
      vertex 51.3598 8.13459 52
      vertex 51.7114 5.4641 10
    endloop
  endfacet
  facet normal -0.991447 -0.13051 0
    outer loop
      vertex 51.3598 8.13459 52
      vertex 51.7151 5.43548 10.0467
      vertex 51.7151 5.43548 52
    endloop
  endfacet
  facet normal -0.649462 0.760394 0
    outer loop
      vertex 34.7948 -38.6435 3
      vertex 32.7247 -40.4116 52
      vertex 34.7948 -38.6435 52
    endloop
  endfacet
  facet normal -0.649462 0.760394 0
    outer loop
      vertex 32.7247 -40.4116 52
      vertex 34.7948 -38.6435 3
      vertex 32.7247 -40.4116 3
    endloop
  endfacet
  facet normal 0.996917 -0.0784635 0
    outer loop
      vertex -51.7151 5.43548 52
      vertex -51.9122 2.93123 50
      vertex -51.7151 5.43548 3
    endloop
  endfacet
  facet normal 0.996917 -0.0784601 -4.32908e-06
    outer loop
      vertex -51.9287 2.72147 52
      vertex -51.9122 2.93123 50
      vertex -51.7151 5.43548 52
    endloop
  endfacet
  facet normal 0.99692 -0.0784191 0
    outer loop
      vertex -51.9122 2.93123 50
      vertex -51.9287 2.72147 52
      vertex -51.9287 2.72147 50
    endloop
  endfacet
  facet normal 0.996917 -0.0784635 0
    outer loop
      vertex -51.7151 5.43548 3
      vertex -51.9122 2.93123 50
      vertex -51.9122 2.93123 3
    endloop
  endfacet
  facet normal -0.0784601 0.996917 0
    outer loop
      vertex 5.43548 -51.7151 3
      vertex 2.72147 -51.9287 52
      vertex 5.43548 -51.7151 52
    endloop
  endfacet
  facet normal -0.0784601 0.996917 0
    outer loop
      vertex 2.72147 -51.9287 52
      vertex 5.43548 -51.7151 3
      vertex 2.72147 -51.9287 3
    endloop
  endfacet
  facet normal 0.902574 -0.430534 0
    outer loop
      vertex -47.5044 21.1503 52
      vertex -46.3323 23.6075 3
      vertex -46.3323 23.6075 52
    endloop
  endfacet
  facet normal 0.902574 -0.430534 0
    outer loop
      vertex -46.3323 23.6075 3
      vertex -47.5044 21.1503 52
      vertex -47.5044 21.1503 3
    endloop
  endfacet
  facet normal -0.477153 0.87882 0
    outer loop
      vertex 26 -45.0333 50
      vertex 23.6075 -46.3323 52
      vertex 26 -45.0333 52
    endloop
  endfacet
  facet normal -0.477153 0.87882 0
    outer loop
      vertex 23.6075 -46.3323 52
      vertex 26 -45.0333 50
      vertex 23.6075 -46.3323 50
    endloop
  endfacet
  facet normal -0.0784601 -0.996917 0
    outer loop
      vertex 2.72147 51.9287 3
      vertex 5.43548 51.7151 52
      vertex 2.72147 51.9287 52
    endloop
  endfacet
  facet normal -0.0784601 -0.996917 -0
    outer loop
      vertex 5.43548 51.7151 52
      vertex 2.72147 51.9287 3
      vertex 5.43548 51.7151 3
    endloop
  endfacet
  facet normal -0.972365 0.233467 0
    outer loop
      vertex 50.2281 -13.4586 3
      vertex 50.8637 -10.8114 52
      vertex 50.8637 -10.8114 3
    endloop
  endfacet
  facet normal -0.972365 0.233467 0
    outer loop
      vertex 50.8637 -10.8114 52
      vertex 50.2281 -13.4586 3
      vertex 50.2281 -13.4586 52
    endloop
  endfacet
  facet normal 0.688332 -0.725396 0
    outer loop
      vertex -36.7696 36.7696 3
      vertex -34.7948 38.6435 52
      vertex -36.7696 36.7696 52
    endloop
  endfacet
  facet normal 0.688332 -0.725396 0
    outer loop
      vertex -34.7948 38.6435 52
      vertex -36.7696 36.7696 3
      vertex -34.7948 38.6435 3
    endloop
  endfacet
  facet normal -0.942646 -0.333794 0
    outer loop
      vertex 49.4549 16.0689 3
      vertex 48.5462 18.6351 52
      vertex 48.5462 18.6351 3
    endloop
  endfacet
  facet normal -0.942646 -0.333794 0
    outer loop
      vertex 48.5462 18.6351 52
      vertex 49.4549 16.0689 3
      vertex 49.4549 16.0689 52
    endloop
  endfacet
  facet normal 0.60875 -0.793362 0
    outer loop
      vertex -32.7247 40.4116 3
      vertex -30.5648 42.0689 52
      vertex -32.7247 40.4116 52
    endloop
  endfacet
  facet normal 0.60875 -0.793362 0
    outer loop
      vertex -30.5648 42.0689 52
      vertex -32.7247 40.4116 3
      vertex -30.5648 42.0689 3
    endloop
  endfacet
  facet normal 0.382674 0.923883 -0
    outer loop
      vertex -18.6351 -48.5462 3
      vertex -21.1503 -47.5044 52
      vertex -18.6351 -48.5462 52
    endloop
  endfacet
  facet normal 0.382674 0.923883 0
    outer loop
      vertex -21.1503 -47.5044 52
      vertex -18.6351 -48.5462 3
      vertex -21.1503 -47.5044 3
    endloop
  endfacet
  facet normal 0.13051 -0.991447 0
    outer loop
      vertex -8.13459 51.3598 3
      vertex -5.43548 51.7151 52
      vertex -8.13459 51.3598 52
    endloop
  endfacet
  facet normal 0.13051 -0.991447 0
    outer loop
      vertex -5.43548 51.7151 52
      vertex -8.13459 51.3598 3
      vertex -5.43548 51.7151 3
    endloop
  endfacet
  facet normal 0.942646 -0.333794 0
    outer loop
      vertex -49.4549 16.0689 52
      vertex -48.5462 18.6351 3
      vertex -48.5462 18.6351 52
    endloop
  endfacet
  facet normal 0.942646 -0.333794 0
    outer loop
      vertex -48.5462 18.6351 3
      vertex -49.4549 16.0689 52
      vertex -49.4549 16.0689 3
    endloop
  endfacet
  facet normal 0.233467 0.972365 -0
    outer loop
      vertex -10.8114 -50.8637 3
      vertex -13.4586 -50.2281 52
      vertex -10.8114 -50.8637 52
    endloop
  endfacet
  facet normal 0.233467 0.972365 0
    outer loop
      vertex -13.4586 -50.2281 52
      vertex -10.8114 -50.8637 3
      vertex -13.4586 -50.2281 3
    endloop
  endfacet
  facet normal 0.649462 0.760394 -0
    outer loop
      vertex -32.7247 -40.4116 3
      vertex -34.7948 -38.6435 52
      vertex -32.7247 -40.4116 52
    endloop
  endfacet
  facet normal 0.649462 0.760394 0
    outer loop
      vertex -34.7948 -38.6435 52
      vertex -32.7247 -40.4116 3
      vertex -34.7948 -38.6435 3
    endloop
  endfacet
  facet normal 0.0784601 -0.996917 0
    outer loop
      vertex -5.43548 51.7151 3
      vertex -2.72147 51.9287 52
      vertex -5.43548 51.7151 52
    endloop
  endfacet
  facet normal 0.0784601 -0.996917 0
    outer loop
      vertex -2.72147 51.9287 52
      vertex -5.43548 51.7151 3
      vertex -2.72147 51.9287 3
    endloop
  endfacet
  facet normal -0.852678 -0.522438 0
    outer loop
      vertex 43.8077 28 6
      vertex 43.6109 28.3212 52
      vertex 43.6109 28.3212 6
    endloop
  endfacet
  facet normal -0.85264 -0.522498 -0
    outer loop
      vertex 45.0333 26 52
      vertex 43.8077 28 6
      vertex 45.0333 26 3
    endloop
  endfacet
  facet normal -0.852646 -0.52249 5.00846e-07
    outer loop
      vertex 43.8077 28 6
      vertex 45.0333 26 52
      vertex 43.6109 28.3212 52
    endloop
  endfacet
  facet normal -0.85264 -0.522498 0
    outer loop
      vertex 43.8077 28 3
      vertex 45.0333 26 3
      vertex 43.8077 28 6
    endloop
  endfacet
  facet normal -0.942646 0.333794 0
    outer loop
      vertex 48.5462 -18.6351 3
      vertex 49.4549 -16.0689 52
      vertex 49.4549 -16.0689 3
    endloop
  endfacet
  facet normal -0.942646 0.333794 0
    outer loop
      vertex 49.4549 -16.0689 52
      vertex 48.5462 -18.6351 3
      vertex 48.5462 -18.6351 52
    endloop
  endfacet
  facet normal -0.824123 -0.56641 0
    outer loop
      vertex 43.6109 28.3212 6
      vertex 42.0689 30.5648 52
      vertex 42.0689 30.5648 6
    endloop
  endfacet
  facet normal -0.824123 -0.56641 0
    outer loop
      vertex 42.0689 30.5648 52
      vertex 43.6109 28.3212 6
      vertex 43.6109 28.3212 52
    endloop
  endfacet
  facet normal -0.999657 0.026191 0
    outer loop
      vertex 52 0 3
      vertex 51.9476 -2 4
      vertex 52 0 4
    endloop
  endfacet
  facet normal -0.999657 0.0261901 -1.8469e-06
    outer loop
      vertex 51.9287 -2.72147 3
      vertex 51.9476 -2 4
      vertex 52 0 3
    endloop
  endfacet
  facet normal -0.999655 0.0262626 -5.41742e-05
    outer loop
      vertex 51.9476 -2 4
      vertex 51.9287 -2.72147 3
      vertex 51.9421 -2.20934 4.00548
    endloop
  endfacet
  facet normal -0.999665 0.0258687 0.000146592
    outer loop
      vertex 51.9421 -2.20934 4.00548
      vertex 51.9287 -2.72147 3
      vertex 51.9367 -2.41811 4.02191
    endloop
  endfacet
  facet normal -0.999649 0.0264757 -3.37338e-05
    outer loop
      vertex 51.9367 -2.41811 4.02191
      vertex 51.9287 -2.72147 3
      vertex 51.9312 -2.62574 4.04925
    endloop
  endfacet
  facet normal -0.999659 0.0261062 0
    outer loop
      vertex 51.9312 -2.62574 4.04925
      vertex 51.9287 -2.72147 3
      vertex 51.9287 -2.72147 4.06699
    endloop
  endfacet
  facet normal -0.999657 0.026191 0
    outer loop
      vertex 51.9476 -2 12
      vertex 52 0 52
      vertex 52 0 12
    endloop
  endfacet
  facet normal -0.999655 0.0262639 1.37928e-06
    outer loop
      vertex 51.9287 -2.72147 52
      vertex 51.9476 -2 12
      vertex 51.9421 -2.20934 11.9945
    endloop
  endfacet
  facet normal -0.999666 0.0258574 -3.82823e-06
    outer loop
      vertex 51.9287 -2.72147 52
      vertex 51.9421 -2.20934 11.9945
      vertex 51.9367 -2.41811 11.9781
    endloop
  endfacet
  facet normal -0.999649 0.02648 8.94129e-07
    outer loop
      vertex 51.9287 -2.72147 52
      vertex 51.9367 -2.41811 11.9781
      vertex 51.9312 -2.62574 11.9508
    endloop
  endfacet
  facet normal -0.999659 0.0261062 0
    outer loop
      vertex 51.9287 -2.72147 52
      vertex 51.9312 -2.62574 11.9508
      vertex 51.9287 -2.72147 11.933
    endloop
  endfacet
  facet normal -0.999657 0.0261901 4.61724e-08
    outer loop
      vertex 51.9476 -2 12
      vertex 51.9287 -2.72147 52
      vertex 52 0 52
    endloop
  endfacet
  facet normal -0.233467 0.972365 0
    outer loop
      vertex 13.4586 -50.2281 3
      vertex 10.8114 -50.8637 52
      vertex 13.4586 -50.2281 52
    endloop
  endfacet
  facet normal -0.233467 0.972365 0
    outer loop
      vertex 10.8114 -50.8637 52
      vertex 13.4586 -50.2281 3
      vertex 10.8114 -50.8637 3
    endloop
  endfacet
  facet normal 0.56641 -0.824123 0
    outer loop
      vertex -30.5648 42.0689 3
      vertex -28.3212 43.6109 52
      vertex -30.5648 42.0689 52
    endloop
  endfacet
  facet normal 0.56641 -0.824123 0
    outer loop
      vertex -28.3212 43.6109 52
      vertex -30.5648 42.0689 3
      vertex -28.3212 43.6109 3
    endloop
  endfacet
  facet normal -0.760394 -0.649462 0
    outer loop
      vertex 40.4116 32.7247 3
      vertex 38.6435 34.7948 52
      vertex 38.6435 34.7948 3
    endloop
  endfacet
  facet normal -0.760394 -0.649462 0
    outer loop
      vertex 38.6435 34.7948 52
      vertex 40.4116 32.7247 3
      vertex 40.4116 32.7247 52
    endloop
  endfacet
  facet normal 0.972365 -0.233467 0
    outer loop
      vertex -50.8637 10.8114 52
      vertex -50.2281 13.4586 3
      vertex -50.2281 13.4586 52
    endloop
  endfacet
  facet normal 0.972365 -0.233467 0
    outer loop
      vertex -50.2281 13.4586 3
      vertex -50.8637 10.8114 52
      vertex -50.8637 10.8114 3
    endloop
  endfacet
  facet normal -0.382674 -0.923883 0
    outer loop
      vertex 18.6351 48.5462 3
      vertex 21.1503 47.5044 52
      vertex 18.6351 48.5462 52
    endloop
  endfacet
  facet normal -0.382674 -0.923883 -0
    outer loop
      vertex 21.1503 47.5044 52
      vertex 18.6351 48.5462 3
      vertex 21.1503 47.5044 3
    endloop
  endfacet
  facet normal -0.0261901 0.999657 0
    outer loop
      vertex 2.72147 -51.9287 3
      vertex 0 -52 52
      vertex 2.72147 -51.9287 52
    endloop
  endfacet
  facet normal -0.0261901 0.999657 0
    outer loop
      vertex 0 -52 52
      vertex 2.72147 -51.9287 3
      vertex 0 -52 3
    endloop
  endfacet
  facet normal 0.182229 0.983256 -0
    outer loop
      vertex -8.13459 -51.3598 3
      vertex -10.8114 -50.8637 52
      vertex -8.13459 -51.3598 52
    endloop
  endfacet
  facet normal 0.182229 0.983256 0
    outer loop
      vertex -10.8114 -50.8637 52
      vertex -8.13459 -51.3598 3
      vertex -10.8114 -50.8637 3
    endloop
  endfacet
  facet normal 0.688332 0.725396 -0
    outer loop
      vertex -34.7948 -38.6435 3
      vertex -36.7696 -36.7696 52
      vertex -34.7948 -38.6435 52
    endloop
  endfacet
  facet normal 0.688332 0.725396 0
    outer loop
      vertex -36.7696 -36.7696 52
      vertex -34.7948 -38.6435 3
      vertex -36.7696 -36.7696 3
    endloop
  endfacet
  facet normal -0.284013 -0.95882 0
    outer loop
      vertex 13.4586 50.2281 3
      vertex 16.0689 49.4549 52
      vertex 13.4586 50.2281 52
    endloop
  endfacet
  facet normal -0.284013 -0.95882 -0
    outer loop
      vertex 16.0689 49.4549 52
      vertex 13.4586 50.2281 3
      vertex 16.0689 49.4549 3
    endloop
  endfacet
  facet normal -0.991447 0.13051 0
    outer loop
      vertex 51.3598 -8.13459 3
      vertex 51.7151 -5.43548 5.95329
      vertex 51.7151 -5.43548 3
    endloop
  endfacet
  facet normal -0.991567 0.129588 0.000856817
    outer loop
      vertex 51.7151 -5.43548 5.95329
      vertex 51.3598 -8.13459 3
      vertex 51.7114 -5.4641 6
    endloop
  endfacet
  facet normal -0.991423 0.130694 -0.00014419
    outer loop
      vertex 51.7114 -5.4641 6
      vertex 51.3598 -8.13459 3
      vertex 51.6982 -5.56403 6.18404
    endloop
  endfacet
  facet normal -0.991429 0.130648 -0.000106344
    outer loop
      vertex 51.6982 -5.56403 6.18404
      vertex 51.3598 -8.13459 3
      vertex 51.6863 -5.65418 6.37305
    endloop
  endfacet
  facet normal -0.991476 0.130291 0.000160445
    outer loop
      vertex 51.6863 -5.65418 6.37305
      vertex 51.3598 -8.13459 3
      vertex 51.6758 -5.73432 6.56653
    endloop
  endfacet
  facet normal -0.991447 0.130507 1.24433e-05
    outer loop
      vertex 51.6758 -5.73432 6.56653
      vertex 51.3598 -8.13459 3
      vertex 51.6666 -5.80423 6.76393
    endloop
  endfacet
  facet normal -0.991465 0.130371 9.83046e-05
    outer loop
      vertex 51.6666 -5.80423 6.76393
      vertex 51.3598 -8.13459 3
      vertex 51.6588 -5.8637 6.96472
    endloop
  endfacet
  facet normal -0.991394 0.13091 -0.000215536
    outer loop
      vertex 51.6588 -5.8637 6.96472
      vertex 51.3598 -8.13459 3
      vertex 51.6523 -5.91259 7.16835
    endloop
  endfacet
  facet normal -0.991467 0.130359 8.32927e-05
    outer loop
      vertex 51.6523 -5.91259 7.16835
      vertex 51.3598 -8.13459 3
      vertex 51.6473 -5.95075 7.37426
    endloop
  endfacet
  facet normal -0.991475 0.130295 9.54712e-05
    outer loop
      vertex 51.6415 -5.99452 7.79066
      vertex 51.3598 -8.13459 3
      vertex 51.6408 -6 8
    endloop
  endfacet
  facet normal -0.991404 0.130837 -0.000150595
    outer loop
      vertex 51.6437 -5.97809 7.58189
      vertex 51.3598 -8.13459 3
      vertex 51.6415 -5.99452 7.79066
    endloop
  endfacet
  facet normal -0.991445 0.130528 -2.72334e-06
    outer loop
      vertex 51.6473 -5.95075 7.37426
      vertex 51.3598 -8.13459 3
      vertex 51.6437 -5.97809 7.58189
    endloop
  endfacet
  facet normal -0.991718 0.128432 -0.000136025
    outer loop
      vertex 51.3598 -8.13459 52
      vertex 51.7151 -5.43548 10.0467
      vertex 51.7114 -5.4641 10
    endloop
  endfacet
  facet normal -0.991394 0.130911 2.43337e-05
    outer loop
      vertex 51.3598 -8.13459 52
      vertex 51.7114 -5.4641 10
      vertex 51.6982 -5.56403 9.81596
    endloop
  endfacet
  facet normal -0.991405 0.130827 1.91644e-05
    outer loop
      vertex 51.3598 -8.13459 52
      vertex 51.6982 -5.56403 9.81596
      vertex 51.6863 -5.65418 9.62695
    endloop
  endfacet
  facet normal -0.991516 0.129984 -3.1059e-05
    outer loop
      vertex 51.3598 -8.13459 52
      vertex 51.6863 -5.65418 9.62695
      vertex 51.6758 -5.73432 9.43347
    endloop
  endfacet
  facet normal -0.991451 0.13048 -2.60851e-06
    outer loop
      vertex 51.3598 -8.13459 52
      vertex 51.6758 -5.73432 9.43347
      vertex 51.6666 -5.80423 9.23607
    endloop
  endfacet
  facet normal -0.9912 0.132369 -0.000700481
    outer loop
      vertex 51.3598 -8.13459 3
      vertex 51.6666 -5.80423 9.23607
      vertex 51.6588 -5.8637 9.03528
    endloop
  endfacet
  facet normal -0.991731 0.128331 0.000845472
    outer loop
      vertex 51.3598 -8.13459 3
      vertex 51.6588 -5.8637 9.03528
      vertex 51.6523 -5.91259 8.83165
    endloop
  endfacet
  facet normal -0.991372 0.131076 -0.000218527
    outer loop
      vertex 51.3598 -8.13459 3
      vertex 51.6523 -5.91259 8.83165
      vertex 51.6473 -5.95075 8.62574
    endloop
  endfacet
  facet normal -0.991447 0.130509 5.20834e-06
    outer loop
      vertex 51.3598 -8.13459 3
      vertex 51.6473 -5.95075 8.62574
      vertex 51.6437 -5.97809 8.41811
    endloop
  endfacet
  facet normal -0.991516 0.129981 0.000219123
    outer loop
      vertex 51.3598 -8.13459 3
      vertex 51.6437 -5.97809 8.41811
      vertex 51.6415 -5.99452 8.20934
    endloop
  endfacet
  facet normal -0.991414 0.130764 -0.000107937
    outer loop
      vertex 51.3598 -8.13459 3
      vertex 51.6415 -5.99452 8.20934
      vertex 51.6408 -6 8
    endloop
  endfacet
  facet normal -0.991445 0.130527 0
    outer loop
      vertex 51.6666 -5.80423 9.23607
      vertex 51.3598 -8.13459 3
      vertex 51.3598 -8.13459 52
    endloop
  endfacet
  facet normal -0.991447 0.13051 0
    outer loop
      vertex 51.7151 -5.43548 10.0467
      vertex 51.3598 -8.13459 52
      vertex 51.7151 -5.43548 52
    endloop
  endfacet
  facet normal 0.649462 -0.760394 0
    outer loop
      vertex -34.7948 38.6435 3
      vertex -32.7247 40.4116 52
      vertex -34.7948 38.6435 52
    endloop
  endfacet
  facet normal 0.649462 -0.760394 0
    outer loop
      vertex -32.7247 40.4116 52
      vertex -34.7948 38.6435 3
      vertex -32.7247 40.4116 3
    endloop
  endfacet
  facet normal 0.983256 0.182229 0
    outer loop
      vertex -50.8637 -10.8114 52
      vertex -51.3598 -8.13459 3
      vertex -51.3598 -8.13459 52
    endloop
  endfacet
  facet normal 0.983256 0.182229 0
    outer loop
      vertex -51.3598 -8.13459 3
      vertex -50.8637 -10.8114 52
      vertex -50.8637 -10.8114 3
    endloop
  endfacet
  facet normal 0.182229 -0.983256 0
    outer loop
      vertex -10.8114 50.8637 3
      vertex -8.13459 51.3598 52
      vertex -10.8114 50.8637 52
    endloop
  endfacet
  facet normal 0.182229 -0.983256 0
    outer loop
      vertex -8.13459 51.3598 52
      vertex -10.8114 50.8637 3
      vertex -8.13459 51.3598 3
    endloop
  endfacet
  facet normal 0.824123 -0.56641 0
    outer loop
      vertex -43.6109 28.3212 52
      vertex -42.0689 30.5648 6
      vertex -42.0689 30.5648 52
    endloop
  endfacet
  facet normal 0.824123 -0.56641 0
    outer loop
      vertex -42.0689 30.5648 6
      vertex -43.6109 28.3212 52
      vertex -43.6109 28.3212 6
    endloop
  endfacet
  facet normal -0.902574 -0.430534 0
    outer loop
      vertex 47.5044 21.1503 3
      vertex 46.3323 23.6075 52
      vertex 46.3323 23.6075 3
    endloop
  endfacet
  facet normal -0.902574 -0.430534 0
    outer loop
      vertex 46.3323 23.6075 52
      vertex 47.5044 21.1503 3
      vertex 47.5044 21.1503 52
    endloop
  endfacet
  facet normal -0.52249 -0.852646 0
    outer loop
      vertex 26 45.0333 50
      vertex 28.3212 43.6109 52
      vertex 26 45.0333 52
    endloop
  endfacet
  facet normal -0.52249 -0.852646 -0
    outer loop
      vertex 28.3212 43.6109 52
      vertex 26 45.0333 50
      vertex 28.3212 43.6109 50
    endloop
  endfacet
  facet normal -0.430598 0.902544 0
    outer loop
      vertex 23.4176 -46.4229 50
      vertex 23.6075 -46.3323 52
      vertex 23.6075 -46.3323 50
    endloop
  endfacet
  facet normal -0.430534 0.902574 -7.4437e-06
    outer loop
      vertex 23.6075 -46.3323 52
      vertex 23.4176 -46.4229 50
      vertex 21.1503 -47.5044 52
    endloop
  endfacet
  facet normal -0.430528 0.902577 0
    outer loop
      vertex 21.1503 -47.5044 3
      vertex 23.4176 -46.4229 50
      vertex 23.4176 -46.4229 3
    endloop
  endfacet
  facet normal -0.430528 0.902577 0
    outer loop
      vertex 23.4176 -46.4229 50
      vertex 21.1503 -47.5044 3
      vertex 21.1503 -47.5044 52
    endloop
  endfacet
  facet normal -0.824123 0.56641 0
    outer loop
      vertex 42.0689 -30.5648 6
      vertex 43.6109 -28.3212 52
      vertex 43.6109 -28.3212 6
    endloop
  endfacet
  facet normal -0.824123 0.56641 0
    outer loop
      vertex 43.6109 -28.3212 52
      vertex 42.0689 -30.5648 6
      vertex 42.0689 -30.5648 52
    endloop
  endfacet
  facet normal -0.87882 -0.477153 0
    outer loop
      vertex 46.3323 23.6075 3
      vertex 45.0333 26 52
      vertex 45.0333 26 3
    endloop
  endfacet
  facet normal -0.87882 -0.477153 0
    outer loop
      vertex 45.0333 26 52
      vertex 46.3323 23.6075 3
      vertex 46.3323 23.6075 52
    endloop
  endfacet
  facet normal -0.760394 0.649462 0
    outer loop
      vertex 38.6435 -34.7948 3
      vertex 40.4116 -32.7247 52
      vertex 40.4116 -32.7247 3
    endloop
  endfacet
  facet normal -0.760394 0.649462 0
    outer loop
      vertex 40.4116 -32.7247 52
      vertex 38.6435 -34.7948 3
      vertex 38.6435 -34.7948 52
    endloop
  endfacet
  facet normal 0.95882 0.284013 0
    outer loop
      vertex -49.4549 -16.0689 52
      vertex -50.2281 -13.4586 3
      vertex -50.2281 -13.4586 52
    endloop
  endfacet
  facet normal 0.95882 0.284013 0
    outer loop
      vertex -50.2281 -13.4586 3
      vertex -49.4549 -16.0689 52
      vertex -49.4549 -16.0689 3
    endloop
  endfacet
  facet normal 0.824123 0.56641 0
    outer loop
      vertex -42.0689 -30.5648 52
      vertex -43.6109 -28.3212 6
      vertex -43.6109 -28.3212 52
    endloop
  endfacet
  facet normal 0.824123 0.56641 0
    outer loop
      vertex -43.6109 -28.3212 6
      vertex -42.0689 -30.5648 52
      vertex -42.0689 -30.5648 6
    endloop
  endfacet
  facet normal 0.52249 0.852646 -0
    outer loop
      vertex -26 -45.0333 3
      vertex -28.3212 -43.6109 52
      vertex -26 -45.0333 52
    endloop
  endfacet
  facet normal 0.52249 0.852646 0
    outer loop
      vertex -28.3212 -43.6109 52
      vertex -26 -45.0333 3
      vertex -28.3212 -43.6109 3
    endloop
  endfacet
  facet normal 0.0261901 0.999657 -0
    outer loop
      vertex 0 -52 3
      vertex -2.72147 -51.9287 52
      vertex 0 -52 52
    endloop
  endfacet
  facet normal 0.0261901 0.999657 0
    outer loop
      vertex -2.72147 -51.9287 52
      vertex 0 -52 3
      vertex -2.72147 -51.9287 3
    endloop
  endfacet
  facet normal -0.13051 0.991447 0
    outer loop
      vertex 8.13459 -51.3598 3
      vertex 5.43548 -51.7151 52
      vertex 8.13459 -51.3598 52
    endloop
  endfacet
  facet normal -0.13051 0.991447 0
    outer loop
      vertex 5.43548 -51.7151 52
      vertex 8.13459 -51.3598 3
      vertex 5.43548 -51.7151 3
    endloop
  endfacet
  facet normal -0.688332 -0.725396 0
    outer loop
      vertex 34.7948 38.6435 3
      vertex 36.7696 36.7696 52
      vertex 34.7948 38.6435 52
    endloop
  endfacet
  facet normal -0.688332 -0.725396 -0
    outer loop
      vertex 36.7696 36.7696 52
      vertex 34.7948 38.6435 3
      vertex 36.7696 36.7696 3
    endloop
  endfacet
  facet normal 0.0261901 -0.999657 0
    outer loop
      vertex -2.72147 51.9287 3
      vertex 0 52 52
      vertex -2.72147 51.9287 52
    endloop
  endfacet
  facet normal 0.0261901 -0.999657 0
    outer loop
      vertex 0 52 52
      vertex -2.72147 51.9287 3
      vertex 0 52 3
    endloop
  endfacet
  facet normal 0.430534 0.902574 -0
    outer loop
      vertex -21.1503 -47.5044 3
      vertex -23.6075 -46.3323 52
      vertex -21.1503 -47.5044 52
    endloop
  endfacet
  facet normal 0.430534 0.902574 0
    outer loop
      vertex -23.6075 -46.3323 52
      vertex -21.1503 -47.5044 3
      vertex -23.6075 -46.3323 3
    endloop
  endfacet
  facet normal -0.52249 0.852646 0
    outer loop
      vertex 28.3212 -43.6109 50
      vertex 26 -45.0333 52
      vertex 28.3212 -43.6109 52
    endloop
  endfacet
  facet normal -0.52249 0.852646 0
    outer loop
      vertex 26 -45.0333 52
      vertex 28.3212 -43.6109 50
      vertex 26 -45.0333 50
    endloop
  endfacet
  facet normal 0.999657 -0.0261901 0
    outer loop
      vertex -52 0 52
      vertex -51.9287 2.72147 50
      vertex -51.9287 2.72147 52
    endloop
  endfacet
  facet normal 0.999657 -0.0261901 0
    outer loop
      vertex -51.9287 2.72147 50
      vertex -52 0 52
      vertex -52 0 50
    endloop
  endfacet
  facet normal -0.95882 0.284013 0
    outer loop
      vertex 49.4549 -16.0689 3
      vertex 50.2281 -13.4586 52
      vertex 50.2281 -13.4586 3
    endloop
  endfacet
  facet normal -0.95882 0.284013 0
    outer loop
      vertex 50.2281 -13.4586 52
      vertex 49.4549 -16.0689 3
      vertex 49.4549 -16.0689 52
    endloop
  endfacet
  facet normal -0.793361 0.608751 0
    outer loop
      vertex 42 -30.6546 3
      vertex 40.4116 -32.7247 3
      vertex 42 -30.6546 6
    endloop
  endfacet
  facet normal -0.793379 0.608728 0
    outer loop
      vertex 42 -30.6546 6
      vertex 42.0689 -30.5648 52
      vertex 42.0689 -30.5648 6
    endloop
  endfacet
  facet normal -0.793361 0.608751 0
    outer loop
      vertex 40.4116 -32.7247 52
      vertex 42 -30.6546 6
      vertex 40.4116 -32.7247 3
    endloop
  endfacet
  facet normal -0.793362 0.60875 -6.73143e-08
    outer loop
      vertex 42 -30.6546 6
      vertex 40.4116 -32.7247 52
      vertex 42.0689 -30.5648 52
    endloop
  endfacet
  facet normal -0.60875 -0.793362 0
    outer loop
      vertex 30.5648 42.0689 3
      vertex 32.7247 40.4116 52
      vertex 30.5648 42.0689 52
    endloop
  endfacet
  facet normal -0.60875 -0.793362 -0
    outer loop
      vertex 32.7247 40.4116 52
      vertex 30.5648 42.0689 3
      vertex 32.7247 40.4116 3
    endloop
  endfacet
  facet normal -0.333794 -0.942646 0
    outer loop
      vertex 16.0689 49.4549 3
      vertex 18.6351 48.5462 52
      vertex 16.0689 49.4549 52
    endloop
  endfacet
  facet normal -0.333794 -0.942646 -0
    outer loop
      vertex 18.6351 48.5462 52
      vertex 16.0689 49.4549 3
      vertex 18.6351 48.5462 3
    endloop
  endfacet
  facet normal 0.999657 0.0261901 0
    outer loop
      vertex -51.9287 -2.72147 52
      vertex -52 0 50
      vertex -52 0 52
    endloop
  endfacet
  facet normal 0.999657 0.0261901 0
    outer loop
      vertex -52 0 50
      vertex -51.9287 -2.72147 52
      vertex -51.9287 -2.72147 50
    endloop
  endfacet
  facet normal 0.725396 0.688332 0
    outer loop
      vertex -36.7696 -36.7696 52
      vertex -38.6435 -34.7948 3
      vertex -38.6435 -34.7948 52
    endloop
  endfacet
  facet normal 0.725396 0.688332 0
    outer loop
      vertex -38.6435 -34.7948 3
      vertex -36.7696 -36.7696 52
      vertex -36.7696 -36.7696 3
    endloop
  endfacet
  facet normal -0.477153 -0.87882 0
    outer loop
      vertex 23.6075 46.3323 50
      vertex 26 45.0333 52
      vertex 23.6075 46.3323 52
    endloop
  endfacet
  facet normal -0.477153 -0.87882 -0
    outer loop
      vertex 26 45.0333 52
      vertex 23.6075 46.3323 50
      vertex 26 45.0333 50
    endloop
  endfacet
  facet normal 0.333794 -0.942646 0
    outer loop
      vertex -18.6351 48.5462 3
      vertex -16.0689 49.4549 52
      vertex -18.6351 48.5462 52
    endloop
  endfacet
  facet normal 0.333794 -0.942646 0
    outer loop
      vertex -16.0689 49.4549 52
      vertex -18.6351 48.5462 3
      vertex -16.0689 49.4549 3
    endloop
  endfacet
  facet normal -0.793361 -0.608751 -0
    outer loop
      vertex 42 30.6546 6
      vertex 40.4116 32.7247 3
      vertex 42 30.6546 3
    endloop
  endfacet
  facet normal -0.793361 -0.608751 0
    outer loop
      vertex 40.4116 32.7247 3
      vertex 42 30.6546 6
      vertex 40.4116 32.7247 52
    endloop
  endfacet
  facet normal -0.793379 -0.608728 -0
    outer loop
      vertex 42.0689 30.5648 52
      vertex 42 30.6546 6
      vertex 42.0689 30.5648 6
    endloop
  endfacet
  facet normal -0.793362 -0.60875 -6.73143e-08
    outer loop
      vertex 42 30.6546 6
      vertex 42.0689 30.5648 52
      vertex 40.4116 32.7247 52
    endloop
  endfacet
  facet normal 0.852678 -0.522438 0
    outer loop
      vertex -43.6109 28.3212 52
      vertex -43.8077 28 6
      vertex -43.6109 28.3212 6
    endloop
  endfacet
  facet normal 0.852646 -0.52249 5.00846e-07
    outer loop
      vertex -45.0333 26 52
      vertex -43.8077 28 6
      vertex -43.6109 28.3212 52
    endloop
  endfacet
  facet normal 0.85264 -0.522498 0
    outer loop
      vertex -45.0333 26 3
      vertex -43.8077 28 6
      vertex -45.0333 26 52
    endloop
  endfacet
  facet normal 0.85264 -0.522498 0
    outer loop
      vertex -43.8077 28 6
      vertex -45.0333 26 3
      vertex -43.8077 28 3
    endloop
  endfacet
  facet normal 0.284013 -0.95882 0
    outer loop
      vertex -16.0689 49.4549 3
      vertex -13.4586 50.2281 52
      vertex -16.0689 49.4549 52
    endloop
  endfacet
  facet normal 0.284013 -0.95882 0
    outer loop
      vertex -13.4586 50.2281 52
      vertex -16.0689 49.4549 3
      vertex -13.4586 50.2281 3
    endloop
  endfacet
  facet normal 0.52249 -0.852646 0
    outer loop
      vertex -28.3212 43.6109 3
      vertex -26 45.0333 52
      vertex -28.3212 43.6109 52
    endloop
  endfacet
  facet normal 0.52249 -0.852646 0
    outer loop
      vertex -26 45.0333 52
      vertex -28.3212 43.6109 3
      vertex -26 45.0333 3
    endloop
  endfacet
  facet normal 0.477153 -0.87882 0
    outer loop
      vertex -26 45.0333 3
      vertex -23.6075 46.3323 52
      vertex -26 45.0333 52
    endloop
  endfacet
  facet normal 0.477153 -0.87882 0
    outer loop
      vertex -23.6075 46.3323 52
      vertex -26 45.0333 3
      vertex -23.6075 46.3323 3
    endloop
  endfacet
  facet normal -0.284013 0.95882 0
    outer loop
      vertex 16.0689 -49.4549 3
      vertex 13.4586 -50.2281 52
      vertex 16.0689 -49.4549 52
    endloop
  endfacet
  facet normal -0.284013 0.95882 0
    outer loop
      vertex 13.4586 -50.2281 52
      vertex 16.0689 -49.4549 3
      vertex 13.4586 -50.2281 3
    endloop
  endfacet
  facet normal 0.942646 0.333794 0
    outer loop
      vertex -48.5462 -18.6351 52
      vertex -49.4549 -16.0689 3
      vertex -49.4549 -16.0689 52
    endloop
  endfacet
  facet normal 0.942646 0.333794 0
    outer loop
      vertex -49.4549 -16.0689 3
      vertex -48.5462 -18.6351 52
      vertex -48.5462 -18.6351 3
    endloop
  endfacet
  facet normal -0.725396 0.688332 0
    outer loop
      vertex 36.7696 -36.7696 3
      vertex 38.6435 -34.7948 52
      vertex 38.6435 -34.7948 3
    endloop
  endfacet
  facet normal -0.725396 0.688332 0
    outer loop
      vertex 38.6435 -34.7948 52
      vertex 36.7696 -36.7696 3
      vertex 36.7696 -36.7696 52
    endloop
  endfacet
  facet normal -0.983256 -0.182229 0
    outer loop
      vertex 51.3598 8.13459 3
      vertex 50.8637 10.8114 52
      vertex 50.8637 10.8114 3
    endloop
  endfacet
  facet normal -0.983256 -0.182229 0
    outer loop
      vertex 50.8637 10.8114 52
      vertex 51.3598 8.13459 3
      vertex 51.3598 8.13459 52
    endloop
  endfacet
  facet normal -0.996968 0.0778174 0
    outer loop
      vertex 51.9287 -2.72147 3
      vertex 51.9201 -2.83165 4.08741
      vertex 51.9287 -2.72147 4.06699
    endloop
  endfacet
  facet normal -0.996887 0.078844 0.000104652
    outer loop
      vertex 51.9287 -2.72147 3
      vertex 51.904 -3.03528 4.1363
      vertex 51.9201 -2.83165 4.08741
    endloop
  endfacet
  facet normal -0.996918 0.0784448 -6.25764e-06
    outer loop
      vertex 51.9287 -2.72147 3
      vertex 51.8882 -3.23607 4.19577
      vertex 51.904 -3.03528 4.1363
    endloop
  endfacet
  facet normal -0.996934 0.0782476 -9.16861e-05
    outer loop
      vertex 51.9287 -2.72147 3
      vertex 51.8727 -3.43347 4.26568
      vertex 51.8882 -3.23607 4.19577
    endloop
  endfacet
  facet normal -0.99693 0.0782925 -6.62412e-05
    outer loop
      vertex 51.9287 -2.72147 3
      vertex 51.8575 -3.62695 4.34582
      vertex 51.8727 -3.43347 4.26568
    endloop
  endfacet
  facet normal -0.996917 0.0784601 4.72223e-05
    outer loop
      vertex 51.7151 -5.43548 3
      vertex 51.8575 -3.62695 4.34582
      vertex 51.9287 -2.72147 3
    endloop
  endfacet
  facet normal -0.99691 0.0785517 -7.66003e-05
    outer loop
      vertex 51.8575 -3.62695 4.34582
      vertex 51.7151 -5.43548 3
      vertex 51.8426 -3.81596 4.43597
    endloop
  endfacet
  facet normal -0.996912 0.0785212 -4.19714e-05
    outer loop
      vertex 51.8426 -3.81596 4.43597
      vertex 51.7151 -5.43548 3
      vertex 51.8281 -4 4.5359
    endloop
  endfacet
  facet normal -0.996932 0.0782785 0.000186202
    outer loop
      vertex 51.8281 -4 4.5359
      vertex 51.7151 -5.43548 3
      vertex 51.8141 -4.17856 4.64532
    endloop
  endfacet
  facet normal -0.99691 0.0785468 -2.00104e-05
    outer loop
      vertex 51.8141 -4.17856 4.64532
      vertex 51.7151 -5.43548 3
      vertex 51.8005 -4.35114 4.76393
    endloop
  endfacet
  facet normal -0.996908 0.0785761 -3.81334e-05
    outer loop
      vertex 51.8005 -4.35114 4.76393
      vertex 51.7151 -5.43548 3
      vertex 51.7874 -4.51728 4.89142
    endloop
  endfacet
  facet normal -0.996928 0.0783277 8.31863e-05
    outer loop
      vertex 51.7874 -4.51728 4.89142
      vertex 51.7151 -5.43548 3
      vertex 51.7749 -4.67652 5.02742
    endloop
  endfacet
  facet normal -0.996899 0.0786963 -5.56548e-05
    outer loop
      vertex 51.7749 -4.67652 5.02742
      vertex 51.7151 -5.43548 3
      vertex 51.7629 -4.82843 5.17157
    endloop
  endfacet
  facet normal -0.996935 0.0782299 7.55361e-05
    outer loop
      vertex 51.7151 -5.43548 3
      vertex 51.7516 -4.97258 5.32348
      vertex 51.7629 -4.82843 5.17157
    endloop
  endfacet
  facet normal -0.996917 0.0784667 2.80627e-05
    outer loop
      vertex 51.7151 -5.43548 3
      vertex 51.7409 -5.10858 5.48272
      vertex 51.7516 -4.97258 5.32348
    endloop
  endfacet
  facet normal -0.99688 0.0789311 -3.34629e-05
    outer loop
      vertex 51.7151 -5.43548 3
      vertex 51.7308 -5.23607 5.64886
      vertex 51.7409 -5.10858 5.48272
    endloop
  endfacet
  facet normal -0.996938 0.0782 2.1918e-05
    outer loop
      vertex 51.7151 -5.43548 3
      vertex 51.7215 -5.35468 5.82144
      vertex 51.7308 -5.23607 5.64886
    endloop
  endfacet
  facet normal -0.996878 0.0789606 0
    outer loop
      vertex 51.7215 -5.35468 5.82144
      vertex 51.7151 -5.43548 3
      vertex 51.7151 -5.43548 5.95329
    endloop
  endfacet
  facet normal -0.996967 0.0778254 -4.32608e-05
    outer loop
      vertex 51.7151 -5.43548 52
      vertex 51.9287 -2.72147 11.933
      vertex 51.9201 -2.83165 11.9126
    endloop
  endfacet
  facet normal -0.996889 0.0788139 2.13455e-05
    outer loop
      vertex 51.7151 -5.43548 52
      vertex 51.9201 -2.83165 11.9126
      vertex 51.904 -3.03528 11.8637
    endloop
  endfacet
  facet normal -0.996918 0.0784469 -7.37924e-07
    outer loop
      vertex 51.7151 -5.43548 52
      vertex 51.904 -3.03528 11.8637
      vertex 51.8882 -3.23607 11.8042
    endloop
  endfacet
  facet normal -0.996931 0.0782833 -9.74759e-06
    outer loop
      vertex 51.7151 -5.43548 52
      vertex 51.8882 -3.23607 11.8042
      vertex 51.8727 -3.43347 11.7343
    endloop
  endfacet
  facet normal -0.996928 0.078323 -7.7608e-06
    outer loop
      vertex 51.7151 -5.43548 52
      vertex 51.8727 -3.43347 11.7343
      vertex 51.8575 -3.62695 11.6542
    endloop
  endfacet
  facet normal -0.996907 0.078586 4.10505e-06
    outer loop
      vertex 51.7151 -5.43548 52
      vertex 51.8575 -3.62695 11.6542
      vertex 51.8426 -3.81596 11.564
    endloop
  endfacet
  facet normal -0.996911 0.0785426 2.35211e-06
    outer loop
      vertex 51.7151 -5.43548 52
      vertex 51.8426 -3.81596 11.564
      vertex 51.8281 -4 11.4641
    endloop
  endfacet
  facet normal -0.99694 0.0781717 -1.08603e-05
    outer loop
      vertex 51.7151 -5.43548 52
      vertex 51.8281 -4 11.4641
      vertex 51.8141 -4.17856 11.3547
    endloop
  endfacet
  facet normal -0.996909 0.0785597 1.2096e-06
    outer loop
      vertex 51.7151 -5.43548 52
      vertex 51.8141 -4.17856 11.3547
      vertex 51.8005 -4.35114 11.2361
    endloop
  endfacet
  facet normal -0.996906 0.0786034 2.3799e-06
    outer loop
      vertex 51.7151 -5.43548 52
      vertex 51.8005 -4.35114 11.2361
      vertex 51.7874 -4.51728 11.1086
    endloop
  endfacet
  facet normal -0.996933 0.0782617 -5.34067e-06
    outer loop
      vertex 51.7151 -5.43548 52
      vertex 51.7874 -4.51728 11.1086
      vertex 51.7749 -4.67652 10.9726
    endloop
  endfacet
  facet normal -0.996895 0.0787454 3.66288e-06
    outer loop
      vertex 51.7151 -5.43548 52
      vertex 51.7749 -4.67652 10.9726
      vertex 51.7629 -4.82843 10.8284
    endloop
  endfacet
  facet normal -0.996941 0.0781561 -5.07891e-06
    outer loop
      vertex 51.7151 -5.43548 52
      vertex 51.7629 -4.82843 10.8284
      vertex 51.7516 -4.97258 10.6765
    endloop
  endfacet
  facet normal -0.996919 0.0784363 -1.92076e-06
    outer loop
      vertex 51.7151 -5.43548 52
      vertex 51.7516 -4.97258 10.6765
      vertex 51.7409 -5.10858 10.5173
    endloop
  endfacet
  facet normal -0.996877 0.0789715 2.32252e-06
    outer loop
      vertex 51.7151 -5.43548 52
      vertex 51.7409 -5.10858 10.5173
      vertex 51.7308 -5.23607 10.3511
    endloop
  endfacet
  facet normal -0.99694 0.0781705 -1.53598e-06
    outer loop
      vertex 51.7151 -5.43548 52
      vertex 51.7308 -5.23607 10.3511
      vertex 51.7215 -5.35468 10.1786
    endloop
  endfacet
  facet normal -0.996878 0.0789606 0
    outer loop
      vertex 51.7151 -5.43548 52
      vertex 51.7215 -5.35468 10.1786
      vertex 51.7151 -5.43548 10.0467
    endloop
  endfacet
  facet normal -0.996917 0.0784601 0
    outer loop
      vertex 51.9287 -2.72147 11.933
      vertex 51.7151 -5.43548 52
      vertex 51.9287 -2.72147 52
    endloop
  endfacet
  facet normal 0.0784601 0.996917 -0
    outer loop
      vertex -2.72147 -51.9287 3
      vertex -5.43548 -51.7151 52
      vertex -2.72147 -51.9287 52
    endloop
  endfacet
  facet normal 0.0784601 0.996917 0
    outer loop
      vertex -5.43548 -51.7151 52
      vertex -2.72147 -51.9287 3
      vertex -5.43548 -51.7151 3
    endloop
  endfacet
  facet normal -0.902574 0.430534 0
    outer loop
      vertex 46.3323 -23.6075 3
      vertex 47.5044 -21.1503 52
      vertex 47.5044 -21.1503 3
    endloop
  endfacet
  facet normal -0.902574 0.430534 0
    outer loop
      vertex 47.5044 -21.1503 52
      vertex 46.3323 -23.6075 3
      vertex 46.3323 -23.6075 52
    endloop
  endfacet
  facet normal -0.87882 0.477153 0
    outer loop
      vertex 45.0333 -26 3
      vertex 46.3323 -23.6075 52
      vertex 46.3323 -23.6075 3
    endloop
  endfacet
  facet normal -0.87882 0.477153 0
    outer loop
      vertex 46.3323 -23.6075 52
      vertex 45.0333 -26 3
      vertex 45.0333 -26 52
    endloop
  endfacet
  facet normal -0.923883 0.382674 0
    outer loop
      vertex 47.5044 -21.1503 3
      vertex 48.5462 -18.6351 52
      vertex 48.5462 -18.6351 3
    endloop
  endfacet
  facet normal -0.923883 0.382674 0
    outer loop
      vertex 48.5462 -18.6351 52
      vertex 47.5044 -21.1503 3
      vertex 47.5044 -21.1503 52
    endloop
  endfacet
  facet normal -0.430534 -0.902574 -7.4437e-06
    outer loop
      vertex 21.1503 47.5044 52
      vertex 23.4176 46.4229 50
      vertex 23.6075 46.3323 52
    endloop
  endfacet
  facet normal -0.430528 -0.902577 0
    outer loop
      vertex 21.1503 47.5044 3
      vertex 23.4176 46.4229 50
      vertex 21.1503 47.5044 52
    endloop
  endfacet
  facet normal -0.430528 -0.902577 -0
    outer loop
      vertex 23.4176 46.4229 50
      vertex 21.1503 47.5044 3
      vertex 23.4176 46.4229 3
    endloop
  endfacet
  facet normal -0.430598 -0.902544 -0
    outer loop
      vertex 23.6075 46.3323 52
      vertex 23.4176 46.4229 50
      vertex 23.6075 46.3323 50
    endloop
  endfacet
  facet normal -0.566488 -0.82407 0
    outer loop
      vertex 28.4946 43.4917 50
      vertex 28.3212 43.6109 52
      vertex 28.3212 43.6109 50
    endloop
  endfacet
  facet normal -0.56641 -0.824123 9.97646e-06
    outer loop
      vertex 28.3212 43.6109 52
      vertex 28.4946 43.4917 50
      vertex 30.5648 42.0689 52
    endloop
  endfacet
  facet normal -0.566404 -0.824128 0
    outer loop
      vertex 30.5648 42.0689 3
      vertex 28.4946 43.4917 50
      vertex 28.4946 43.4917 3
    endloop
  endfacet
  facet normal -0.566404 -0.824128 0
    outer loop
      vertex 28.4946 43.4917 50
      vertex 30.5648 42.0689 3
      vertex 30.5648 42.0689 52
    endloop
  endfacet
  facet normal 0.95882 -0.284013 0
    outer loop
      vertex -50.2281 13.4586 52
      vertex -49.4549 16.0689 3
      vertex -49.4549 16.0689 52
    endloop
  endfacet
  facet normal 0.95882 -0.284013 0
    outer loop
      vertex -49.4549 16.0689 3
      vertex -50.2281 13.4586 52
      vertex -50.2281 13.4586 3
    endloop
  endfacet
  facet normal -0.0261901 -0.999657 0
    outer loop
      vertex 0 52 3
      vertex 2.72147 51.9287 52
      vertex 0 52 52
    endloop
  endfacet
  facet normal -0.0261901 -0.999657 -0
    outer loop
      vertex 2.72147 51.9287 52
      vertex 0 52 3
      vertex 2.72147 51.9287 3
    endloop
  endfacet
  facet normal -0.182229 0.983256 0
    outer loop
      vertex 10.8114 -50.8637 3
      vertex 8.13459 -51.3598 52
      vertex 10.8114 -50.8637 52
    endloop
  endfacet
  facet normal -0.182229 0.983256 0
    outer loop
      vertex 8.13459 -51.3598 52
      vertex 10.8114 -50.8637 3
      vertex 8.13459 -51.3598 3
    endloop
  endfacet
  facet normal -0.923883 -0.382674 0
    outer loop
      vertex 48.5462 18.6351 3
      vertex 47.5044 21.1503 52
      vertex 47.5044 21.1503 3
    endloop
  endfacet
  facet normal -0.923883 -0.382674 0
    outer loop
      vertex 47.5044 21.1503 52
      vertex 48.5462 18.6351 3
      vertex 48.5462 18.6351 52
    endloop
  endfacet
  facet normal -0.972365 -0.233467 0
    outer loop
      vertex 50.8637 10.8114 3
      vertex 50.2281 13.4586 52
      vertex 50.2281 13.4586 3
    endloop
  endfacet
  facet normal -0.972365 -0.233467 0
    outer loop
      vertex 50.2281 13.4586 52
      vertex 50.8637 10.8114 3
      vertex 50.8637 10.8114 52
    endloop
  endfacet
  facet normal -0.13051 -0.991447 0
    outer loop
      vertex 5.43548 51.7151 3
      vertex 8.13459 51.3598 52
      vertex 5.43548 51.7151 52
    endloop
  endfacet
  facet normal -0.13051 -0.991447 -0
    outer loop
      vertex 8.13459 51.3598 52
      vertex 5.43548 51.7151 3
      vertex 8.13459 51.3598 3
    endloop
  endfacet
  facet normal -0.725396 -0.688332 0
    outer loop
      vertex 38.6435 34.7948 3
      vertex 36.7696 36.7696 52
      vertex 36.7696 36.7696 3
    endloop
  endfacet
  facet normal -0.725396 -0.688332 0
    outer loop
      vertex 36.7696 36.7696 52
      vertex 38.6435 34.7948 3
      vertex 38.6435 34.7948 52
    endloop
  endfacet
  facet normal -0.60875 0.793362 0
    outer loop
      vertex 32.7247 -40.4116 3
      vertex 30.5648 -42.0689 52
      vertex 32.7247 -40.4116 52
    endloop
  endfacet
  facet normal -0.60875 0.793362 0
    outer loop
      vertex 30.5648 -42.0689 52
      vertex 32.7247 -40.4116 3
      vertex 30.5648 -42.0689 3
    endloop
  endfacet
  facet normal -0.95882 -0.284013 0
    outer loop
      vertex 50.2281 13.4586 3
      vertex 49.4549 16.0689 52
      vertex 49.4549 16.0689 3
    endloop
  endfacet
  facet normal -0.95882 -0.284013 0
    outer loop
      vertex 49.4549 16.0689 52
      vertex 50.2281 13.4586 3
      vertex 50.2281 13.4586 52
    endloop
  endfacet
  facet normal 0.99692 0.0784191 0
    outer loop
      vertex -51.9287 -2.72147 52
      vertex -51.9122 -2.93123 50
      vertex -51.9287 -2.72147 50
    endloop
  endfacet
  facet normal 0.996917 0.0784601 -4.32908e-06
    outer loop
      vertex -51.7151 -5.43548 52
      vertex -51.9122 -2.93123 50
      vertex -51.9287 -2.72147 52
    endloop
  endfacet
  facet normal 0.996917 0.0784635 -0
    outer loop
      vertex -51.7151 -5.43548 3
      vertex -51.9122 -2.93123 50
      vertex -51.7151 -5.43548 52
    endloop
  endfacet
  facet normal 0.996917 0.0784635 0
    outer loop
      vertex -51.9122 -2.93123 50
      vertex -51.7151 -5.43548 3
      vertex -51.9122 -2.93123 3
    endloop
  endfacet
  facet normal 0.284013 0.95882 -0
    outer loop
      vertex -13.4586 -50.2281 3
      vertex -16.0689 -49.4549 52
      vertex -13.4586 -50.2281 52
    endloop
  endfacet
  facet normal 0.284013 0.95882 0
    outer loop
      vertex -16.0689 -49.4549 52
      vertex -13.4586 -50.2281 3
      vertex -16.0689 -49.4549 3
    endloop
  endfacet
  facet normal -0.649462 -0.760394 0
    outer loop
      vertex 32.7247 40.4116 3
      vertex 34.7948 38.6435 52
      vertex 32.7247 40.4116 52
    endloop
  endfacet
  facet normal -0.649462 -0.760394 -0
    outer loop
      vertex 34.7948 38.6435 52
      vertex 32.7247 40.4116 3
      vertex 34.7948 38.6435 3
    endloop
  endfacet
  facet normal -0.85264 0.522498 0
    outer loop
      vertex 43.8077 -28 6
      vertex 45.0333 -26 3
      vertex 43.8077 -28 3
    endloop
  endfacet
  facet normal -0.85264 0.522498 0
    outer loop
      vertex 45.0333 -26 3
      vertex 43.8077 -28 6
      vertex 45.0333 -26 52
    endloop
  endfacet
  facet normal -0.852678 0.522438 0
    outer loop
      vertex 43.6109 -28.3212 52
      vertex 43.8077 -28 6
      vertex 43.6109 -28.3212 6
    endloop
  endfacet
  facet normal -0.852646 0.52249 5.00846e-07
    outer loop
      vertex 43.8077 -28 6
      vertex 43.6109 -28.3212 52
      vertex 45.0333 -26 52
    endloop
  endfacet
  facet normal -0.56641 0.824123 9.97646e-06
    outer loop
      vertex 30.5648 -42.0689 52
      vertex 28.4946 -43.4917 50
      vertex 28.3212 -43.6109 52
    endloop
  endfacet
  facet normal -0.566404 0.824128 0
    outer loop
      vertex 30.5648 -42.0689 3
      vertex 28.4946 -43.4917 50
      vertex 30.5648 -42.0689 52
    endloop
  endfacet
  facet normal -0.566404 0.824128 0
    outer loop
      vertex 28.4946 -43.4917 50
      vertex 30.5648 -42.0689 3
      vertex 28.4946 -43.4917 3
    endloop
  endfacet
  facet normal -0.566488 0.82407 0
    outer loop
      vertex 28.3212 -43.6109 52
      vertex 28.4946 -43.4917 50
      vertex 28.3212 -43.6109 50
    endloop
  endfacet
  facet normal 0 0 -1
    outer loop
      vertex -50 -30.2 3
      vertex -46.1269 -29.9551 3
      vertex -45.9586 -30.2 3
    endloop
  endfacet
  facet normal 0 0 -1
    outer loop
      vertex -50 -30.2 3
      vertex -47.325 -28 3
      vertex -46.1269 -29.9551 3
    endloop
  endfacet
  facet normal -0 0 -1
    outer loop
      vertex -47.325 -28 3
      vertex -50 -30.2 3
      vertex -50 -28 3
    endloop
  endfacet
  facet normal 0 -0 1
    outer loop
      vertex -2.72147 -51.9287 3
      vertex 22.28 -41.0986 3
      vertex -5.43548 -51.7151 3
    endloop
  endfacet
  facet normal 0 0 1
    outer loop
      vertex 21.5048 43.4844 3
      vertex 21.1503 47.5044 3
      vertex 21.5 43.3013 3
    endloop
  endfacet
  facet normal 0 0 1
    outer loop
      vertex 21.5192 43.6671 3
      vertex 21.1503 47.5044 3
      vertex 21.5048 43.4844 3
    endloop
  endfacet
  facet normal 0 0 1
    outer loop
      vertex 21.5431 43.8488 3
      vertex 21.1503 47.5044 3
      vertex 21.5192 43.6671 3
    endloop
  endfacet
  facet normal 0 0 1
    outer loop
      vertex 21.5765 44.029 3
      vertex 21.1503 47.5044 3
      vertex 21.5431 43.8488 3
    endloop
  endfacet
  facet normal 0 0 1
    outer loop
      vertex 21.6193 44.2071 3
      vertex 21.1503 47.5044 3
      vertex 21.5765 44.029 3
    endloop
  endfacet
  facet normal 0 0 1
    outer loop
      vertex 21.6713 44.3828 3
      vertex 21.1503 47.5044 3
      vertex 21.6193 44.2071 3
    endloop
  endfacet
  facet normal 0 0 1
    outer loop
      vertex 21.7325 44.5556 3
      vertex 21.1503 47.5044 3
      vertex 21.6713 44.3828 3
    endloop
  endfacet
  facet normal 0 0 1
    outer loop
      vertex 21.8026 44.7248 3
      vertex 21.1503 47.5044 3
      vertex 21.7325 44.5556 3
    endloop
  endfacet
  facet normal 0 0 1
    outer loop
      vertex 21.8815 44.8902 3
      vertex 21.1503 47.5044 3
      vertex 21.8026 44.7248 3
    endloop
  endfacet
  facet normal 0 0 1
    outer loop
      vertex 21.9689 45.0513 3
      vertex 21.1503 47.5044 3
      vertex 21.8815 44.8902 3
    endloop
  endfacet
  facet normal 0 0 1
    outer loop
      vertex 22.0647 45.2075 3
      vertex 21.1503 47.5044 3
      vertex 21.9689 45.0513 3
    endloop
  endfacet
  facet normal 0 0 1
    outer loop
      vertex 22.1684 45.3585 3
      vertex 21.1503 47.5044 3
      vertex 22.0647 45.2075 3
    endloop
  endfacet
  facet normal 0 0 1
    outer loop
      vertex 22.28 45.5039 3
      vertex 21.1503 47.5044 3
      vertex 22.1684 45.3585 3
    endloop
  endfacet
  facet normal 0 0 1
    outer loop
      vertex 22.399 45.6432 3
      vertex 21.1503 47.5044 3
      vertex 22.28 45.5039 3
    endloop
  endfacet
  facet normal 0 0 1
    outer loop
      vertex 22.5251 45.7761 3
      vertex 21.1503 47.5044 3
      vertex 22.399 45.6432 3
    endloop
  endfacet
  facet normal 0 0 1
    outer loop
      vertex 22.658 45.9023 3
      vertex 21.1503 47.5044 3
      vertex 22.5251 45.7761 3
    endloop
  endfacet
  facet normal 0 0 1
    outer loop
      vertex 22.7974 46.0213 3
      vertex 21.1503 47.5044 3
      vertex 22.658 45.9023 3
    endloop
  endfacet
  facet normal 0 0 1
    outer loop
      vertex 22.9428 46.1328 3
      vertex 21.1503 47.5044 3
      vertex 22.7974 46.0213 3
    endloop
  endfacet
  facet normal 0 0 1
    outer loop
      vertex 23.0938 46.2366 3
      vertex 21.1503 47.5044 3
      vertex 22.9428 46.1328 3
    endloop
  endfacet
  facet normal 0 0 1
    outer loop
      vertex 23.25 46.3324 3
      vertex 21.1503 47.5044 3
      vertex 23.0938 46.2366 3
    endloop
  endfacet
  facet normal 0 0 1
    outer loop
      vertex 23.411 46.4198 3
      vertex 21.1503 47.5044 3
      vertex 23.25 46.3324 3
    endloop
  endfacet
  facet normal 0 0 1
    outer loop
      vertex 21.1503 47.5044 3
      vertex 23.411 46.4198 3
      vertex 23.4176 46.4229 3
    endloop
  endfacet
  facet normal 0 0 1
    outer loop
      vertex 44.2524 -4.09159 3
      vertex 28.5 -43.3013 3
      vertex 42 -28 3
    endloop
  endfacet
  facet normal 0 0 1
    outer loop
      vertex 44.2524 -3.90841 3
      vertex 28.4952 -43.1181 3
      vertex 28.5 -43.3013 3
    endloop
  endfacet
  facet normal -0 0 1
    outer loop
      vertex 27.601 40.9593 3
      vertex 32.7247 40.4116 3
      vertex 27.72 41.0986 3
    endloop
  endfacet
  facet normal 0 0 1
    outer loop
      vertex 44.2524 -3.90841 3
      vertex 28.4808 -42.9354 3
      vertex 28.4952 -43.1181 3
    endloop
  endfacet
  facet normal -0 0 1
    outer loop
      vertex 27.4749 40.8264 3
      vertex 32.7247 40.4116 3
      vertex 27.601 40.9593 3
    endloop
  endfacet
  facet normal 0 0 1
    outer loop
      vertex 44.2524 -3.90841 3
      vertex 28.4569 -42.7537 3
      vertex 28.4808 -42.9354 3
    endloop
  endfacet
  facet normal -0 0 1
    outer loop
      vertex 27.342 40.7003 3
      vertex 32.7247 40.4116 3
      vertex 27.4749 40.8264 3
    endloop
  endfacet
  facet normal 0 0 1
    outer loop
      vertex 44.2524 -3.90841 3
      vertex 28.4235 -42.5736 3
      vertex 28.4569 -42.7537 3
    endloop
  endfacet
  facet normal -0 0 1
    outer loop
      vertex 27.2026 40.5813 3
      vertex 32.7247 40.4116 3
      vertex 27.342 40.7003 3
    endloop
  endfacet
  facet normal 0 0 1
    outer loop
      vertex 44.2524 -3.90841 3
      vertex 28.3807 -42.3954 3
      vertex 28.4235 -42.5736 3
    endloop
  endfacet
  facet normal -0 0 1
    outer loop
      vertex 27.0572 40.4697 3
      vertex 32.7247 40.4116 3
      vertex 27.2026 40.5813 3
    endloop
  endfacet
  facet normal 0 0 1
    outer loop
      vertex 44.2524 -3.90841 3
      vertex 28.3287 -42.2197 3
      vertex 28.3807 -42.3954 3
    endloop
  endfacet
  facet normal 0 0 1
    outer loop
      vertex 26.9062 40.3659 3
      vertex 32.7247 40.4116 3
      vertex 27.0572 40.4697 3
    endloop
  endfacet
  facet normal 0 0 1
    outer loop
      vertex 44.2524 -3.90841 3
      vertex 28.2675 -42.047 3
      vertex 28.3287 -42.2197 3
    endloop
  endfacet
  facet normal 0 0 1
    outer loop
      vertex 26.75 40.2702 3
      vertex 32.7247 40.4116 3
      vertex 26.9062 40.3659 3
    endloop
  endfacet
  facet normal 0 0 1
    outer loop
      vertex 44.2524 -3.90841 3
      vertex 28.1974 -41.8777 3
      vertex 28.2675 -42.047 3
    endloop
  endfacet
  facet normal 0 0 1
    outer loop
      vertex 32.7247 40.4116 3
      vertex 26.75 40.2702 3
      vertex 34.7948 38.6435 3
    endloop
  endfacet
  facet normal 0 0 1
    outer loop
      vertex 44.2524 -3.90841 3
      vertex 28.1185 -41.7123 3
      vertex 28.1974 -41.8777 3
    endloop
  endfacet
  facet normal -0 0 1
    outer loop
      vertex 26.589 40.1827 3
      vertex 34.7948 38.6435 3
      vertex 26.75 40.2702 3
    endloop
  endfacet
  facet normal 0 0 1
    outer loop
      vertex 44.2524 -3.90841 3
      vertex 28.0311 -41.5513 3
      vertex 28.1185 -41.7123 3
    endloop
  endfacet
  facet normal -0 0 1
    outer loop
      vertex 26.4236 40.1039 3
      vertex 34.7948 38.6435 3
      vertex 26.589 40.1827 3
    endloop
  endfacet
  facet normal 0 0 1
    outer loop
      vertex 44.2524 -3.90841 3
      vertex 27.9353 -41.395 3
      vertex 28.0311 -41.5513 3
    endloop
  endfacet
  facet normal -0 0 1
    outer loop
      vertex 26.2543 40.0337 3
      vertex 34.7948 38.6435 3
      vertex 26.4236 40.1039 3
    endloop
  endfacet
  facet normal 0 0 1
    outer loop
      vertex 44.2524 -3.90841 3
      vertex 27.8316 -41.244 3
      vertex 27.9353 -41.395 3
    endloop
  endfacet
  facet normal -0 0 1
    outer loop
      vertex 26.0816 39.9726 3
      vertex 34.7948 38.6435 3
      vertex 26.2543 40.0337 3
    endloop
  endfacet
  facet normal 0 0 1
    outer loop
      vertex 44.2524 -3.90841 3
      vertex 27.72 -41.0986 3
      vertex 27.8316 -41.244 3
    endloop
  endfacet
  facet normal 0 0 1
    outer loop
      vertex 34.7948 38.6435 3
      vertex 26.0816 39.9726 3
      vertex 36.7696 36.7696 3
    endloop
  endfacet
  facet normal 0 0 1
    outer loop
      vertex 44.2524 -3.90841 3
      vertex 27.601 -40.9593 3
      vertex 27.72 -41.0986 3
    endloop
  endfacet
  facet normal -0 0 1
    outer loop
      vertex 25.9059 39.9205 3
      vertex 36.7696 36.7696 3
      vertex 26.0816 39.9726 3
    endloop
  endfacet
  facet normal 0 0 1
    outer loop
      vertex 44.2524 -3.90841 3
      vertex 27.4749 -40.8264 3
      vertex 27.601 -40.9593 3
    endloop
  endfacet
  facet normal -0 0 1
    outer loop
      vertex 25.7277 39.8778 3
      vertex 36.7696 36.7696 3
      vertex 25.9059 39.9205 3
    endloop
  endfacet
  facet normal 0 0 1
    outer loop
      vertex 44.2524 -3.90841 3
      vertex 27.342 -40.7003 3
      vertex 27.4749 -40.8264 3
    endloop
  endfacet
  facet normal -0 0 1
    outer loop
      vertex 25.5475 39.8444 3
      vertex 36.7696 36.7696 3
      vertex 25.7277 39.8778 3
    endloop
  endfacet
  facet normal 0 0 1
    outer loop
      vertex 44.2524 -3.90841 3
      vertex 27.2026 -40.5813 3
      vertex 27.342 -40.7003 3
    endloop
  endfacet
  facet normal 0 0 1
    outer loop
      vertex 36.7696 36.7696 3
      vertex 25.5475 39.8444 3
      vertex 42 28 3
    endloop
  endfacet
  facet normal 0 0 1
    outer loop
      vertex 44.2524 -3.90841 3
      vertex 27.0572 -40.4697 3
      vertex 27.2026 -40.5813 3
    endloop
  endfacet
  facet normal -0 0 1
    outer loop
      vertex 25.3658 39.8204 3
      vertex 42 28 3
      vertex 25.5475 39.8444 3
    endloop
  endfacet
  facet normal 0 0 1
    outer loop
      vertex 44.2524 -3.90841 3
      vertex 26.9062 -40.3659 3
      vertex 27.0572 -40.4697 3
    endloop
  endfacet
  facet normal -0 0 1
    outer loop
      vertex 25.1832 39.8061 3
      vertex 42 28 3
      vertex 25.3658 39.8204 3
    endloop
  endfacet
  facet normal 0 0 1
    outer loop
      vertex 44.2524 -3.90841 3
      vertex 26.75 -40.2702 3
      vertex 26.9062 -40.3659 3
    endloop
  endfacet
  facet normal -0 0 1
    outer loop
      vertex 25 39.8013 3
      vertex 42 28 3
      vertex 25.1832 39.8061 3
    endloop
  endfacet
  facet normal 0 0 1
    outer loop
      vertex 44.2524 -3.90841 3
      vertex 26.589 -40.1827 3
      vertex 26.75 -40.2702 3
    endloop
  endfacet
  facet normal 0 0 1
    outer loop
      vertex 24.8168 39.8061 3
      vertex 42 28 3
      vertex 25 39.8013 3
    endloop
  endfacet
  facet normal 0 0 1
    outer loop
      vertex 44.2524 -3.90841 3
      vertex 26.4236 -40.1039 3
      vertex 26.589 -40.1827 3
    endloop
  endfacet
  facet normal 0 0 1
    outer loop
      vertex 24.6342 39.8204 3
      vertex 42 28 3
      vertex 24.8168 39.8061 3
    endloop
  endfacet
  facet normal 0 0 1
    outer loop
      vertex 44.2524 -3.90841 3
      vertex 26.2543 -40.0337 3
      vertex 26.4236 -40.1039 3
    endloop
  endfacet
  facet normal 0 0 1
    outer loop
      vertex 24.4525 39.8444 3
      vertex 42 28 3
      vertex 24.6342 39.8204 3
    endloop
  endfacet
  facet normal 0 0 1
    outer loop
      vertex 44.2524 -3.90841 3
      vertex 26.0816 -39.9726 3
      vertex 26.2543 -40.0337 3
    endloop
  endfacet
  facet normal 0 0 1
    outer loop
      vertex 42 28 3
      vertex 24.4525 39.8444 3
      vertex 44.3096 4.45293 3
    endloop
  endfacet
  facet normal 0 0 1
    outer loop
      vertex 44.2524 -3.90841 3
      vertex 25.9059 -39.9205 3
      vertex 26.0816 -39.9726 3
    endloop
  endfacet
  facet normal 0 0 1
    outer loop
      vertex 24.2723 39.8778 3
      vertex 44.3096 4.45293 3
      vertex 24.4525 39.8444 3
    endloop
  endfacet
  facet normal 0 0 1
    outer loop
      vertex 44.2524 -3.90841 3
      vertex 25.7277 -39.8778 3
      vertex 25.9059 -39.9205 3
    endloop
  endfacet
  facet normal 0 0 1
    outer loop
      vertex 24.0941 39.9205 3
      vertex 44.3096 4.45293 3
      vertex 24.2723 39.8778 3
    endloop
  endfacet
  facet normal 0 0 1
    outer loop
      vertex 44.2524 -3.90841 3
      vertex 25.5475 -39.8444 3
      vertex 25.7277 -39.8778 3
    endloop
  endfacet
  facet normal 0 0 1
    outer loop
      vertex 44.3096 4.45293 3
      vertex 24.0941 39.9205 3
      vertex 44.2882 4.36384 3
    endloop
  endfacet
  facet normal 0 0 1
    outer loop
      vertex 44.2524 -3.90841 3
      vertex 25.3658 -39.8204 3
      vertex 25.5475 -39.8444 3
    endloop
  endfacet
  facet normal 0 0 1
    outer loop
      vertex 23.9184 39.9726 3
      vertex 44.2882 4.36384 3
      vertex 24.0941 39.9205 3
    endloop
  endfacet
  facet normal 0 0 1
    outer loop
      vertex 44.2524 -3.90841 3
      vertex 25.1832 -39.8061 3
      vertex 25.3658 -39.8204 3
    endloop
  endfacet
  facet normal 0 0 1
    outer loop
      vertex 44.2882 4.36384 3
      vertex 23.9184 39.9726 3
      vertex 44.2715 4.27376 3
    endloop
  endfacet
  facet normal 0 0 1
    outer loop
      vertex 44.2524 -3.90841 3
      vertex 25 -39.8013 3
      vertex 25.1832 -39.8061 3
    endloop
  endfacet
  facet normal 0 0 1
    outer loop
      vertex 23.7457 40.0337 3
      vertex 44.2715 4.27376 3
      vertex 23.9184 39.9726 3
    endloop
  endfacet
  facet normal 0 0 1
    outer loop
      vertex 44.2524 -3.90841 3
      vertex 24.8168 -39.8061 3
      vertex 25 -39.8013 3
    endloop
  endfacet
  facet normal 0 0 1
    outer loop
      vertex 44.2715 4.27376 3
      vertex 23.7457 40.0337 3
      vertex 44.2596 4.18292 3
    endloop
  endfacet
  facet normal 0 0 1
    outer loop
      vertex 44.2524 -3.90841 3
      vertex 24.6342 -39.8204 3
      vertex 24.8168 -39.8061 3
    endloop
  endfacet
  facet normal 0 0 1
    outer loop
      vertex 23.5764 40.1039 3
      vertex 44.2596 4.18292 3
      vertex 23.7457 40.0337 3
    endloop
  endfacet
  facet normal 0 0 1
    outer loop
      vertex 44.2524 -3.90841 3
      vertex 24.4525 -39.8444 3
      vertex 24.6342 -39.8204 3
    endloop
  endfacet
  facet normal 0 0 1
    outer loop
      vertex 44.2596 4.18292 3
      vertex 23.5764 40.1039 3
      vertex 44.2524 4.09159 3
    endloop
  endfacet
  facet normal 0 0 1
    outer loop
      vertex 44.2524 -3.90841 3
      vertex 24.2723 -39.8778 3
      vertex 24.4525 -39.8444 3
    endloop
  endfacet
  facet normal 0 0 1
    outer loop
      vertex 23.411 40.1827 3
      vertex 44.2524 4.09159 3
      vertex 23.5764 40.1039 3
    endloop
  endfacet
  facet normal 0 0 1
    outer loop
      vertex 44.2524 -3.90841 3
      vertex 24.0941 -39.9205 3
      vertex 24.2723 -39.8778 3
    endloop
  endfacet
  facet normal 0 0 1
    outer loop
      vertex 44.2524 4.09159 3
      vertex 23.411 40.1827 3
      vertex 44.25 4 3
    endloop
  endfacet
  facet normal 0 0 1
    outer loop
      vertex 44.2524 -3.90841 3
      vertex 23.9184 -39.9726 3
      vertex 24.0941 -39.9205 3
    endloop
  endfacet
  facet normal 0 0 1
    outer loop
      vertex 23.25 40.2702 3
      vertex 44.25 4 3
      vertex 23.411 40.1827 3
    endloop
  endfacet
  facet normal 0 0 1
    outer loop
      vertex 44.2524 -3.90841 3
      vertex 23.7457 -40.0337 3
      vertex 23.9184 -39.9726 3
    endloop
  endfacet
  facet normal 0 0 1
    outer loop
      vertex 44.25 4 3
      vertex 23.25 40.2702 3
      vertex 44.2524 3.90841 3
    endloop
  endfacet
  facet normal 0 0 1
    outer loop
      vertex 44.2524 -3.90841 3
      vertex 23.5764 -40.1039 3
      vertex 23.7457 -40.0337 3
    endloop
  endfacet
  facet normal 0 0 1
    outer loop
      vertex 23.0938 40.3659 3
      vertex 44.2524 3.90841 3
      vertex 23.25 40.2702 3
    endloop
  endfacet
  facet normal 0 0 1
    outer loop
      vertex 44.2524 -3.90841 3
      vertex 23.411 -40.1827 3
      vertex 23.5764 -40.1039 3
    endloop
  endfacet
  facet normal 0 0 1
    outer loop
      vertex -46.5048 0.183175 3
      vertex 44.2524 3.90841 3
      vertex 23.0938 40.3659 3
    endloop
  endfacet
  facet normal 0 0 1
    outer loop
      vertex 44.2524 -3.90841 3
      vertex 23.25 -40.2702 3
      vertex 23.411 -40.1827 3
    endloop
  endfacet
  facet normal 0 -0 1
    outer loop
      vertex -46.5 0 3
      vertex 44.2524 3.90841 3
      vertex -46.5048 0.183175 3
    endloop
  endfacet
  facet normal 0 0 1
    outer loop
      vertex 44.2524 -3.90841 3
      vertex 23.0938 -40.3659 3
      vertex 23.25 -40.2702 3
    endloop
  endfacet
  facet normal 0 0 1
    outer loop
      vertex -46.5048 0.183175 3
      vertex 23.0938 40.3659 3
      vertex 22.9428 40.4697 3
    endloop
  endfacet
  facet normal 0 0 1
    outer loop
      vertex 44.2524 3.90841 3
      vertex -46.5 0 3
      vertex 44.2524 -3.90841 3
    endloop
  endfacet
  facet normal 0 0 1
    outer loop
      vertex -46.5048 0.183175 3
      vertex 22.9428 40.4697 3
      vertex 22.7974 40.5813 3
    endloop
  endfacet
  facet normal -0 0 1
    outer loop
      vertex -46.5048 -0.183175 3
      vertex 44.2524 -3.90841 3
      vertex -46.5 0 3
    endloop
  endfacet
  facet normal 0 0 1
    outer loop
      vertex -46.5048 0.183175 3
      vertex 22.7974 40.5813 3
      vertex 22.658 40.7003 3
    endloop
  endfacet
  facet normal 0 0 1
    outer loop
      vertex 44.2524 -3.90841 3
      vertex -46.5048 -0.183175 3
      vertex 23.0938 -40.3659 3
    endloop
  endfacet
  facet normal 0 0 1
    outer loop
      vertex -46.5048 0.183175 3
      vertex 22.658 40.7003 3
      vertex 22.5251 40.8264 3
    endloop
  endfacet
  facet normal 0 0 1
    outer loop
      vertex 23.0938 -40.3659 3
      vertex -46.5048 -0.183175 3
      vertex 22.9428 -40.4697 3
    endloop
  endfacet
  facet normal 0 0 1
    outer loop
      vertex -46.5048 0.183175 3
      vertex 22.5251 40.8264 3
      vertex 22.399 40.9593 3
    endloop
  endfacet
  facet normal -0 0 1
    outer loop
      vertex -46.5192 -0.365849 3
      vertex 22.9428 -40.4697 3
      vertex -46.5048 -0.183175 3
    endloop
  endfacet
  facet normal 0 0 1
    outer loop
      vertex -46.5048 0.183175 3
      vertex 22.399 40.9593 3
      vertex 22.28 41.0986 3
    endloop
  endfacet
  facet normal 0 0 1
    outer loop
      vertex 22.9428 -40.4697 3
      vertex -46.5192 -0.365849 3
      vertex 22.7974 -40.5813 3
    endloop
  endfacet
  facet normal 0 0 1
    outer loop
      vertex -46.5048 0.183175 3
      vertex 22.28 41.0986 3
      vertex 22.1684 41.244 3
    endloop
  endfacet
  facet normal -0 0 1
    outer loop
      vertex -46.5431 -0.54752 3
      vertex 22.7974 -40.5813 3
      vertex -46.5192 -0.365849 3
    endloop
  endfacet
  facet normal 0 0 1
    outer loop
      vertex -46.5048 0.183175 3
      vertex 22.1684 41.244 3
      vertex 22.0647 41.395 3
    endloop
  endfacet
  facet normal 0 0 1
    outer loop
      vertex 22.7974 -40.5813 3
      vertex -46.5431 -0.54752 3
      vertex 22.658 -40.7003 3
    endloop
  endfacet
  facet normal 0 0 1
    outer loop
      vertex -46.5048 0.183175 3
      vertex 22.0647 41.395 3
      vertex 21.9689 41.5513 3
    endloop
  endfacet
  facet normal 0 -0 1
    outer loop
      vertex -21.1503 -47.5044 3
      vertex 22.658 -40.7003 3
      vertex -46.5431 -0.54752 3
    endloop
  endfacet
  facet normal 0 0 1
    outer loop
      vertex -46.5048 0.183175 3
      vertex 21.9689 41.5513 3
      vertex 21.8815 41.7123 3
    endloop
  endfacet
  facet normal 0 -0 1
    outer loop
      vertex -18.6351 -48.5462 3
      vertex 22.658 -40.7003 3
      vertex -21.1503 -47.5044 3
    endloop
  endfacet
  facet normal 0 0 1
    outer loop
      vertex -46.5048 0.183175 3
      vertex 21.8815 41.7123 3
      vertex 21.8026 41.8777 3
    endloop
  endfacet
  facet normal 0 -0 1
    outer loop
      vertex -16.0689 -49.4549 3
      vertex 22.658 -40.7003 3
      vertex -18.6351 -48.5462 3
    endloop
  endfacet
  facet normal 0 0 1
    outer loop
      vertex -46.5048 0.183175 3
      vertex 21.8026 41.8777 3
      vertex 21.7325 42.047 3
    endloop
  endfacet
  facet normal 0 0 1
    outer loop
      vertex 22.658 -40.7003 3
      vertex -16.0689 -49.4549 3
      vertex 22.5251 -40.8264 3
    endloop
  endfacet
  facet normal 0 0 1
    outer loop
      vertex -46.5048 0.183175 3
      vertex 21.7325 42.047 3
      vertex 21.6713 42.2197 3
    endloop
  endfacet
  facet normal 0 -0 1
    outer loop
      vertex -13.4586 -50.2281 3
      vertex 22.5251 -40.8264 3
      vertex -16.0689 -49.4549 3
    endloop
  endfacet
  facet normal 0 0 1
    outer loop
      vertex -46.5048 0.183175 3
      vertex 21.6713 42.2197 3
      vertex 21.6193 42.3954 3
    endloop
  endfacet
  facet normal 0 -0 1
    outer loop
      vertex -10.8114 -50.8637 3
      vertex 22.5251 -40.8264 3
      vertex -13.4586 -50.2281 3
    endloop
  endfacet
  facet normal 0 0 1
    outer loop
      vertex -46.5048 0.183175 3
      vertex 21.6193 42.3954 3
      vertex 21.5765 42.5736 3
    endloop
  endfacet
  facet normal 0 0 1
    outer loop
      vertex 22.5251 -40.8264 3
      vertex -10.8114 -50.8637 3
      vertex 22.399 -40.9593 3
    endloop
  endfacet
  facet normal 0 0 1
    outer loop
      vertex -46.5048 0.183175 3
      vertex 21.5765 42.5736 3
      vertex 21.5431 42.7537 3
    endloop
  endfacet
  facet normal 0 -0 1
    outer loop
      vertex -8.13459 -51.3598 3
      vertex 22.399 -40.9593 3
      vertex -10.8114 -50.8637 3
    endloop
  endfacet
  facet normal 0 0 1
    outer loop
      vertex -46.5048 0.183175 3
      vertex 21.5431 42.7537 3
      vertex 21.5192 42.9354 3
    endloop
  endfacet
  facet normal 0 -0 1
    outer loop
      vertex -5.43548 -51.7151 3
      vertex 22.399 -40.9593 3
      vertex -8.13459 -51.3598 3
    endloop
  endfacet
  facet normal 0 0 1
    outer loop
      vertex -46.5048 0.183175 3
      vertex 21.5192 42.9354 3
      vertex 21.5048 43.1181 3
    endloop
  endfacet
  facet normal 0 0 1
    outer loop
      vertex 22.399 -40.9593 3
      vertex -5.43548 -51.7151 3
      vertex 22.28 -41.0986 3
    endloop
  endfacet
  facet normal 0 0 1
    outer loop
      vertex 21.1503 47.5044 3
      vertex 21.5048 43.1181 3
      vertex 21.5 43.3013 3
    endloop
  endfacet
  facet normal 0 0 1
    outer loop
      vertex -46.5048 0.183175 3
      vertex 21.5048 43.1181 3
      vertex 21.1503 47.5044 3
    endloop
  endfacet
  facet normal 0 0 1
    outer loop
      vertex 40.4116 32.7247 3
      vertex 42 28 3
      vertex 42 30.6546 3
    endloop
  endfacet
  facet normal 0 0 1
    outer loop
      vertex 38.6435 34.7948 3
      vertex 42 28 3
      vertex 40.4116 32.7247 3
    endloop
  endfacet
  facet normal -0 0 1
    outer loop
      vertex 28.4569 42.7537 3
      vertex 30.5648 42.0689 3
      vertex 28.4808 42.9354 3
    endloop
  endfacet
  facet normal 0 0 1
    outer loop
      vertex 42 -28 3
      vertex 40.4116 -32.7247 3
      vertex 42 -30.6546 3
    endloop
  endfacet
  facet normal 0 0 1
    outer loop
      vertex 36.7696 36.7696 3
      vertex 42 28 3
      vertex 38.6435 34.7948 3
    endloop
  endfacet
  facet normal 0 0 1
    outer loop
      vertex 44.25 -4 3
      vertex 28.5 -43.3013 3
      vertex 44.2524 -4.09159 3
    endloop
  endfacet
  facet normal 0 0 1
    outer loop
      vertex 28.1974 41.8777 3
      vertex 30.5648 42.0689 3
      vertex 28.2675 42.047 3
    endloop
  endfacet
  facet normal 0 -0 1
    outer loop
      vertex 32.7247 -40.4116 3
      vertex 42 -28 3
      vertex 28.5 -43.3013 3
    endloop
  endfacet
  facet normal -0 0 1
    outer loop
      vertex 28.4235 42.5736 3
      vertex 30.5648 42.0689 3
      vertex 28.4569 42.7537 3
    endloop
  endfacet
  facet normal 0 0 1
    outer loop
      vertex 42 -28 3
      vertex 38.6435 -34.7948 3
      vertex 40.4116 -32.7247 3
    endloop
  endfacet
  facet normal -0 0 1
    outer loop
      vertex 28.4808 42.9354 3
      vertex 30.5648 42.0689 3
      vertex 28.4952 43.1181 3
    endloop
  endfacet
  facet normal 0 0 1
    outer loop
      vertex 42 -28 3
      vertex 36.7696 -36.7696 3
      vertex 38.6435 -34.7948 3
    endloop
  endfacet
  facet normal -0 0 1
    outer loop
      vertex 28.4952 43.1181 3
      vertex 30.5648 42.0689 3
      vertex 28.5 43.3013 3
    endloop
  endfacet
  facet normal 0 0 1
    outer loop
      vertex 42 -28 3
      vertex 34.7948 -38.6435 3
      vertex 36.7696 -36.7696 3
    endloop
  endfacet
  facet normal 0 0 1
    outer loop
      vertex 42 -28 3
      vertex 32.7247 -40.4116 3
      vertex 34.7948 -38.6435 3
    endloop
  endfacet
  facet normal 0 0 1
    outer loop
      vertex 30.5648 42.0689 3
      vertex 28.4952 43.4844 3
      vertex 28.5 43.3013 3
    endloop
  endfacet
  facet normal -0 -0 1
    outer loop
      vertex 28.4952 43.4844 3
      vertex 30.5648 42.0689 3
      vertex 28.4946 43.4917 3
    endloop
  endfacet
  facet normal 0 0 1
    outer loop
      vertex 32.7247 -40.4116 3
      vertex 28.5 -43.3013 3
      vertex 30.5648 -42.0689 3
    endloop
  endfacet
  facet normal 0 0 1
    outer loop
      vertex 28.4952 -43.4844 3
      vertex 30.5648 -42.0689 3
      vertex 28.5 -43.3013 3
    endloop
  endfacet
  facet normal 0 0 1
    outer loop
      vertex 30.5648 -42.0689 3
      vertex 28.4952 -43.4844 3
      vertex 28.4946 -43.4917 3
    endloop
  endfacet
  facet normal 0 0 1
    outer loop
      vertex 23.411 -46.4198 3
      vertex 21.1503 -47.5044 3
      vertex 23.4176 -46.4229 3
    endloop
  endfacet
  facet normal 0 0 1
    outer loop
      vertex 23.25 -46.3324 3
      vertex 21.1503 -47.5044 3
      vertex 23.411 -46.4198 3
    endloop
  endfacet
  facet normal 0 0 1
    outer loop
      vertex 23.0938 -46.2366 3
      vertex 21.1503 -47.5044 3
      vertex 23.25 -46.3324 3
    endloop
  endfacet
  facet normal 0 0 1
    outer loop
      vertex 22.9428 -46.1328 3
      vertex 21.1503 -47.5044 3
      vertex 23.0938 -46.2366 3
    endloop
  endfacet
  facet normal 0 0 1
    outer loop
      vertex 22.7974 -46.0213 3
      vertex 21.1503 -47.5044 3
      vertex 22.9428 -46.1328 3
    endloop
  endfacet
  facet normal 0 0 1
    outer loop
      vertex 22.658 -45.9023 3
      vertex 21.1503 -47.5044 3
      vertex 22.7974 -46.0213 3
    endloop
  endfacet
  facet normal 0 0 1
    outer loop
      vertex 22.5251 -45.7761 3
      vertex 21.1503 -47.5044 3
      vertex 22.658 -45.9023 3
    endloop
  endfacet
  facet normal 0 0 1
    outer loop
      vertex 22.399 -45.6432 3
      vertex 21.1503 -47.5044 3
      vertex 22.5251 -45.7761 3
    endloop
  endfacet
  facet normal 0 0 1
    outer loop
      vertex 22.28 -45.5039 3
      vertex 21.1503 -47.5044 3
      vertex 22.399 -45.6432 3
    endloop
  endfacet
  facet normal 0 0 1
    outer loop
      vertex 22.1684 -45.3585 3
      vertex 21.1503 -47.5044 3
      vertex 22.28 -45.5039 3
    endloop
  endfacet
  facet normal 0 0 1
    outer loop
      vertex 22.0647 -45.2075 3
      vertex 21.1503 -47.5044 3
      vertex 22.1684 -45.3585 3
    endloop
  endfacet
  facet normal 0 0 1
    outer loop
      vertex 21.9689 -45.0513 3
      vertex 21.1503 -47.5044 3
      vertex 22.0647 -45.2075 3
    endloop
  endfacet
  facet normal 0 0 1
    outer loop
      vertex 21.8815 -44.8902 3
      vertex 21.1503 -47.5044 3
      vertex 21.9689 -45.0513 3
    endloop
  endfacet
  facet normal 0 0 1
    outer loop
      vertex 21.8026 -44.7248 3
      vertex 21.1503 -47.5044 3
      vertex 21.8815 -44.8902 3
    endloop
  endfacet
  facet normal 0 0 1
    outer loop
      vertex 21.7325 -44.5556 3
      vertex 21.1503 -47.5044 3
      vertex 21.8026 -44.7248 3
    endloop
  endfacet
  facet normal 0 0 1
    outer loop
      vertex 18.6351 -48.5462 3
      vertex 21.7325 -44.5556 3
      vertex 21.6713 -44.3828 3
    endloop
  endfacet
  facet normal 0 0 1
    outer loop
      vertex 18.6351 -48.5462 3
      vertex 21.6713 -44.3828 3
      vertex 21.6193 -44.2071 3
    endloop
  endfacet
  facet normal 0 0 1
    outer loop
      vertex 18.6351 -48.5462 3
      vertex 21.6193 -44.2071 3
      vertex 21.5765 -44.029 3
    endloop
  endfacet
  facet normal 0 0 1
    outer loop
      vertex 18.6351 -48.5462 3
      vertex 21.5765 -44.029 3
      vertex 21.5431 -43.8488 3
    endloop
  endfacet
  facet normal 0 0 1
    outer loop
      vertex 18.6351 -48.5462 3
      vertex 21.5431 -43.8488 3
      vertex 21.5192 -43.6671 3
    endloop
  endfacet
  facet normal 0 0 1
    outer loop
      vertex 18.6351 -48.5462 3
      vertex 21.5192 -43.6671 3
      vertex 21.5048 -43.4844 3
    endloop
  endfacet
  facet normal 0 0 1
    outer loop
      vertex 18.6351 -48.5462 3
      vertex 21.5048 -43.4844 3
      vertex 21.5 -43.3013 3
    endloop
  endfacet
  facet normal 0 -0 1
    outer loop
      vertex 0 -52 3
      vertex 22.28 -41.0986 3
      vertex -2.72147 -51.9287 3
    endloop
  endfacet
  facet normal 0 0 1
    outer loop
      vertex -46.5048 0.183175 3
      vertex 21.1503 47.5044 3
      vertex 18.6351 48.5462 3
    endloop
  endfacet
  facet normal 0 -0 1
    outer loop
      vertex 2.72147 -51.9287 3
      vertex 22.1684 -41.244 3
      vertex 0 -52 3
    endloop
  endfacet
  facet normal 0 0 1
    outer loop
      vertex -46.5048 0.183175 3
      vertex 18.6351 48.5462 3
      vertex 16.0689 49.4549 3
    endloop
  endfacet
  facet normal 0 0 1
    outer loop
      vertex 22.1684 -41.244 3
      vertex 2.72147 -51.9287 3
      vertex 22.0647 -41.395 3
    endloop
  endfacet
  facet normal 0 0 1
    outer loop
      vertex -46.5048 0.183175 3
      vertex 16.0689 49.4549 3
      vertex 13.4586 50.2281 3
    endloop
  endfacet
  facet normal 0 0 1
    outer loop
      vertex 21.7325 -44.5556 3
      vertex 18.6351 -48.5462 3
      vertex 21.1503 -47.5044 3
    endloop
  endfacet
  facet normal 0 0 1
    outer loop
      vertex -46.5048 0.183175 3
      vertex 13.4586 50.2281 3
      vertex 10.8114 50.8637 3
    endloop
  endfacet
  facet normal 0 0 1
    outer loop
      vertex 21.5 -43.3013 3
      vertex 16.0689 -49.4549 3
      vertex 18.6351 -48.5462 3
    endloop
  endfacet
  facet normal 0 0 1
    outer loop
      vertex -46.5048 0.183175 3
      vertex 10.8114 50.8637 3
      vertex 8.13459 51.3598 3
    endloop
  endfacet
  facet normal 0 0 1
    outer loop
      vertex 21.5048 -43.1181 3
      vertex 16.0689 -49.4549 3
      vertex 21.5 -43.3013 3
    endloop
  endfacet
  facet normal 0 0 1
    outer loop
      vertex -46.5192 0.365849 3
      vertex 8.13459 51.3598 3
      vertex 5.43548 51.7151 3
    endloop
  endfacet
  facet normal 0 0 1
    outer loop
      vertex 21.5192 -42.9354 3
      vertex 16.0689 -49.4549 3
      vertex 21.5048 -43.1181 3
    endloop
  endfacet
  facet normal 0 0 1
    outer loop
      vertex -46.5192 0.365849 3
      vertex 5.43548 51.7151 3
      vertex 2.72147 51.9287 3
    endloop
  endfacet
  facet normal 0 0 1
    outer loop
      vertex 21.5431 -42.7537 3
      vertex 16.0689 -49.4549 3
      vertex 21.5192 -42.9354 3
    endloop
  endfacet
  facet normal 0 0 1
    outer loop
      vertex -46.5192 0.365849 3
      vertex 2.72147 51.9287 3
      vertex 0 52 3
    endloop
  endfacet
  facet normal 0 -0 1
    outer loop
      vertex 5.43548 -51.7151 3
      vertex 22.0647 -41.395 3
      vertex 2.72147 -51.9287 3
    endloop
  endfacet
  facet normal 0 0 1
    outer loop
      vertex -46.5192 0.365849 3
      vertex 0 52 3
      vertex -2.72147 51.9287 3
    endloop
  endfacet
  facet normal 0 0 1
    outer loop
      vertex 21.5765 -42.5736 3
      vertex 16.0689 -49.4549 3
      vertex 21.5431 -42.7537 3
    endloop
  endfacet
  facet normal 0 0 1
    outer loop
      vertex -46.5192 0.365849 3
      vertex -2.72147 51.9287 3
      vertex -5.43548 51.7151 3
    endloop
  endfacet
  facet normal 0 -0 1
    outer loop
      vertex 16.0689 -49.4549 3
      vertex 21.5765 -42.5736 3
      vertex 13.4586 -50.2281 3
    endloop
  endfacet
  facet normal 0 0 1
    outer loop
      vertex -46.5192 0.365849 3
      vertex -5.43548 51.7151 3
      vertex -8.13459 51.3598 3
    endloop
  endfacet
  facet normal 0 0 1
    outer loop
      vertex 21.6193 -42.3954 3
      vertex 13.4586 -50.2281 3
      vertex 21.5765 -42.5736 3
    endloop
  endfacet
  facet normal 0 0 1
    outer loop
      vertex -46.5192 0.365849 3
      vertex -8.13459 51.3598 3
      vertex -10.8114 50.8637 3
    endloop
  endfacet
  facet normal 0 0 1
    outer loop
      vertex 21.6713 -42.2197 3
      vertex 13.4586 -50.2281 3
      vertex 21.6193 -42.3954 3
    endloop
  endfacet
  facet normal 0 0 1
    outer loop
      vertex -46.5192 0.365849 3
      vertex -10.8114 50.8637 3
      vertex -13.4586 50.2281 3
    endloop
  endfacet
  facet normal 0 0 1
    outer loop
      vertex 21.7325 -42.047 3
      vertex 13.4586 -50.2281 3
      vertex 21.6713 -42.2197 3
    endloop
  endfacet
  facet normal 0 0 1
    outer loop
      vertex -46.5192 0.365849 3
      vertex -13.4586 50.2281 3
      vertex -16.0689 49.4549 3
    endloop
  endfacet
  facet normal 0 -0 1
    outer loop
      vertex 13.4586 -50.2281 3
      vertex 21.7325 -42.047 3
      vertex 10.8114 -50.8637 3
    endloop
  endfacet
  facet normal 0 0 1
    outer loop
      vertex -46.5431 0.54752 3
      vertex -16.0689 49.4549 3
      vertex -18.6351 48.5462 3
    endloop
  endfacet
  facet normal 0 0 1
    outer loop
      vertex 21.8026 -41.8777 3
      vertex 10.8114 -50.8637 3
      vertex 21.7325 -42.047 3
    endloop
  endfacet
  facet normal 0 0 1
    outer loop
      vertex -46.5431 0.54752 3
      vertex -18.6351 48.5462 3
      vertex -21.1503 47.5044 3
    endloop
  endfacet
  facet normal 0 0 1
    outer loop
      vertex 21.8815 -41.7123 3
      vertex 10.8114 -50.8637 3
      vertex 21.8026 -41.8777 3
    endloop
  endfacet
  facet normal 0 0 1
    outer loop
      vertex -46.5431 0.54752 3
      vertex -21.1503 47.5044 3
      vertex -23.6075 46.3323 3
    endloop
  endfacet
  facet normal 0 -0 1
    outer loop
      vertex 10.8114 -50.8637 3
      vertex 21.8815 -41.7123 3
      vertex 8.13459 -51.3598 3
    endloop
  endfacet
  facet normal 0 0 1
    outer loop
      vertex -42 28 3
      vertex -23.6075 46.3323 3
      vertex -26 45.0333 3
    endloop
  endfacet
  facet normal 0 -0 1
    outer loop
      vertex 8.13459 -51.3598 3
      vertex 21.9689 -41.5513 3
      vertex 5.43548 -51.7151 3
    endloop
  endfacet
  facet normal 0 0 1
    outer loop
      vertex -42 28 3
      vertex -26 45.0333 3
      vertex -28.3212 43.6109 3
    endloop
  endfacet
  facet normal 0 0 1
    outer loop
      vertex 21.9689 -41.5513 3
      vertex 8.13459 -51.3598 3
      vertex 21.8815 -41.7123 3
    endloop
  endfacet
  facet normal 0 0 1
    outer loop
      vertex -42 28 3
      vertex -28.3212 43.6109 3
      vertex -30.5648 42.0689 3
    endloop
  endfacet
  facet normal 0 0 1
    outer loop
      vertex 22.0647 -41.395 3
      vertex 5.43548 -51.7151 3
      vertex 21.9689 -41.5513 3
    endloop
  endfacet
  facet normal 0 0 1
    outer loop
      vertex -42 28 3
      vertex -30.5648 42.0689 3
      vertex -32.7247 40.4116 3
    endloop
  endfacet
  facet normal 0 0 1
    outer loop
      vertex -21.1503 -47.5044 3
      vertex -46.5431 -0.54752 3
      vertex -23.6075 -46.3323 3
    endloop
  endfacet
  facet normal 0 0 1
    outer loop
      vertex -42 28 3
      vertex -32.7247 40.4116 3
      vertex -34.7948 38.6435 3
    endloop
  endfacet
  facet normal -0 -0 1
    outer loop
      vertex -42 -28 3
      vertex -23.6075 -46.3323 3
      vertex -46.5431 -0.54752 3
    endloop
  endfacet
  facet normal 0 0 1
    outer loop
      vertex -42 28 3
      vertex -34.7948 38.6435 3
      vertex -36.7696 36.7696 3
    endloop
  endfacet
  facet normal 0 0 1
    outer loop
      vertex -23.6075 -46.3323 3
      vertex -42 -28 3
      vertex -26 -45.0333 3
    endloop
  endfacet
  facet normal 0 0 1
    outer loop
      vertex -42 28 3
      vertex -36.7696 36.7696 3
      vertex -38.6435 34.7948 3
    endloop
  endfacet
  facet normal 0 0 1
    outer loop
      vertex -26 -45.0333 3
      vertex -42 -28 3
      vertex -28.3212 -43.6109 3
    endloop
  endfacet
  facet normal 0 0 1
    outer loop
      vertex -42 28 3
      vertex -38.6435 34.7948 3
      vertex -40.4116 32.7247 3
    endloop
  endfacet
  facet normal 0 0 1
    outer loop
      vertex -23.6075 46.3323 3
      vertex -42 28 3
      vertex -46.5431 0.54752 3
    endloop
  endfacet
  facet normal 0 0 1
    outer loop
      vertex -42 28 3
      vertex -40.4116 32.7247 3
      vertex -42 30.6546 3
    endloop
  endfacet
  facet normal 0 0 1
    outer loop
      vertex -28.3212 -43.6109 3
      vertex -42 -28 3
      vertex -30.5648 -42.0689 3
    endloop
  endfacet
  facet normal 0 0 1
    outer loop
      vertex -38.6435 -34.7948 3
      vertex -42 -28 3
      vertex -40.4116 -32.7247 3
    endloop
  endfacet
  facet normal 0 0 1
    outer loop
      vertex -40.4116 -32.7247 3
      vertex -42 -28 3
      vertex -42 -30.6546 3
    endloop
  endfacet
  facet normal 0 0 1
    outer loop
      vertex -45.0333 26 3
      vertex -42 28 3
      vertex -43.8077 28 3
    endloop
  endfacet
  facet normal 0 0 1
    outer loop
      vertex -32.7247 -40.4116 3
      vertex -42 -28 3
      vertex -34.7948 -38.6435 3
    endloop
  endfacet
  facet normal 0 0 1
    outer loop
      vertex -46.3323 23.6075 3
      vertex -42 28 3
      vertex -45.0333 26 3
    endloop
  endfacet
  facet normal 0 0 1
    outer loop
      vertex -36.7696 -36.7696 3
      vertex -42 -28 3
      vertex -38.6435 -34.7948 3
    endloop
  endfacet
  facet normal 0 0 1
    outer loop
      vertex -47.5044 21.1503 3
      vertex -42 28 3
      vertex -46.3323 23.6075 3
    endloop
  endfacet
  facet normal 0 0 1
    outer loop
      vertex -34.7948 -38.6435 3
      vertex -42 -28 3
      vertex -36.7696 -36.7696 3
    endloop
  endfacet
  facet normal 0 0 1
    outer loop
      vertex -30.5648 -42.0689 3
      vertex -42 -28 3
      vertex -32.7247 -40.4116 3
    endloop
  endfacet
  facet normal 0 0 1
    outer loop
      vertex 22.28 -41.0986 3
      vertex 0 -52 3
      vertex 22.1684 -41.244 3
    endloop
  endfacet
  facet normal 0 0 1
    outer loop
      vertex 8.13459 51.3598 3
      vertex -46.5192 0.365849 3
      vertex -46.5048 0.183175 3
    endloop
  endfacet
  facet normal 0 0 1
    outer loop
      vertex -16.0689 49.4549 3
      vertex -46.5431 0.54752 3
      vertex -46.5192 0.365849 3
    endloop
  endfacet
  facet normal 0 0 1
    outer loop
      vertex -42 28 3
      vertex -46.5765 0.727691 3
      vertex -46.5431 0.54752 3
    endloop
  endfacet
  facet normal 0 0 1
    outer loop
      vertex -42 28 3
      vertex -46.6193 0.905867 3
      vertex -46.5765 0.727691 3
    endloop
  endfacet
  facet normal 0 0 1
    outer loop
      vertex -42 28 3
      vertex -46.6713 1.08156 3
      vertex -46.6193 0.905867 3
    endloop
  endfacet
  facet normal 0 0 1
    outer loop
      vertex -42 28 3
      vertex -46.7325 1.25429 3
      vertex -46.6713 1.08156 3
    endloop
  endfacet
  facet normal 0 0 1
    outer loop
      vertex -42 28 3
      vertex -46.8026 1.42358 3
      vertex -46.7325 1.25429 3
    endloop
  endfacet
  facet normal 0 0 1
    outer loop
      vertex -42 28 3
      vertex -46.8815 1.58897 3
      vertex -46.8026 1.42358 3
    endloop
  endfacet
  facet normal 0 -0 1
    outer loop
      vertex -46.9689 1.75 3
      vertex -42 28 3
      vertex -47.5044 21.1503 3
    endloop
  endfacet
  facet normal 0 0 1
    outer loop
      vertex -42 28 3
      vertex -46.9689 1.75 3
      vertex -46.8815 1.58897 3
    endloop
  endfacet
  facet normal -0 0 1
    outer loop
      vertex -48.5462 18.6351 3
      vertex -46.9689 1.75 3
      vertex -47.5044 21.1503 3
    endloop
  endfacet
  facet normal 0 0 1
    outer loop
      vertex -46.9689 1.75 3
      vertex -48.5462 18.6351 3
      vertex -47.0647 1.90624 3
    endloop
  endfacet
  facet normal -0 0 1
    outer loop
      vertex -49.4549 16.0689 3
      vertex -47.0647 1.90624 3
      vertex -48.5462 18.6351 3
    endloop
  endfacet
  facet normal 0 0 1
    outer loop
      vertex -47.0647 1.90624 3
      vertex -49.4549 16.0689 3
      vertex -47.1684 2.05725 3
    endloop
  endfacet
  facet normal 0 0 1
    outer loop
      vertex -47.1684 2.05725 3
      vertex -49.4549 16.0689 3
      vertex -47.28 2.20262 3
    endloop
  endfacet
  facet normal -0 0 1
    outer loop
      vertex -50.2281 13.4586 3
      vertex -47.28 2.20262 3
      vertex -49.4549 16.0689 3
    endloop
  endfacet
  facet normal 0 0 1
    outer loop
      vertex -47.28 2.20262 3
      vertex -50.2281 13.4586 3
      vertex -47.399 2.34196 3
    endloop
  endfacet
  facet normal 0 0 1
    outer loop
      vertex -47.399 2.34196 3
      vertex -50.2281 13.4586 3
      vertex -47.5251 2.47487 3
    endloop
  endfacet
  facet normal 0 0 1
    outer loop
      vertex -47.5251 2.47487 3
      vertex -50.2281 13.4586 3
      vertex -47.658 2.60101 3
    endloop
  endfacet
  facet normal -0 0 1
    outer loop
      vertex -50.8637 10.8114 3
      vertex -47.658 2.60101 3
      vertex -50.2281 13.4586 3
    endloop
  endfacet
  facet normal 0 0 1
    outer loop
      vertex -47.658 2.60101 3
      vertex -50.8637 10.8114 3
      vertex -47.7974 2.72001 3
    endloop
  endfacet
  facet normal 0 0 1
    outer loop
      vertex -47.7974 2.72001 3
      vertex -50.8637 10.8114 3
      vertex -47.9428 2.83156 3
    endloop
  endfacet
  facet normal 0 0 1
    outer loop
      vertex -47.9428 2.83156 3
      vertex -50.8637 10.8114 3
      vertex -48.0938 2.93535 3
    endloop
  endfacet
  facet normal 0 0 1
    outer loop
      vertex -48.0938 2.93535 3
      vertex -50.8637 10.8114 3
      vertex -48.25 3.03109 3
    endloop
  endfacet
  facet normal -0 0 1
    outer loop
      vertex -51.3598 8.13459 3
      vertex -48.25 3.03109 3
      vertex -50.8637 10.8114 3
    endloop
  endfacet
  facet normal 0 0 1
    outer loop
      vertex -48.25 3.03109 3
      vertex -51.3598 8.13459 3
      vertex -48.411 3.11852 3
    endloop
  endfacet
  facet normal 0 0 1
    outer loop
      vertex -48.411 3.11852 3
      vertex -51.3598 8.13459 3
      vertex -48.5764 3.19741 3
    endloop
  endfacet
  facet normal 0 0 1
    outer loop
      vertex -48.5764 3.19741 3
      vertex -51.3598 8.13459 3
      vertex -48.7457 3.26753 3
    endloop
  endfacet
  facet normal 0 0 1
    outer loop
      vertex -48.7457 3.26753 3
      vertex -51.3598 8.13459 3
      vertex -48.9184 3.3287 3
    endloop
  endfacet
  facet normal 0 0 1
    outer loop
      vertex -48.9184 3.3287 3
      vertex -51.3598 8.13459 3
      vertex -49.0941 3.38074 3
    endloop
  endfacet
  facet normal 0 0 1
    outer loop
      vertex -49.0941 3.38074 3
      vertex -51.3598 8.13459 3
      vertex -49.2723 3.42352 3
    endloop
  endfacet
  facet normal 0 0 1
    outer loop
      vertex -49.2723 3.42352 3
      vertex -51.3598 8.13459 3
      vertex -49.4525 3.45691 3
    endloop
  endfacet
  facet normal -0 0 1
    outer loop
      vertex -51.7151 5.43548 3
      vertex -49.4525 3.45691 3
      vertex -51.3598 8.13459 3
    endloop
  endfacet
  facet normal 0 0 1
    outer loop
      vertex -49.4525 3.45691 3
      vertex -51.7151 5.43548 3
      vertex -49.6342 3.48083 3
    endloop
  endfacet
  facet normal 0 0 1
    outer loop
      vertex -49.6342 3.48083 3
      vertex -51.7151 5.43548 3
      vertex -49.8168 3.4952 3
    endloop
  endfacet
  facet normal 0 0 1
    outer loop
      vertex -49.8168 3.4952 3
      vertex -51.7151 5.43548 3
      vertex -50 3.5 3
    endloop
  endfacet
  facet normal 0 0 1
    outer loop
      vertex -50 3.5 3
      vertex -51.7151 5.43548 3
      vertex -50.1832 3.4952 3
    endloop
  endfacet
  facet normal 0 0 1
    outer loop
      vertex -50.1832 3.4952 3
      vertex -51.7151 5.43548 3
      vertex -50.3658 3.48083 3
    endloop
  endfacet
  facet normal 0 0 1
    outer loop
      vertex -50.3658 3.48083 3
      vertex -51.7151 5.43548 3
      vertex -50.5475 3.45691 3
    endloop
  endfacet
  facet normal 0 0 1
    outer loop
      vertex -50.5475 3.45691 3
      vertex -51.7151 5.43548 3
      vertex -50.7277 3.42352 3
    endloop
  endfacet
  facet normal 0 0 1
    outer loop
      vertex -50.7277 3.42352 3
      vertex -51.7151 5.43548 3
      vertex -50.9059 3.38074 3
    endloop
  endfacet
  facet normal 0 0 1
    outer loop
      vertex -50.9059 3.38074 3
      vertex -51.7151 5.43548 3
      vertex -51.0816 3.3287 3
    endloop
  endfacet
  facet normal 0 0 1
    outer loop
      vertex -51.0816 3.3287 3
      vertex -51.7151 5.43548 3
      vertex -51.2543 3.26753 3
    endloop
  endfacet
  facet normal 0 0 1
    outer loop
      vertex -51.2543 3.26753 3
      vertex -51.7151 5.43548 3
      vertex -51.4236 3.19741 3
    endloop
  endfacet
  facet normal 0 0 1
    outer loop
      vertex -51.4236 3.19741 3
      vertex -51.7151 5.43548 3
      vertex -51.589 3.11852 3
    endloop
  endfacet
  facet normal 0 0 1
    outer loop
      vertex -51.7151 5.43548 3
      vertex -51.75 3.03109 3
      vertex -51.589 3.11852 3
    endloop
  endfacet
  facet normal 0 0 1
    outer loop
      vertex -51.7151 5.43548 3
      vertex -51.9062 2.93535 3
      vertex -51.75 3.03109 3
    endloop
  endfacet
  facet normal 0 -0 1
    outer loop
      vertex -51.9062 2.93535 3
      vertex -51.7151 5.43548 3
      vertex -51.9122 2.93123 3
    endloop
  endfacet
  facet normal -0 0 1
    outer loop
      vertex -46.5765 -0.727691 3
      vertex -42 -28 3
      vertex -46.5431 -0.54752 3
    endloop
  endfacet
  facet normal -0 0 1
    outer loop
      vertex -46.6193 -0.905867 3
      vertex -42 -28 3
      vertex -46.5765 -0.727691 3
    endloop
  endfacet
  facet normal -0 0 1
    outer loop
      vertex -46.6713 -1.08156 3
      vertex -42 -28 3
      vertex -46.6193 -0.905867 3
    endloop
  endfacet
  facet normal -0 0 1
    outer loop
      vertex -46.7325 -1.25429 3
      vertex -42 -28 3
      vertex -46.6713 -1.08156 3
    endloop
  endfacet
  facet normal -0 0 1
    outer loop
      vertex -46.8026 -1.42358 3
      vertex -42 -28 3
      vertex -46.7325 -1.25429 3
    endloop
  endfacet
  facet normal 0 0 1
    outer loop
      vertex -42 -28 3
      vertex -45.0333 -26 3
      vertex -43.8077 -28 3
    endloop
  endfacet
  facet normal -0 0 1
    outer loop
      vertex -46.8815 -1.58897 3
      vertex -42 -28 3
      vertex -46.8026 -1.42358 3
    endloop
  endfacet
  facet normal 0 0 1
    outer loop
      vertex -42 -28 3
      vertex -46.3323 -23.6075 3
      vertex -45.0333 -26 3
    endloop
  endfacet
  facet normal -0 0 1
    outer loop
      vertex -46.9689 -1.75 3
      vertex -42 -28 3
      vertex -46.8815 -1.58897 3
    endloop
  endfacet
  facet normal 0 0 1
    outer loop
      vertex -42 -28 3
      vertex -46.9689 -1.75 3
      vertex -47.5044 -21.1503 3
    endloop
  endfacet
  facet normal 0 0 1
    outer loop
      vertex -48.5462 -18.6351 3
      vertex -46.9689 -1.75 3
      vertex -47.0647 -1.90624 3
    endloop
  endfacet
  facet normal 0 0 1
    outer loop
      vertex -49.4549 -16.0689 3
      vertex -47.0647 -1.90624 3
      vertex -47.1684 -2.05725 3
    endloop
  endfacet
  facet normal 0 0 1
    outer loop
      vertex -49.4549 -16.0689 3
      vertex -47.1684 -2.05725 3
      vertex -47.28 -2.20262 3
    endloop
  endfacet
  facet normal 0 0 1
    outer loop
      vertex -50.2281 -13.4586 3
      vertex -47.28 -2.20262 3
      vertex -47.399 -2.34196 3
    endloop
  endfacet
  facet normal 0 0 1
    outer loop
      vertex -42 -28 3
      vertex -47.5044 -21.1503 3
      vertex -46.3323 -23.6075 3
    endloop
  endfacet
  facet normal 0 0 1
    outer loop
      vertex -50.2281 -13.4586 3
      vertex -47.399 -2.34196 3
      vertex -47.5251 -2.47487 3
    endloop
  endfacet
  facet normal 0 0 1
    outer loop
      vertex -50.2281 -13.4586 3
      vertex -47.5251 -2.47487 3
      vertex -47.658 -2.60101 3
    endloop
  endfacet
  facet normal 0 0 1
    outer loop
      vertex -50.8637 -10.8114 3
      vertex -47.658 -2.60101 3
      vertex -47.7974 -2.72001 3
    endloop
  endfacet
  facet normal 0 0 1
    outer loop
      vertex -50.8637 -10.8114 3
      vertex -47.7974 -2.72001 3
      vertex -47.9428 -2.83156 3
    endloop
  endfacet
  facet normal 0 0 1
    outer loop
      vertex -50.8637 -10.8114 3
      vertex -47.9428 -2.83156 3
      vertex -48.0938 -2.93535 3
    endloop
  endfacet
  facet normal 0 0 1
    outer loop
      vertex -50.8637 -10.8114 3
      vertex -48.0938 -2.93535 3
      vertex -48.25 -3.03109 3
    endloop
  endfacet
  facet normal 0 0 1
    outer loop
      vertex -51.3598 -8.13459 3
      vertex -48.25 -3.03109 3
      vertex -48.411 -3.11852 3
    endloop
  endfacet
  facet normal 0 0 1
    outer loop
      vertex -46.9689 -1.75 3
      vertex -48.5462 -18.6351 3
      vertex -47.5044 -21.1503 3
    endloop
  endfacet
  facet normal 0 0 1
    outer loop
      vertex -51.3598 -8.13459 3
      vertex -48.411 -3.11852 3
      vertex -48.5764 -3.19741 3
    endloop
  endfacet
  facet normal 0 0 1
    outer loop
      vertex -51.3598 -8.13459 3
      vertex -48.5764 -3.19741 3
      vertex -48.7457 -3.26753 3
    endloop
  endfacet
  facet normal 0 0 1
    outer loop
      vertex -51.3598 -8.13459 3
      vertex -48.7457 -3.26753 3
      vertex -48.9184 -3.3287 3
    endloop
  endfacet
  facet normal 0 0 1
    outer loop
      vertex -51.3598 -8.13459 3
      vertex -48.9184 -3.3287 3
      vertex -49.0941 -3.38074 3
    endloop
  endfacet
  facet normal 0 0 1
    outer loop
      vertex -51.3598 -8.13459 3
      vertex -49.0941 -3.38074 3
      vertex -49.2723 -3.42352 3
    endloop
  endfacet
  facet normal 0 0 1
    outer loop
      vertex -51.3598 -8.13459 3
      vertex -49.2723 -3.42352 3
      vertex -49.4525 -3.45691 3
    endloop
  endfacet
  facet normal 0 0 1
    outer loop
      vertex -47.0647 -1.90624 3
      vertex -49.4549 -16.0689 3
      vertex -48.5462 -18.6351 3
    endloop
  endfacet
  facet normal 0 0 1
    outer loop
      vertex -51.7151 -5.43548 3
      vertex -49.4525 -3.45691 3
      vertex -49.6342 -3.48083 3
    endloop
  endfacet
  facet normal 0 0 1
    outer loop
      vertex -51.7151 -5.43548 3
      vertex -49.6342 -3.48083 3
      vertex -49.8168 -3.4952 3
    endloop
  endfacet
  facet normal 0 0 1
    outer loop
      vertex -51.7151 -5.43548 3
      vertex -49.8168 -3.4952 3
      vertex -50 -3.5 3
    endloop
  endfacet
  facet normal 0 0 1
    outer loop
      vertex -51.7151 -5.43548 3
      vertex -50 -3.5 3
      vertex -50.1832 -3.4952 3
    endloop
  endfacet
  facet normal 0 0 1
    outer loop
      vertex -47.28 -2.20262 3
      vertex -50.2281 -13.4586 3
      vertex -49.4549 -16.0689 3
    endloop
  endfacet
  facet normal 0 0 1
    outer loop
      vertex -51.7151 -5.43548 3
      vertex -50.1832 -3.4952 3
      vertex -50.3658 -3.48083 3
    endloop
  endfacet
  facet normal 0 0 1
    outer loop
      vertex -51.7151 -5.43548 3
      vertex -50.3658 -3.48083 3
      vertex -50.5475 -3.45691 3
    endloop
  endfacet
  facet normal 0 0 1
    outer loop
      vertex -51.7151 -5.43548 3
      vertex -50.5475 -3.45691 3
      vertex -50.7277 -3.42352 3
    endloop
  endfacet
  facet normal 0 0 1
    outer loop
      vertex -47.658 -2.60101 3
      vertex -50.8637 -10.8114 3
      vertex -50.2281 -13.4586 3
    endloop
  endfacet
  facet normal 0 0 1
    outer loop
      vertex -51.7151 -5.43548 3
      vertex -50.7277 -3.42352 3
      vertex -50.9059 -3.38074 3
    endloop
  endfacet
  facet normal 0 0 1
    outer loop
      vertex -51.7151 -5.43548 3
      vertex -50.9059 -3.38074 3
      vertex -51.0816 -3.3287 3
    endloop
  endfacet
  facet normal 0 0 1
    outer loop
      vertex -51.7151 -5.43548 3
      vertex -51.0816 -3.3287 3
      vertex -51.2543 -3.26753 3
    endloop
  endfacet
  facet normal 0 0 1
    outer loop
      vertex -48.25 -3.03109 3
      vertex -51.3598 -8.13459 3
      vertex -50.8637 -10.8114 3
    endloop
  endfacet
  facet normal 0 0 1
    outer loop
      vertex -51.7151 -5.43548 3
      vertex -51.2543 -3.26753 3
      vertex -51.4236 -3.19741 3
    endloop
  endfacet
  facet normal 0 0 1
    outer loop
      vertex -51.7151 -5.43548 3
      vertex -51.4236 -3.19741 3
      vertex -51.589 -3.11852 3
    endloop
  endfacet
  facet normal 0 0 1
    outer loop
      vertex -49.4525 -3.45691 3
      vertex -51.7151 -5.43548 3
      vertex -51.3598 -8.13459 3
    endloop
  endfacet
  facet normal 0 0 1
    outer loop
      vertex -51.75 -3.03109 3
      vertex -51.7151 -5.43548 3
      vertex -51.589 -3.11852 3
    endloop
  endfacet
  facet normal 0 0 1
    outer loop
      vertex -51.9062 -2.93535 3
      vertex -51.7151 -5.43548 3
      vertex -51.75 -3.03109 3
    endloop
  endfacet
  facet normal 0 0 1
    outer loop
      vertex -51.7151 -5.43548 3
      vertex -51.9062 -2.93535 3
      vertex -51.9122 -2.93123 3
    endloop
  endfacet
  facet normal -0 0 1
    outer loop
      vertex 47.7285 3.72624 3
      vertex 51.9287 2.72147 3
      vertex 47.7404 3.81707 3
    endloop
  endfacet
  facet normal 0 0 1
    outer loop
      vertex 52 0 3
      vertex 47.7476 -3.90841 3
      vertex 47.75 -4 3
    endloop
  endfacet
  facet normal -0 0 1
    outer loop
      vertex 47.7118 3.63615 3
      vertex 51.9287 2.72147 3
      vertex 47.7285 3.72624 3
    endloop
  endfacet
  facet normal 0 0 1
    outer loop
      vertex 52 0 3
      vertex 47.7404 -3.81707 3
      vertex 47.7476 -3.90841 3
    endloop
  endfacet
  facet normal -0 0 1
    outer loop
      vertex 47.6904 3.54707 3
      vertex 51.9287 2.72147 3
      vertex 47.7118 3.63615 3
    endloop
  endfacet
  facet normal 0 0 1
    outer loop
      vertex 52 0 3
      vertex 47.7285 -3.72624 3
      vertex 47.7404 -3.81707 3
    endloop
  endfacet
  facet normal -0 0 1
    outer loop
      vertex 47.6643 3.45922 3
      vertex 51.9287 2.72147 3
      vertex 47.6904 3.54707 3
    endloop
  endfacet
  facet normal 0 0 1
    outer loop
      vertex 52 0 3
      vertex 47.7118 -3.63615 3
      vertex 47.7285 -3.72624 3
    endloop
  endfacet
  facet normal -0 0 1
    outer loop
      vertex 47.6338 3.37286 3
      vertex 51.9287 2.72147 3
      vertex 47.6643 3.45922 3
    endloop
  endfacet
  facet normal 0 0 1
    outer loop
      vertex 52 0 3
      vertex 47.6904 -3.54707 3
      vertex 47.7118 -3.63615 3
    endloop
  endfacet
  facet normal -0 0 1
    outer loop
      vertex 47.5987 3.28821 3
      vertex 51.9287 2.72147 3
      vertex 47.6338 3.37286 3
    endloop
  endfacet
  facet normal 0 0 1
    outer loop
      vertex 52 0 3
      vertex 47.6643 -3.45922 3
      vertex 47.6904 -3.54707 3
    endloop
  endfacet
  facet normal -0 0 1
    outer loop
      vertex 47.5593 3.20552 3
      vertex 51.9287 2.72147 3
      vertex 47.5987 3.28821 3
    endloop
  endfacet
  facet normal 0 0 1
    outer loop
      vertex 52 0 3
      vertex 47.6338 -3.37286 3
      vertex 47.6643 -3.45922 3
    endloop
  endfacet
  facet normal -0 0 1
    outer loop
      vertex 47.5155 3.125 3
      vertex 51.9287 2.72147 3
      vertex 47.5593 3.20552 3
    endloop
  endfacet
  facet normal 0 0 1
    outer loop
      vertex 52 0 3
      vertex 47.5987 -3.28821 3
      vertex 47.6338 -3.37286 3
    endloop
  endfacet
  facet normal -0 0 1
    outer loop
      vertex 47.4677 3.04688 3
      vertex 51.9287 2.72147 3
      vertex 47.5155 3.125 3
    endloop
  endfacet
  facet normal 0 0 1
    outer loop
      vertex 52 0 3
      vertex 47.5593 -3.20552 3
      vertex 47.5987 -3.28821 3
    endloop
  endfacet
  facet normal -0 0 1
    outer loop
      vertex 47.4158 2.97138 3
      vertex 51.9287 2.72147 3
      vertex 47.4677 3.04688 3
    endloop
  endfacet
  facet normal 0 0 1
    outer loop
      vertex 52 0 3
      vertex 47.5155 -3.125 3
      vertex 47.5593 -3.20552 3
    endloop
  endfacet
  facet normal 0 0 1
    outer loop
      vertex 51.9287 2.72147 3
      vertex 47.4158 2.97138 3
      vertex 52 0 3
    endloop
  endfacet
  facet normal 0 0 1
    outer loop
      vertex 52 0 3
      vertex 47.4677 -3.04688 3
      vertex 47.5155 -3.125 3
    endloop
  endfacet
  facet normal -0 0 1
    outer loop
      vertex 47.36 2.89869 3
      vertex 52 0 3
      vertex 47.4158 2.97138 3
    endloop
  endfacet
  facet normal 0 0 1
    outer loop
      vertex 52 0 3
      vertex 47.4158 -2.97138 3
      vertex 47.4677 -3.04688 3
    endloop
  endfacet
  facet normal -0 0 1
    outer loop
      vertex 47.3005 2.82902 3
      vertex 52 0 3
      vertex 47.36 2.89869 3
    endloop
  endfacet
  facet normal 0 0 1
    outer loop
      vertex 52 0 3
      vertex 47.36 -2.89869 3
      vertex 47.4158 -2.97138 3
    endloop
  endfacet
  facet normal -0 0 1
    outer loop
      vertex 47.2374 2.76256 3
      vertex 52 0 3
      vertex 47.3005 2.82902 3
    endloop
  endfacet
  facet normal 0 0 1
    outer loop
      vertex 52 0 3
      vertex 47.3005 -2.82902 3
      vertex 47.36 -2.89869 3
    endloop
  endfacet
  facet normal -0 0 1
    outer loop
      vertex 47.171 2.6995 3
      vertex 52 0 3
      vertex 47.2374 2.76256 3
    endloop
  endfacet
  facet normal 0 0 1
    outer loop
      vertex 52 0 3
      vertex 47.2374 -2.76256 3
      vertex 47.3005 -2.82902 3
    endloop
  endfacet
  facet normal -0 0 1
    outer loop
      vertex 47.1013 2.63999 3
      vertex 52 0 3
      vertex 47.171 2.6995 3
    endloop
  endfacet
  facet normal 0 0 1
    outer loop
      vertex 52 0 3
      vertex 47.171 -2.6995 3
      vertex 47.2374 -2.76256 3
    endloop
  endfacet
  facet normal -0 0 1
    outer loop
      vertex 47.0286 2.58422 3
      vertex 52 0 3
      vertex 47.1013 2.63999 3
    endloop
  endfacet
  facet normal 0 0 1
    outer loop
      vertex 52 0 3
      vertex 47.1013 -2.63999 3
      vertex 47.171 -2.6995 3
    endloop
  endfacet
  facet normal 0 0 1
    outer loop
      vertex 47.0286 -2.58422 3
      vertex 52 0 3
      vertex 47.0286 2.58422 3
    endloop
  endfacet
  facet normal 0 0 1
    outer loop
      vertex 52 0 3
      vertex 47.0286 -2.58422 3
      vertex 47.1013 -2.63999 3
    endloop
  endfacet
  facet normal -0 0 1
    outer loop
      vertex 46.9531 2.53233 3
      vertex 47.0286 -2.58422 3
      vertex 47.0286 2.58422 3
    endloop
  endfacet
  facet normal 0 0 1
    outer loop
      vertex 46.9531 2.53233 3
      vertex 46.9531 -2.53233 3
      vertex 47.0286 -2.58422 3
    endloop
  endfacet
  facet normal -0 0 1
    outer loop
      vertex 46.875 2.48446 3
      vertex 46.9531 -2.53233 3
      vertex 46.9531 2.53233 3
    endloop
  endfacet
  facet normal 0 0 1
    outer loop
      vertex 46.875 2.48446 3
      vertex 46.875 -2.48446 3
      vertex 46.9531 -2.53233 3
    endloop
  endfacet
  facet normal -0 0 1
    outer loop
      vertex 46.7945 2.44074 3
      vertex 46.875 -2.48446 3
      vertex 46.875 2.48446 3
    endloop
  endfacet
  facet normal 0 0 1
    outer loop
      vertex 46.7945 2.44074 3
      vertex 46.7945 -2.44074 3
      vertex 46.875 -2.48446 3
    endloop
  endfacet
  facet normal -0 0 1
    outer loop
      vertex 46.7118 2.40129 3
      vertex 46.7945 -2.44074 3
      vertex 46.7945 2.44074 3
    endloop
  endfacet
  facet normal 0 0 1
    outer loop
      vertex 46.7118 2.40129 3
      vertex 46.7118 -2.40129 3
      vertex 46.7945 -2.44074 3
    endloop
  endfacet
  facet normal -0 0 1
    outer loop
      vertex 46.6271 2.36623 3
      vertex 46.7118 -2.40129 3
      vertex 46.7118 2.40129 3
    endloop
  endfacet
  facet normal 0 0 1
    outer loop
      vertex 46.6271 2.36623 3
      vertex 46.6271 -2.36623 3
      vertex 46.7118 -2.40129 3
    endloop
  endfacet
  facet normal -0 0 1
    outer loop
      vertex 46.5408 2.33565 3
      vertex 46.6271 -2.36623 3
      vertex 46.6271 2.36623 3
    endloop
  endfacet
  facet normal 0 0 1
    outer loop
      vertex 46.5408 2.33565 3
      vertex 46.5408 -2.33565 3
      vertex 46.6271 -2.36623 3
    endloop
  endfacet
  facet normal -0 0 1
    outer loop
      vertex 46.4529 2.30963 3
      vertex 46.5408 -2.33565 3
      vertex 46.5408 2.33565 3
    endloop
  endfacet
  facet normal 0 0 1
    outer loop
      vertex 46.4529 2.30963 3
      vertex 46.4529 -2.30963 3
      vertex 46.5408 -2.33565 3
    endloop
  endfacet
  facet normal -0 0 1
    outer loop
      vertex 46.3638 2.28824 3
      vertex 46.4529 -2.30963 3
      vertex 46.4529 2.30963 3
    endloop
  endfacet
  facet normal 0 0 1
    outer loop
      vertex 46.3638 2.28824 3
      vertex 46.3638 -2.28824 3
      vertex 46.4529 -2.30963 3
    endloop
  endfacet
  facet normal -0 0 1
    outer loop
      vertex 46.2738 2.27154 3
      vertex 46.3638 -2.28824 3
      vertex 46.3638 2.28824 3
    endloop
  endfacet
  facet normal 0 0 1
    outer loop
      vertex 46.2738 2.27154 3
      vertex 46.2738 -2.27154 3
      vertex 46.3638 -2.28824 3
    endloop
  endfacet
  facet normal -0 0 1
    outer loop
      vertex 46.1829 2.25959 3
      vertex 46.2738 -2.27154 3
      vertex 46.2738 2.27154 3
    endloop
  endfacet
  facet normal 0 0 1
    outer loop
      vertex 46.1829 2.25959 3
      vertex 46.1829 -2.25959 3
      vertex 46.2738 -2.27154 3
    endloop
  endfacet
  facet normal -0 0 1
    outer loop
      vertex 46.0916 2.2524 3
      vertex 46.1829 -2.25959 3
      vertex 46.1829 2.25959 3
    endloop
  endfacet
  facet normal 0 0 1
    outer loop
      vertex 46.0916 2.2524 3
      vertex 46.0916 -2.2524 3
      vertex 46.1829 -2.25959 3
    endloop
  endfacet
  facet normal -0 0 1
    outer loop
      vertex 46 2.25 3
      vertex 46.0916 -2.2524 3
      vertex 46.0916 2.2524 3
    endloop
  endfacet
  facet normal 0 0 1
    outer loop
      vertex 46 2.25 3
      vertex 46 -2.25 3
      vertex 46.0916 -2.2524 3
    endloop
  endfacet
  facet normal 0 0 1
    outer loop
      vertex 45.9084 2.2524 3
      vertex 46 -2.25 3
      vertex 46 2.25 3
    endloop
  endfacet
  facet normal 0 0 1
    outer loop
      vertex 45.9084 2.2524 3
      vertex 45.9084 -2.2524 3
      vertex 46 -2.25 3
    endloop
  endfacet
  facet normal 0 0 1
    outer loop
      vertex 45.8171 2.25959 3
      vertex 45.9084 -2.2524 3
      vertex 45.9084 2.2524 3
    endloop
  endfacet
  facet normal 0 0 1
    outer loop
      vertex 45.8171 2.25959 3
      vertex 45.8171 -2.25959 3
      vertex 45.9084 -2.2524 3
    endloop
  endfacet
  facet normal 0 0 1
    outer loop
      vertex 45.7262 2.27154 3
      vertex 45.8171 -2.25959 3
      vertex 45.8171 2.25959 3
    endloop
  endfacet
  facet normal 0 0 1
    outer loop
      vertex 45.7262 2.27154 3
      vertex 45.7262 -2.27154 3
      vertex 45.8171 -2.25959 3
    endloop
  endfacet
  facet normal 0 0 1
    outer loop
      vertex 45.6362 2.28824 3
      vertex 45.7262 -2.27154 3
      vertex 45.7262 2.27154 3
    endloop
  endfacet
  facet normal 0 0 1
    outer loop
      vertex 45.6362 2.28824 3
      vertex 45.6362 -2.28824 3
      vertex 45.7262 -2.27154 3
    endloop
  endfacet
  facet normal 0 0 1
    outer loop
      vertex 45.5471 2.30963 3
      vertex 45.6362 -2.28824 3
      vertex 45.6362 2.28824 3
    endloop
  endfacet
  facet normal 0 0 1
    outer loop
      vertex 45.5471 2.30963 3
      vertex 45.5471 -2.30963 3
      vertex 45.6362 -2.28824 3
    endloop
  endfacet
  facet normal 0 0 1
    outer loop
      vertex 45.4592 2.33565 3
      vertex 45.5471 -2.30963 3
      vertex 45.5471 2.30963 3
    endloop
  endfacet
  facet normal 0 0 1
    outer loop
      vertex 45.4592 2.33565 3
      vertex 45.4592 -2.33565 3
      vertex 45.5471 -2.30963 3
    endloop
  endfacet
  facet normal 0 0 1
    outer loop
      vertex 45.3729 2.36623 3
      vertex 45.4592 -2.33565 3
      vertex 45.4592 2.33565 3
    endloop
  endfacet
  facet normal 0 0 1
    outer loop
      vertex 45.3729 2.36623 3
      vertex 45.3729 -2.36623 3
      vertex 45.4592 -2.33565 3
    endloop
  endfacet
  facet normal 0 0 1
    outer loop
      vertex 45.2882 2.40129 3
      vertex 45.3729 -2.36623 3
      vertex 45.3729 2.36623 3
    endloop
  endfacet
  facet normal 0 0 1
    outer loop
      vertex 45.2882 2.40129 3
      vertex 45.2882 -2.40129 3
      vertex 45.3729 -2.36623 3
    endloop
  endfacet
  facet normal 0 0 1
    outer loop
      vertex 45.2055 2.44074 3
      vertex 45.2882 -2.40129 3
      vertex 45.2882 2.40129 3
    endloop
  endfacet
  facet normal 0 0 1
    outer loop
      vertex 45.2055 2.44074 3
      vertex 45.2055 -2.44074 3
      vertex 45.2882 -2.40129 3
    endloop
  endfacet
  facet normal 0 0 1
    outer loop
      vertex 45.125 2.48446 3
      vertex 45.2055 -2.44074 3
      vertex 45.2055 2.44074 3
    endloop
  endfacet
  facet normal 0 0 1
    outer loop
      vertex 45.125 2.48446 3
      vertex 45.125 -2.48446 3
      vertex 45.2055 -2.44074 3
    endloop
  endfacet
  facet normal 0 0 1
    outer loop
      vertex 45.0469 2.53233 3
      vertex 45.125 -2.48446 3
      vertex 45.125 2.48446 3
    endloop
  endfacet
  facet normal 0 0 1
    outer loop
      vertex 45.0469 2.53233 3
      vertex 45.0469 -2.53233 3
      vertex 45.125 -2.48446 3
    endloop
  endfacet
  facet normal 0 0 1
    outer loop
      vertex 44.9714 2.58422 3
      vertex 45.0469 -2.53233 3
      vertex 45.0469 2.53233 3
    endloop
  endfacet
  facet normal 0 0 1
    outer loop
      vertex 44.9714 2.58422 3
      vertex 44.9714 -2.58422 3
      vertex 45.0469 -2.53233 3
    endloop
  endfacet
  facet normal 0 0 1
    outer loop
      vertex 44.8987 2.63999 3
      vertex 44.9714 -2.58422 3
      vertex 44.9714 2.58422 3
    endloop
  endfacet
  facet normal 0 0 1
    outer loop
      vertex 44.8987 2.63999 3
      vertex 44.8987 -2.63999 3
      vertex 44.9714 -2.58422 3
    endloop
  endfacet
  facet normal 0 0 1
    outer loop
      vertex 44.829 2.6995 3
      vertex 44.8987 -2.63999 3
      vertex 44.8987 2.63999 3
    endloop
  endfacet
  facet normal 0 0 1
    outer loop
      vertex 44.829 2.6995 3
      vertex 44.829 -2.6995 3
      vertex 44.8987 -2.63999 3
    endloop
  endfacet
  facet normal 0 0 1
    outer loop
      vertex 44.7626 2.76256 3
      vertex 44.829 -2.6995 3
      vertex 44.829 2.6995 3
    endloop
  endfacet
  facet normal 0 0 1
    outer loop
      vertex 44.7626 2.76256 3
      vertex 44.7626 -2.76256 3
      vertex 44.829 -2.6995 3
    endloop
  endfacet
  facet normal 0 0 1
    outer loop
      vertex 44.6995 2.82902 3
      vertex 44.7626 -2.76256 3
      vertex 44.7626 2.76256 3
    endloop
  endfacet
  facet normal 0 0 1
    outer loop
      vertex 44.6995 2.82902 3
      vertex 44.6995 -2.82902 3
      vertex 44.7626 -2.76256 3
    endloop
  endfacet
  facet normal 0 0 1
    outer loop
      vertex 44.64 2.89869 3
      vertex 44.6995 -2.82902 3
      vertex 44.6995 2.82902 3
    endloop
  endfacet
  facet normal 0 0 1
    outer loop
      vertex 44.64 2.89869 3
      vertex 44.64 -2.89869 3
      vertex 44.6995 -2.82902 3
    endloop
  endfacet
  facet normal 0 0 1
    outer loop
      vertex 44.5842 2.97138 3
      vertex 44.64 -2.89869 3
      vertex 44.64 2.89869 3
    endloop
  endfacet
  facet normal 0 0 1
    outer loop
      vertex 44.5842 2.97138 3
      vertex 44.5842 -2.97138 3
      vertex 44.64 -2.89869 3
    endloop
  endfacet
  facet normal 0 0 1
    outer loop
      vertex 44.5323 3.04688 3
      vertex 44.5842 -2.97138 3
      vertex 44.5842 2.97138 3
    endloop
  endfacet
  facet normal 0 0 1
    outer loop
      vertex 44.5323 3.04688 3
      vertex 44.5323 -3.04688 3
      vertex 44.5842 -2.97138 3
    endloop
  endfacet
  facet normal 0 0 1
    outer loop
      vertex 44.4845 3.125 3
      vertex 44.5323 -3.04688 3
      vertex 44.5323 3.04688 3
    endloop
  endfacet
  facet normal 0 0 1
    outer loop
      vertex 44.4845 3.125 3
      vertex 44.4845 -3.125 3
      vertex 44.5323 -3.04688 3
    endloop
  endfacet
  facet normal 0 0 1
    outer loop
      vertex 44.4407 3.20552 3
      vertex 44.4845 -3.125 3
      vertex 44.4845 3.125 3
    endloop
  endfacet
  facet normal 0 0 1
    outer loop
      vertex 44.4407 3.20552 3
      vertex 44.4407 -3.20552 3
      vertex 44.4845 -3.125 3
    endloop
  endfacet
  facet normal 0 0 1
    outer loop
      vertex 44.4013 3.28821 3
      vertex 44.4407 -3.20552 3
      vertex 44.4407 3.20552 3
    endloop
  endfacet
  facet normal 0 0 1
    outer loop
      vertex 44.4013 3.28821 3
      vertex 44.4013 -3.28821 3
      vertex 44.4407 -3.20552 3
    endloop
  endfacet
  facet normal 0 0 1
    outer loop
      vertex 44.3662 3.37286 3
      vertex 44.4013 -3.28821 3
      vertex 44.4013 3.28821 3
    endloop
  endfacet
  facet normal 0 0 1
    outer loop
      vertex 44.3662 3.37286 3
      vertex 44.3662 -3.37286 3
      vertex 44.4013 -3.28821 3
    endloop
  endfacet
  facet normal 0 0 1
    outer loop
      vertex 44.3357 3.45922 3
      vertex 44.3662 -3.37286 3
      vertex 44.3662 3.37286 3
    endloop
  endfacet
  facet normal 0 0 1
    outer loop
      vertex 44.3357 3.45922 3
      vertex 44.3357 -3.45922 3
      vertex 44.3662 -3.37286 3
    endloop
  endfacet
  facet normal 0 0 1
    outer loop
      vertex 44.3096 3.54707 3
      vertex 44.3357 -3.45922 3
      vertex 44.3357 3.45922 3
    endloop
  endfacet
  facet normal 0 0 1
    outer loop
      vertex 44.3096 3.54707 3
      vertex 44.3096 -3.54707 3
      vertex 44.3357 -3.45922 3
    endloop
  endfacet
  facet normal 0 0 1
    outer loop
      vertex 44.2882 3.63615 3
      vertex 44.3096 -3.54707 3
      vertex 44.3096 3.54707 3
    endloop
  endfacet
  facet normal 0 0 1
    outer loop
      vertex 44.2882 3.63615 3
      vertex 44.2882 -3.63615 3
      vertex 44.3096 -3.54707 3
    endloop
  endfacet
  facet normal 0 0 1
    outer loop
      vertex 44.2715 3.72624 3
      vertex 44.2882 -3.63615 3
      vertex 44.2882 3.63615 3
    endloop
  endfacet
  facet normal 0 0 1
    outer loop
      vertex 44.2715 3.72624 3
      vertex 44.2715 -3.72624 3
      vertex 44.2882 -3.63615 3
    endloop
  endfacet
  facet normal 0 0 1
    outer loop
      vertex 44.2596 3.81707 3
      vertex 44.2715 -3.72624 3
      vertex 44.2715 3.72624 3
    endloop
  endfacet
  facet normal 0 0 1
    outer loop
      vertex 44.2596 3.81707 3
      vertex 44.2596 -3.81707 3
      vertex 44.2715 -3.72624 3
    endloop
  endfacet
  facet normal 0 0 1
    outer loop
      vertex 44.2524 3.90841 3
      vertex 44.2596 -3.81707 3
      vertex 44.2596 3.81707 3
    endloop
  endfacet
  facet normal 0 0 1
    outer loop
      vertex 44.2524 3.90841 3
      vertex 44.2524 -3.90841 3
      vertex 44.2596 -3.81707 3
    endloop
  endfacet
  facet normal 0 0 1
    outer loop
      vertex 27.8316 41.244 3
      vertex 30.5648 42.0689 3
      vertex 27.9353 41.395 3
    endloop
  endfacet
  facet normal 0 0 1
    outer loop
      vertex 27.72 41.0986 3
      vertex 30.5648 42.0689 3
      vertex 27.8316 41.244 3
    endloop
  endfacet
  facet normal -0 0 1
    outer loop
      vertex 47.7476 3.90841 3
      vertex 51.9287 2.72147 3
      vertex 47.75 4 3
    endloop
  endfacet
  facet normal -0 0 1
    outer loop
      vertex 47.75 4 3
      vertex 51.9287 2.72147 3
      vertex 51.7151 5.43548 3
    endloop
  endfacet
  facet normal -0 0 1
    outer loop
      vertex 47.7404 3.81707 3
      vertex 51.9287 2.72147 3
      vertex 47.7476 3.90841 3
    endloop
  endfacet
  facet normal 0 0 1
    outer loop
      vertex 47.4158 5.02862 3
      vertex 51.7151 5.43548 3
      vertex 51.3598 8.13459 3
    endloop
  endfacet
  facet normal 0 0 1
    outer loop
      vertex 52 0 3
      vertex 47.75 -4 3
      vertex 51.9287 -2.72147 3
    endloop
  endfacet
  facet normal 0 0 1
    outer loop
      vertex 46.6271 5.63377 3
      vertex 51.3598 8.13459 3
      vertex 50.8637 10.8114 3
    endloop
  endfacet
  facet normal 0 0 1
    outer loop
      vertex 51.9287 -2.72147 3
      vertex 47.75 -4 3
      vertex 51.7151 -5.43548 3
    endloop
  endfacet
  facet normal 0 0 1
    outer loop
      vertex 45.9084 5.7476 3
      vertex 50.8637 10.8114 3
      vertex 50.2281 13.4586 3
    endloop
  endfacet
  facet normal -0 0 1
    outer loop
      vertex 47.7476 -4.09159 3
      vertex 51.7151 -5.43548 3
      vertex 47.75 -4 3
    endloop
  endfacet
  facet normal 0 0 1
    outer loop
      vertex 45.3729 5.63377 3
      vertex 50.2281 13.4586 3
      vertex 49.4549 16.0689 3
    endloop
  endfacet
  facet normal -0 0 1
    outer loop
      vertex 47.7404 -4.18292 3
      vertex 51.7151 -5.43548 3
      vertex 47.7476 -4.09159 3
    endloop
  endfacet
  facet normal 0 0 1
    outer loop
      vertex 45.0469 5.46767 3
      vertex 49.4549 16.0689 3
      vertex 48.5462 18.6351 3
    endloop
  endfacet
  facet normal -0 0 1
    outer loop
      vertex 47.7285 -4.27376 3
      vertex 51.7151 -5.43548 3
      vertex 47.7404 -4.18292 3
    endloop
  endfacet
  facet normal -0 0 1
    outer loop
      vertex 47.7118 -4.36384 3
      vertex 51.7151 -5.43548 3
      vertex 47.7285 -4.27376 3
    endloop
  endfacet
  facet normal 0 0 1
    outer loop
      vertex 51.7151 5.43548 3
      vertex 47.7476 4.09159 3
      vertex 47.75 4 3
    endloop
  endfacet
  facet normal 0 0 1
    outer loop
      vertex 51.7151 5.43548 3
      vertex 47.7404 4.18292 3
      vertex 47.7476 4.09159 3
    endloop
  endfacet
  facet normal 0 0 1
    outer loop
      vertex 51.7151 5.43548 3
      vertex 47.7285 4.27376 3
      vertex 47.7404 4.18292 3
    endloop
  endfacet
  facet normal 0 0 1
    outer loop
      vertex 51.7151 5.43548 3
      vertex 47.7118 4.36384 3
      vertex 47.7285 4.27376 3
    endloop
  endfacet
  facet normal 0 0 1
    outer loop
      vertex 51.7151 5.43548 3
      vertex 47.6904 4.45293 3
      vertex 47.7118 4.36384 3
    endloop
  endfacet
  facet normal 0 0 1
    outer loop
      vertex 51.7151 5.43548 3
      vertex 47.6643 4.54078 3
      vertex 47.6904 4.45293 3
    endloop
  endfacet
  facet normal 0 0 1
    outer loop
      vertex 51.7151 5.43548 3
      vertex 47.6338 4.62714 3
      vertex 47.6643 4.54078 3
    endloop
  endfacet
  facet normal 0 0 1
    outer loop
      vertex 51.7151 5.43548 3
      vertex 47.5987 4.71179 3
      vertex 47.6338 4.62714 3
    endloop
  endfacet
  facet normal 0 0 1
    outer loop
      vertex 51.7151 5.43548 3
      vertex 47.5593 4.79448 3
      vertex 47.5987 4.71179 3
    endloop
  endfacet
  facet normal 0 0 1
    outer loop
      vertex 51.7151 5.43548 3
      vertex 47.5155 4.875 3
      vertex 47.5593 4.79448 3
    endloop
  endfacet
  facet normal 0 0 1
    outer loop
      vertex 44.829 5.3005 3
      vertex 48.5462 18.6351 3
      vertex 47.5044 21.1503 3
    endloop
  endfacet
  facet normal 0 0 1
    outer loop
      vertex 51.7151 5.43548 3
      vertex 47.4677 4.95312 3
      vertex 47.5155 4.875 3
    endloop
  endfacet
  facet normal 0 0 1
    outer loop
      vertex 51.7151 5.43548 3
      vertex 47.4158 5.02862 3
      vertex 47.4677 4.95312 3
    endloop
  endfacet
  facet normal 0 0 1
    outer loop
      vertex 51.3598 8.13459 3
      vertex 47.36 5.10131 3
      vertex 47.4158 5.02862 3
    endloop
  endfacet
  facet normal 0 0 1
    outer loop
      vertex 51.3598 8.13459 3
      vertex 47.3005 5.17098 3
      vertex 47.36 5.10131 3
    endloop
  endfacet
  facet normal 0 0 1
    outer loop
      vertex 51.3598 8.13459 3
      vertex 47.2374 5.23744 3
      vertex 47.3005 5.17098 3
    endloop
  endfacet
  facet normal 0 0 1
    outer loop
      vertex 51.3598 8.13459 3
      vertex 47.171 5.3005 3
      vertex 47.2374 5.23744 3
    endloop
  endfacet
  facet normal 0 0 1
    outer loop
      vertex 51.3598 8.13459 3
      vertex 47.1013 5.36001 3
      vertex 47.171 5.3005 3
    endloop
  endfacet
  facet normal 0 0 1
    outer loop
      vertex 51.3598 8.13459 3
      vertex 47.0286 5.41578 3
      vertex 47.1013 5.36001 3
    endloop
  endfacet
  facet normal 0 0 1
    outer loop
      vertex 51.3598 8.13459 3
      vertex 46.9531 5.46767 3
      vertex 47.0286 5.41578 3
    endloop
  endfacet
  facet normal 0 0 1
    outer loop
      vertex 51.3598 8.13459 3
      vertex 46.875 5.51554 3
      vertex 46.9531 5.46767 3
    endloop
  endfacet
  facet normal 0 0 1
    outer loop
      vertex 51.3598 8.13459 3
      vertex 46.7945 5.55926 3
      vertex 46.875 5.51554 3
    endloop
  endfacet
  facet normal 0 0 1
    outer loop
      vertex 51.3598 8.13459 3
      vertex 46.7118 5.5987 3
      vertex 46.7945 5.55926 3
    endloop
  endfacet
  facet normal 0 0 1
    outer loop
      vertex 51.3598 8.13459 3
      vertex 46.6271 5.63377 3
      vertex 46.7118 5.5987 3
    endloop
  endfacet
  facet normal 0 0 1
    outer loop
      vertex 50.8637 10.8114 3
      vertex 46.5408 5.66435 3
      vertex 46.6271 5.63377 3
    endloop
  endfacet
  facet normal 0 0 1
    outer loop
      vertex 50.8637 10.8114 3
      vertex 46.4529 5.69037 3
      vertex 46.5408 5.66435 3
    endloop
  endfacet
  facet normal 0 0 1
    outer loop
      vertex 50.8637 10.8114 3
      vertex 46.3638 5.71176 3
      vertex 46.4529 5.69037 3
    endloop
  endfacet
  facet normal 0 0 1
    outer loop
      vertex 42 28 3
      vertex 47.5044 21.1503 3
      vertex 46.3323 23.6075 3
    endloop
  endfacet
  facet normal 0 0 1
    outer loop
      vertex 50.8637 10.8114 3
      vertex 46.2738 5.72845 3
      vertex 46.3638 5.71176 3
    endloop
  endfacet
  facet normal 0 0 1
    outer loop
      vertex 50.8637 10.8114 3
      vertex 46.1829 5.74041 3
      vertex 46.2738 5.72845 3
    endloop
  endfacet
  facet normal 0 0 1
    outer loop
      vertex 50.8637 10.8114 3
      vertex 46.0916 5.7476 3
      vertex 46.1829 5.74041 3
    endloop
  endfacet
  facet normal 0 0 1
    outer loop
      vertex 50.8637 10.8114 3
      vertex 46 5.75 3
      vertex 46.0916 5.7476 3
    endloop
  endfacet
  facet normal 0 0 1
    outer loop
      vertex 50.8637 10.8114 3
      vertex 45.9084 5.7476 3
      vertex 46 5.75 3
    endloop
  endfacet
  facet normal 0 0 1
    outer loop
      vertex 50.2281 13.4586 3
      vertex 45.8171 5.74041 3
      vertex 45.9084 5.7476 3
    endloop
  endfacet
  facet normal 0 0 1
    outer loop
      vertex 50.2281 13.4586 3
      vertex 45.7262 5.72845 3
      vertex 45.8171 5.74041 3
    endloop
  endfacet
  facet normal 0 0 1
    outer loop
      vertex 50.2281 13.4586 3
      vertex 45.6362 5.71176 3
      vertex 45.7262 5.72845 3
    endloop
  endfacet
  facet normal 0 0 1
    outer loop
      vertex 50.2281 13.4586 3
      vertex 45.5471 5.69037 3
      vertex 45.6362 5.71176 3
    endloop
  endfacet
  facet normal 0 0 1
    outer loop
      vertex 50.2281 13.4586 3
      vertex 45.4592 5.66435 3
      vertex 45.5471 5.69037 3
    endloop
  endfacet
  facet normal 0 0 1
    outer loop
      vertex 50.2281 13.4586 3
      vertex 45.3729 5.63377 3
      vertex 45.4592 5.66435 3
    endloop
  endfacet
  facet normal 0 0 1
    outer loop
      vertex 49.4549 16.0689 3
      vertex 45.2882 5.5987 3
      vertex 45.3729 5.63377 3
    endloop
  endfacet
  facet normal 0 0 1
    outer loop
      vertex 49.4549 16.0689 3
      vertex 45.2055 5.55926 3
      vertex 45.2882 5.5987 3
    endloop
  endfacet
  facet normal 0 0 1
    outer loop
      vertex 49.4549 16.0689 3
      vertex 45.125 5.51554 3
      vertex 45.2055 5.55926 3
    endloop
  endfacet
  facet normal 0 0 1
    outer loop
      vertex 49.4549 16.0689 3
      vertex 45.0469 5.46767 3
      vertex 45.125 5.51554 3
    endloop
  endfacet
  facet normal 0 0 1
    outer loop
      vertex 42 28 3
      vertex 46.3323 23.6075 3
      vertex 45.0333 26 3
    endloop
  endfacet
  facet normal 0 0 1
    outer loop
      vertex 48.5462 18.6351 3
      vertex 44.9714 5.41578 3
      vertex 45.0469 5.46767 3
    endloop
  endfacet
  facet normal 0 0 1
    outer loop
      vertex 48.5462 18.6351 3
      vertex 44.8987 5.36001 3
      vertex 44.9714 5.41578 3
    endloop
  endfacet
  facet normal 0 0 1
    outer loop
      vertex 48.5462 18.6351 3
      vertex 44.829 5.3005 3
      vertex 44.8987 5.36001 3
    endloop
  endfacet
  facet normal 0 0 1
    outer loop
      vertex 47.5044 21.1503 3
      vertex 42 28 3
      vertex 44.6995 5.17098 3
    endloop
  endfacet
  facet normal 0 0 1
    outer loop
      vertex 47.5044 21.1503 3
      vertex 44.7626 5.23744 3
      vertex 44.829 5.3005 3
    endloop
  endfacet
  facet normal 0 0 1
    outer loop
      vertex 47.5044 21.1503 3
      vertex 44.6995 5.17098 3
      vertex 44.7626 5.23744 3
    endloop
  endfacet
  facet normal 0 0 1
    outer loop
      vertex 44.6995 5.17098 3
      vertex 42 28 3
      vertex 44.64 5.10131 3
    endloop
  endfacet
  facet normal 0 0 1
    outer loop
      vertex 44.64 5.10131 3
      vertex 42 28 3
      vertex 44.5842 5.02862 3
    endloop
  endfacet
  facet normal 0 0 1
    outer loop
      vertex 44.5842 5.02862 3
      vertex 42 28 3
      vertex 44.5323 4.95312 3
    endloop
  endfacet
  facet normal 0 0 1
    outer loop
      vertex 44.5323 4.95312 3
      vertex 42 28 3
      vertex 44.4845 4.875 3
    endloop
  endfacet
  facet normal 0 0 1
    outer loop
      vertex 44.4845 4.875 3
      vertex 42 28 3
      vertex 44.4407 4.79448 3
    endloop
  endfacet
  facet normal 0 0 1
    outer loop
      vertex 44.4407 4.79448 3
      vertex 42 28 3
      vertex 44.4013 4.71179 3
    endloop
  endfacet
  facet normal 0 0 1
    outer loop
      vertex 44.4013 4.71179 3
      vertex 42 28 3
      vertex 44.3662 4.62714 3
    endloop
  endfacet
  facet normal 0 0 1
    outer loop
      vertex 44.3662 4.62714 3
      vertex 42 28 3
      vertex 44.3357 4.54078 3
    endloop
  endfacet
  facet normal 0 0 1
    outer loop
      vertex 44.3357 4.54078 3
      vertex 42 28 3
      vertex 44.3096 4.45293 3
    endloop
  endfacet
  facet normal -0 0 1
    outer loop
      vertex 28.3287 42.2197 3
      vertex 30.5648 42.0689 3
      vertex 28.3807 42.3954 3
    endloop
  endfacet
  facet normal -0 0 1
    outer loop
      vertex 28.3807 42.3954 3
      vertex 30.5648 42.0689 3
      vertex 28.4235 42.5736 3
    endloop
  endfacet
  facet normal 0 0 1
    outer loop
      vertex 28.2675 42.047 3
      vertex 30.5648 42.0689 3
      vertex 28.3287 42.2197 3
    endloop
  endfacet
  facet normal 0 0 1
    outer loop
      vertex 28.0311 41.5513 3
      vertex 30.5648 42.0689 3
      vertex 28.1185 41.7123 3
    endloop
  endfacet
  facet normal 0 0 1
    outer loop
      vertex 28.1185 41.7123 3
      vertex 30.5648 42.0689 3
      vertex 28.1974 41.8777 3
    endloop
  endfacet
  facet normal -0 0 1
    outer loop
      vertex 42 28 3
      vertex 45.0333 26 3
      vertex 43.8077 28 3
    endloop
  endfacet
  facet normal -0 0 1
    outer loop
      vertex 47.6904 -4.45293 3
      vertex 51.7151 -5.43548 3
      vertex 47.7118 -4.36384 3
    endloop
  endfacet
  facet normal -0 0 1
    outer loop
      vertex 47.6643 -4.54078 3
      vertex 51.7151 -5.43548 3
      vertex 47.6904 -4.45293 3
    endloop
  endfacet
  facet normal -0 0 1
    outer loop
      vertex 47.6338 -4.62714 3
      vertex 51.7151 -5.43548 3
      vertex 47.6643 -4.54078 3
    endloop
  endfacet
  facet normal -0 0 1
    outer loop
      vertex 47.5987 -4.71179 3
      vertex 51.7151 -5.43548 3
      vertex 47.6338 -4.62714 3
    endloop
  endfacet
  facet normal -0 0 1
    outer loop
      vertex 47.5593 -4.79448 3
      vertex 51.7151 -5.43548 3
      vertex 47.5987 -4.71179 3
    endloop
  endfacet
  facet normal -0 0 1
    outer loop
      vertex 47.5155 -4.875 3
      vertex 51.7151 -5.43548 3
      vertex 47.5593 -4.79448 3
    endloop
  endfacet
  facet normal -0 0 1
    outer loop
      vertex 47.4677 -4.95312 3
      vertex 51.7151 -5.43548 3
      vertex 47.5155 -4.875 3
    endloop
  endfacet
  facet normal -0 0 1
    outer loop
      vertex 47.4158 -5.02862 3
      vertex 51.7151 -5.43548 3
      vertex 47.4677 -4.95312 3
    endloop
  endfacet
  facet normal 0 0 1
    outer loop
      vertex 51.7151 -5.43548 3
      vertex 47.4158 -5.02862 3
      vertex 51.3598 -8.13459 3
    endloop
  endfacet
  facet normal -0 0 1
    outer loop
      vertex 47.36 -5.10131 3
      vertex 51.3598 -8.13459 3
      vertex 47.4158 -5.02862 3
    endloop
  endfacet
  facet normal -0 0 1
    outer loop
      vertex 47.3005 -5.17098 3
      vertex 51.3598 -8.13459 3
      vertex 47.36 -5.10131 3
    endloop
  endfacet
  facet normal -0 0 1
    outer loop
      vertex 47.2374 -5.23744 3
      vertex 51.3598 -8.13459 3
      vertex 47.3005 -5.17098 3
    endloop
  endfacet
  facet normal -0 0 1
    outer loop
      vertex 47.171 -5.3005 3
      vertex 51.3598 -8.13459 3
      vertex 47.2374 -5.23744 3
    endloop
  endfacet
  facet normal -0 0 1
    outer loop
      vertex 47.1013 -5.36001 3
      vertex 51.3598 -8.13459 3
      vertex 47.171 -5.3005 3
    endloop
  endfacet
  facet normal -0 0 1
    outer loop
      vertex 47.0286 -5.41578 3
      vertex 51.3598 -8.13459 3
      vertex 47.1013 -5.36001 3
    endloop
  endfacet
  facet normal -0 0 1
    outer loop
      vertex 46.9531 -5.46767 3
      vertex 51.3598 -8.13459 3
      vertex 47.0286 -5.41578 3
    endloop
  endfacet
  facet normal -0 0 1
    outer loop
      vertex 46.875 -5.51554 3
      vertex 51.3598 -8.13459 3
      vertex 46.9531 -5.46767 3
    endloop
  endfacet
  facet normal -0 0 1
    outer loop
      vertex 46.7945 -5.55926 3
      vertex 51.3598 -8.13459 3
      vertex 46.875 -5.51554 3
    endloop
  endfacet
  facet normal -0 0 1
    outer loop
      vertex 46.7118 -5.5987 3
      vertex 51.3598 -8.13459 3
      vertex 46.7945 -5.55926 3
    endloop
  endfacet
  facet normal -0 0 1
    outer loop
      vertex 46.6271 -5.63377 3
      vertex 51.3598 -8.13459 3
      vertex 46.7118 -5.5987 3
    endloop
  endfacet
  facet normal 0 0 1
    outer loop
      vertex 51.3598 -8.13459 3
      vertex 46.6271 -5.63377 3
      vertex 50.8637 -10.8114 3
    endloop
  endfacet
  facet normal -0 0 1
    outer loop
      vertex 46.5408 -5.66435 3
      vertex 50.8637 -10.8114 3
      vertex 46.6271 -5.63377 3
    endloop
  endfacet
  facet normal -0 0 1
    outer loop
      vertex 46.4529 -5.69037 3
      vertex 50.8637 -10.8114 3
      vertex 46.5408 -5.66435 3
    endloop
  endfacet
  facet normal -0 0 1
    outer loop
      vertex 46.3638 -5.71176 3
      vertex 50.8637 -10.8114 3
      vertex 46.4529 -5.69037 3
    endloop
  endfacet
  facet normal -0 0 1
    outer loop
      vertex 46.2738 -5.72845 3
      vertex 50.8637 -10.8114 3
      vertex 46.3638 -5.71176 3
    endloop
  endfacet
  facet normal -0 0 1
    outer loop
      vertex 46.1829 -5.74041 3
      vertex 50.8637 -10.8114 3
      vertex 46.2738 -5.72845 3
    endloop
  endfacet
  facet normal -0 0 1
    outer loop
      vertex 46.0916 -5.7476 3
      vertex 50.8637 -10.8114 3
      vertex 46.1829 -5.74041 3
    endloop
  endfacet
  facet normal -0 0 1
    outer loop
      vertex 46 -5.75 3
      vertex 50.8637 -10.8114 3
      vertex 46.0916 -5.7476 3
    endloop
  endfacet
  facet normal 0 0 1
    outer loop
      vertex 45.9084 -5.7476 3
      vertex 50.8637 -10.8114 3
      vertex 46 -5.75 3
    endloop
  endfacet
  facet normal 0 0 1
    outer loop
      vertex 50.8637 -10.8114 3
      vertex 45.9084 -5.7476 3
      vertex 50.2281 -13.4586 3
    endloop
  endfacet
  facet normal 0 0 1
    outer loop
      vertex 45.8171 -5.74041 3
      vertex 50.2281 -13.4586 3
      vertex 45.9084 -5.7476 3
    endloop
  endfacet
  facet normal 0 0 1
    outer loop
      vertex 45.7262 -5.72845 3
      vertex 50.2281 -13.4586 3
      vertex 45.8171 -5.74041 3
    endloop
  endfacet
  facet normal 0 0 1
    outer loop
      vertex 45.6362 -5.71176 3
      vertex 50.2281 -13.4586 3
      vertex 45.7262 -5.72845 3
    endloop
  endfacet
  facet normal 0 0 1
    outer loop
      vertex 45.5471 -5.69037 3
      vertex 50.2281 -13.4586 3
      vertex 45.6362 -5.71176 3
    endloop
  endfacet
  facet normal 0 0 1
    outer loop
      vertex 45.4592 -5.66435 3
      vertex 50.2281 -13.4586 3
      vertex 45.5471 -5.69037 3
    endloop
  endfacet
  facet normal 0 0 1
    outer loop
      vertex 45.3729 -5.63377 3
      vertex 50.2281 -13.4586 3
      vertex 45.4592 -5.66435 3
    endloop
  endfacet
  facet normal 0 0 1
    outer loop
      vertex 50.2281 -13.4586 3
      vertex 45.3729 -5.63377 3
      vertex 49.4549 -16.0689 3
    endloop
  endfacet
  facet normal 0 0 1
    outer loop
      vertex 45.2882 -5.5987 3
      vertex 49.4549 -16.0689 3
      vertex 45.3729 -5.63377 3
    endloop
  endfacet
  facet normal 0 0 1
    outer loop
      vertex 45.2055 -5.55926 3
      vertex 49.4549 -16.0689 3
      vertex 45.2882 -5.5987 3
    endloop
  endfacet
  facet normal 0 0 1
    outer loop
      vertex 45.125 -5.51554 3
      vertex 49.4549 -16.0689 3
      vertex 45.2055 -5.55926 3
    endloop
  endfacet
  facet normal 0 0 1
    outer loop
      vertex 45.0469 -5.46767 3
      vertex 49.4549 -16.0689 3
      vertex 45.125 -5.51554 3
    endloop
  endfacet
  facet normal 0 0 1
    outer loop
      vertex 49.4549 -16.0689 3
      vertex 45.0469 -5.46767 3
      vertex 48.5462 -18.6351 3
    endloop
  endfacet
  facet normal 0 0 1
    outer loop
      vertex 44.9714 -5.41578 3
      vertex 48.5462 -18.6351 3
      vertex 45.0469 -5.46767 3
    endloop
  endfacet
  facet normal 0 0 1
    outer loop
      vertex 44.8987 -5.36001 3
      vertex 48.5462 -18.6351 3
      vertex 44.9714 -5.41578 3
    endloop
  endfacet
  facet normal 0 0 1
    outer loop
      vertex 44.829 -5.3005 3
      vertex 48.5462 -18.6351 3
      vertex 44.8987 -5.36001 3
    endloop
  endfacet
  facet normal 0 0 1
    outer loop
      vertex 48.5462 -18.6351 3
      vertex 44.829 -5.3005 3
      vertex 47.5044 -21.1503 3
    endloop
  endfacet
  facet normal 0 0 1
    outer loop
      vertex 44.7626 -5.23744 3
      vertex 47.5044 -21.1503 3
      vertex 44.829 -5.3005 3
    endloop
  endfacet
  facet normal 0 0 1
    outer loop
      vertex 44.6995 -5.17098 3
      vertex 47.5044 -21.1503 3
      vertex 44.7626 -5.23744 3
    endloop
  endfacet
  facet normal 0 0 1
    outer loop
      vertex 42 -28 3
      vertex 47.5044 -21.1503 3
      vertex 44.6995 -5.17098 3
    endloop
  endfacet
  facet normal 0 0 1
    outer loop
      vertex 47.5044 -21.1503 3
      vertex 42 -28 3
      vertex 46.3323 -23.6075 3
    endloop
  endfacet
  facet normal 0 0 1
    outer loop
      vertex 42 -28 3
      vertex 44.6995 -5.17098 3
      vertex 44.64 -5.10131 3
    endloop
  endfacet
  facet normal 0 0 1
    outer loop
      vertex 42 -28 3
      vertex 44.64 -5.10131 3
      vertex 44.5842 -5.02862 3
    endloop
  endfacet
  facet normal 0 0 1
    outer loop
      vertex 42 -28 3
      vertex 44.5842 -5.02862 3
      vertex 44.5323 -4.95312 3
    endloop
  endfacet
  facet normal 0 0 1
    outer loop
      vertex 42 -28 3
      vertex 44.5323 -4.95312 3
      vertex 44.4845 -4.875 3
    endloop
  endfacet
  facet normal 0 0 1
    outer loop
      vertex 42 -28 3
      vertex 44.4845 -4.875 3
      vertex 44.4407 -4.79448 3
    endloop
  endfacet
  facet normal 0 0 1
    outer loop
      vertex 42 -28 3
      vertex 44.4407 -4.79448 3
      vertex 44.4013 -4.71179 3
    endloop
  endfacet
  facet normal 0 0 1
    outer loop
      vertex 42 -28 3
      vertex 44.4013 -4.71179 3
      vertex 44.3662 -4.62714 3
    endloop
  endfacet
  facet normal 0 0 1
    outer loop
      vertex 42 -28 3
      vertex 44.3662 -4.62714 3
      vertex 44.3357 -4.54078 3
    endloop
  endfacet
  facet normal 0 0 1
    outer loop
      vertex 42 -28 3
      vertex 44.3357 -4.54078 3
      vertex 44.3096 -4.45293 3
    endloop
  endfacet
  facet normal 0 0 1
    outer loop
      vertex 42 -28 3
      vertex 44.3096 -4.45293 3
      vertex 44.2882 -4.36384 3
    endloop
  endfacet
  facet normal 0 0 1
    outer loop
      vertex 42 -28 3
      vertex 44.2882 -4.36384 3
      vertex 44.2715 -4.27376 3
    endloop
  endfacet
  facet normal 0 0 1
    outer loop
      vertex 42 -28 3
      vertex 44.2715 -4.27376 3
      vertex 44.2596 -4.18292 3
    endloop
  endfacet
  facet normal 0 0 1
    outer loop
      vertex 42 -28 3
      vertex 44.2596 -4.18292 3
      vertex 44.2524 -4.09159 3
    endloop
  endfacet
  facet normal 0 0 1
    outer loop
      vertex 46.3323 -23.6075 3
      vertex 42 -28 3
      vertex 45.0333 -26 3
    endloop
  endfacet
  facet normal 0 0 1
    outer loop
      vertex 44.2524 -3.90841 3
      vertex 28.5 -43.3013 3
      vertex 44.25 -4 3
    endloop
  endfacet
  facet normal 0 0 1
    outer loop
      vertex 27.9353 41.395 3
      vertex 30.5648 42.0689 3
      vertex 28.0311 41.5513 3
    endloop
  endfacet
  facet normal 0 0 1
    outer loop
      vertex 30.5648 42.0689 3
      vertex 27.72 41.0986 3
      vertex 32.7247 40.4116 3
    endloop
  endfacet
  facet normal 0 0 1
    outer loop
      vertex 45.0333 -26 3
      vertex 42 -28 3
      vertex 43.8077 -28 3
    endloop
  endfacet
  facet normal 0 0 -1
    outer loop
      vertex -44.2 -36 3
      vertex -42 -35.4826 3
      vertex -42 -36 3
    endloop
  endfacet
  facet normal -0 0 -1
    outer loop
      vertex -42 -35.4826 3
      vertex -44.2 -36 3
      vertex -42.743 -34.6126 3
    endloop
  endfacet
  facet normal -0 0 -1
    outer loop
      vertex -42.743 -34.6126 3
      vertex -44.2 -36 3
      vertex -44.2 -32.7139 3
    endloop
  endfacet
  facet normal 0 0 -1
    outer loop
      vertex -50 30.2 3
      vertex -47.325 28 3
      vertex -50 28 3
    endloop
  endfacet
  facet normal 0 0 -1
    outer loop
      vertex -47.325 28 3
      vertex -50 30.2 3
      vertex -46.1269 29.9551 3
    endloop
  endfacet
  facet normal 0 0 -1
    outer loop
      vertex -46.1269 29.9551 3
      vertex -50 30.2 3
      vertex -45.9586 30.2 3
    endloop
  endfacet
  facet normal 0 0 -1
    outer loop
      vertex -44.2 36 3
      vertex -42 35.4826 3
      vertex -42.743 34.6126 3
    endloop
  endfacet
  facet normal 0 0 -1
    outer loop
      vertex -44.2 36 3
      vertex -42.743 34.6126 3
      vertex -44.2 32.7139 3
    endloop
  endfacet
  facet normal 0 0 -1
    outer loop
      vertex -42 35.4826 3
      vertex -44.2 36 3
      vertex -42 36 3
    endloop
  endfacet
  facet normal 0 0 -1
    outer loop
      vertex 50 -30.2 3
      vertex 47.325 -28 3
      vertex 50 -28 3
    endloop
  endfacet
  facet normal 0 0 -1
    outer loop
      vertex 50 -30.2 3
      vertex 46.1269 -29.9551 3
      vertex 47.325 -28 3
    endloop
  endfacet
  facet normal 0 -0 -1
    outer loop
      vertex 46.1269 -29.9551 3
      vertex 50 -30.2 3
      vertex 45.9586 -30.2 3
    endloop
  endfacet
  facet normal 0 0 -1
    outer loop
      vertex 44.2 -36 3
      vertex 42.743 -34.6126 3
      vertex 44.2 -32.7139 3
    endloop
  endfacet
  facet normal 0 0 -1
    outer loop
      vertex 42 -35.4826 3
      vertex 44.2 -36 3
      vertex 42 -36 3
    endloop
  endfacet
  facet normal 0 0 -1
    outer loop
      vertex 44.2 -36 3
      vertex 42 -35.4826 3
      vertex 42.743 -34.6126 3
    endloop
  endfacet
  facet normal 0 0 -1
    outer loop
      vertex 47.325 28 3
      vertex 50 30.2 3
      vertex 50 28 3
    endloop
  endfacet
  facet normal 0 0 -1
    outer loop
      vertex 46.1269 29.9551 3
      vertex 50 30.2 3
      vertex 47.325 28 3
    endloop
  endfacet
  facet normal -0 0 -1
    outer loop
      vertex 50 30.2 3
      vertex 46.1269 29.9551 3
      vertex 45.9586 30.2 3
    endloop
  endfacet
  facet normal 0 0 -1
    outer loop
      vertex 42.743 34.6126 3
      vertex 44.2 36 3
      vertex 44.2 32.7139 3
    endloop
  endfacet
  facet normal 0 0 -1
    outer loop
      vertex 42 35.4826 3
      vertex 44.2 36 3
      vertex 42.743 34.6126 3
    endloop
  endfacet
  facet normal -0 0 -1
    outer loop
      vertex 44.2 36 3
      vertex 42 35.4826 3
      vertex 42 36 3
    endloop
  endfacet
  facet normal 0.923883 -0.382674 0
    outer loop
      vertex -48.5462 18.6351 52
      vertex -47.5044 21.1503 3
      vertex -47.5044 21.1503 52
    endloop
  endfacet
  facet normal 0.923883 -0.382674 0
    outer loop
      vertex -47.5044 21.1503 3
      vertex -48.5462 18.6351 52
      vertex -48.5462 18.6351 3
    endloop
  endfacet
  facet normal 0.430534 -0.902574 0
    outer loop
      vertex -23.6075 46.3323 3
      vertex -21.1503 47.5044 52
      vertex -23.6075 46.3323 52
    endloop
  endfacet
  facet normal 0.430534 -0.902574 0
    outer loop
      vertex -21.1503 47.5044 52
      vertex -23.6075 46.3323 3
      vertex -21.1503 47.5044 3
    endloop
  endfacet
  facet normal 0.760394 -0.649462 0
    outer loop
      vertex -40.4116 32.7247 52
      vertex -38.6435 34.7948 3
      vertex -38.6435 34.7948 52
    endloop
  endfacet
  facet normal 0.760394 -0.649462 0
    outer loop
      vertex -38.6435 34.7948 3
      vertex -40.4116 32.7247 52
      vertex -40.4116 32.7247 3
    endloop
  endfacet
  facet normal 0.991447 0.13051 0
    outer loop
      vertex -51.3598 -8.13459 52
      vertex -51.7151 -5.43548 3
      vertex -51.7151 -5.43548 52
    endloop
  endfacet
  facet normal 0.991447 0.13051 0
    outer loop
      vertex -51.7151 -5.43548 3
      vertex -51.3598 -8.13459 52
      vertex -51.3598 -8.13459 3
    endloop
  endfacet
  facet normal 0.760394 0.649462 0
    outer loop
      vertex -38.6435 -34.7948 52
      vertex -40.4116 -32.7247 3
      vertex -40.4116 -32.7247 52
    endloop
  endfacet
  facet normal 0.760394 0.649462 0
    outer loop
      vertex -40.4116 -32.7247 3
      vertex -38.6435 -34.7948 52
      vertex -38.6435 -34.7948 3
    endloop
  endfacet
  facet normal 0.333794 0.942646 -0
    outer loop
      vertex -16.0689 -49.4549 3
      vertex -18.6351 -48.5462 52
      vertex -16.0689 -49.4549 52
    endloop
  endfacet
  facet normal 0.333794 0.942646 0
    outer loop
      vertex -18.6351 -48.5462 52
      vertex -16.0689 -49.4549 3
      vertex -18.6351 -48.5462 3
    endloop
  endfacet
  facet normal -0.688332 0.725396 0
    outer loop
      vertex 36.7696 -36.7696 3
      vertex 34.7948 -38.6435 52
      vertex 36.7696 -36.7696 52
    endloop
  endfacet
  facet normal -0.688332 0.725396 0
    outer loop
      vertex 34.7948 -38.6435 52
      vertex 36.7696 -36.7696 3
      vertex 34.7948 -38.6435 3
    endloop
  endfacet
  facet normal 0.725396 -0.688332 0
    outer loop
      vertex -38.6435 34.7948 52
      vertex -36.7696 36.7696 3
      vertex -36.7696 36.7696 52
    endloop
  endfacet
  facet normal 0.725396 -0.688332 0
    outer loop
      vertex -36.7696 36.7696 3
      vertex -38.6435 34.7948 52
      vertex -38.6435 34.7948 3
    endloop
  endfacet
  facet normal -0.983256 0.182229 0
    outer loop
      vertex 50.8637 -10.8114 3
      vertex 51.3598 -8.13459 52
      vertex 51.3598 -8.13459 3
    endloop
  endfacet
  facet normal -0.983256 0.182229 0
    outer loop
      vertex 51.3598 -8.13459 52
      vertex 50.8637 -10.8114 3
      vertex 50.8637 -10.8114 52
    endloop
  endfacet
  facet normal 0.793361 -0.608751 0
    outer loop
      vertex -40.4116 32.7247 52
      vertex -42 30.6546 6
      vertex -40.4116 32.7247 3
    endloop
  endfacet
  facet normal 0.793362 -0.60875 -6.73143e-08
    outer loop
      vertex -42.0689 30.5648 52
      vertex -42 30.6546 6
      vertex -40.4116 32.7247 52
    endloop
  endfacet
  facet normal 0.793379 -0.608728 0
    outer loop
      vertex -42 30.6546 6
      vertex -42.0689 30.5648 52
      vertex -42.0689 30.5648 6
    endloop
  endfacet
  facet normal 0.793361 -0.608751 0
    outer loop
      vertex -40.4116 32.7247 3
      vertex -42 30.6546 6
      vertex -42 30.6546 3
    endloop
  endfacet
  facet normal 0.983256 -0.182229 0
    outer loop
      vertex -51.3598 8.13459 52
      vertex -50.8637 10.8114 3
      vertex -50.8637 10.8114 52
    endloop
  endfacet
  facet normal 0.983256 -0.182229 0
    outer loop
      vertex -50.8637 10.8114 3
      vertex -51.3598 8.13459 52
      vertex -51.3598 8.13459 3
    endloop
  endfacet
  facet normal 0.477153 0.87882 -0
    outer loop
      vertex -23.6075 -46.3323 3
      vertex -26 -45.0333 52
      vertex -23.6075 -46.3323 52
    endloop
  endfacet
  facet normal 0.477153 0.87882 0
    outer loop
      vertex -26 -45.0333 52
      vertex -23.6075 -46.3323 3
      vertex -26 -45.0333 3
    endloop
  endfacet
  facet normal 0.793379 0.608728 0
    outer loop
      vertex -42.0689 -30.5648 52
      vertex -42 -30.6546 6
      vertex -42.0689 -30.5648 6
    endloop
  endfacet
  facet normal 0.793362 0.60875 -6.73143e-08
    outer loop
      vertex -40.4116 -32.7247 52
      vertex -42 -30.6546 6
      vertex -42.0689 -30.5648 52
    endloop
  endfacet
  facet normal 0.793361 0.608751 -0
    outer loop
      vertex -40.4116 -32.7247 3
      vertex -42 -30.6546 6
      vertex -40.4116 -32.7247 52
    endloop
  endfacet
  facet normal 0.793361 0.608751 0
    outer loop
      vertex -42 -30.6546 6
      vertex -40.4116 -32.7247 3
      vertex -42 -30.6546 3
    endloop
  endfacet
  facet normal 0.87882 -0.477153 0
    outer loop
      vertex -46.3323 23.6075 52
      vertex -45.0333 26 3
      vertex -45.0333 26 52
    endloop
  endfacet
  facet normal 0.87882 -0.477153 0
    outer loop
      vertex -45.0333 26 3
      vertex -46.3323 23.6075 52
      vertex -46.3323 23.6075 3
    endloop
  endfacet
  facet normal 0.991447 -0.13051 0
    outer loop
      vertex -51.7151 5.43548 52
      vertex -51.3598 8.13459 3
      vertex -51.3598 8.13459 52
    endloop
  endfacet
  facet normal 0.991447 -0.13051 0
    outer loop
      vertex -51.3598 8.13459 3
      vertex -51.7151 5.43548 52
      vertex -51.7151 5.43548 3
    endloop
  endfacet
  facet normal 0.13051 0.991447 -0
    outer loop
      vertex -5.43548 -51.7151 3
      vertex -8.13459 -51.3598 52
      vertex -5.43548 -51.7151 52
    endloop
  endfacet
  facet normal 0.13051 0.991447 0
    outer loop
      vertex -8.13459 -51.3598 52
      vertex -5.43548 -51.7151 3
      vertex -8.13459 -51.3598 3
    endloop
  endfacet
  facet normal 0.233467 -0.972365 0
    outer loop
      vertex -13.4586 50.2281 3
      vertex -10.8114 50.8637 52
      vertex -13.4586 50.2281 52
    endloop
  endfacet
  facet normal 0.233467 -0.972365 0
    outer loop
      vertex -10.8114 50.8637 52
      vertex -13.4586 50.2281 3
      vertex -10.8114 50.8637 3
    endloop
  endfacet
  facet normal -0.333794 0.942646 0
    outer loop
      vertex 18.6351 -48.5462 3
      vertex 16.0689 -49.4549 52
      vertex 18.6351 -48.5462 52
    endloop
  endfacet
  facet normal -0.333794 0.942646 0
    outer loop
      vertex 16.0689 -49.4549 52
      vertex 18.6351 -48.5462 3
      vertex 16.0689 -49.4549 3
    endloop
  endfacet
  facet normal 0.87882 0.477153 0
    outer loop
      vertex -45.0333 -26 52
      vertex -46.3323 -23.6075 3
      vertex -46.3323 -23.6075 52
    endloop
  endfacet
  facet normal 0.87882 0.477153 0
    outer loop
      vertex -46.3323 -23.6075 3
      vertex -45.0333 -26 52
      vertex -45.0333 -26 3
    endloop
  endfacet
  facet normal 0.85264 0.522498 0
    outer loop
      vertex -45.0333 -26 52
      vertex -43.8077 -28 6
      vertex -45.0333 -26 3
    endloop
  endfacet
  facet normal 0.852646 0.52249 5.00846e-07
    outer loop
      vertex -43.6109 -28.3212 52
      vertex -43.8077 -28 6
      vertex -45.0333 -26 52
    endloop
  endfacet
  facet normal 0.852678 0.522438 0
    outer loop
      vertex -43.8077 -28 6
      vertex -43.6109 -28.3212 52
      vertex -43.6109 -28.3212 6
    endloop
  endfacet
  facet normal 0.85264 0.522498 0
    outer loop
      vertex -45.0333 -26 3
      vertex -43.8077 -28 6
      vertex -43.8077 -28 3
    endloop
  endfacet
  facet normal -0.382674 0.923883 0
    outer loop
      vertex 21.1503 -47.5044 3
      vertex 18.6351 -48.5462 52
      vertex 21.1503 -47.5044 52
    endloop
  endfacet
  facet normal -0.382674 0.923883 0
    outer loop
      vertex 18.6351 -48.5462 52
      vertex 21.1503 -47.5044 3
      vertex 18.6351 -48.5462 3
    endloop
  endfacet
  facet normal 0.60875 0.793362 -0
    outer loop
      vertex -30.5648 -42.0689 3
      vertex -32.7247 -40.4116 52
      vertex -30.5648 -42.0689 52
    endloop
  endfacet
  facet normal 0.60875 0.793362 0
    outer loop
      vertex -32.7247 -40.4116 52
      vertex -30.5648 -42.0689 3
      vertex -32.7247 -40.4116 3
    endloop
  endfacet
  facet normal -0.233467 -0.972365 0
    outer loop
      vertex 10.8114 50.8637 3
      vertex 13.4586 50.2281 52
      vertex 10.8114 50.8637 52
    endloop
  endfacet
  facet normal -0.233467 -0.972365 -0
    outer loop
      vertex 13.4586 50.2281 52
      vertex 10.8114 50.8637 3
      vertex 13.4586 50.2281 3
    endloop
  endfacet
  facet normal 0.972365 0.233467 0
    outer loop
      vertex -50.2281 -13.4586 52
      vertex -50.8637 -10.8114 3
      vertex -50.8637 -10.8114 52
    endloop
  endfacet
  facet normal 0.972365 0.233467 0
    outer loop
      vertex -50.8637 -10.8114 3
      vertex -50.2281 -13.4586 52
      vertex -50.2281 -13.4586 3
    endloop
  endfacet
  facet normal -0.182229 -0.983256 0
    outer loop
      vertex 8.13459 51.3598 3
      vertex 10.8114 50.8637 52
      vertex 8.13459 51.3598 52
    endloop
  endfacet
  facet normal -0.182229 -0.983256 -0
    outer loop
      vertex 10.8114 50.8637 52
      vertex 8.13459 51.3598 3
      vertex 10.8114 50.8637 3
    endloop
  endfacet
  facet normal 0.382674 -0.923883 0
    outer loop
      vertex -21.1503 47.5044 3
      vertex -18.6351 48.5462 52
      vertex -21.1503 47.5044 52
    endloop
  endfacet
  facet normal 0.382674 -0.923883 0
    outer loop
      vertex -18.6351 48.5462 52
      vertex -21.1503 47.5044 3
      vertex -18.6351 48.5462 3
    endloop
  endfacet
  facet normal 0.923883 0.382674 0
    outer loop
      vertex -47.5044 -21.1503 52
      vertex -48.5462 -18.6351 3
      vertex -48.5462 -18.6351 52
    endloop
  endfacet
  facet normal 0.923883 0.382674 0
    outer loop
      vertex -48.5462 -18.6351 3
      vertex -47.5044 -21.1503 52
      vertex -47.5044 -21.1503 3
    endloop
  endfacet
  facet normal 0.56641 0.824123 -0
    outer loop
      vertex -28.3212 -43.6109 3
      vertex -30.5648 -42.0689 52
      vertex -28.3212 -43.6109 52
    endloop
  endfacet
  facet normal 0.56641 0.824123 0
    outer loop
      vertex -30.5648 -42.0689 52
      vertex -28.3212 -43.6109 3
      vertex -30.5648 -42.0689 3
    endloop
  endfacet
  facet normal 0.902574 0.430534 0
    outer loop
      vertex -46.3323 -23.6075 52
      vertex -47.5044 -21.1503 3
      vertex -47.5044 -21.1503 52
    endloop
  endfacet
  facet normal 0.902574 0.430534 0
    outer loop
      vertex -47.5044 -21.1503 3
      vertex -46.3323 -23.6075 52
      vertex -46.3323 -23.6075 3
    endloop
  endfacet
  facet normal -1 0 0
    outer loop
      vertex -50 -30.2 3
      vertex -50 -28 6
      vertex -50 -28 3
    endloop
  endfacet
  facet normal -1 -0 0
    outer loop
      vertex -50 -28 6
      vertex -50 -30.2 3
      vertex -50 -30.2 6
    endloop
  endfacet
  facet normal 0 0 1
    outer loop
      vertex -50 -30.2 6
      vertex -47.325 -28 6
      vertex -50 -28 6
    endloop
  endfacet
  facet normal 0 0 1
    outer loop
      vertex -47.325 -28 6
      vertex -50 -30.2 6
      vertex -46.1269 -29.9551 6
    endloop
  endfacet
  facet normal 0 0 1
    outer loop
      vertex -46.1269 -29.9551 6
      vertex -50 -30.2 6
      vertex -45.9586 -30.2 6
    endloop
  endfacet
  facet normal 0 0 1
    outer loop
      vertex -42 -28 6
      vertex -42.0689 -30.5648 6
      vertex -42 -30.6546 6
    endloop
  endfacet
  facet normal 0 0 1
    outer loop
      vertex -42 -28 6
      vertex -43.6109 -28.3212 6
      vertex -42.0689 -30.5648 6
    endloop
  endfacet
  facet normal 0 -0 1
    outer loop
      vertex -43.6109 -28.3212 6
      vertex -42 -28 6
      vertex -43.8077 -28 6
    endloop
  endfacet
  facet normal 0 0 1
    outer loop
      vertex -44.2 -36 6
      vertex -42 -35.4826 6
      vertex -42.743 -34.6126 6
    endloop
  endfacet
  facet normal 0 0 1
    outer loop
      vertex -44.2 -36 6
      vertex -42.743 -34.6126 6
      vertex -44.2 -32.7139 6
    endloop
  endfacet
  facet normal 0 0 1
    outer loop
      vertex -42 -35.4826 6
      vertex -44.2 -36 6
      vertex -42 -36 6
    endloop
  endfacet
  facet normal 1 -0 0
    outer loop
      vertex -42 -30.6546 6
      vertex -42 -28 3
      vertex -42 -28 6
    endloop
  endfacet
  facet normal 1 0 0
    outer loop
      vertex -42 -28 3
      vertex -42 -30.6546 6
      vertex -42 -30.6546 3
    endloop
  endfacet
  facet normal 1 -0 0
    outer loop
      vertex -42 -36 6
      vertex -42 -35.4826 3
      vertex -42 -35.4826 6
    endloop
  endfacet
  facet normal 1 0 0
    outer loop
      vertex -42 -35.4826 3
      vertex -42 -36 6
      vertex -42 -36 3
    endloop
  endfacet
  facet normal 0 -1 0
    outer loop
      vertex -50 -30.2 3
      vertex -45.9586 -30.2 6
      vertex -50 -30.2 6
    endloop
  endfacet
  facet normal 0 -1 -0
    outer loop
      vertex -45.9586 -30.2 6
      vertex -50 -30.2 3
      vertex -45.9586 -30.2 3
    endloop
  endfacet
  facet normal 0 1 -0
    outer loop
      vertex -42 -28 3
      vertex -43.8077 -28 6
      vertex -42 -28 6
    endloop
  endfacet
  facet normal 0 1 0
    outer loop
      vertex -43.8077 -28 6
      vertex -42 -28 3
      vertex -43.8077 -28 3
    endloop
  endfacet
  facet normal 0 1 -0
    outer loop
      vertex -47.325 -28 3
      vertex -50 -28 6
      vertex -47.325 -28 6
    endloop
  endfacet
  facet normal 0 1 0
    outer loop
      vertex -50 -28 6
      vertex -47.325 -28 3
      vertex -50 -28 3
    endloop
  endfacet
  facet normal -1 0 0
    outer loop
      vertex -44.2 -36 3
      vertex -44.2 -32.7139 6
      vertex -44.2 -32.7139 3
    endloop
  endfacet
  facet normal -1 -0 0
    outer loop
      vertex -44.2 -32.7139 6
      vertex -44.2 -36 3
      vertex -44.2 -36 6
    endloop
  endfacet
  facet normal 0 -1 0
    outer loop
      vertex -44.2 -36 3
      vertex -42 -36 6
      vertex -44.2 -36 6
    endloop
  endfacet
  facet normal 0 -1 -0
    outer loop
      vertex -42 -36 6
      vertex -44.2 -36 3
      vertex -42 -36 3
    endloop
  endfacet
  facet normal -1 0 0
    outer loop
      vertex -50 28 3
      vertex -50 30.2 6
      vertex -50 30.2 3
    endloop
  endfacet
  facet normal -1 -0 0
    outer loop
      vertex -50 30.2 6
      vertex -50 28 3
      vertex -50 28 6
    endloop
  endfacet
  facet normal -0 0 1
    outer loop
      vertex -50 30.2 6
      vertex -46.1269 29.9551 6
      vertex -45.9586 30.2 6
    endloop
  endfacet
  facet normal 0 0 1
    outer loop
      vertex -50 30.2 6
      vertex -47.325 28 6
      vertex -46.1269 29.9551 6
    endloop
  endfacet
  facet normal 0 0 1
    outer loop
      vertex -47.325 28 6
      vertex -50 30.2 6
      vertex -50 28 6
    endloop
  endfacet
  facet normal -0 0 1
    outer loop
      vertex -42.0689 30.5648 6
      vertex -42 28 6
      vertex -42 30.6546 6
    endloop
  endfacet
  facet normal -0 0 1
    outer loop
      vertex -43.6109 28.3212 6
      vertex -42 28 6
      vertex -42.0689 30.5648 6
    endloop
  endfacet
  facet normal 0 0 1
    outer loop
      vertex -42 28 6
      vertex -43.6109 28.3212 6
      vertex -43.8077 28 6
    endloop
  endfacet
  facet normal -0 0 1
    outer loop
      vertex -44.2 36 6
      vertex -42 35.4826 6
      vertex -42 36 6
    endloop
  endfacet
  facet normal 0 0 1
    outer loop
      vertex -42 35.4826 6
      vertex -44.2 36 6
      vertex -42.743 34.6126 6
    endloop
  endfacet
  facet normal 0 0 1
    outer loop
      vertex -42.743 34.6126 6
      vertex -44.2 36 6
      vertex -44.2 32.7139 6
    endloop
  endfacet
  facet normal 1 -0 0
    outer loop
      vertex -42 28 6
      vertex -42 30.6546 3
      vertex -42 30.6546 6
    endloop
  endfacet
  facet normal 1 0 0
    outer loop
      vertex -42 30.6546 3
      vertex -42 28 6
      vertex -42 28 3
    endloop
  endfacet
  facet normal 1 -0 0
    outer loop
      vertex -42 35.4826 6
      vertex -42 36 3
      vertex -42 36 6
    endloop
  endfacet
  facet normal 1 0 0
    outer loop
      vertex -42 36 3
      vertex -42 35.4826 6
      vertex -42 35.4826 3
    endloop
  endfacet
  facet normal 0 1 -0
    outer loop
      vertex -45.9586 30.2 3
      vertex -50 30.2 6
      vertex -45.9586 30.2 6
    endloop
  endfacet
  facet normal 0 1 0
    outer loop
      vertex -50 30.2 6
      vertex -45.9586 30.2 3
      vertex -50 30.2 3
    endloop
  endfacet
  facet normal 0 -1 0
    outer loop
      vertex -43.8077 28 3
      vertex -42 28 6
      vertex -43.8077 28 6
    endloop
  endfacet
  facet normal 0 -1 -0
    outer loop
      vertex -42 28 6
      vertex -43.8077 28 3
      vertex -42 28 3
    endloop
  endfacet
  facet normal 0 -1 0
    outer loop
      vertex -50 28 3
      vertex -47.325 28 6
      vertex -50 28 6
    endloop
  endfacet
  facet normal 0 -1 -0
    outer loop
      vertex -47.325 28 6
      vertex -50 28 3
      vertex -47.325 28 3
    endloop
  endfacet
  facet normal -1 0 0
    outer loop
      vertex -44.2 32.7139 3
      vertex -44.2 36 6
      vertex -44.2 36 3
    endloop
  endfacet
  facet normal -1 -0 0
    outer loop
      vertex -44.2 36 6
      vertex -44.2 32.7139 3
      vertex -44.2 32.7139 6
    endloop
  endfacet
  facet normal 0 1 -0
    outer loop
      vertex -42 36 3
      vertex -44.2 36 6
      vertex -42 36 6
    endloop
  endfacet
  facet normal 0 1 0
    outer loop
      vertex -44.2 36 6
      vertex -42 36 3
      vertex -44.2 36 3
    endloop
  endfacet
  facet normal 1 -0 0
    outer loop
      vertex 50 -30.2 6
      vertex 50 -28 3
      vertex 50 -28 6
    endloop
  endfacet
  facet normal 1 0 0
    outer loop
      vertex 50 -28 3
      vertex 50 -30.2 6
      vertex 50 -30.2 3
    endloop
  endfacet
  facet normal -0 0 1
    outer loop
      vertex 47.325 -28 6
      vertex 50 -30.2 6
      vertex 50 -28 6
    endloop
  endfacet
  facet normal -0 0 1
    outer loop
      vertex 46.1269 -29.9551 6
      vertex 50 -30.2 6
      vertex 47.325 -28 6
    endloop
  endfacet
  facet normal 0 0 1
    outer loop
      vertex 50 -30.2 6
      vertex 46.1269 -29.9551 6
      vertex 45.9586 -30.2 6
    endloop
  endfacet
  facet normal -0 0 1
    outer loop
      vertex 42 -28 6
      vertex 43.6109 -28.3212 6
      vertex 43.8077 -28 6
    endloop
  endfacet
  facet normal 0 0 1
    outer loop
      vertex 43.6109 -28.3212 6
      vertex 42 -28 6
      vertex 42.0689 -30.5648 6
    endloop
  endfacet
  facet normal 0 0 1
    outer loop
      vertex 42.0689 -30.5648 6
      vertex 42 -28 6
      vertex 42 -30.6546 6
    endloop
  endfacet
  facet normal -0 0 1
    outer loop
      vertex 42.743 -34.6126 6
      vertex 44.2 -36 6
      vertex 44.2 -32.7139 6
    endloop
  endfacet
  facet normal -0 0 1
    outer loop
      vertex 42 -35.4826 6
      vertex 44.2 -36 6
      vertex 42.743 -34.6126 6
    endloop
  endfacet
  facet normal 0 0 1
    outer loop
      vertex 44.2 -36 6
      vertex 42 -35.4826 6
      vertex 42 -36 6
    endloop
  endfacet
  facet normal -1 0 0
    outer loop
      vertex 42 -30.6546 3
      vertex 42 -28 6
      vertex 42 -28 3
    endloop
  endfacet
  facet normal -1 -0 0
    outer loop
      vertex 42 -28 6
      vertex 42 -30.6546 3
      vertex 42 -30.6546 6
    endloop
  endfacet
  facet normal -1 0 0
    outer loop
      vertex 42 -36 3
      vertex 42 -35.4826 6
      vertex 42 -35.4826 3
    endloop
  endfacet
  facet normal -1 -0 0
    outer loop
      vertex 42 -35.4826 6
      vertex 42 -36 3
      vertex 42 -36 6
    endloop
  endfacet
  facet normal 0 -1 0
    outer loop
      vertex 45.9586 -30.2 3
      vertex 50 -30.2 6
      vertex 45.9586 -30.2 6
    endloop
  endfacet
  facet normal 0 -1 -0
    outer loop
      vertex 50 -30.2 6
      vertex 45.9586 -30.2 3
      vertex 50 -30.2 3
    endloop
  endfacet
  facet normal 0 1 -0
    outer loop
      vertex 43.8077 -28 3
      vertex 42 -28 6
      vertex 43.8077 -28 6
    endloop
  endfacet
  facet normal 0 1 0
    outer loop
      vertex 42 -28 6
      vertex 43.8077 -28 3
      vertex 42 -28 3
    endloop
  endfacet
  facet normal 0 1 -0
    outer loop
      vertex 50 -28 3
      vertex 47.325 -28 6
      vertex 50 -28 6
    endloop
  endfacet
  facet normal 0 1 0
    outer loop
      vertex 47.325 -28 6
      vertex 50 -28 3
      vertex 47.325 -28 3
    endloop
  endfacet
  facet normal 1 -0 0
    outer loop
      vertex 44.2 -36 6
      vertex 44.2 -32.7139 3
      vertex 44.2 -32.7139 6
    endloop
  endfacet
  facet normal 1 0 0
    outer loop
      vertex 44.2 -32.7139 3
      vertex 44.2 -36 6
      vertex 44.2 -36 3
    endloop
  endfacet
  facet normal 0 -1 0
    outer loop
      vertex 42 -36 3
      vertex 44.2 -36 6
      vertex 42 -36 6
    endloop
  endfacet
  facet normal 0 -1 -0
    outer loop
      vertex 44.2 -36 6
      vertex 42 -36 3
      vertex 44.2 -36 3
    endloop
  endfacet
  facet normal 1 -0 0
    outer loop
      vertex 50 28 6
      vertex 50 30.2 3
      vertex 50 30.2 6
    endloop
  endfacet
  facet normal 1 0 0
    outer loop
      vertex 50 30.2 3
      vertex 50 28 6
      vertex 50 28 3
    endloop
  endfacet
  facet normal 0 0 1
    outer loop
      vertex 50 30.2 6
      vertex 47.325 28 6
      vertex 50 28 6
    endloop
  endfacet
  facet normal 0 0 1
    outer loop
      vertex 50 30.2 6
      vertex 46.1269 29.9551 6
      vertex 47.325 28 6
    endloop
  endfacet
  facet normal 0 -0 1
    outer loop
      vertex 46.1269 29.9551 6
      vertex 50 30.2 6
      vertex 45.9586 30.2 6
    endloop
  endfacet
  facet normal 0 0 1
    outer loop
      vertex 42 28 6
      vertex 43.6109 28.3212 6
      vertex 42.0689 30.5648 6
    endloop
  endfacet
  facet normal 0 0 1
    outer loop
      vertex 42 28 6
      vertex 42.0689 30.5648 6
      vertex 42 30.6546 6
    endloop
  endfacet
  facet normal 0 0 1
    outer loop
      vertex 43.6109 28.3212 6
      vertex 42 28 6
      vertex 43.8077 28 6
    endloop
  endfacet
  facet normal 0 0 1
    outer loop
      vertex 44.2 36 6
      vertex 42.743 34.6126 6
      vertex 44.2 32.7139 6
    endloop
  endfacet
  facet normal 0 0 1
    outer loop
      vertex 42 35.4826 6
      vertex 44.2 36 6
      vertex 42 36 6
    endloop
  endfacet
  facet normal 0 0 1
    outer loop
      vertex 44.2 36 6
      vertex 42 35.4826 6
      vertex 42.743 34.6126 6
    endloop
  endfacet
  facet normal -1 0 0
    outer loop
      vertex 42 28 3
      vertex 42 30.6546 6
      vertex 42 30.6546 3
    endloop
  endfacet
  facet normal -1 -0 0
    outer loop
      vertex 42 30.6546 6
      vertex 42 28 3
      vertex 42 28 6
    endloop
  endfacet
  facet normal -1 0 0
    outer loop
      vertex 42 35.4826 3
      vertex 42 36 6
      vertex 42 36 3
    endloop
  endfacet
  facet normal -1 -0 0
    outer loop
      vertex 42 36 6
      vertex 42 35.4826 3
      vertex 42 35.4826 6
    endloop
  endfacet
  facet normal 0 1 -0
    outer loop
      vertex 50 30.2 3
      vertex 45.9586 30.2 6
      vertex 50 30.2 6
    endloop
  endfacet
  facet normal 0 1 0
    outer loop
      vertex 45.9586 30.2 6
      vertex 50 30.2 3
      vertex 45.9586 30.2 3
    endloop
  endfacet
  facet normal 0 -1 0
    outer loop
      vertex 42 28 3
      vertex 43.8077 28 6
      vertex 42 28 6
    endloop
  endfacet
  facet normal 0 -1 -0
    outer loop
      vertex 43.8077 28 6
      vertex 42 28 3
      vertex 43.8077 28 3
    endloop
  endfacet
  facet normal 0 -1 0
    outer loop
      vertex 47.325 28 3
      vertex 50 28 6
      vertex 47.325 28 6
    endloop
  endfacet
  facet normal 0 -1 -0
    outer loop
      vertex 50 28 6
      vertex 47.325 28 3
      vertex 50 28 3
    endloop
  endfacet
  facet normal 1 -0 0
    outer loop
      vertex 44.2 32.7139 6
      vertex 44.2 36 3
      vertex 44.2 36 6
    endloop
  endfacet
  facet normal 1 0 0
    outer loop
      vertex 44.2 36 3
      vertex 44.2 32.7139 6
      vertex 44.2 32.7139 3
    endloop
  endfacet
  facet normal 0 1 -0
    outer loop
      vertex 44.2 36 3
      vertex 42 36 6
      vertex 44.2 36 6
    endloop
  endfacet
  facet normal 0 1 0
    outer loop
      vertex 42 36 6
      vertex 44.2 36 3
      vertex 42 36 3
    endloop
  endfacet
  facet normal 0.996639 0.0819156 0
    outer loop
      vertex 28.4952 43.4844 50
      vertex 28.4946 43.4917 3
      vertex 28.4946 43.4917 50
    endloop
  endfacet
  facet normal 0.996639 0.0819156 0
    outer loop
      vertex 28.4946 43.4917 3
      vertex 28.4952 43.4844 50
      vertex 28.4952 43.4844 3
    endloop
  endfacet
  facet normal 0.999657 0.0262062 0
    outer loop
      vertex 28.5 43.3013 50
      vertex 28.4952 43.4844 3
      vertex 28.4952 43.4844 50
    endloop
  endfacet
  facet normal 0.999657 0.0262062 0
    outer loop
      vertex 28.4952 43.4844 3
      vertex 28.5 43.3013 50
      vertex 28.5 43.3013 3
    endloop
  endfacet
  facet normal -0.958886 0.283791 0
    outer loop
      vertex 21.6193 44.2071 3
      vertex 21.6713 44.3828 50
      vertex 21.6713 44.3828 3
    endloop
  endfacet
  facet normal -0.958886 0.283791 0
    outer loop
      vertex 21.6713 44.3828 50
      vertex 21.6193 44.2071 3
      vertex 21.6193 44.2071 50
    endloop
  endfacet
  facet normal -0.942566 -0.334019 0
    outer loop
      vertex 21.7325 42.047 3
      vertex 21.6713 42.2197 50
      vertex 21.6713 42.2197 3
    endloop
  endfacet
  facet normal -0.942566 -0.334019 0
    outer loop
      vertex 21.6713 42.2197 50
      vertex 21.7325 42.047 3
      vertex 21.7325 42.047 50
    endloop
  endfacet
  facet normal 0.688305 -0.725422 0
    outer loop
      vertex 27.342 40.7003 3
      vertex 27.4749 40.8264 50
      vertex 27.342 40.7003 50
    endloop
  endfacet
  facet normal 0.688305 -0.725422 0
    outer loop
      vertex 27.4749 40.8264 50
      vertex 27.342 40.7003 3
      vertex 27.4749 40.8264 3
    endloop
  endfacet
  facet normal -0.477092 0.878853 0
    outer loop
      vertex 23.411 46.4198 3
      vertex 23.25 46.3324 50
      vertex 23.411 46.4198 50
    endloop
  endfacet
  facet normal -0.477092 0.878853 0
    outer loop
      vertex 23.25 46.3324 50
      vertex 23.411 46.4198 3
      vertex 23.25 46.3324 3
    endloop
  endfacet
  facet normal -0.983235 -0.182343 0
    outer loop
      vertex 21.5765 42.5736 3
      vertex 21.5431 42.7537 50
      vertex 21.5431 42.7537 3
    endloop
  endfacet
  facet normal -0.983235 -0.182343 0
    outer loop
      vertex 21.5431 42.7537 50
      vertex 21.5765 42.5736 3
      vertex 21.5765 42.5736 50
    endloop
  endfacet
  facet normal -0.333534 -0.942738 0
    outer loop
      vertex 23.7457 40.0337 3
      vertex 23.9184 39.9726 50
      vertex 23.7457 40.0337 50
    endloop
  endfacet
  facet normal -0.333534 -0.942738 -0
    outer loop
      vertex 23.9184 39.9726 50
      vertex 23.7457 40.0337 3
      vertex 23.9184 39.9726 3
    endloop
  endfacet
  facet normal -0.130948 -0.991389 0
    outer loop
      vertex 24.4525 39.8444 3
      vertex 24.6342 39.8204 50
      vertex 24.4525 39.8444 50
    endloop
  endfacet
  facet normal -0.130948 -0.991389 -0
    outer loop
      vertex 24.6342 39.8204 50
      vertex 24.4525 39.8444 3
      vertex 24.6342 39.8204 3
    endloop
  endfacet
  facet normal 0.130948 -0.991389 0
    outer loop
      vertex 25.3658 39.8204 3
      vertex 25.5475 39.8444 50
      vertex 25.3658 39.8204 50
    endloop
  endfacet
  facet normal 0.130948 -0.991389 0
    outer loop
      vertex 25.5475 39.8444 50
      vertex 25.3658 39.8204 3
      vertex 25.5475 39.8444 3
    endloop
  endfacet
  facet normal 0.972348 -0.233538 0
    outer loop
      vertex 28.3807 42.3954 50
      vertex 28.4235 42.5736 3
      vertex 28.4235 42.5736 50
    endloop
  endfacet
  facet normal 0.972348 -0.233538 0
    outer loop
      vertex 28.4235 42.5736 3
      vertex 28.3807 42.3954 50
      vertex 28.3807 42.3954 3
    endloop
  endfacet
  facet normal -0.852444 0.522818 0
    outer loop
      vertex 21.9689 45.0513 3
      vertex 22.0647 45.2075 50
      vertex 22.0647 45.2075 3
    endloop
  endfacet
  facet normal -0.852444 0.522818 0
    outer loop
      vertex 22.0647 45.2075 50
      vertex 21.9689 45.0513 3
      vertex 21.9689 45.0513 50
    endloop
  endfacet
  facet normal -0.0780742 -0.996948 0
    outer loop
      vertex 24.6342 39.8204 3
      vertex 24.8168 39.8061 50
      vertex 24.6342 39.8204 50
    endloop
  endfacet
  facet normal -0.0780742 -0.996948 -0
    outer loop
      vertex 24.8168 39.8061 50
      vertex 24.6342 39.8204 3
      vertex 24.8168 39.8061 3
    endloop
  endfacet
  facet normal 0.333534 -0.942738 0
    outer loop
      vertex 26.0816 39.9726 3
      vertex 26.2543 40.0337 50
      vertex 26.0816 39.9726 50
    endloop
  endfacet
  facet normal 0.333534 -0.942738 0
    outer loop
      vertex 26.2543 40.0337 50
      vertex 26.0816 39.9726 3
      vertex 26.2543 40.0337 3
    endloop
  endfacet
  facet normal -0.99146 -0.130412 0
    outer loop
      vertex 21.5431 42.7537 3
      vertex 21.5192 42.9354 50
      vertex 21.5192 42.9354 3
    endloop
  endfacet
  facet normal -0.99146 -0.130412 0
    outer loop
      vertex 21.5192 42.9354 50
      vertex 21.5431 42.7537 3
      vertex 21.5431 42.7537 50
    endloop
  endfacet
  facet normal 0.608867 -0.793273 0
    outer loop
      vertex 27.0572 40.4697 3
      vertex 27.2026 40.5813 50
      vertex 27.0572 40.4697 50
    endloop
  endfacet
  facet normal 0.608867 -0.793273 0
    outer loop
      vertex 27.2026 40.5813 50
      vertex 27.0572 40.4697 3
      vertex 27.2026 40.5813 3
    endloop
  endfacet
  facet normal -0.760334 0.649532 0
    outer loop
      vertex 22.28 45.5039 3
      vertex 22.399 45.6432 50
      vertex 22.399 45.6432 3
    endloop
  endfacet
  facet normal -0.760334 0.649532 0
    outer loop
      vertex 22.399 45.6432 50
      vertex 22.28 45.5039 3
      vertex 22.28 45.5039 50
    endloop
  endfacet
  facet normal 0.996908 -0.0785741 0
    outer loop
      vertex 28.4808 42.9354 50
      vertex 28.4952 43.1181 3
      vertex 28.4952 43.1181 50
    endloop
  endfacet
  facet normal 0.996908 -0.0785741 0
    outer loop
      vertex 28.4952 43.1181 3
      vertex 28.4808 42.9354 50
      vertex 28.4808 42.9354 3
    endloop
  endfacet
  facet normal -0.999657 -0.0261919 0
    outer loop
      vertex 21.5048 43.1181 3
      vertex 21.5 43.3013 50
      vertex 21.5 43.3013 3
    endloop
  endfacet
  facet normal -0.999657 -0.0261919 0
    outer loop
      vertex 21.5 43.3013 50
      vertex 21.5048 43.1181 3
      vertex 21.5048 43.1181 50
    endloop
  endfacet
  facet normal 0.942566 -0.334019 0
    outer loop
      vertex 28.2675 42.047 50
      vertex 28.3287 42.2197 3
      vertex 28.3287 42.2197 50
    endloop
  endfacet
  facet normal 0.942566 -0.334019 0
    outer loop
      vertex 28.3287 42.2197 3
      vertex 28.2675 42.047 50
      vertex 28.2675 42.047 3
    endloop
  endfacet
  facet normal 0.878853 -0.477092 0
    outer loop
      vertex 28.0311 41.5513 50
      vertex 28.1185 41.7123 3
      vertex 28.1185 41.7123 50
    endloop
  endfacet
  facet normal 0.878853 -0.477092 0
    outer loop
      vertex 28.1185 41.7123 3
      vertex 28.0311 41.5513 50
      vertex 28.0311 41.5513 3
    endloop
  endfacet
  facet normal 0.760334 -0.649532 0
    outer loop
      vertex 27.601 40.9593 50
      vertex 27.72 41.0986 3
      vertex 27.72 41.0986 50
    endloop
  endfacet
  facet normal 0.760334 -0.649532 0
    outer loop
      vertex 27.72 41.0986 3
      vertex 27.601 40.9593 50
      vertex 27.601 40.9593 3
    endloop
  endfacet
  facet normal -0.878978 0.476863 0
    outer loop
      vertex 21.8815 44.8902 3
      vertex 21.9689 45.0513 50
      vertex 21.9689 45.0513 3
    endloop
  endfacet
  facet normal -0.878978 0.476863 0
    outer loop
      vertex 21.9689 45.0513 50
      vertex 21.8815 44.8902 3
      vertex 21.8815 44.8902 50
    endloop
  endfacet
  facet normal 0.725422 -0.688305 0
    outer loop
      vertex 27.4749 40.8264 50
      vertex 27.601 40.9593 3
      vertex 27.601 40.9593 50
    endloop
  endfacet
  facet normal 0.725422 -0.688305 0
    outer loop
      vertex 27.601 40.9593 3
      vertex 27.4749 40.8264 50
      vertex 27.4749 40.8264 3
    endloop
  endfacet
  facet normal -0.958886 -0.283791 0
    outer loop
      vertex 21.6713 42.2197 3
      vertex 21.6193 42.3954 50
      vertex 21.6193 42.3954 3
    endloop
  endfacet
  facet normal -0.958886 -0.283791 0
    outer loop
      vertex 21.6193 42.3954 50
      vertex 21.6713 42.2197 3
      vertex 21.6713 42.2197 50
    endloop
  endfacet
  facet normal -0.793273 -0.608867 0
    outer loop
      vertex 22.28 41.0986 3
      vertex 22.1684 41.244 50
      vertex 22.1684 41.244 3
    endloop
  endfacet
  facet normal -0.793273 -0.608867 0
    outer loop
      vertex 22.1684 41.244 50
      vertex 22.28 41.0986 3
      vertex 22.28 41.0986 50
    endloop
  endfacet
  facet normal -0.942627 0.333847 0
    outer loop
      vertex 21.6713 44.3828 3
      vertex 21.7325 44.5556 50
      vertex 21.7325 44.5556 3
    endloop
  endfacet
  facet normal -0.942627 0.333847 0
    outer loop
      vertex 21.7325 44.5556 50
      vertex 21.6713 44.3828 3
      vertex 21.6713 44.3828 50
    endloop
  endfacet
  facet normal 0.99146 -0.130412 0
    outer loop
      vertex 28.4569 42.7537 50
      vertex 28.4808 42.9354 3
      vertex 28.4808 42.9354 50
    endloop
  endfacet
  facet normal 0.99146 -0.130412 0
    outer loop
      vertex 28.4808 42.9354 3
      vertex 28.4569 42.7537 50
      vertex 28.4569 42.7537 3
    endloop
  endfacet
  facet normal -0.725422 -0.688305 0
    outer loop
      vertex 22.5251 40.8264 3
      vertex 22.399 40.9593 50
      vertex 22.399 40.9593 3
    endloop
  endfacet
  facet normal -0.725422 -0.688305 0
    outer loop
      vertex 22.399 40.9593 50
      vertex 22.5251 40.8264 3
      vertex 22.5251 40.8264 50
    endloop
  endfacet
  facet normal -0.608867 -0.793273 0
    outer loop
      vertex 22.7974 40.5813 3
      vertex 22.9428 40.4697 50
      vertex 22.7974 40.5813 50
    endloop
  endfacet
  facet normal -0.608867 -0.793273 -0
    outer loop
      vertex 22.9428 40.4697 50
      vertex 22.7974 40.5813 3
      vertex 22.9428 40.4697 3
    endloop
  endfacet
  facet normal 0.0261919 -0.999657 0
    outer loop
      vertex 25 39.8013 3
      vertex 25.1832 39.8061 50
      vertex 25 39.8013 50
    endloop
  endfacet
  facet normal 0.0261919 -0.999657 0
    outer loop
      vertex 25.1832 39.8061 50
      vertex 25 39.8013 3
      vertex 25.1832 39.8061 3
    endloop
  endfacet
  facet normal -0.824329 -0.566112 0
    outer loop
      vertex 22.1684 41.244 3
      vertex 22.0647 41.395 50
      vertex 22.0647 41.395 3
    endloop
  endfacet
  facet normal -0.824329 -0.566112 0
    outer loop
      vertex 22.0647 41.395 50
      vertex 22.1684 41.244 3
      vertex 22.1684 41.244 50
    endloop
  endfacet
  facet normal 0.284293 -0.958738 0
    outer loop
      vertex 25.9059 39.9205 3
      vertex 26.0816 39.9726 50
      vertex 25.9059 39.9205 50
    endloop
  endfacet
  facet normal 0.284293 -0.958738 0
    outer loop
      vertex 26.0816 39.9726 50
      vertex 25.9059 39.9205 3
      vertex 26.0816 39.9726 3
    endloop
  endfacet
  facet normal -0.760334 -0.649532 0
    outer loop
      vertex 22.399 40.9593 3
      vertex 22.28 41.0986 50
      vertex 22.28 41.0986 3
    endloop
  endfacet
  facet normal -0.760334 -0.649532 0
    outer loop
      vertex 22.28 41.0986 50
      vertex 22.399 40.9593 3
      vertex 22.399 40.9593 50
    endloop
  endfacet
  facet normal -0.233022 -0.972471 0
    outer loop
      vertex 24.0941 39.9205 3
      vertex 24.2723 39.8778 50
      vertex 24.0941 39.9205 50
    endloop
  endfacet
  facet normal -0.233022 -0.972471 -0
    outer loop
      vertex 24.2723 39.8778 50
      vertex 24.0941 39.9205 3
      vertex 24.2723 39.8778 3
    endloop
  endfacet
  facet normal -0.688592 0.725149 0
    outer loop
      vertex 22.658 45.9023 3
      vertex 22.5251 45.7761 50
      vertex 22.658 45.9023 50
    endloop
  endfacet
  facet normal -0.688592 0.725149 0
    outer loop
      vertex 22.5251 45.7761 50
      vertex 22.658 45.9023 3
      vertex 22.5251 45.7761 3
    endloop
  endfacet
  facet normal -0.725422 0.688305 0
    outer loop
      vertex 22.399 45.6432 3
      vertex 22.5251 45.7761 50
      vertex 22.5251 45.7761 3
    endloop
  endfacet
  facet normal -0.725422 0.688305 0
    outer loop
      vertex 22.5251 45.7761 50
      vertex 22.399 45.6432 3
      vertex 22.399 45.6432 50
    endloop
  endfacet
  facet normal 0.958886 -0.283791 0
    outer loop
      vertex 28.3287 42.2197 50
      vertex 28.3807 42.3954 3
      vertex 28.3807 42.3954 50
    endloop
  endfacet
  facet normal 0.958886 -0.283791 0
    outer loop
      vertex 28.3807 42.3954 3
      vertex 28.3287 42.2197 50
      vertex 28.3287 42.2197 3
    endloop
  endfacet
  facet normal -0.522818 0.852444 0
    outer loop
      vertex 23.25 46.3324 3
      vertex 23.0938 46.2366 50
      vertex 23.25 46.3324 50
    endloop
  endfacet
  facet normal -0.522818 0.852444 0
    outer loop
      vertex 23.0938 46.2366 50
      vertex 23.25 46.3324 3
      vertex 23.0938 46.2366 3
    endloop
  endfacet
  facet normal -0.824329 0.566112 0
    outer loop
      vertex 22.0647 45.2075 3
      vertex 22.1684 45.3585 50
      vertex 22.1684 45.3585 3
    endloop
  endfacet
  facet normal -0.824329 0.566112 0
    outer loop
      vertex 22.1684 45.3585 50
      vertex 22.0647 45.2075 3
      vertex 22.0647 45.2075 50
    endloop
  endfacet
  facet normal -0.902568 0.430548 0
    outer loop
      vertex 21.8026 44.7248 3
      vertex 21.8815 44.8902 50
      vertex 21.8815 44.8902 3
    endloop
  endfacet
  facet normal -0.902568 0.430548 0
    outer loop
      vertex 21.8815 44.8902 50
      vertex 21.8026 44.7248 3
      vertex 21.8026 44.7248 50
    endloop
  endfacet
  facet normal 0.999657 -0.0261919 0
    outer loop
      vertex 28.4952 43.1181 50
      vertex 28.5 43.3013 3
      vertex 28.5 43.3013 50
    endloop
  endfacet
  facet normal 0.999657 -0.0261919 0
    outer loop
      vertex 28.5 43.3013 3
      vertex 28.4952 43.1181 50
      vertex 28.4952 43.1181 3
    endloop
  endfacet
  facet normal 0.0780742 -0.996948 0
    outer loop
      vertex 25.1832 39.8061 3
      vertex 25.3658 39.8204 50
      vertex 25.1832 39.8061 50
    endloop
  endfacet
  facet normal 0.0780742 -0.996948 0
    outer loop
      vertex 25.3658 39.8204 50
      vertex 25.1832 39.8061 3
      vertex 25.3658 39.8204 3
    endloop
  endfacet
  facet normal 0 0 1
    outer loop
      vertex 28.3212 43.6109 50
      vertex 28.5 43.3013 50
      vertex 28.4952 43.4844 50
    endloop
  endfacet
  facet normal 0 0 1
    outer loop
      vertex 28.3212 43.6109 50
      vertex 28.4952 43.4844 50
      vertex 28.4946 43.4917 50
    endloop
  endfacet
  facet normal 0 0 1
    outer loop
      vertex 28.5 43.3013 50
      vertex 28.3212 43.6109 50
      vertex 28.4952 43.1181 50
    endloop
  endfacet
  facet normal 0 0 1
    outer loop
      vertex 28.4952 43.1181 50
      vertex 28.3212 43.6109 50
      vertex 28.4808 42.9354 50
    endloop
  endfacet
  facet normal -0 0 1
    outer loop
      vertex 26.3426 43.1602 50
      vertex 28.4808 42.9354 50
      vertex 28.3212 43.6109 50
    endloop
  endfacet
  facet normal 0 0 1
    outer loop
      vertex 28.4808 42.9354 50
      vertex 26.3426 43.1602 50
      vertex 28.4569 42.7537 50
    endloop
  endfacet
  facet normal -0 0 1
    outer loop
      vertex 26.3334 43.0901 50
      vertex 28.4569 42.7537 50
      vertex 26.3426 43.1602 50
    endloop
  endfacet
  facet normal -0 0 1
    outer loop
      vertex 26.3205 43.0206 50
      vertex 28.4235 42.5736 50
      vertex 26.3334 43.0901 50
    endloop
  endfacet
  facet normal 0 0 1
    outer loop
      vertex 28.4235 42.5736 50
      vertex 26.3205 43.0206 50
      vertex 28.3807 42.3954 50
    endloop
  endfacet
  facet normal -0 0 1
    outer loop
      vertex 26.304 42.9519 50
      vertex 28.3807 42.3954 50
      vertex 26.3205 43.0206 50
    endloop
  endfacet
  facet normal -0 0 1
    outer loop
      vertex 26.2839 42.8841 50
      vertex 28.3287 42.2197 50
      vertex 26.304 42.9519 50
    endloop
  endfacet
  facet normal 0 0 1
    outer loop
      vertex 28.3287 42.2197 50
      vertex 26.2839 42.8841 50
      vertex 28.2675 42.047 50
    endloop
  endfacet
  facet normal 0 0 1
    outer loop
      vertex 28.2675 42.047 50
      vertex 26.2603 42.8175 50
      vertex 28.1974 41.8777 50
    endloop
  endfacet
  facet normal -0 0 1
    outer loop
      vertex 26.2333 42.7522 50
      vertex 28.1974 41.8777 50
      vertex 26.2603 42.8175 50
    endloop
  endfacet
  facet normal -0 0 1
    outer loop
      vertex 26.2029 42.6884 50
      vertex 28.1185 41.7123 50
      vertex 26.2333 42.7522 50
    endloop
  endfacet
  facet normal 0 0 1
    outer loop
      vertex 28.1185 41.7123 50
      vertex 26.2029 42.6884 50
      vertex 28.0311 41.5513 50
    endloop
  endfacet
  facet normal 0 0 1
    outer loop
      vertex 28.0311 41.5513 50
      vertex 26.1691 42.6263 50
      vertex 27.9353 41.395 50
    endloop
  endfacet
  facet normal -0 0 1
    outer loop
      vertex 26.1322 42.566 50
      vertex 27.9353 41.395 50
      vertex 26.1691 42.6263 50
    endloop
  endfacet
  facet normal -0 0 1
    outer loop
      vertex 26.0922 42.5078 50
      vertex 27.8316 41.244 50
      vertex 26.1322 42.566 50
    endloop
  endfacet
  facet normal 0 0 1
    outer loop
      vertex 27.8316 41.244 50
      vertex 26.0922 42.5078 50
      vertex 27.72 41.0986 50
    endloop
  endfacet
  facet normal -0 0 1
    outer loop
      vertex 26.0491 42.4517 50
      vertex 27.72 41.0986 50
      vertex 26.0922 42.5078 50
    endloop
  endfacet
  facet normal -0 0 1
    outer loop
      vertex 26.0032 42.3979 50
      vertex 27.601 40.9593 50
      vertex 26.0491 42.4517 50
    endloop
  endfacet
  facet normal 0 0 1
    outer loop
      vertex 27.601 40.9593 50
      vertex 26.0032 42.3979 50
      vertex 27.4749 40.8264 50
    endloop
  endfacet
  facet normal 0 0 1
    outer loop
      vertex 27.4749 40.8264 50
      vertex 25.9546 42.3467 50
      vertex 27.342 40.7003 50
    endloop
  endfacet
  facet normal 0 0 1
    outer loop
      vertex 26.3481 43.2306 50
      vertex 28.3212 43.6109 50
      vertex 26.35 43.3013 50
    endloop
  endfacet
  facet normal 0 0 1
    outer loop
      vertex 28.3212 43.6109 50
      vertex 26.3481 43.3719 50
      vertex 26.35 43.3013 50
    endloop
  endfacet
  facet normal 0 0 1
    outer loop
      vertex 28.3212 43.6109 50
      vertex 26.3426 43.4424 50
      vertex 26.3481 43.3719 50
    endloop
  endfacet
  facet normal 0 0 1
    outer loop
      vertex 28.3212 43.6109 50
      vertex 26.3334 43.5125 50
      vertex 26.3426 43.4424 50
    endloop
  endfacet
  facet normal 0 0 1
    outer loop
      vertex 28.3212 43.6109 50
      vertex 26.3205 43.582 50
      vertex 26.3334 43.5125 50
    endloop
  endfacet
  facet normal 0 0 1
    outer loop
      vertex 28.3212 43.6109 50
      vertex 26.304 43.6507 50
      vertex 26.3205 43.582 50
    endloop
  endfacet
  facet normal 0 0 1
    outer loop
      vertex 28.3212 43.6109 50
      vertex 26.2839 43.7184 50
      vertex 26.304 43.6507 50
    endloop
  endfacet
  facet normal 0 0 1
    outer loop
      vertex 28.3212 43.6109 50
      vertex 26.2603 43.7851 50
      vertex 26.2839 43.7184 50
    endloop
  endfacet
  facet normal 0 0 1
    outer loop
      vertex 28.3212 43.6109 50
      vertex 26.2333 43.8504 50
      vertex 26.2603 43.7851 50
    endloop
  endfacet
  facet normal 0 0 1
    outer loop
      vertex 28.3212 43.6109 50
      vertex 26.2029 43.9142 50
      vertex 26.2333 43.8504 50
    endloop
  endfacet
  facet normal 0 0 1
    outer loop
      vertex 28.3212 43.6109 50
      vertex 26.1691 43.9763 50
      vertex 26.2029 43.9142 50
    endloop
  endfacet
  facet normal 0 0 1
    outer loop
      vertex 26 45.0333 50
      vertex 26.1691 43.9763 50
      vertex 28.3212 43.6109 50
    endloop
  endfacet
  facet normal 0 0 1
    outer loop
      vertex 26.1691 43.9763 50
      vertex 26 45.0333 50
      vertex 26.1322 44.0365 50
    endloop
  endfacet
  facet normal 0 0 1
    outer loop
      vertex 26.1322 44.0365 50
      vertex 26 45.0333 50
      vertex 26.0922 44.0948 50
    endloop
  endfacet
  facet normal 0 0 1
    outer loop
      vertex 26.0922 44.0948 50
      vertex 26 45.0333 50
      vertex 26.0491 44.1509 50
    endloop
  endfacet
  facet normal 0 0 1
    outer loop
      vertex 26.0491 44.1509 50
      vertex 26 45.0333 50
      vertex 26.0032 44.2046 50
    endloop
  endfacet
  facet normal 0 0 1
    outer loop
      vertex 26 45.0333 50
      vertex 25.9546 44.2559 50
      vertex 26.0032 44.2046 50
    endloop
  endfacet
  facet normal 0 0 1
    outer loop
      vertex 26 45.0333 50
      vertex 25.9033 44.3045 50
      vertex 25.9546 44.2559 50
    endloop
  endfacet
  facet normal 0 0 1
    outer loop
      vertex 26 45.0333 50
      vertex 25.8496 44.3504 50
      vertex 25.9033 44.3045 50
    endloop
  endfacet
  facet normal 0 0 1
    outer loop
      vertex 26 45.0333 50
      vertex 25.7935 44.3934 50
      vertex 25.8496 44.3504 50
    endloop
  endfacet
  facet normal 0 0 1
    outer loop
      vertex 26 45.0333 50
      vertex 25.7353 44.4335 50
      vertex 25.7935 44.3934 50
    endloop
  endfacet
  facet normal 0 0 1
    outer loop
      vertex 26 45.0333 50
      vertex 25.675 44.4704 50
      vertex 25.7353 44.4335 50
    endloop
  endfacet
  facet normal 0 0 1
    outer loop
      vertex 26 45.0333 50
      vertex 25.6129 44.5041 50
      vertex 25.675 44.4704 50
    endloop
  endfacet
  facet normal 0 0 1
    outer loop
      vertex 26 45.0333 50
      vertex 25.5491 44.5346 50
      vertex 25.6129 44.5041 50
    endloop
  endfacet
  facet normal 0 0 1
    outer loop
      vertex 26 45.0333 50
      vertex 25.4838 44.5616 50
      vertex 25.5491 44.5346 50
    endloop
  endfacet
  facet normal 0 0 1
    outer loop
      vertex 26 45.0333 50
      vertex 25.4172 44.5852 50
      vertex 25.4838 44.5616 50
    endloop
  endfacet
  facet normal 0 0 1
    outer loop
      vertex 26 45.0333 50
      vertex 25.3494 44.6053 50
      vertex 25.4172 44.5852 50
    endloop
  endfacet
  facet normal 0 0 1
    outer loop
      vertex 26 45.0333 50
      vertex 25.2807 44.6218 50
      vertex 25.3494 44.6053 50
    endloop
  endfacet
  facet normal 0 0 1
    outer loop
      vertex 26 45.0333 50
      vertex 25.2112 44.6346 50
      vertex 25.2807 44.6218 50
    endloop
  endfacet
  facet normal 0 0 1
    outer loop
      vertex 26 45.0333 50
      vertex 25.1411 44.6439 50
      vertex 25.2112 44.6346 50
    endloop
  endfacet
  facet normal 0 0 1
    outer loop
      vertex 26 45.0333 50
      vertex 25.0707 44.6494 50
      vertex 25.1411 44.6439 50
    endloop
  endfacet
  facet normal 0 0 1
    outer loop
      vertex 26 45.0333 50
      vertex 25 44.6513 50
      vertex 25.0707 44.6494 50
    endloop
  endfacet
  facet normal 0 0 1
    outer loop
      vertex 23.6075 46.3323 50
      vertex 25 44.6513 50
      vertex 26 45.0333 50
    endloop
  endfacet
  facet normal 0 0 1
    outer loop
      vertex 25 44.6513 50
      vertex 23.6075 46.3323 50
      vertex 24.9293 44.6494 50
    endloop
  endfacet
  facet normal 0 0 1
    outer loop
      vertex 24.9293 44.6494 50
      vertex 23.6075 46.3323 50
      vertex 24.8589 44.6439 50
    endloop
  endfacet
  facet normal 0 0 1
    outer loop
      vertex 24.8589 44.6439 50
      vertex 23.6075 46.3323 50
      vertex 24.7888 44.6346 50
    endloop
  endfacet
  facet normal 0 0 1
    outer loop
      vertex 24.7888 44.6346 50
      vertex 23.6075 46.3323 50
      vertex 24.7193 44.6218 50
    endloop
  endfacet
  facet normal 0 0 1
    outer loop
      vertex 24.7193 44.6218 50
      vertex 23.6075 46.3323 50
      vertex 24.6506 44.6053 50
    endloop
  endfacet
  facet normal -0 0 1
    outer loop
      vertex 21.8815 44.8902 50
      vertex 23.7971 43.9142 50
      vertex 21.9689 45.0513 50
    endloop
  endfacet
  facet normal 0 0 1
    outer loop
      vertex 23.8309 43.9763 50
      vertex 21.9689 45.0513 50
      vertex 23.7971 43.9142 50
    endloop
  endfacet
  facet normal -0 0 1
    outer loop
      vertex 21.9689 45.0513 50
      vertex 23.8309 43.9763 50
      vertex 22.0647 45.2075 50
    endloop
  endfacet
  facet normal 0 0 1
    outer loop
      vertex 23.8678 44.0365 50
      vertex 22.0647 45.2075 50
      vertex 23.8309 43.9763 50
    endloop
  endfacet
  facet normal -0 0 1
    outer loop
      vertex 22.0647 45.2075 50
      vertex 23.8678 44.0365 50
      vertex 22.1684 45.3585 50
    endloop
  endfacet
  facet normal 0 0 1
    outer loop
      vertex 23.9078 44.0948 50
      vertex 22.1684 45.3585 50
      vertex 23.8678 44.0365 50
    endloop
  endfacet
  facet normal -0 0 1
    outer loop
      vertex 22.1684 45.3585 50
      vertex 23.9078 44.0948 50
      vertex 22.28 45.5039 50
    endloop
  endfacet
  facet normal 0 0 1
    outer loop
      vertex 23.9509 44.1509 50
      vertex 22.28 45.5039 50
      vertex 23.9078 44.0948 50
    endloop
  endfacet
  facet normal -0 0 1
    outer loop
      vertex 22.28 45.5039 50
      vertex 23.9509 44.1509 50
      vertex 22.399 45.6432 50
    endloop
  endfacet
  facet normal 0 0 1
    outer loop
      vertex 23.9968 44.2046 50
      vertex 22.399 45.6432 50
      vertex 23.9509 44.1509 50
    endloop
  endfacet
  facet normal -0 0 1
    outer loop
      vertex 22.399 45.6432 50
      vertex 23.9968 44.2046 50
      vertex 22.5251 45.7761 50
    endloop
  endfacet
  facet normal 0 0 1
    outer loop
      vertex 24.0454 44.2559 50
      vertex 22.5251 45.7761 50
      vertex 23.9968 44.2046 50
    endloop
  endfacet
  facet normal -0 0 1
    outer loop
      vertex 22.5251 45.7761 50
      vertex 24.0454 44.2559 50
      vertex 22.658 45.9023 50
    endloop
  endfacet
  facet normal 0 0 1
    outer loop
      vertex 24.0967 44.3045 50
      vertex 22.658 45.9023 50
      vertex 24.0454 44.2559 50
    endloop
  endfacet
  facet normal -0 0 1
    outer loop
      vertex 22.658 45.9023 50
      vertex 24.0967 44.3045 50
      vertex 22.7974 46.0213 50
    endloop
  endfacet
  facet normal 0 0 1
    outer loop
      vertex 24.1504 44.3504 50
      vertex 22.7974 46.0213 50
      vertex 24.0967 44.3045 50
    endloop
  endfacet
  facet normal 0 0 1
    outer loop
      vertex 24.2065 44.3934 50
      vertex 22.7974 46.0213 50
      vertex 24.1504 44.3504 50
    endloop
  endfacet
  facet normal -0 0 1
    outer loop
      vertex 22.7974 46.0213 50
      vertex 24.2065 44.3934 50
      vertex 23.6075 46.3323 50
    endloop
  endfacet
  facet normal 0 0 1
    outer loop
      vertex 24.2647 44.4335 50
      vertex 23.6075 46.3323 50
      vertex 24.2065 44.3934 50
    endloop
  endfacet
  facet normal 0 0 1
    outer loop
      vertex 24.325 44.4704 50
      vertex 23.6075 46.3323 50
      vertex 24.2647 44.4335 50
    endloop
  endfacet
  facet normal 0 0 1
    outer loop
      vertex 24.3871 44.5041 50
      vertex 23.6075 46.3323 50
      vertex 24.325 44.4704 50
    endloop
  endfacet
  facet normal 0 0 1
    outer loop
      vertex 24.4509 44.5346 50
      vertex 23.6075 46.3323 50
      vertex 24.3871 44.5041 50
    endloop
  endfacet
  facet normal 0 0 1
    outer loop
      vertex 24.5162 44.5616 50
      vertex 23.6075 46.3323 50
      vertex 24.4509 44.5346 50
    endloop
  endfacet
  facet normal 0 0 1
    outer loop
      vertex 24.5828 44.5852 50
      vertex 23.6075 46.3323 50
      vertex 24.5162 44.5616 50
    endloop
  endfacet
  facet normal 0 0 1
    outer loop
      vertex 24.6506 44.6053 50
      vertex 23.6075 46.3323 50
      vertex 24.5828 44.5852 50
    endloop
  endfacet
  facet normal 0 0 1
    outer loop
      vertex 26.3426 43.1602 50
      vertex 28.3212 43.6109 50
      vertex 26.3481 43.2306 50
    endloop
  endfacet
  facet normal 0 0 1
    outer loop
      vertex 28.4569 42.7537 50
      vertex 26.3334 43.0901 50
      vertex 28.4235 42.5736 50
    endloop
  endfacet
  facet normal 0 0 1
    outer loop
      vertex 28.3807 42.3954 50
      vertex 26.304 42.9519 50
      vertex 28.3287 42.2197 50
    endloop
  endfacet
  facet normal -0 0 1
    outer loop
      vertex 26.2603 42.8175 50
      vertex 28.2675 42.047 50
      vertex 26.2839 42.8841 50
    endloop
  endfacet
  facet normal 0 0 1
    outer loop
      vertex 28.1974 41.8777 50
      vertex 26.2333 42.7522 50
      vertex 28.1185 41.7123 50
    endloop
  endfacet
  facet normal -0 0 1
    outer loop
      vertex 26.1691 42.6263 50
      vertex 28.0311 41.5513 50
      vertex 26.2029 42.6884 50
    endloop
  endfacet
  facet normal 0 0 1
    outer loop
      vertex 27.9353 41.395 50
      vertex 26.1322 42.566 50
      vertex 27.8316 41.244 50
    endloop
  endfacet
  facet normal 0 0 1
    outer loop
      vertex 27.72 41.0986 50
      vertex 26.0491 42.4517 50
      vertex 27.601 40.9593 50
    endloop
  endfacet
  facet normal -0 0 1
    outer loop
      vertex 25.9546 42.3467 50
      vertex 27.4749 40.8264 50
      vertex 26.0032 42.3979 50
    endloop
  endfacet
  facet normal -0 0 1
    outer loop
      vertex 25.9033 42.298 50
      vertex 27.342 40.7003 50
      vertex 25.9546 42.3467 50
    endloop
  endfacet
  facet normal 0 0 1
    outer loop
      vertex 27.342 40.7003 50
      vertex 25.9033 42.298 50
      vertex 27.2026 40.5813 50
    endloop
  endfacet
  facet normal -0 0 1
    outer loop
      vertex 25.8496 42.2521 50
      vertex 27.2026 40.5813 50
      vertex 25.9033 42.298 50
    endloop
  endfacet
  facet normal 0 0 1
    outer loop
      vertex 27.2026 40.5813 50
      vertex 25.8496 42.2521 50
      vertex 27.0572 40.4697 50
    endloop
  endfacet
  facet normal -0 0 1
    outer loop
      vertex 25.7935 42.2091 50
      vertex 27.0572 40.4697 50
      vertex 25.8496 42.2521 50
    endloop
  endfacet
  facet normal 0 0 1
    outer loop
      vertex 27.0572 40.4697 50
      vertex 25.7935 42.2091 50
      vertex 26.9062 40.3659 50
    endloop
  endfacet
  facet normal -0 0 1
    outer loop
      vertex 25.7353 42.1691 50
      vertex 26.9062 40.3659 50
      vertex 25.7935 42.2091 50
    endloop
  endfacet
  facet normal 0 0 1
    outer loop
      vertex 26.9062 40.3659 50
      vertex 25.7353 42.1691 50
      vertex 26.75 40.2702 50
    endloop
  endfacet
  facet normal -0 0 1
    outer loop
      vertex 25.675 42.1321 50
      vertex 26.75 40.2702 50
      vertex 25.7353 42.1691 50
    endloop
  endfacet
  facet normal 0 0 1
    outer loop
      vertex 26.75 40.2702 50
      vertex 25.675 42.1321 50
      vertex 26.589 40.1827 50
    endloop
  endfacet
  facet normal -0 0 1
    outer loop
      vertex 25.6129 42.0984 50
      vertex 26.589 40.1827 50
      vertex 25.675 42.1321 50
    endloop
  endfacet
  facet normal 0 0 1
    outer loop
      vertex 26.589 40.1827 50
      vertex 25.6129 42.0984 50
      vertex 26.4236 40.1039 50
    endloop
  endfacet
  facet normal -0 0 1
    outer loop
      vertex 25.5491 42.068 50
      vertex 26.4236 40.1039 50
      vertex 25.6129 42.0984 50
    endloop
  endfacet
  facet normal 0 0 1
    outer loop
      vertex 26.4236 40.1039 50
      vertex 25.5491 42.068 50
      vertex 26.2543 40.0337 50
    endloop
  endfacet
  facet normal -0 0 1
    outer loop
      vertex 25.4838 42.0409 50
      vertex 26.2543 40.0337 50
      vertex 25.5491 42.068 50
    endloop
  endfacet
  facet normal 0 0 1
    outer loop
      vertex 26.2543 40.0337 50
      vertex 25.4838 42.0409 50
      vertex 26.0816 39.9726 50
    endloop
  endfacet
  facet normal -0 0 1
    outer loop
      vertex 25.4172 42.0173 50
      vertex 26.0816 39.9726 50
      vertex 25.4838 42.0409 50
    endloop
  endfacet
  facet normal 0 0 1
    outer loop
      vertex 26.0816 39.9726 50
      vertex 25.4172 42.0173 50
      vertex 25.9059 39.9205 50
    endloop
  endfacet
  facet normal -0 0 1
    outer loop
      vertex 25.3494 41.9973 50
      vertex 25.9059 39.9205 50
      vertex 25.4172 42.0173 50
    endloop
  endfacet
  facet normal 0 0 1
    outer loop
      vertex 25.9059 39.9205 50
      vertex 25.3494 41.9973 50
      vertex 25.7277 39.8778 50
    endloop
  endfacet
  facet normal -0 0 1
    outer loop
      vertex 25.2807 41.9808 50
      vertex 25.7277 39.8778 50
      vertex 25.3494 41.9973 50
    endloop
  endfacet
  facet normal 0 0 1
    outer loop
      vertex 25.7277 39.8778 50
      vertex 25.2807 41.9808 50
      vertex 25.5475 39.8444 50
    endloop
  endfacet
  facet normal -0 0 1
    outer loop
      vertex 25.2112 41.9679 50
      vertex 25.5475 39.8444 50
      vertex 25.2807 41.9808 50
    endloop
  endfacet
  facet normal 0 0 1
    outer loop
      vertex 25.5475 39.8444 50
      vertex 25.2112 41.9679 50
      vertex 25.3658 39.8204 50
    endloop
  endfacet
  facet normal -0 0 1
    outer loop
      vertex 25.1411 41.9587 50
      vertex 25.3658 39.8204 50
      vertex 25.2112 41.9679 50
    endloop
  endfacet
  facet normal 0 0 1
    outer loop
      vertex 25.3658 39.8204 50
      vertex 25.1411 41.9587 50
      vertex 25.1832 39.8061 50
    endloop
  endfacet
  facet normal -0 0 1
    outer loop
      vertex 25.0707 41.9531 50
      vertex 25.1832 39.8061 50
      vertex 25.1411 41.9587 50
    endloop
  endfacet
  facet normal -0 0 1
    outer loop
      vertex 25 41.9513 50
      vertex 25.1832 39.8061 50
      vertex 25.0707 41.9531 50
    endloop
  endfacet
  facet normal 0 0 1
    outer loop
      vertex 25 41.9513 50
      vertex 25 39.8013 50
      vertex 25.1832 39.8061 50
    endloop
  endfacet
  facet normal 0 0 1
    outer loop
      vertex 24.9293 41.9531 50
      vertex 25 39.8013 50
      vertex 25 41.9513 50
    endloop
  endfacet
  facet normal 0 0 1
    outer loop
      vertex 24.8168 39.8061 50
      vertex 24.9293 41.9531 50
      vertex 24.8589 41.9587 50
    endloop
  endfacet
  facet normal 0 0 1
    outer loop
      vertex 24.9293 41.9531 50
      vertex 24.8168 39.8061 50
      vertex 25 39.8013 50
    endloop
  endfacet
  facet normal 0 0 1
    outer loop
      vertex 24.6342 39.8204 50
      vertex 24.8589 41.9587 50
      vertex 24.7888 41.9679 50
    endloop
  endfacet
  facet normal 0 0 1
    outer loop
      vertex 24.4525 39.8444 50
      vertex 24.7888 41.9679 50
      vertex 24.7193 41.9808 50
    endloop
  endfacet
  facet normal 0 0 1
    outer loop
      vertex 24.2723 39.8778 50
      vertex 24.7193 41.9808 50
      vertex 24.6506 41.9973 50
    endloop
  endfacet
  facet normal 0 0 1
    outer loop
      vertex 24.8589 41.9587 50
      vertex 24.6342 39.8204 50
      vertex 24.8168 39.8061 50
    endloop
  endfacet
  facet normal 0 0 1
    outer loop
      vertex 24.0941 39.9205 50
      vertex 24.6506 41.9973 50
      vertex 24.5828 42.0173 50
    endloop
  endfacet
  facet normal 0 0 1
    outer loop
      vertex 23.9184 39.9726 50
      vertex 24.5828 42.0173 50
      vertex 24.5162 42.0409 50
    endloop
  endfacet
  facet normal 0 0 1
    outer loop
      vertex 24.7888 41.9679 50
      vertex 24.4525 39.8444 50
      vertex 24.6342 39.8204 50
    endloop
  endfacet
  facet normal 0 0 1
    outer loop
      vertex 23.7457 40.0337 50
      vertex 24.5162 42.0409 50
      vertex 24.4509 42.068 50
    endloop
  endfacet
  facet normal 0 0 1
    outer loop
      vertex 23.5764 40.1039 50
      vertex 24.4509 42.068 50
      vertex 24.3871 42.0984 50
    endloop
  endfacet
  facet normal 0 0 1
    outer loop
      vertex 23.411 40.1827 50
      vertex 24.3871 42.0984 50
      vertex 24.325 42.1321 50
    endloop
  endfacet
  facet normal 0 0 1
    outer loop
      vertex 24.7193 41.9808 50
      vertex 24.2723 39.8778 50
      vertex 24.4525 39.8444 50
    endloop
  endfacet
  facet normal 0 0 1
    outer loop
      vertex 23.25 40.2702 50
      vertex 24.325 42.1321 50
      vertex 24.2647 42.1691 50
    endloop
  endfacet
  facet normal 0 0 1
    outer loop
      vertex 23.0938 40.3659 50
      vertex 24.2647 42.1691 50
      vertex 24.2065 42.2091 50
    endloop
  endfacet
  facet normal 0 0 1
    outer loop
      vertex 22.9428 40.4697 50
      vertex 24.2065 42.2091 50
      vertex 24.1504 42.2521 50
    endloop
  endfacet
  facet normal 0 0 1
    outer loop
      vertex 22.7974 40.5813 50
      vertex 24.1504 42.2521 50
      vertex 24.0967 42.298 50
    endloop
  endfacet
  facet normal 0 0 1
    outer loop
      vertex 24.6506 41.9973 50
      vertex 24.0941 39.9205 50
      vertex 24.2723 39.8778 50
    endloop
  endfacet
  facet normal 0 0 1
    outer loop
      vertex 22.658 40.7003 50
      vertex 24.0967 42.298 50
      vertex 24.0454 42.3467 50
    endloop
  endfacet
  facet normal 0 0 1
    outer loop
      vertex 22.5251 40.8264 50
      vertex 24.0454 42.3467 50
      vertex 23.9968 42.3979 50
    endloop
  endfacet
  facet normal 0 0 1
    outer loop
      vertex 22.399 40.9593 50
      vertex 23.9968 42.3979 50
      vertex 23.9509 42.4517 50
    endloop
  endfacet
  facet normal 0 0 1
    outer loop
      vertex 24.5828 42.0173 50
      vertex 23.9184 39.9726 50
      vertex 24.0941 39.9205 50
    endloop
  endfacet
  facet normal 0 0 1
    outer loop
      vertex 22.28 41.0986 50
      vertex 23.9509 42.4517 50
      vertex 23.9078 42.5078 50
    endloop
  endfacet
  facet normal 0 0 1
    outer loop
      vertex 22.1684 41.244 50
      vertex 23.9078 42.5078 50
      vertex 23.8678 42.566 50
    endloop
  endfacet
  facet normal 0 0 1
    outer loop
      vertex 22.0647 41.395 50
      vertex 23.8678 42.566 50
      vertex 23.8309 42.6263 50
    endloop
  endfacet
  facet normal 0 0 1
    outer loop
      vertex 21.9689 41.5513 50
      vertex 23.8309 42.6263 50
      vertex 23.7971 42.6884 50
    endloop
  endfacet
  facet normal 0 0 1
    outer loop
      vertex 21.8815 41.7123 50
      vertex 23.7971 42.6884 50
      vertex 23.7667 42.7522 50
    endloop
  endfacet
  facet normal 0 0 1
    outer loop
      vertex 24.5162 42.0409 50
      vertex 23.7457 40.0337 50
      vertex 23.9184 39.9726 50
    endloop
  endfacet
  facet normal 0 0 1
    outer loop
      vertex 21.8026 41.8777 50
      vertex 23.7667 42.7522 50
      vertex 23.7397 42.8175 50
    endloop
  endfacet
  facet normal 0 0 1
    outer loop
      vertex 21.7325 42.047 50
      vertex 23.7397 42.8175 50
      vertex 23.7161 42.8841 50
    endloop
  endfacet
  facet normal 0 0 1
    outer loop
      vertex 21.6713 42.2197 50
      vertex 23.7161 42.8841 50
      vertex 23.696 42.9519 50
    endloop
  endfacet
  facet normal 0 0 1
    outer loop
      vertex 21.6193 42.3954 50
      vertex 23.696 42.9519 50
      vertex 23.6795 43.0206 50
    endloop
  endfacet
  facet normal 0 0 1
    outer loop
      vertex 21.5765 42.5736 50
      vertex 23.6795 43.0206 50
      vertex 23.6666 43.0901 50
    endloop
  endfacet
  facet normal 0 0 1
    outer loop
      vertex 21.5431 42.7537 50
      vertex 23.6666 43.0901 50
      vertex 23.6574 43.1602 50
    endloop
  endfacet
  facet normal 0 0 1
    outer loop
      vertex 21.5192 42.9354 50
      vertex 23.6574 43.1602 50
      vertex 23.6519 43.2306 50
    endloop
  endfacet
  facet normal 0 0 1
    outer loop
      vertex 24.4509 42.068 50
      vertex 23.5764 40.1039 50
      vertex 23.7457 40.0337 50
    endloop
  endfacet
  facet normal 0 0 1
    outer loop
      vertex 21.5048 43.1181 50
      vertex 23.6519 43.2306 50
      vertex 23.65 43.3013 50
    endloop
  endfacet
  facet normal 0 0 1
    outer loop
      vertex 23.7971 43.9142 50
      vertex 21.8815 44.8902 50
      vertex 23.7667 43.8504 50
    endloop
  endfacet
  facet normal -0 0 1
    outer loop
      vertex 23.411 46.4198 50
      vertex 23.6075 46.3323 50
      vertex 23.4176 46.4229 50
    endloop
  endfacet
  facet normal 0 0 1
    outer loop
      vertex 23.6075 46.3323 50
      vertex 23.411 46.4198 50
      vertex 23.25 46.3324 50
    endloop
  endfacet
  facet normal 0 0 1
    outer loop
      vertex 24.3871 42.0984 50
      vertex 23.411 40.1827 50
      vertex 23.5764 40.1039 50
    endloop
  endfacet
  facet normal 0 0 1
    outer loop
      vertex 23.0938 46.2366 50
      vertex 23.6075 46.3323 50
      vertex 23.25 46.3324 50
    endloop
  endfacet
  facet normal 0 0 1
    outer loop
      vertex 24.325 42.1321 50
      vertex 23.25 40.2702 50
      vertex 23.411 40.1827 50
    endloop
  endfacet
  facet normal 0 0 1
    outer loop
      vertex 22.9428 46.1328 50
      vertex 23.6075 46.3323 50
      vertex 23.0938 46.2366 50
    endloop
  endfacet
  facet normal 0 0 1
    outer loop
      vertex 24.2647 42.1691 50
      vertex 23.0938 40.3659 50
      vertex 23.25 40.2702 50
    endloop
  endfacet
  facet normal 0 0 1
    outer loop
      vertex 22.7974 46.0213 50
      vertex 23.6075 46.3323 50
      vertex 22.9428 46.1328 50
    endloop
  endfacet
  facet normal 0 0 1
    outer loop
      vertex 24.2065 42.2091 50
      vertex 22.9428 40.4697 50
      vertex 23.0938 40.3659 50
    endloop
  endfacet
  facet normal -0 0 1
    outer loop
      vertex 21.8026 44.7248 50
      vertex 23.7667 43.8504 50
      vertex 21.8815 44.8902 50
    endloop
  endfacet
  facet normal 0 0 1
    outer loop
      vertex 24.1504 42.2521 50
      vertex 22.7974 40.5813 50
      vertex 22.9428 40.4697 50
    endloop
  endfacet
  facet normal 0 0 1
    outer loop
      vertex 23.7667 43.8504 50
      vertex 21.8026 44.7248 50
      vertex 23.7397 43.7851 50
    endloop
  endfacet
  facet normal 0 0 1
    outer loop
      vertex 24.0967 42.298 50
      vertex 22.658 40.7003 50
      vertex 22.7974 40.5813 50
    endloop
  endfacet
  facet normal -0 0 1
    outer loop
      vertex 21.7325 44.5556 50
      vertex 23.7397 43.7851 50
      vertex 21.8026 44.7248 50
    endloop
  endfacet
  facet normal 0 0 1
    outer loop
      vertex 24.0454 42.3467 50
      vertex 22.5251 40.8264 50
      vertex 22.658 40.7003 50
    endloop
  endfacet
  facet normal 0 0 1
    outer loop
      vertex 23.7397 43.7851 50
      vertex 21.7325 44.5556 50
      vertex 23.7161 43.7184 50
    endloop
  endfacet
  facet normal 0 0 1
    outer loop
      vertex 23.9968 42.3979 50
      vertex 22.399 40.9593 50
      vertex 22.5251 40.8264 50
    endloop
  endfacet
  facet normal -0 0 1
    outer loop
      vertex 21.6713 44.3828 50
      vertex 23.7161 43.7184 50
      vertex 21.7325 44.5556 50
    endloop
  endfacet
  facet normal 0 0 1
    outer loop
      vertex 23.9509 42.4517 50
      vertex 22.28 41.0986 50
      vertex 22.399 40.9593 50
    endloop
  endfacet
  facet normal 0 0 1
    outer loop
      vertex 23.7161 43.7184 50
      vertex 21.6713 44.3828 50
      vertex 23.696 43.6507 50
    endloop
  endfacet
  facet normal 0 0 1
    outer loop
      vertex 23.9078 42.5078 50
      vertex 22.1684 41.244 50
      vertex 22.28 41.0986 50
    endloop
  endfacet
  facet normal -0 0 1
    outer loop
      vertex 21.6193 44.2071 50
      vertex 23.696 43.6507 50
      vertex 21.6713 44.3828 50
    endloop
  endfacet
  facet normal 0 0 1
    outer loop
      vertex 23.8678 42.566 50
      vertex 22.0647 41.395 50
      vertex 22.1684 41.244 50
    endloop
  endfacet
  facet normal 0 0 1
    outer loop
      vertex 23.696 43.6507 50
      vertex 21.6193 44.2071 50
      vertex 23.6795 43.582 50
    endloop
  endfacet
  facet normal 0 0 1
    outer loop
      vertex 23.8309 42.6263 50
      vertex 21.9689 41.5513 50
      vertex 22.0647 41.395 50
    endloop
  endfacet
  facet normal -0 0 1
    outer loop
      vertex 21.5765 44.029 50
      vertex 23.6795 43.582 50
      vertex 21.6193 44.2071 50
    endloop
  endfacet
  facet normal 0 0 1
    outer loop
      vertex 23.7971 42.6884 50
      vertex 21.8815 41.7123 50
      vertex 21.9689 41.5513 50
    endloop
  endfacet
  facet normal 0 0 1
    outer loop
      vertex 23.6795 43.582 50
      vertex 21.5765 44.029 50
      vertex 23.6666 43.5125 50
    endloop
  endfacet
  facet normal 0 0 1
    outer loop
      vertex 23.7667 42.7522 50
      vertex 21.8026 41.8777 50
      vertex 21.8815 41.7123 50
    endloop
  endfacet
  facet normal -0 0 1
    outer loop
      vertex 21.5431 43.8488 50
      vertex 23.6666 43.5125 50
      vertex 21.5765 44.029 50
    endloop
  endfacet
  facet normal 0 0 1
    outer loop
      vertex 23.7397 42.8175 50
      vertex 21.7325 42.047 50
      vertex 21.8026 41.8777 50
    endloop
  endfacet
  facet normal 0 0 1
    outer loop
      vertex 23.6666 43.5125 50
      vertex 21.5431 43.8488 50
      vertex 23.6574 43.4424 50
    endloop
  endfacet
  facet normal 0 0 1
    outer loop
      vertex 23.7161 42.8841 50
      vertex 21.6713 42.2197 50
      vertex 21.7325 42.047 50
    endloop
  endfacet
  facet normal -0 0 1
    outer loop
      vertex 21.5192 43.6671 50
      vertex 23.6574 43.4424 50
      vertex 21.5431 43.8488 50
    endloop
  endfacet
  facet normal 0 0 1
    outer loop
      vertex 23.696 42.9519 50
      vertex 21.6193 42.3954 50
      vertex 21.6713 42.2197 50
    endloop
  endfacet
  facet normal 0 0 1
    outer loop
      vertex 23.6574 43.4424 50
      vertex 21.5192 43.6671 50
      vertex 23.6519 43.3719 50
    endloop
  endfacet
  facet normal 0 0 1
    outer loop
      vertex 23.6795 43.0206 50
      vertex 21.5765 42.5736 50
      vertex 21.6193 42.3954 50
    endloop
  endfacet
  facet normal -0 0 1
    outer loop
      vertex 21.5048 43.4844 50
      vertex 23.6519 43.3719 50
      vertex 21.5192 43.6671 50
    endloop
  endfacet
  facet normal 0 0 1
    outer loop
      vertex 23.6666 43.0901 50
      vertex 21.5431 42.7537 50
      vertex 21.5765 42.5736 50
    endloop
  endfacet
  facet normal 0 0 1
    outer loop
      vertex 23.6519 43.3719 50
      vertex 21.5048 43.4844 50
      vertex 23.65 43.3013 50
    endloop
  endfacet
  facet normal 0 0 1
    outer loop
      vertex 23.6574 43.1602 50
      vertex 21.5192 42.9354 50
      vertex 21.5431 42.7537 50
    endloop
  endfacet
  facet normal 0 0 1
    outer loop
      vertex 21.5 43.3013 50
      vertex 23.65 43.3013 50
      vertex 21.5048 43.4844 50
    endloop
  endfacet
  facet normal 0 0 1
    outer loop
      vertex 23.6519 43.2306 50
      vertex 21.5048 43.1181 50
      vertex 21.5192 42.9354 50
    endloop
  endfacet
  facet normal 0 0 1
    outer loop
      vertex 23.65 43.3013 50
      vertex 21.5 43.3013 50
      vertex 21.5048 43.1181 50
    endloop
  endfacet
  facet normal -0.972318 0.233662 0
    outer loop
      vertex 21.5765 44.029 3
      vertex 21.6193 44.2071 50
      vertex 21.6193 44.2071 3
    endloop
  endfacet
  facet normal -0.972318 0.233662 0
    outer loop
      vertex 21.6193 44.2071 50
      vertex 21.5765 44.029 3
      vertex 21.5765 44.029 50
    endloop
  endfacet
  facet normal -0.430103 -0.90278 0
    outer loop
      vertex 23.411 40.1827 3
      vertex 23.5764 40.1039 50
      vertex 23.411 40.1827 50
    endloop
  endfacet
  facet normal -0.430103 -0.90278 -0
    outer loop
      vertex 23.5764 40.1039 50
      vertex 23.411 40.1827 3
      vertex 23.5764 40.1039 3
    endloop
  endfacet
  facet normal 0.383026 -0.923737 0
    outer loop
      vertex 26.2543 40.0337 3
      vertex 26.4236 40.1039 50
      vertex 26.2543 40.0337 50
    endloop
  endfacet
  facet normal 0.383026 -0.923737 0
    outer loop
      vertex 26.4236 40.1039 50
      vertex 26.2543 40.0337 3
      vertex 26.4236 40.1039 3
    endloop
  endfacet
  facet normal 0.477513 -0.878625 0
    outer loop
      vertex 26.589 40.1827 3
      vertex 26.75 40.2702 50
      vertex 26.589 40.1827 50
    endloop
  endfacet
  facet normal 0.477513 -0.878625 0
    outer loop
      vertex 26.75 40.2702 50
      vertex 26.589 40.1827 3
      vertex 26.75 40.2702 3
    endloop
  endfacet
  facet normal -0.996908 0.0785741 0
    outer loop
      vertex 21.5048 43.4844 3
      vertex 21.5192 43.6671 50
      vertex 21.5192 43.6671 3
    endloop
  endfacet
  facet normal -0.996908 0.0785741 0
    outer loop
      vertex 21.5192 43.6671 50
      vertex 21.5048 43.4844 3
      vertex 21.5048 43.4844 50
    endloop
  endfacet
  facet normal -0.999657 0.0262062 0
    outer loop
      vertex 21.5 43.3013 3
      vertex 21.5048 43.4844 50
      vertex 21.5048 43.4844 3
    endloop
  endfacet
  facet normal -0.999657 0.0262062 0
    outer loop
      vertex 21.5048 43.4844 50
      vertex 21.5 43.3013 3
      vertex 21.5 43.3013 50
    endloop
  endfacet
  facet normal 0.852593 -0.522575 0
    outer loop
      vertex 27.9353 41.395 50
      vertex 28.0311 41.5513 3
      vertex 28.0311 41.5513 50
    endloop
  endfacet
  facet normal 0.852593 -0.522575 0
    outer loop
      vertex 28.0311 41.5513 3
      vertex 27.9353 41.395 50
      vertex 27.9353 41.395 3
    endloop
  endfacet
  facet normal -0.996908 -0.0785741 0
    outer loop
      vertex 21.5192 42.9354 3
      vertex 21.5048 43.1181 50
      vertex 21.5048 43.1181 3
    endloop
  endfacet
  facet normal -0.996908 -0.0785741 0
    outer loop
      vertex 21.5048 43.1181 50
      vertex 21.5192 42.9354 3
      vertex 21.5192 42.9354 50
    endloop
  endfacet
  facet normal -0.182246 -0.983253 0
    outer loop
      vertex 24.2723 39.8778 3
      vertex 24.4525 39.8444 50
      vertex 24.2723 39.8778 50
    endloop
  endfacet
  facet normal -0.182246 -0.983253 -0
    outer loop
      vertex 24.4525 39.8444 50
      vertex 24.2723 39.8778 3
      vertex 24.4525 39.8444 3
    endloop
  endfacet
  facet normal 0.522421 -0.852688 0
    outer loop
      vertex 26.75 40.2702 3
      vertex 26.9062 40.3659 50
      vertex 26.75 40.2702 50
    endloop
  endfacet
  facet normal 0.522421 -0.852688 0
    outer loop
      vertex 26.9062 40.3659 50
      vertex 26.75 40.2702 3
      vertex 26.9062 40.3659 3
    endloop
  endfacet
  facet normal 0.793273 -0.608867 0
    outer loop
      vertex 27.72 41.0986 50
      vertex 27.8316 41.244 3
      vertex 27.8316 41.244 50
    endloop
  endfacet
  facet normal 0.793273 -0.608867 0
    outer loop
      vertex 27.8316 41.244 3
      vertex 27.72 41.0986 50
      vertex 27.72 41.0986 3
    endloop
  endfacet
  facet normal -0.649262 0.760565 0
    outer loop
      vertex 22.7974 46.0213 3
      vertex 22.658 45.9023 50
      vertex 22.7974 46.0213 50
    endloop
  endfacet
  facet normal -0.649262 0.760565 0
    outer loop
      vertex 22.658 45.9023 50
      vertex 22.7974 46.0213 3
      vertex 22.658 45.9023 3
    endloop
  endfacet
  facet normal -0.99146 0.130412 0
    outer loop
      vertex 21.5192 43.6671 3
      vertex 21.5431 43.8488 50
      vertex 21.5431 43.8488 3
    endloop
  endfacet
  facet normal -0.99146 0.130412 0
    outer loop
      vertex 21.5431 43.8488 50
      vertex 21.5192 43.6671 3
      vertex 21.5192 43.6671 50
    endloop
  endfacet
  facet normal 0.824329 -0.566112 0
    outer loop
      vertex 27.8316 41.244 50
      vertex 27.9353 41.395 3
      vertex 27.9353 41.395 50
    endloop
  endfacet
  facet normal 0.824329 -0.566112 0
    outer loop
      vertex 27.9353 41.395 3
      vertex 27.8316 41.244 50
      vertex 27.8316 41.244 3
    endloop
  endfacet
  facet normal -0.688305 -0.725422 0
    outer loop
      vertex 22.5251 40.8264 3
      vertex 22.658 40.7003 50
      vertex 22.5251 40.8264 50
    endloop
  endfacet
  facet normal -0.688305 -0.725422 -0
    outer loop
      vertex 22.658 40.7003 50
      vertex 22.5251 40.8264 3
      vertex 22.658 40.7003 3
    endloop
  endfacet
  facet normal 0.92393 -0.382561 0
    outer loop
      vertex 28.1974 41.8777 50
      vertex 28.2675 42.047 3
      vertex 28.2675 42.047 50
    endloop
  endfacet
  facet normal 0.92393 -0.382561 0
    outer loop
      vertex 28.2675 42.047 3
      vertex 28.1974 41.8777 50
      vertex 28.1974 41.8777 3
    endloop
  endfacet
  facet normal -0.852593 -0.522575 0
    outer loop
      vertex 22.0647 41.395 3
      vertex 21.9689 41.5513 50
      vertex 21.9689 41.5513 3
    endloop
  endfacet
  facet normal -0.852593 -0.522575 0
    outer loop
      vertex 21.9689 41.5513 50
      vertex 22.0647 41.395 3
      vertex 22.0647 41.395 50
    endloop
  endfacet
  facet normal 0.233022 -0.972471 0
    outer loop
      vertex 25.7277 39.8778 3
      vertex 25.9059 39.9205 50
      vertex 25.7277 39.8778 50
    endloop
  endfacet
  facet normal 0.233022 -0.972471 0
    outer loop
      vertex 25.9059 39.9205 50
      vertex 25.7277 39.8778 3
      vertex 25.9059 39.9205 3
    endloop
  endfacet
  facet normal 0.566482 -0.824074 0
    outer loop
      vertex 26.9062 40.3659 3
      vertex 27.0572 40.4697 50
      vertex 26.9062 40.3659 50
    endloop
  endfacet
  facet normal 0.566482 -0.824074 0
    outer loop
      vertex 27.0572 40.4697 50
      vertex 26.9062 40.3659 3
      vertex 27.0572 40.4697 3
    endloop
  endfacet
  facet normal -0.425136 0.905129 0
    outer loop
      vertex 23.4176 46.4229 3
      vertex 23.411 46.4198 50
      vertex 23.4176 46.4229 50
    endloop
  endfacet
  facet normal -0.425136 0.905129 0
    outer loop
      vertex 23.411 46.4198 50
      vertex 23.4176 46.4229 3
      vertex 23.411 46.4198 3
    endloop
  endfacet
  facet normal -0.0261919 -0.999657 0
    outer loop
      vertex 24.8168 39.8061 3
      vertex 25 39.8013 50
      vertex 24.8168 39.8061 50
    endloop
  endfacet
  facet normal -0.0261919 -0.999657 -0
    outer loop
      vertex 25 39.8013 50
      vertex 24.8168 39.8061 3
      vertex 25 39.8013 3
    endloop
  endfacet
  facet normal 0.182246 -0.983253 0
    outer loop
      vertex 25.5475 39.8444 3
      vertex 25.7277 39.8778 50
      vertex 25.5475 39.8444 50
    endloop
  endfacet
  facet normal 0.182246 -0.983253 0
    outer loop
      vertex 25.7277 39.8778 50
      vertex 25.5475 39.8444 3
      vertex 25.7277 39.8778 3
    endloop
  endfacet
  facet normal -0.608523 0.793536 0
    outer loop
      vertex 22.9428 46.1328 3
      vertex 22.7974 46.0213 50
      vertex 22.9428 46.1328 50
    endloop
  endfacet
  facet normal -0.608523 0.793536 0
    outer loop
      vertex 22.7974 46.0213 50
      vertex 22.9428 46.1328 3
      vertex 22.7974 46.0213 3
    endloop
  endfacet
  facet normal 0.430103 -0.90278 0
    outer loop
      vertex 26.4236 40.1039 3
      vertex 26.589 40.1827 50
      vertex 26.4236 40.1039 50
    endloop
  endfacet
  facet normal 0.430103 -0.90278 0
    outer loop
      vertex 26.589 40.1827 50
      vertex 26.4236 40.1039 3
      vertex 26.589 40.1827 3
    endloop
  endfacet
  facet normal -0.983253 0.182246 0
    outer loop
      vertex 21.5431 43.8488 3
      vertex 21.5765 44.029 50
      vertex 21.5765 44.029 3
    endloop
  endfacet
  facet normal -0.983253 0.182246 0
    outer loop
      vertex 21.5765 44.029 50
      vertex 21.5431 43.8488 3
      vertex 21.5431 43.8488 50
    endloop
  endfacet
  facet normal -0.284293 -0.958738 0
    outer loop
      vertex 23.9184 39.9726 3
      vertex 24.0941 39.9205 50
      vertex 23.9184 39.9726 50
    endloop
  endfacet
  facet normal -0.284293 -0.958738 -0
    outer loop
      vertex 24.0941 39.9205 50
      vertex 23.9184 39.9726 3
      vertex 24.0941 39.9205 3
    endloop
  endfacet
  facet normal 0.983235 -0.182343 0
    outer loop
      vertex 28.4235 42.5736 50
      vertex 28.4569 42.7537 3
      vertex 28.4569 42.7537 50
    endloop
  endfacet
  facet normal 0.983235 -0.182343 0
    outer loop
      vertex 28.4569 42.7537 3
      vertex 28.4235 42.5736 50
      vertex 28.4235 42.5736 3
    endloop
  endfacet
  facet normal -0.793273 0.608867 0
    outer loop
      vertex 22.1684 45.3585 3
      vertex 22.28 45.5039 50
      vertex 22.28 45.5039 3
    endloop
  endfacet
  facet normal -0.793273 0.608867 0
    outer loop
      vertex 22.28 45.5039 50
      vertex 22.1684 45.3585 3
      vertex 22.1684 45.3585 50
    endloop
  endfacet
  facet normal -0.522421 -0.852688 0
    outer loop
      vertex 23.0938 40.3659 3
      vertex 23.25 40.2702 50
      vertex 23.0938 40.3659 50
    endloop
  endfacet
  facet normal -0.522421 -0.852688 -0
    outer loop
      vertex 23.25 40.2702 50
      vertex 23.0938 40.3659 3
      vertex 23.25 40.2702 3
    endloop
  endfacet
  facet normal -0.383026 -0.923737 0
    outer loop
      vertex 23.5764 40.1039 3
      vertex 23.7457 40.0337 50
      vertex 23.5764 40.1039 50
    endloop
  endfacet
  facet normal -0.383026 -0.923737 -0
    outer loop
      vertex 23.7457 40.0337 50
      vertex 23.5764 40.1039 3
      vertex 23.7457 40.0337 3
    endloop
  endfacet
  facet normal -0.566482 0.824074 0
    outer loop
      vertex 23.0938 46.2366 3
      vertex 22.9428 46.1328 50
      vertex 23.0938 46.2366 50
    endloop
  endfacet
  facet normal -0.566482 0.824074 0
    outer loop
      vertex 22.9428 46.1328 50
      vertex 23.0938 46.2366 3
      vertex 22.9428 46.1328 3
    endloop
  endfacet
  facet normal 0.649262 -0.760565 0
    outer loop
      vertex 27.2026 40.5813 3
      vertex 27.342 40.7003 50
      vertex 27.2026 40.5813 50
    endloop
  endfacet
  facet normal 0.649262 -0.760565 0
    outer loop
      vertex 27.342 40.7003 50
      vertex 27.2026 40.5813 3
      vertex 27.342 40.7003 3
    endloop
  endfacet
  facet normal -0.649262 -0.760565 0
    outer loop
      vertex 22.658 40.7003 3
      vertex 22.7974 40.5813 50
      vertex 22.658 40.7003 50
    endloop
  endfacet
  facet normal -0.649262 -0.760565 -0
    outer loop
      vertex 22.7974 40.5813 50
      vertex 22.658 40.7003 3
      vertex 22.7974 40.5813 3
    endloop
  endfacet
  facet normal -0.878853 -0.477092 0
    outer loop
      vertex 21.9689 41.5513 3
      vertex 21.8815 41.7123 50
      vertex 21.8815 41.7123 3
    endloop
  endfacet
  facet normal -0.878853 -0.477092 0
    outer loop
      vertex 21.8815 41.7123 50
      vertex 21.9689 41.5513 3
      vertex 21.9689 41.5513 50
    endloop
  endfacet
  facet normal -0.972348 -0.233538 0
    outer loop
      vertex 21.6193 42.3954 3
      vertex 21.5765 42.5736 50
      vertex 21.5765 42.5736 3
    endloop
  endfacet
  facet normal -0.972348 -0.233538 0
    outer loop
      vertex 21.5765 42.5736 50
      vertex 21.6193 42.3954 3
      vertex 21.6193 42.3954 50
    endloop
  endfacet
  facet normal 0.902568 -0.430548 0
    outer loop
      vertex 28.1185 41.7123 50
      vertex 28.1974 41.8777 3
      vertex 28.1974 41.8777 50
    endloop
  endfacet
  facet normal 0.902568 -0.430548 0
    outer loop
      vertex 28.1974 41.8777 3
      vertex 28.1185 41.7123 50
      vertex 28.1185 41.7123 3
    endloop
  endfacet
  facet normal -0.92385 0.382754 0
    outer loop
      vertex 21.7325 44.5556 3
      vertex 21.8026 44.7248 50
      vertex 21.8026 44.7248 3
    endloop
  endfacet
  facet normal -0.92385 0.382754 0
    outer loop
      vertex 21.8026 44.7248 50
      vertex 21.7325 44.5556 3
      vertex 21.7325 44.5556 50
    endloop
  endfacet
  facet normal -0.477513 -0.878625 0
    outer loop
      vertex 23.25 40.2702 3
      vertex 23.411 40.1827 50
      vertex 23.25 40.2702 50
    endloop
  endfacet
  facet normal -0.477513 -0.878625 -0
    outer loop
      vertex 23.411 40.1827 50
      vertex 23.25 40.2702 3
      vertex 23.411 40.1827 3
    endloop
  endfacet
  facet normal -0.92393 -0.382561 0
    outer loop
      vertex 21.8026 41.8777 3
      vertex 21.7325 42.047 50
      vertex 21.7325 42.047 3
    endloop
  endfacet
  facet normal -0.92393 -0.382561 0
    outer loop
      vertex 21.7325 42.047 50
      vertex 21.8026 41.8777 3
      vertex 21.8026 41.8777 50
    endloop
  endfacet
  facet normal -0.566482 -0.824074 0
    outer loop
      vertex 22.9428 40.4697 3
      vertex 23.0938 40.3659 50
      vertex 22.9428 40.4697 50
    endloop
  endfacet
  facet normal -0.566482 -0.824074 -0
    outer loop
      vertex 23.0938 40.3659 50
      vertex 22.9428 40.4697 3
      vertex 23.0938 40.3659 3
    endloop
  endfacet
  facet normal -0.902568 -0.430548 0
    outer loop
      vertex 21.8815 41.7123 3
      vertex 21.8026 41.8777 50
      vertex 21.8026 41.8777 3
    endloop
  endfacet
  facet normal -0.902568 -0.430548 0
    outer loop
      vertex 21.8026 41.8777 50
      vertex 21.8815 41.7123 3
      vertex 21.8815 41.7123 50
    endloop
  endfacet
  facet normal -0.996971 -0.0777779 0
    outer loop
      vertex 26.3481 43.3719 42
      vertex 26.3426 43.4424 50
      vertex 26.3426 43.4424 42
    endloop
  endfacet
  facet normal -0.996971 -0.0777779 0
    outer loop
      vertex 26.3426 43.4424 50
      vertex 26.3481 43.3719 42
      vertex 26.3481 43.3719 50
    endloop
  endfacet
  facet normal -0.999638 -0.0269024 0
    outer loop
      vertex 26.35 43.3013 42
      vertex 26.3481 43.3719 50
      vertex 26.3481 43.3719 42
    endloop
  endfacet
  facet normal -0.999638 -0.0269024 0
    outer loop
      vertex 26.3481 43.3719 50
      vertex 26.35 43.3013 42
      vertex 26.35 43.3013 50
    endloop
  endfacet
  facet normal -0.991498 -0.130125 0
    outer loop
      vertex 26.3426 43.4424 42
      vertex 26.3334 43.5125 50
      vertex 26.3334 43.5125 42
    endloop
  endfacet
  facet normal -0.991498 -0.130125 0
    outer loop
      vertex 26.3334 43.5125 50
      vertex 26.3426 43.4424 42
      vertex 26.3426 43.4424 50
    endloop
  endfacet
  facet normal 0.725282 0.688452 0
    outer loop
      vertex 24.0454 42.3467 50
      vertex 23.9968 42.3979 42
      vertex 23.9968 42.3979 50
    endloop
  endfacet
  facet normal 0.725282 0.688452 0
    outer loop
      vertex 23.9968 42.3979 42
      vertex 24.0454 42.3467 50
      vertex 24.0454 42.3467 42
    endloop
  endfacet
  facet normal 0.996971 -0.0777779 0
    outer loop
      vertex 23.6519 43.3719 50
      vertex 23.6574 43.4424 42
      vertex 23.6574 43.4424 50
    endloop
  endfacet
  facet normal 0.996971 -0.0777779 0
    outer loop
      vertex 23.6574 43.4424 42
      vertex 23.6519 43.3719 50
      vertex 23.6519 43.3719 42
    endloop
  endfacet
  facet normal -0.958641 -0.284619 0
    outer loop
      vertex 26.304 43.6507 42
      vertex 26.2839 43.7184 50
      vertex 26.2839 43.7184 42
    endloop
  endfacet
  facet normal -0.958641 -0.284619 0
    outer loop
      vertex 26.2839 43.7184 50
      vertex 26.304 43.6507 42
      vertex 26.304 43.6507 50
    endloop
  endfacet
  facet normal -0.0778877 -0.996962 0
    outer loop
      vertex 25.0707 44.6494 42
      vertex 25.1411 44.6439 50
      vertex 25.0707 44.6494 50
    endloop
  endfacet
  facet normal -0.0778877 -0.996962 -0
    outer loop
      vertex 25.1411 44.6439 50
      vertex 25.0707 44.6494 42
      vertex 25.1411 44.6439 42
    endloop
  endfacet
  facet normal -0.430153 0.902756 0
    outer loop
      vertex 25.6129 42.0984 42
      vertex 25.5491 42.068 50
      vertex 25.6129 42.0984 50
    endloop
  endfacet
  facet normal -0.430153 0.902756 0
    outer loop
      vertex 25.5491 42.068 50
      vertex 25.6129 42.0984 42
      vertex 25.5491 42.068 42
    endloop
  endfacet
  facet normal -0.902756 -0.430153 0
    outer loop
      vertex 26.2333 43.8504 42
      vertex 26.2029 43.9142 50
      vertex 26.2029 43.9142 42
    endloop
  endfacet
  facet normal -0.902756 -0.430153 0
    outer loop
      vertex 26.2029 43.9142 50
      vertex 26.2333 43.8504 42
      vertex 26.2333 43.8504 50
    endloop
  endfacet
  facet normal 0.430153 0.902756 -0
    outer loop
      vertex 24.4509 42.068 42
      vertex 24.3871 42.0984 50
      vertex 24.4509 42.068 50
    endloop
  endfacet
  facet normal 0.430153 0.902756 0
    outer loop
      vertex 24.3871 42.0984 50
      vertex 24.4509 42.068 42
      vertex 24.3871 42.0984 42
    endloop
  endfacet
  facet normal 0.792992 -0.609232 0
    outer loop
      vertex 23.9078 44.0948 50
      vertex 23.9509 44.1509 42
      vertex 23.9509 44.1509 50
    endloop
  endfacet
  facet normal 0.792992 -0.609232 0
    outer loop
      vertex 23.9509 44.1509 42
      vertex 23.9078 44.0948 50
      vertex 23.9078 44.0948 42
    endloop
  endfacet
  facet normal -0.725282 0.688452 0
    outer loop
      vertex 25.9546 42.3467 42
      vertex 26.0032 42.3979 50
      vertex 26.0032 42.3979 42
    endloop
  endfacet
  facet normal -0.725282 0.688452 0
    outer loop
      vertex 26.0032 42.3979 50
      vertex 25.9546 42.3467 42
      vertex 25.9546 42.3467 50
    endloop
  endfacet
  facet normal -0.079295 0.996851 0
    outer loop
      vertex 25.1411 41.9587 42
      vertex 25.0707 41.9531 50
      vertex 25.1411 41.9587 50
    endloop
  endfacet
  facet normal -0.079295 0.996851 0
    outer loop
      vertex 25.0707 41.9531 50
      vertex 25.1411 41.9587 42
      vertex 25.0707 41.9531 42
    endloop
  endfacet
  facet normal -0.902756 0.430153 0
    outer loop
      vertex 26.2029 42.6884 42
      vertex 26.2333 42.7522 50
      vertex 26.2333 42.7522 42
    endloop
  endfacet
  facet normal -0.902756 0.430153 0
    outer loop
      vertex 26.2333 42.7522 50
      vertex 26.2029 42.6884 42
      vertex 26.2029 42.6884 50
    endloop
  endfacet
  facet normal -0.852581 -0.522595 0
    outer loop
      vertex 26.1691 43.9763 42
      vertex 26.1322 44.0365 50
      vertex 26.1322 44.0365 42
    endloop
  endfacet
  facet normal -0.852581 -0.522595 0
    outer loop
      vertex 26.1322 44.0365 50
      vertex 26.1691 43.9763 42
      vertex 26.1691 43.9763 50
    endloop
  endfacet
  facet normal 0.760752 0.649043 0
    outer loop
      vertex 23.9968 42.3979 50
      vertex 23.9509 42.4517 42
      vertex 23.9509 42.4517 50
    endloop
  endfacet
  facet normal 0.760752 0.649043 0
    outer loop
      vertex 23.9509 42.4517 42
      vertex 23.9968 42.3979 50
      vertex 23.9968 42.3979 42
    endloop
  endfacet
  facet normal 0.687745 -0.725953 0
    outer loop
      vertex 24.0454 44.2559 42
      vertex 24.0967 44.3045 50
      vertex 24.0454 44.2559 50
    endloop
  endfacet
  facet normal 0.687745 -0.725953 0
    outer loop
      vertex 24.0967 44.3045 50
      vertex 24.0454 44.2559 42
      vertex 24.0967 44.3045 42
    endloop
  endfacet
  facet normal -0.983207 -0.182495 0
    outer loop
      vertex 26.3334 43.5125 42
      vertex 26.3205 43.582 50
      vertex 26.3205 43.582 42
    endloop
  endfacet
  facet normal -0.983207 -0.182495 0
    outer loop
      vertex 26.3205 43.582 50
      vertex 26.3334 43.5125 42
      vertex 26.3334 43.5125 50
    endloop
  endfacet
  facet normal -0.476967 -0.878921 0
    outer loop
      vertex 25.6129 44.5041 42
      vertex 25.675 44.4704 50
      vertex 25.6129 44.5041 50
    endloop
  endfacet
  facet normal -0.476967 -0.878921 -0
    outer loop
      vertex 25.675 44.4704 50
      vertex 25.6129 44.5041 42
      vertex 25.675 44.4704 42
    endloop
  endfacet
  facet normal 0.958641 -0.284619 0
    outer loop
      vertex 23.696 43.6507 50
      vertex 23.7161 43.7184 42
      vertex 23.7161 43.7184 50
    endloop
  endfacet
  facet normal 0.958641 -0.284619 0
    outer loop
      vertex 23.7161 43.7184 42
      vertex 23.696 43.6507 50
      vertex 23.696 43.6507 42
    endloop
  endfacet
  facet normal 0.999639 0.0268644 0
    outer loop
      vertex 23.6519 43.2306 50
      vertex 23.65 43.3013 42
      vertex 23.65 43.3013 50
    endloop
  endfacet
  facet normal 0.999639 0.0268644 0
    outer loop
      vertex 23.65 43.3013 42
      vertex 23.6519 43.2306 50
      vertex 23.6519 43.2306 42
    endloop
  endfacet
  facet normal 0.991498 0.130125 0
    outer loop
      vertex 23.6666 43.0901 50
      vertex 23.6574 43.1602 42
      vertex 23.6574 43.1602 50
    endloop
  endfacet
  facet normal 0.991498 0.130125 0
    outer loop
      vertex 23.6574 43.1602 42
      vertex 23.6666 43.0901 50
      vertex 23.6666 43.0901 42
    endloop
  endfacet
  facet normal -0.92412 -0.382102 0
    outer loop
      vertex 26.2603 43.7851 42
      vertex 26.2333 43.8504 50
      vertex 26.2333 43.8504 42
    endloop
  endfacet
  facet normal -0.92412 -0.382102 0
    outer loop
      vertex 26.2333 43.8504 50
      vertex 26.2603 43.7851 42
      vertex 26.2603 43.7851 50
    endloop
  endfacet
  facet normal 0.567369 -0.823464 0
    outer loop
      vertex 24.2065 44.3934 42
      vertex 24.2647 44.4335 50
      vertex 24.2065 44.3934 50
    endloop
  endfacet
  facet normal 0.567369 -0.823464 0
    outer loop
      vertex 24.2647 44.4335 50
      vertex 24.2065 44.3934 42
      vertex 24.2647 44.4335 42
    endloop
  endfacet
  facet normal -0.0254514 0.999676 0
    outer loop
      vertex 25.0707 41.9531 42
      vertex 25 41.9513 50
      vertex 25.0707 41.9531 50
    endloop
  endfacet
  facet normal -0.0254514 0.999676 0
    outer loop
      vertex 25 41.9513 50
      vertex 25.0707 41.9531 42
      vertex 25 41.9513 42
    endloop
  endfacet
  facet normal -0.958755 0.284233 0
    outer loop
      vertex 26.2839 42.8841 42
      vertex 26.304 42.9519 50
      vertex 26.304 42.9519 42
    endloop
  endfacet
  facet normal -0.958755 0.284233 0
    outer loop
      vertex 26.304 42.9519 50
      vertex 26.2839 42.8841 42
      vertex 26.2839 42.8841 50
    endloop
  endfacet
  facet normal -0.522993 0.852337 0
    outer loop
      vertex 25.7353 42.1691 42
      vertex 25.675 42.1321 50
      vertex 25.7353 42.1691 50
    endloop
  endfacet
  facet normal -0.522993 0.852337 0
    outer loop
      vertex 25.675 42.1321 50
      vertex 25.7353 42.1691 42
      vertex 25.675 42.1321 42
    endloop
  endfacet
  facet normal 0.878328 -0.478059 0
    outer loop
      vertex 23.7971 43.9142 50
      vertex 23.8309 43.9763 42
      vertex 23.8309 43.9763 50
    endloop
  endfacet
  facet normal 0.878328 -0.478059 0
    outer loop
      vertex 23.8309 43.9763 42
      vertex 23.7971 43.9142 50
      vertex 23.7971 43.9142 42
    endloop
  endfacet
  facet normal 0.902756 0.430153 0
    outer loop
      vertex 23.7971 42.6884 50
      vertex 23.7667 42.7522 42
      vertex 23.7667 42.7522 50
    endloop
  endfacet
  facet normal 0.902756 0.430153 0
    outer loop
      vertex 23.7667 42.7522 42
      vertex 23.7971 42.6884 50
      vertex 23.7971 42.6884 42
    endloop
  endfacet
  facet normal -0.878328 -0.478059 0
    outer loop
      vertex 26.2029 43.9142 42
      vertex 26.1691 43.9763 50
      vertex 26.1691 43.9763 42
    endloop
  endfacet
  facet normal -0.878328 -0.478059 0
    outer loop
      vertex 26.1691 43.9763 50
      vertex 26.2029 43.9142 42
      vertex 26.2029 43.9142 50
    endloop
  endfacet
  facet normal -0.382102 -0.92412 0
    outer loop
      vertex 25.4838 44.5616 42
      vertex 25.5491 44.5346 50
      vertex 25.4838 44.5616 50
    endloop
  endfacet
  facet normal -0.382102 -0.92412 -0
    outer loop
      vertex 25.5491 44.5346 50
      vertex 25.4838 44.5616 42
      vertex 25.5491 44.5346 42
    endloop
  endfacet
  facet normal 0 0 1
    outer loop
      vertex 26.3481 43.3719 42
      vertex 26.3481 43.2306 42
      vertex 26.35 43.3013 42
    endloop
  endfacet
  facet normal 0 0 1
    outer loop
      vertex 26.3426 43.4424 42
      vertex 26.3481 43.2306 42
      vertex 26.3481 43.3719 42
    endloop
  endfacet
  facet normal 0 0 1
    outer loop
      vertex 26.3426 43.4424 42
      vertex 26.3426 43.1602 42
      vertex 26.3481 43.2306 42
    endloop
  endfacet
  facet normal 0 0 1
    outer loop
      vertex 26.3334 43.5125 42
      vertex 26.3426 43.1602 42
      vertex 26.3426 43.4424 42
    endloop
  endfacet
  facet normal 0 0 1
    outer loop
      vertex 26.3334 43.5125 42
      vertex 26.3334 43.0901 42
      vertex 26.3426 43.1602 42
    endloop
  endfacet
  facet normal 0 0 1
    outer loop
      vertex 26.3205 43.582 42
      vertex 26.3334 43.0901 42
      vertex 26.3334 43.5125 42
    endloop
  endfacet
  facet normal 0 0 1
    outer loop
      vertex 26.3205 43.582 42
      vertex 26.3205 43.0206 42
      vertex 26.3334 43.0901 42
    endloop
  endfacet
  facet normal 0 0 1
    outer loop
      vertex 26.304 43.6507 42
      vertex 26.3205 43.0206 42
      vertex 26.3205 43.582 42
    endloop
  endfacet
  facet normal 0 0 1
    outer loop
      vertex 26.304 43.6507 42
      vertex 26.304 42.9519 42
      vertex 26.3205 43.0206 42
    endloop
  endfacet
  facet normal 0 0 1
    outer loop
      vertex 26.2839 43.7184 42
      vertex 26.304 42.9519 42
      vertex 26.304 43.6507 42
    endloop
  endfacet
  facet normal 0 0 1
    outer loop
      vertex 26.2839 43.7184 42
      vertex 26.2839 42.8841 42
      vertex 26.304 42.9519 42
    endloop
  endfacet
  facet normal 0 0 1
    outer loop
      vertex 26.2603 43.7851 42
      vertex 26.2839 42.8841 42
      vertex 26.2839 43.7184 42
    endloop
  endfacet
  facet normal 0 0 1
    outer loop
      vertex 26.2603 43.7851 42
      vertex 26.2603 42.8175 42
      vertex 26.2839 42.8841 42
    endloop
  endfacet
  facet normal 0 0 1
    outer loop
      vertex 26.2333 43.8504 42
      vertex 26.2603 42.8175 42
      vertex 26.2603 43.7851 42
    endloop
  endfacet
  facet normal 0 0 1
    outer loop
      vertex 26.2333 43.8504 42
      vertex 26.2333 42.7522 42
      vertex 26.2603 42.8175 42
    endloop
  endfacet
  facet normal 0 0 1
    outer loop
      vertex 26.2029 43.9142 42
      vertex 26.2333 42.7522 42
      vertex 26.2333 43.8504 42
    endloop
  endfacet
  facet normal 0 0 1
    outer loop
      vertex 26.2029 43.9142 42
      vertex 26.2029 42.6884 42
      vertex 26.2333 42.7522 42
    endloop
  endfacet
  facet normal 0 0 1
    outer loop
      vertex 26.1691 43.9763 42
      vertex 26.2029 42.6884 42
      vertex 26.2029 43.9142 42
    endloop
  endfacet
  facet normal 0 0 1
    outer loop
      vertex 26.1691 43.9763 42
      vertex 26.1691 42.6263 42
      vertex 26.2029 42.6884 42
    endloop
  endfacet
  facet normal 0 0 1
    outer loop
      vertex 26.1322 44.0365 42
      vertex 26.1691 42.6263 42
      vertex 26.1691 43.9763 42
    endloop
  endfacet
  facet normal 0 0 1
    outer loop
      vertex 26.1322 44.0365 42
      vertex 26.1322 42.566 42
      vertex 26.1691 42.6263 42
    endloop
  endfacet
  facet normal 0 0 1
    outer loop
      vertex 26.0922 44.0948 42
      vertex 26.1322 42.566 42
      vertex 26.1322 44.0365 42
    endloop
  endfacet
  facet normal 0 0 1
    outer loop
      vertex 26.0922 44.0948 42
      vertex 26.0922 42.5078 42
      vertex 26.1322 42.566 42
    endloop
  endfacet
  facet normal 0 0 1
    outer loop
      vertex 26.0491 44.1509 42
      vertex 26.0922 42.5078 42
      vertex 26.0922 44.0948 42
    endloop
  endfacet
  facet normal 0 0 1
    outer loop
      vertex 26.0491 44.1509 42
      vertex 26.0491 42.4517 42
      vertex 26.0922 42.5078 42
    endloop
  endfacet
  facet normal 0 0 1
    outer loop
      vertex 26.0032 44.2046 42
      vertex 26.0491 42.4517 42
      vertex 26.0491 44.1509 42
    endloop
  endfacet
  facet normal 0 0 1
    outer loop
      vertex 26.0032 44.2046 42
      vertex 26.0032 42.3979 42
      vertex 26.0491 42.4517 42
    endloop
  endfacet
  facet normal 0 0 1
    outer loop
      vertex 25.9546 44.2559 42
      vertex 26.0032 42.3979 42
      vertex 26.0032 44.2046 42
    endloop
  endfacet
  facet normal 0 0 1
    outer loop
      vertex 25.9546 44.2559 42
      vertex 25.9546 42.3467 42
      vertex 26.0032 42.3979 42
    endloop
  endfacet
  facet normal 0 0 1
    outer loop
      vertex 25.9033 44.3045 42
      vertex 25.9546 42.3467 42
      vertex 25.9546 44.2559 42
    endloop
  endfacet
  facet normal 0 0 1
    outer loop
      vertex 25.9033 44.3045 42
      vertex 25.9033 42.298 42
      vertex 25.9546 42.3467 42
    endloop
  endfacet
  facet normal 0 0 1
    outer loop
      vertex 25.8496 44.3504 42
      vertex 25.9033 42.298 42
      vertex 25.9033 44.3045 42
    endloop
  endfacet
  facet normal 0 0 1
    outer loop
      vertex 25.8496 44.3504 42
      vertex 25.8496 42.2521 42
      vertex 25.9033 42.298 42
    endloop
  endfacet
  facet normal 0 0 1
    outer loop
      vertex 25.7935 44.3934 42
      vertex 25.8496 42.2521 42
      vertex 25.8496 44.3504 42
    endloop
  endfacet
  facet normal 0 0 1
    outer loop
      vertex 25.7935 44.3934 42
      vertex 25.7935 42.2091 42
      vertex 25.8496 42.2521 42
    endloop
  endfacet
  facet normal 0 0 1
    outer loop
      vertex 25.7353 44.4335 42
      vertex 25.7935 42.2091 42
      vertex 25.7935 44.3934 42
    endloop
  endfacet
  facet normal 0 0 1
    outer loop
      vertex 25.7353 44.4335 42
      vertex 25.7353 42.1691 42
      vertex 25.7935 42.2091 42
    endloop
  endfacet
  facet normal 0 0 1
    outer loop
      vertex 25.675 44.4704 42
      vertex 25.7353 42.1691 42
      vertex 25.7353 44.4335 42
    endloop
  endfacet
  facet normal 0 0 1
    outer loop
      vertex 25.675 44.4704 42
      vertex 25.675 42.1321 42
      vertex 25.7353 42.1691 42
    endloop
  endfacet
  facet normal 0 0 1
    outer loop
      vertex 25.6129 44.5041 42
      vertex 25.675 42.1321 42
      vertex 25.675 44.4704 42
    endloop
  endfacet
  facet normal 0 0 1
    outer loop
      vertex 25.6129 44.5041 42
      vertex 25.6129 42.0984 42
      vertex 25.675 42.1321 42
    endloop
  endfacet
  facet normal 0 0 1
    outer loop
      vertex 25.5491 44.5346 42
      vertex 25.6129 42.0984 42
      vertex 25.6129 44.5041 42
    endloop
  endfacet
  facet normal 0 0 1
    outer loop
      vertex 25.5491 44.5346 42
      vertex 25.5491 42.068 42
      vertex 25.6129 42.0984 42
    endloop
  endfacet
  facet normal 0 0 1
    outer loop
      vertex 25.4838 44.5616 42
      vertex 25.5491 42.068 42
      vertex 25.5491 44.5346 42
    endloop
  endfacet
  facet normal 0 0 1
    outer loop
      vertex 25.4838 44.5616 42
      vertex 25.4838 42.0409 42
      vertex 25.5491 42.068 42
    endloop
  endfacet
  facet normal 0 0 1
    outer loop
      vertex 25.4172 44.5852 42
      vertex 25.4838 42.0409 42
      vertex 25.4838 44.5616 42
    endloop
  endfacet
  facet normal 0 0 1
    outer loop
      vertex 25.4172 44.5852 42
      vertex 25.4172 42.0173 42
      vertex 25.4838 42.0409 42
    endloop
  endfacet
  facet normal 0 0 1
    outer loop
      vertex 25.3494 44.6053 42
      vertex 25.4172 42.0173 42
      vertex 25.4172 44.5852 42
    endloop
  endfacet
  facet normal 0 0 1
    outer loop
      vertex 25.3494 44.6053 42
      vertex 25.3494 41.9973 42
      vertex 25.4172 42.0173 42
    endloop
  endfacet
  facet normal 0 0 1
    outer loop
      vertex 25.2807 44.6218 42
      vertex 25.3494 41.9973 42
      vertex 25.3494 44.6053 42
    endloop
  endfacet
  facet normal 0 0 1
    outer loop
      vertex 25.2807 44.6218 42
      vertex 25.2807 41.9808 42
      vertex 25.3494 41.9973 42
    endloop
  endfacet
  facet normal 0 0 1
    outer loop
      vertex 25.2112 44.6346 42
      vertex 25.2807 41.9808 42
      vertex 25.2807 44.6218 42
    endloop
  endfacet
  facet normal 0 0 1
    outer loop
      vertex 25.2112 44.6346 42
      vertex 25.2112 41.9679 42
      vertex 25.2807 41.9808 42
    endloop
  endfacet
  facet normal 0 0 1
    outer loop
      vertex 25.1411 44.6439 42
      vertex 25.2112 41.9679 42
      vertex 25.2112 44.6346 42
    endloop
  endfacet
  facet normal 0 0 1
    outer loop
      vertex 25.1411 44.6439 42
      vertex 25.1411 41.9587 42
      vertex 25.2112 41.9679 42
    endloop
  endfacet
  facet normal 0 0 1
    outer loop
      vertex 25.0707 44.6494 42
      vertex 25.1411 41.9587 42
      vertex 25.1411 44.6439 42
    endloop
  endfacet
  facet normal 0 0 1
    outer loop
      vertex 25.0707 44.6494 42
      vertex 25.0707 41.9531 42
      vertex 25.1411 41.9587 42
    endloop
  endfacet
  facet normal 0 0 1
    outer loop
      vertex 25 44.6513 42
      vertex 25.0707 41.9531 42
      vertex 25.0707 44.6494 42
    endloop
  endfacet
  facet normal 0 0 1
    outer loop
      vertex 25 44.6513 42
      vertex 25 41.9513 42
      vertex 25.0707 41.9531 42
    endloop
  endfacet
  facet normal -0 0 1
    outer loop
      vertex 24.9293 44.6494 42
      vertex 25 41.9513 42
      vertex 25 44.6513 42
    endloop
  endfacet
  facet normal 0 0 1
    outer loop
      vertex 24.9293 44.6494 42
      vertex 24.9293 41.9531 42
      vertex 25 41.9513 42
    endloop
  endfacet
  facet normal -0 0 1
    outer loop
      vertex 24.8589 44.6439 42
      vertex 24.9293 41.9531 42
      vertex 24.9293 44.6494 42
    endloop
  endfacet
  facet normal 0 0 1
    outer loop
      vertex 24.8589 44.6439 42
      vertex 24.8589 41.9587 42
      vertex 24.9293 41.9531 42
    endloop
  endfacet
  facet normal -0 0 1
    outer loop
      vertex 24.7888 44.6346 42
      vertex 24.8589 41.9587 42
      vertex 24.8589 44.6439 42
    endloop
  endfacet
  facet normal 0 0 1
    outer loop
      vertex 24.7888 44.6346 42
      vertex 24.7888 41.9679 42
      vertex 24.8589 41.9587 42
    endloop
  endfacet
  facet normal -0 0 1
    outer loop
      vertex 24.7193 44.6218 42
      vertex 24.7888 41.9679 42
      vertex 24.7888 44.6346 42
    endloop
  endfacet
  facet normal 0 0 1
    outer loop
      vertex 24.7193 44.6218 42
      vertex 24.7193 41.9808 42
      vertex 24.7888 41.9679 42
    endloop
  endfacet
  facet normal -0 0 1
    outer loop
      vertex 24.6506 44.6053 42
      vertex 24.7193 41.9808 42
      vertex 24.7193 44.6218 42
    endloop
  endfacet
  facet normal 0 0 1
    outer loop
      vertex 24.6506 44.6053 42
      vertex 24.6506 41.9973 42
      vertex 24.7193 41.9808 42
    endloop
  endfacet
  facet normal -0 0 1
    outer loop
      vertex 24.5828 44.5852 42
      vertex 24.6506 41.9973 42
      vertex 24.6506 44.6053 42
    endloop
  endfacet
  facet normal 0 0 1
    outer loop
      vertex 24.5828 44.5852 42
      vertex 24.5828 42.0173 42
      vertex 24.6506 41.9973 42
    endloop
  endfacet
  facet normal -0 0 1
    outer loop
      vertex 24.5162 44.5616 42
      vertex 24.5828 42.0173 42
      vertex 24.5828 44.5852 42
    endloop
  endfacet
  facet normal 0 0 1
    outer loop
      vertex 24.5162 44.5616 42
      vertex 24.5162 42.0409 42
      vertex 24.5828 42.0173 42
    endloop
  endfacet
  facet normal -0 0 1
    outer loop
      vertex 24.4509 44.5346 42
      vertex 24.5162 42.0409 42
      vertex 24.5162 44.5616 42
    endloop
  endfacet
  facet normal 0 0 1
    outer loop
      vertex 24.4509 44.5346 42
      vertex 24.4509 42.068 42
      vertex 24.5162 42.0409 42
    endloop
  endfacet
  facet normal -0 0 1
    outer loop
      vertex 24.3871 44.5041 42
      vertex 24.4509 42.068 42
      vertex 24.4509 44.5346 42
    endloop
  endfacet
  facet normal 0 0 1
    outer loop
      vertex 24.3871 44.5041 42
      vertex 24.3871 42.0984 42
      vertex 24.4509 42.068 42
    endloop
  endfacet
  facet normal -0 0 1
    outer loop
      vertex 24.325 44.4704 42
      vertex 24.3871 42.0984 42
      vertex 24.3871 44.5041 42
    endloop
  endfacet
  facet normal 0 0 1
    outer loop
      vertex 24.325 44.4704 42
      vertex 24.325 42.1321 42
      vertex 24.3871 42.0984 42
    endloop
  endfacet
  facet normal -0 0 1
    outer loop
      vertex 24.2647 44.4335 42
      vertex 24.325 42.1321 42
      vertex 24.325 44.4704 42
    endloop
  endfacet
  facet normal 0 0 1
    outer loop
      vertex 24.2647 44.4335 42
      vertex 24.2647 42.1691 42
      vertex 24.325 42.1321 42
    endloop
  endfacet
  facet normal -0 0 1
    outer loop
      vertex 24.2065 44.3934 42
      vertex 24.2647 42.1691 42
      vertex 24.2647 44.4335 42
    endloop
  endfacet
  facet normal 0 0 1
    outer loop
      vertex 24.2065 44.3934 42
      vertex 24.2065 42.2091 42
      vertex 24.2647 42.1691 42
    endloop
  endfacet
  facet normal -0 0 1
    outer loop
      vertex 24.1504 44.3504 42
      vertex 24.2065 42.2091 42
      vertex 24.2065 44.3934 42
    endloop
  endfacet
  facet normal 0 0 1
    outer loop
      vertex 24.1504 44.3504 42
      vertex 24.1504 42.2521 42
      vertex 24.2065 42.2091 42
    endloop
  endfacet
  facet normal -0 0 1
    outer loop
      vertex 24.0967 44.3045 42
      vertex 24.1504 42.2521 42
      vertex 24.1504 44.3504 42
    endloop
  endfacet
  facet normal 0 0 1
    outer loop
      vertex 24.0967 44.3045 42
      vertex 24.0967 42.298 42
      vertex 24.1504 42.2521 42
    endloop
  endfacet
  facet normal -0 0 1
    outer loop
      vertex 24.0454 44.2559 42
      vertex 24.0967 42.298 42
      vertex 24.0967 44.3045 42
    endloop
  endfacet
  facet normal 0 0 1
    outer loop
      vertex 24.0454 44.2559 42
      vertex 24.0454 42.3467 42
      vertex 24.0967 42.298 42
    endloop
  endfacet
  facet normal -0 0 1
    outer loop
      vertex 23.9968 44.2046 42
      vertex 24.0454 42.3467 42
      vertex 24.0454 44.2559 42
    endloop
  endfacet
  facet normal 0 0 1
    outer loop
      vertex 23.9968 44.2046 42
      vertex 23.9968 42.3979 42
      vertex 24.0454 42.3467 42
    endloop
  endfacet
  facet normal -0 0 1
    outer loop
      vertex 23.9509 44.1509 42
      vertex 23.9968 42.3979 42
      vertex 23.9968 44.2046 42
    endloop
  endfacet
  facet normal 0 0 1
    outer loop
      vertex 23.9509 44.1509 42
      vertex 23.9509 42.4517 42
      vertex 23.9968 42.3979 42
    endloop
  endfacet
  facet normal -0 0 1
    outer loop
      vertex 23.9078 44.0948 42
      vertex 23.9509 42.4517 42
      vertex 23.9509 44.1509 42
    endloop
  endfacet
  facet normal 0 0 1
    outer loop
      vertex 23.9078 44.0948 42
      vertex 23.9078 42.5078 42
      vertex 23.9509 42.4517 42
    endloop
  endfacet
  facet normal -0 0 1
    outer loop
      vertex 23.8678 44.0365 42
      vertex 23.9078 42.5078 42
      vertex 23.9078 44.0948 42
    endloop
  endfacet
  facet normal 0 0 1
    outer loop
      vertex 23.8678 44.0365 42
      vertex 23.8678 42.566 42
      vertex 23.9078 42.5078 42
    endloop
  endfacet
  facet normal -0 0 1
    outer loop
      vertex 23.8309 43.9763 42
      vertex 23.8678 42.566 42
      vertex 23.8678 44.0365 42
    endloop
  endfacet
  facet normal 0 0 1
    outer loop
      vertex 23.8309 43.9763 42
      vertex 23.8309 42.6263 42
      vertex 23.8678 42.566 42
    endloop
  endfacet
  facet normal -0 0 1
    outer loop
      vertex 23.7971 43.9142 42
      vertex 23.8309 42.6263 42
      vertex 23.8309 43.9763 42
    endloop
  endfacet
  facet normal 0 0 1
    outer loop
      vertex 23.7971 43.9142 42
      vertex 23.7971 42.6884 42
      vertex 23.8309 42.6263 42
    endloop
  endfacet
  facet normal -0 0 1
    outer loop
      vertex 23.7667 43.8504 42
      vertex 23.7971 42.6884 42
      vertex 23.7971 43.9142 42
    endloop
  endfacet
  facet normal 0 0 1
    outer loop
      vertex 23.7667 43.8504 42
      vertex 23.7667 42.7522 42
      vertex 23.7971 42.6884 42
    endloop
  endfacet
  facet normal -0 0 1
    outer loop
      vertex 23.7397 43.7851 42
      vertex 23.7667 42.7522 42
      vertex 23.7667 43.8504 42
    endloop
  endfacet
  facet normal 0 0 1
    outer loop
      vertex 23.7397 43.7851 42
      vertex 23.7397 42.8175 42
      vertex 23.7667 42.7522 42
    endloop
  endfacet
  facet normal -0 0 1
    outer loop
      vertex 23.7161 43.7184 42
      vertex 23.7397 42.8175 42
      vertex 23.7397 43.7851 42
    endloop
  endfacet
  facet normal 0 0 1
    outer loop
      vertex 23.7161 43.7184 42
      vertex 23.7161 42.8841 42
      vertex 23.7397 42.8175 42
    endloop
  endfacet
  facet normal -0 0 1
    outer loop
      vertex 23.696 43.6507 42
      vertex 23.7161 42.8841 42
      vertex 23.7161 43.7184 42
    endloop
  endfacet
  facet normal 0 0 1
    outer loop
      vertex 23.696 43.6507 42
      vertex 23.696 42.9519 42
      vertex 23.7161 42.8841 42
    endloop
  endfacet
  facet normal -0 0 1
    outer loop
      vertex 23.6795 43.582 42
      vertex 23.696 42.9519 42
      vertex 23.696 43.6507 42
    endloop
  endfacet
  facet normal 0 0 1
    outer loop
      vertex 23.6795 43.582 42
      vertex 23.6795 43.0206 42
      vertex 23.696 42.9519 42
    endloop
  endfacet
  facet normal -0 0 1
    outer loop
      vertex 23.6666 43.5125 42
      vertex 23.6795 43.0206 42
      vertex 23.6795 43.582 42
    endloop
  endfacet
  facet normal 0 0 1
    outer loop
      vertex 23.6666 43.5125 42
      vertex 23.6666 43.0901 42
      vertex 23.6795 43.0206 42
    endloop
  endfacet
  facet normal -0 0 1
    outer loop
      vertex 23.6574 43.4424 42
      vertex 23.6666 43.0901 42
      vertex 23.6666 43.5125 42
    endloop
  endfacet
  facet normal 0 0 1
    outer loop
      vertex 23.6574 43.4424 42
      vertex 23.6574 43.1602 42
      vertex 23.6666 43.0901 42
    endloop
  endfacet
  facet normal -0 0 1
    outer loop
      vertex 23.6519 43.3719 42
      vertex 23.6574 43.1602 42
      vertex 23.6574 43.4424 42
    endloop
  endfacet
  facet normal 0 0 1
    outer loop
      vertex 23.6519 43.3719 42
      vertex 23.6519 43.2306 42
      vertex 23.6574 43.1602 42
    endloop
  endfacet
  facet normal 0 -0 1
    outer loop
      vertex 23.6519 43.2306 42
      vertex 23.6519 43.3719 42
      vertex 23.65 43.3013 42
    endloop
  endfacet
  facet normal -0.521965 -0.852967 0
    outer loop
      vertex 25.675 44.4704 42
      vertex 25.7353 44.4335 50
      vertex 25.675 44.4704 50
    endloop
  endfacet
  facet normal -0.521965 -0.852967 -0
    outer loop
      vertex 25.7353 44.4335 50
      vertex 25.675 44.4704 42
      vertex 25.7353 44.4335 42
    endloop
  endfacet
  facet normal -0.983207 0.182495 0
    outer loop
      vertex 26.3205 43.0206 42
      vertex 26.3334 43.0901 50
      vertex 26.3334 43.0901 42
    endloop
  endfacet
  facet normal -0.983207 0.182495 0
    outer loop
      vertex 26.3334 43.0901 50
      vertex 26.3205 43.0206 42
      vertex 26.3205 43.0206 50
    endloop
  endfacet
  facet normal -0.476967 0.878921 0
    outer loop
      vertex 25.675 42.1321 42
      vertex 25.6129 42.0984 50
      vertex 25.675 42.1321 50
    endloop
  endfacet
  facet normal -0.476967 0.878921 0
    outer loop
      vertex 25.6129 42.0984 50
      vertex 25.675 42.1321 42
      vertex 25.6129 42.0984 42
    endloop
  endfacet
  facet normal 0.0778877 -0.996962 0
    outer loop
      vertex 24.8589 44.6439 42
      vertex 24.9293 44.6494 50
      vertex 24.8589 44.6439 50
    endloop
  endfacet
  facet normal 0.0778877 -0.996962 0
    outer loop
      vertex 24.9293 44.6494 50
      vertex 24.8589 44.6439 42
      vertex 24.9293 44.6494 42
    endloop
  endfacet
  facet normal 0.792992 0.609232 0
    outer loop
      vertex 23.9509 42.4517 50
      vertex 23.9078 42.5078 42
      vertex 23.9078 42.5078 50
    endloop
  endfacet
  facet normal 0.792992 0.609232 0
    outer loop
      vertex 23.9078 42.5078 42
      vertex 23.9509 42.4517 50
      vertex 23.9509 42.4517 42
    endloop
  endfacet
  facet normal -0.991498 0.130125 0
    outer loop
      vertex 26.3334 43.0901 42
      vertex 26.3426 43.1602 50
      vertex 26.3426 43.1602 42
    endloop
  endfacet
  facet normal -0.991498 0.130125 0
    outer loop
      vertex 26.3426 43.1602 50
      vertex 26.3334 43.0901 42
      vertex 26.3334 43.0901 50
    endloop
  endfacet
  facet normal 0.942572 0.334004 0
    outer loop
      vertex 23.7397 42.8175 50
      vertex 23.7161 42.8841 42
      vertex 23.7161 42.8841 50
    endloop
  endfacet
  facet normal 0.942572 0.334004 0
    outer loop
      vertex 23.7161 42.8841 42
      vertex 23.7397 42.8175 50
      vertex 23.7397 42.8175 42
    endloop
  endfacet
  facet normal 0.382102 -0.92412 0
    outer loop
      vertex 24.4509 44.5346 42
      vertex 24.5162 44.5616 50
      vertex 24.4509 44.5346 50
    endloop
  endfacet
  facet normal 0.382102 -0.92412 0
    outer loop
      vertex 24.5162 44.5616 50
      vertex 24.4509 44.5346 42
      vertex 24.5162 44.5616 42
    endloop
  endfacet
  facet normal 0.92412 -0.382102 0
    outer loop
      vertex 23.7397 43.7851 50
      vertex 23.7667 43.8504 42
      vertex 23.7667 43.8504 50
    endloop
  endfacet
  facet normal 0.92412 -0.382102 0
    outer loop
      vertex 23.7667 43.8504 42
      vertex 23.7397 43.7851 50
      vertex 23.7397 43.7851 42
    endloop
  endfacet
  facet normal 0.0254514 0.999676 -0
    outer loop
      vertex 25 41.9513 42
      vertex 24.9293 41.9531 50
      vertex 25 41.9513 50
    endloop
  endfacet
  facet normal 0.0254514 0.999676 0
    outer loop
      vertex 24.9293 41.9531 50
      vertex 25 41.9513 42
      vertex 24.9293 41.9531 42
    endloop
  endfacet
  facet normal -0.567369 -0.823464 0
    outer loop
      vertex 25.7353 44.4335 42
      vertex 25.7935 44.3934 50
      vertex 25.7353 44.4335 50
    endloop
  endfacet
  facet normal -0.567369 -0.823464 -0
    outer loop
      vertex 25.7935 44.3934 50
      vertex 25.7353 44.4335 42
      vertex 25.7935 44.3934 42
    endloop
  endfacet
  facet normal -0.996962 0.0778877 0
    outer loop
      vertex 26.3426 43.1602 42
      vertex 26.3481 43.2306 50
      vertex 26.3481 43.2306 42
    endloop
  endfacet
  facet normal -0.996962 0.0778877 0
    outer loop
      vertex 26.3481 43.2306 50
      vertex 26.3426 43.1602 42
      vertex 26.3426 43.1602 50
    endloop
  endfacet
  facet normal -0.760752 0.649043 0
    outer loop
      vertex 26.0032 42.3979 42
      vertex 26.0491 42.4517 50
      vertex 26.0491 42.4517 42
    endloop
  endfacet
  facet normal -0.760752 0.649043 0
    outer loop
      vertex 26.0491 42.4517 50
      vertex 26.0032 42.3979 42
      vertex 26.0032 42.3979 50
    endloop
  endfacet
  facet normal 0.181126 -0.98346 0
    outer loop
      vertex 24.7193 44.6218 42
      vertex 24.7888 44.6346 50
      vertex 24.7193 44.6218 50
    endloop
  endfacet
  facet normal 0.181126 -0.98346 0
    outer loop
      vertex 24.7888 44.6346 50
      vertex 24.7193 44.6218 42
      vertex 24.7888 44.6346 42
    endloop
  endfacet
  facet normal 0.566409 0.824125 -0
    outer loop
      vertex 24.2647 42.1691 42
      vertex 24.2065 42.2091 50
      vertex 24.2647 42.1691 50
    endloop
  endfacet
  facet normal 0.566409 0.824125 0
    outer loop
      vertex 24.2065 42.2091 50
      vertex 24.2647 42.1691 42
      vertex 24.2065 42.2091 42
    endloop
  endfacet
  facet normal 0.878328 0.478059 0
    outer loop
      vertex 23.8309 42.6263 50
      vertex 23.7971 42.6884 42
      vertex 23.7971 42.6884 50
    endloop
  endfacet
  facet normal 0.878328 0.478059 0
    outer loop
      vertex 23.7971 42.6884 42
      vertex 23.8309 42.6263 50
      vertex 23.8309 42.6263 42
    endloop
  endfacet
  facet normal -0.0268644 -0.999639 0
    outer loop
      vertex 25 44.6513 42
      vertex 25.0707 44.6494 50
      vertex 25 44.6513 50
    endloop
  endfacet
  facet normal -0.0268644 -0.999639 -0
    outer loop
      vertex 25.0707 44.6494 50
      vertex 25 44.6513 42
      vertex 25.0707 44.6494 42
    endloop
  endfacet
  facet normal 0.824125 0.566409 0
    outer loop
      vertex 23.9078 42.5078 50
      vertex 23.8678 42.566 42
      vertex 23.8678 42.566 50
    endloop
  endfacet
  facet normal 0.824125 0.566409 0
    outer loop
      vertex 23.8678 42.566 42
      vertex 23.9078 42.5078 50
      vertex 23.9078 42.5078 42
    endloop
  endfacet
  facet normal -0.687745 -0.725953 0
    outer loop
      vertex 25.9033 44.3045 42
      vertex 25.9546 44.2559 50
      vertex 25.9033 44.3045 50
    endloop
  endfacet
  facet normal -0.687745 -0.725953 -0
    outer loop
      vertex 25.9546 44.2559 50
      vertex 25.9033 44.3045 42
      vertex 25.9546 44.2559 42
    endloop
  endfacet
  facet normal -0.725953 -0.687745 0
    outer loop
      vertex 26.0032 44.2046 42
      vertex 25.9546 44.2559 50
      vertex 25.9546 44.2559 42
    endloop
  endfacet
  facet normal -0.725953 -0.687745 0
    outer loop
      vertex 25.9546 44.2559 50
      vertex 26.0032 44.2046 42
      vertex 26.0032 44.2046 50
    endloop
  endfacet
  facet normal 0.431305 -0.902206 0
    outer loop
      vertex 24.3871 44.5041 42
      vertex 24.4509 44.5346 50
      vertex 24.3871 44.5041 50
    endloop
  endfacet
  facet normal 0.431305 -0.902206 0
    outer loop
      vertex 24.4509 44.5346 50
      vertex 24.3871 44.5041 42
      vertex 24.4509 44.5346 42
    endloop
  endfacet
  facet normal -0.792992 0.609232 0
    outer loop
      vertex 26.0491 42.4517 42
      vertex 26.0922 42.5078 50
      vertex 26.0922 42.5078 42
    endloop
  endfacet
  facet normal -0.792992 0.609232 0
    outer loop
      vertex 26.0922 42.5078 50
      vertex 26.0491 42.4517 42
      vertex 26.0491 42.4517 50
    endloop
  endfacet
  facet normal -0.942729 -0.333559 0
    outer loop
      vertex 26.2839 43.7184 42
      vertex 26.2603 43.7851 50
      vertex 26.2603 43.7851 42
    endloop
  endfacet
  facet normal -0.942729 -0.333559 0
    outer loop
      vertex 26.2603 43.7851 50
      vertex 26.2839 43.7184 42
      vertex 26.2839 43.7184 50
    endloop
  endfacet
  facet normal -0.972349 0.233534 0
    outer loop
      vertex 26.304 42.9519 42
      vertex 26.3205 43.0206 50
      vertex 26.3205 43.0206 42
    endloop
  endfacet
  facet normal -0.972349 0.233534 0
    outer loop
      vertex 26.3205 43.0206 50
      vertex 26.304 42.9519 42
      vertex 26.304 42.9519 50
    endloop
  endfacet
  facet normal 0.334004 -0.942572 0
    outer loop
      vertex 24.5162 44.5616 42
      vertex 24.5828 44.5852 50
      vertex 24.5162 44.5616 50
    endloop
  endfacet
  facet normal 0.334004 -0.942572 0
    outer loop
      vertex 24.5828 44.5852 50
      vertex 24.5162 44.5616 42
      vertex 24.5828 44.5852 42
    endloop
  endfacet
  facet normal 0.942729 -0.333559 0
    outer loop
      vertex 23.7161 43.7184 50
      vertex 23.7397 43.7851 42
      vertex 23.7397 43.7851 50
    endloop
  endfacet
  facet normal 0.942729 -0.333559 0
    outer loop
      vertex 23.7397 43.7851 42
      vertex 23.7161 43.7184 50
      vertex 23.7161 43.7184 42
    endloop
  endfacet
  facet normal -0.131515 -0.991314 0
    outer loop
      vertex 25.1411 44.6439 42
      vertex 25.2112 44.6346 50
      vertex 25.1411 44.6439 50
    endloop
  endfacet
  facet normal -0.131515 -0.991314 -0
    outer loop
      vertex 25.2112 44.6346 50
      vertex 25.1411 44.6439 42
      vertex 25.2112 44.6346 42
    endloop
  endfacet
  facet normal -0.334004 -0.942572 0
    outer loop
      vertex 25.4172 44.5852 42
      vertex 25.4838 44.5616 50
      vertex 25.4172 44.5852 50
    endloop
  endfacet
  facet normal -0.334004 -0.942572 -0
    outer loop
      vertex 25.4838 44.5616 50
      vertex 25.4172 44.5852 42
      vertex 25.4838 44.5616 42
    endloop
  endfacet
  facet normal 0.92412 0.382102 0
    outer loop
      vertex 23.7667 42.7522 50
      vertex 23.7397 42.8175 42
      vertex 23.7397 42.8175 50
    endloop
  endfacet
  facet normal 0.92412 0.382102 0
    outer loop
      vertex 23.7397 42.8175 42
      vertex 23.7667 42.7522 50
      vertex 23.7667 42.7522 42
    endloop
  endfacet
  facet normal -0.233534 -0.972349 0
    outer loop
      vertex 25.2807 44.6218 42
      vertex 25.3494 44.6053 50
      vertex 25.2807 44.6218 50
    endloop
  endfacet
  facet normal -0.233534 -0.972349 -0
    outer loop
      vertex 25.3494 44.6053 50
      vertex 25.2807 44.6218 42
      vertex 25.3494 44.6053 42
    endloop
  endfacet
  facet normal -0.566409 0.824125 0
    outer loop
      vertex 25.7935 42.2091 42
      vertex 25.7353 42.1691 50
      vertex 25.7935 42.2091 50
    endloop
  endfacet
  facet normal -0.566409 0.824125 0
    outer loop
      vertex 25.7353 42.1691 50
      vertex 25.7935 42.2091 42
      vertex 25.7353 42.1691 42
    endloop
  endfacet
  facet normal -0.649742 -0.760155 0
    outer loop
      vertex 25.8496 44.3504 42
      vertex 25.9033 44.3045 50
      vertex 25.8496 44.3504 50
    endloop
  endfacet
  facet normal -0.649742 -0.760155 -0
    outer loop
      vertex 25.9033 44.3045 50
      vertex 25.8496 44.3504 42
      vertex 25.9033 44.3045 42
    endloop
  endfacet
  facet normal -0.431305 -0.902206 0
    outer loop
      vertex 25.5491 44.5346 42
      vertex 25.6129 44.5041 50
      vertex 25.5491 44.5346 50
    endloop
  endfacet
  facet normal -0.431305 -0.902206 -0
    outer loop
      vertex 25.6129 44.5041 50
      vertex 25.5491 44.5346 42
      vertex 25.6129 44.5041 42
    endloop
  endfacet
  facet normal -0.972349 -0.233534 0
    outer loop
      vertex 26.3205 43.582 42
      vertex 26.304 43.6507 50
      vertex 26.304 43.6507 42
    endloop
  endfacet
  facet normal -0.972349 -0.233534 0
    outer loop
      vertex 26.304 43.6507 50
      vertex 26.3205 43.582 42
      vertex 26.3205 43.582 50
    endloop
  endfacet
  facet normal 0.760155 -0.649742 0
    outer loop
      vertex 23.9509 44.1509 50
      vertex 23.9968 44.2046 42
      vertex 23.9968 44.2046 50
    endloop
  endfacet
  facet normal 0.760155 -0.649742 0
    outer loop
      vertex 23.9968 44.2046 42
      vertex 23.9509 44.1509 50
      vertex 23.9509 44.1509 42
    endloop
  endfacet
  facet normal -0.878328 0.478059 0
    outer loop
      vertex 26.1691 42.6263 42
      vertex 26.2029 42.6884 50
      vertex 26.2029 42.6884 42
    endloop
  endfacet
  facet normal -0.878328 0.478059 0
    outer loop
      vertex 26.2029 42.6884 50
      vertex 26.1691 42.6263 42
      vertex 26.1691 42.6263 50
    endloop
  endfacet
  facet normal -0.852967 0.521965 0
    outer loop
      vertex 26.1322 42.566 42
      vertex 26.1691 42.6263 50
      vertex 26.1691 42.6263 42
    endloop
  endfacet
  facet normal -0.852967 0.521965 0
    outer loop
      vertex 26.1691 42.6263 50
      vertex 26.1322 42.566 42
      vertex 26.1322 42.566 50
    endloop
  endfacet
  facet normal -0.284233 -0.958755 0
    outer loop
      vertex 25.3494 44.6053 42
      vertex 25.4172 44.5852 50
      vertex 25.3494 44.6053 50
    endloop
  endfacet
  facet normal -0.284233 -0.958755 -0
    outer loop
      vertex 25.4172 44.5852 50
      vertex 25.3494 44.6053 42
      vertex 25.4172 44.5852 42
    endloop
  endfacet
  facet normal 0.233534 0.972349 -0
    outer loop
      vertex 24.7193 41.9808 42
      vertex 24.6506 41.9973 50
      vertex 24.7193 41.9808 50
    endloop
  endfacet
  facet normal 0.233534 0.972349 0
    outer loop
      vertex 24.6506 41.9973 50
      vertex 24.7193 41.9808 42
      vertex 24.6506 41.9973 42
    endloop
  endfacet
  facet normal -0.608342 0.793675 0
    outer loop
      vertex 25.8496 42.2521 42
      vertex 25.7935 42.2091 50
      vertex 25.8496 42.2521 50
    endloop
  endfacet
  facet normal -0.608342 0.793675 0
    outer loop
      vertex 25.7935 42.2091 50
      vertex 25.8496 42.2521 42
      vertex 25.7935 42.2091 42
    endloop
  endfacet
  facet normal -0.181126 -0.98346 0
    outer loop
      vertex 25.2112 44.6346 42
      vertex 25.2807 44.6218 50
      vertex 25.2112 44.6346 50
    endloop
  endfacet
  facet normal -0.181126 -0.98346 -0
    outer loop
      vertex 25.2807 44.6218 50
      vertex 25.2112 44.6346 42
      vertex 25.2807 44.6218 42
    endloop
  endfacet
  facet normal -0.999639 0.0268644 0
    outer loop
      vertex 26.3481 43.2306 42
      vertex 26.35 43.3013 50
      vertex 26.35 43.3013 42
    endloop
  endfacet
  facet normal -0.999639 0.0268644 0
    outer loop
      vertex 26.35 43.3013 50
      vertex 26.3481 43.2306 42
      vertex 26.3481 43.2306 50
    endloop
  endfacet
  facet normal 0.182495 0.983207 -0
    outer loop
      vertex 24.7888 41.9679 42
      vertex 24.7193 41.9808 50
      vertex 24.7888 41.9679 50
    endloop
  endfacet
  facet normal 0.182495 0.983207 0
    outer loop
      vertex 24.7193 41.9808 50
      vertex 24.7888 41.9679 42
      vertex 24.7193 41.9808 42
    endloop
  endfacet
  facet normal 0.852967 0.521965 0
    outer loop
      vertex 23.8678 42.566 50
      vertex 23.8309 42.6263 42
      vertex 23.8309 42.6263 50
    endloop
  endfacet
  facet normal 0.852967 0.521965 0
    outer loop
      vertex 23.8309 42.6263 42
      vertex 23.8678 42.566 50
      vertex 23.8678 42.566 42
    endloop
  endfacet
  facet normal 0.824578 -0.565748 0
    outer loop
      vertex 23.8678 44.0365 50
      vertex 23.9078 44.0948 42
      vertex 23.9078 44.0948 50
    endloop
  endfacet
  facet normal 0.824578 -0.565748 0
    outer loop
      vertex 23.9078 44.0948 42
      vertex 23.8678 44.0365 50
      vertex 23.8678 44.0365 42
    endloop
  endfacet
  facet normal 0.383309 0.92362 -0
    outer loop
      vertex 24.5162 42.0409 42
      vertex 24.4509 42.068 50
      vertex 24.5162 42.0409 50
    endloop
  endfacet
  facet normal 0.383309 0.92362 0
    outer loop
      vertex 24.4509 42.068 50
      vertex 24.5162 42.0409 42
      vertex 24.4509 42.068 42
    endloop
  endfacet
  facet normal 0.130125 0.991498 -0
    outer loop
      vertex 24.8589 41.9587 42
      vertex 24.7888 41.9679 50
      vertex 24.8589 41.9587 50
    endloop
  endfacet
  facet normal 0.130125 0.991498 0
    outer loop
      vertex 24.7888 41.9679 50
      vertex 24.8589 41.9587 42
      vertex 24.7888 41.9679 42
    endloop
  endfacet
  facet normal -0.334004 0.942572 0
    outer loop
      vertex 25.4838 42.0409 42
      vertex 25.4172 42.0173 50
      vertex 25.4838 42.0409 50
    endloop
  endfacet
  facet normal -0.334004 0.942572 0
    outer loop
      vertex 25.4172 42.0173 50
      vertex 25.4838 42.0409 42
      vertex 25.4172 42.0173 42
    endloop
  endfacet
  facet normal 0.972349 0.233534 0
    outer loop
      vertex 23.696 42.9519 50
      vertex 23.6795 43.0206 42
      vertex 23.6795 43.0206 50
    endloop
  endfacet
  facet normal 0.972349 0.233534 0
    outer loop
      vertex 23.6795 43.0206 42
      vertex 23.696 42.9519 50
      vertex 23.696 42.9519 42
    endloop
  endfacet
  facet normal -0.824578 -0.565748 0
    outer loop
      vertex 26.1322 44.0365 42
      vertex 26.0922 44.0948 50
      vertex 26.0922 44.0948 42
    endloop
  endfacet
  facet normal -0.824578 -0.565748 0
    outer loop
      vertex 26.0922 44.0948 50
      vertex 26.1322 44.0365 42
      vertex 26.1322 44.0365 50
    endloop
  endfacet
  facet normal -0.792992 -0.609232 0
    outer loop
      vertex 26.0922 44.0948 42
      vertex 26.0491 44.1509 50
      vertex 26.0491 44.1509 42
    endloop
  endfacet
  facet normal -0.792992 -0.609232 0
    outer loop
      vertex 26.0491 44.1509 50
      vertex 26.0922 44.0948 42
      vertex 26.0922 44.0948 50
    endloop
  endfacet
  facet normal 0.996962 0.0778877 0
    outer loop
      vertex 23.6574 43.1602 50
      vertex 23.6519 43.2306 42
      vertex 23.6519 43.2306 50
    endloop
  endfacet
  facet normal 0.996962 0.0778877 0
    outer loop
      vertex 23.6519 43.2306 42
      vertex 23.6574 43.1602 50
      vertex 23.6574 43.1602 42
    endloop
  endfacet
  facet normal 0.334004 0.942572 -0
    outer loop
      vertex 24.5828 42.0173 42
      vertex 24.5162 42.0409 50
      vertex 24.5828 42.0173 50
    endloop
  endfacet
  facet normal 0.334004 0.942572 0
    outer loop
      vertex 24.5162 42.0409 50
      vertex 24.5828 42.0173 42
      vertex 24.5162 42.0409 42
    endloop
  endfacet
  facet normal -0.608342 -0.793675 0
    outer loop
      vertex 25.7935 44.3934 42
      vertex 25.8496 44.3504 50
      vertex 25.7935 44.3934 50
    endloop
  endfacet
  facet normal -0.608342 -0.793675 -0
    outer loop
      vertex 25.8496 44.3504 50
      vertex 25.7935 44.3934 42
      vertex 25.8496 44.3504 42
    endloop
  endfacet
  facet normal 0.282932 0.95914 -0
    outer loop
      vertex 24.6506 41.9973 42
      vertex 24.5828 42.0173 50
      vertex 24.6506 41.9973 50
    endloop
  endfacet
  facet normal 0.282932 0.95914 0
    outer loop
      vertex 24.5828 42.0173 50
      vertex 24.6506 41.9973 42
      vertex 24.5828 42.0173 42
    endloop
  endfacet
  facet normal 0.983207 0.182495 0
    outer loop
      vertex 23.6795 43.0206 50
      vertex 23.6666 43.0901 42
      vertex 23.6666 43.0901 50
    endloop
  endfacet
  facet normal 0.983207 0.182495 0
    outer loop
      vertex 23.6666 43.0901 42
      vertex 23.6795 43.0206 50
      vertex 23.6795 43.0206 42
    endloop
  endfacet
  facet normal 0.999638 -0.0269024 0
    outer loop
      vertex 23.65 43.3013 50
      vertex 23.6519 43.3719 42
      vertex 23.6519 43.3719 50
    endloop
  endfacet
  facet normal 0.999638 -0.0269024 0
    outer loop
      vertex 23.6519 43.3719 42
      vertex 23.65 43.3013 50
      vertex 23.65 43.3013 42
    endloop
  endfacet
  facet normal 0.902756 -0.430153 0
    outer loop
      vertex 23.7667 43.8504 50
      vertex 23.7971 43.9142 42
      vertex 23.7971 43.9142 50
    endloop
  endfacet
  facet normal 0.902756 -0.430153 0
    outer loop
      vertex 23.7971 43.9142 42
      vertex 23.7667 43.8504 50
      vertex 23.7667 43.8504 42
    endloop
  endfacet
  facet normal 0.131515 -0.991314 0
    outer loop
      vertex 24.7888 44.6346 42
      vertex 24.8589 44.6439 50
      vertex 24.7888 44.6346 50
    endloop
  endfacet
  facet normal 0.131515 -0.991314 0
    outer loop
      vertex 24.8589 44.6439 50
      vertex 24.7888 44.6346 42
      vertex 24.8589 44.6439 42
    endloop
  endfacet
  facet normal 0.725953 -0.687745 0
    outer loop
      vertex 23.9968 44.2046 50
      vertex 24.0454 44.2559 42
      vertex 24.0454 44.2559 50
    endloop
  endfacet
  facet normal 0.725953 -0.687745 0
    outer loop
      vertex 24.0454 44.2559 42
      vertex 23.9968 44.2046 50
      vertex 23.9968 44.2046 42
    endloop
  endfacet
  facet normal 0.852581 -0.522595 0
    outer loop
      vertex 23.8309 43.9763 50
      vertex 23.8678 44.0365 42
      vertex 23.8678 44.0365 50
    endloop
  endfacet
  facet normal 0.852581 -0.522595 0
    outer loop
      vertex 23.8678 44.0365 42
      vertex 23.8309 43.9763 50
      vertex 23.8309 43.9763 42
    endloop
  endfacet
  facet normal 0.0268644 -0.999639 0
    outer loop
      vertex 24.9293 44.6494 42
      vertex 25 44.6513 50
      vertex 24.9293 44.6494 50
    endloop
  endfacet
  facet normal 0.0268644 -0.999639 0
    outer loop
      vertex 25 44.6513 50
      vertex 24.9293 44.6494 42
      vertex 25 44.6513 42
    endloop
  endfacet
  facet normal -0.688489 0.725246 0
    outer loop
      vertex 25.9546 42.3467 42
      vertex 25.9033 42.298 50
      vertex 25.9546 42.3467 50
    endloop
  endfacet
  facet normal -0.688489 0.725246 0
    outer loop
      vertex 25.9033 42.298 50
      vertex 25.9546 42.3467 42
      vertex 25.9033 42.298 42
    endloop
  endfacet
  facet normal -0.282932 0.95914 0
    outer loop
      vertex 25.4172 42.0173 42
      vertex 25.3494 41.9973 50
      vertex 25.4172 42.0173 50
    endloop
  endfacet
  facet normal -0.282932 0.95914 0
    outer loop
      vertex 25.3494 41.9973 50
      vertex 25.4172 42.0173 42
      vertex 25.3494 41.9973 42
    endloop
  endfacet
  facet normal -0.130125 0.991498 0
    outer loop
      vertex 25.2112 41.9679 42
      vertex 25.1411 41.9587 50
      vertex 25.2112 41.9679 50
    endloop
  endfacet
  facet normal -0.130125 0.991498 0
    outer loop
      vertex 25.1411 41.9587 50
      vertex 25.2112 41.9679 42
      vertex 25.1411 41.9587 42
    endloop
  endfacet
  facet normal -0.233534 0.972349 0
    outer loop
      vertex 25.3494 41.9973 42
      vertex 25.2807 41.9808 50
      vertex 25.3494 41.9973 50
    endloop
  endfacet
  facet normal -0.233534 0.972349 0
    outer loop
      vertex 25.2807 41.9808 50
      vertex 25.3494 41.9973 42
      vertex 25.2807 41.9808 42
    endloop
  endfacet
  facet normal 0.649742 -0.760155 0
    outer loop
      vertex 24.0967 44.3045 42
      vertex 24.1504 44.3504 50
      vertex 24.0967 44.3045 50
    endloop
  endfacet
  facet normal 0.649742 -0.760155 0
    outer loop
      vertex 24.1504 44.3504 50
      vertex 24.0967 44.3045 42
      vertex 24.1504 44.3504 42
    endloop
  endfacet
  facet normal 0.688489 0.725246 -0
    outer loop
      vertex 24.0967 42.298 42
      vertex 24.0454 42.3467 50
      vertex 24.0967 42.298 50
    endloop
  endfacet
  facet normal 0.688489 0.725246 0
    outer loop
      vertex 24.0454 42.3467 50
      vertex 24.0967 42.298 42
      vertex 24.0454 42.3467 42
    endloop
  endfacet
  facet normal -0.824125 0.566409 0
    outer loop
      vertex 26.0922 42.5078 42
      vertex 26.1322 42.566 50
      vertex 26.1322 42.566 42
    endloop
  endfacet
  facet normal -0.824125 0.566409 0
    outer loop
      vertex 26.1322 42.566 50
      vertex 26.0922 42.5078 42
      vertex 26.0922 42.5078 50
    endloop
  endfacet
  facet normal 0.608342 -0.793675 0
    outer loop
      vertex 24.1504 44.3504 42
      vertex 24.2065 44.3934 50
      vertex 24.1504 44.3504 50
    endloop
  endfacet
  facet normal 0.608342 -0.793675 0
    outer loop
      vertex 24.2065 44.3934 50
      vertex 24.1504 44.3504 42
      vertex 24.2065 44.3934 42
    endloop
  endfacet
  facet normal -0.182495 0.983207 0
    outer loop
      vertex 25.2807 41.9808 42
      vertex 25.2112 41.9679 50
      vertex 25.2807 41.9808 50
    endloop
  endfacet
  facet normal -0.182495 0.983207 0
    outer loop
      vertex 25.2112 41.9679 50
      vertex 25.2807 41.9808 42
      vertex 25.2112 41.9679 42
    endloop
  endfacet
  facet normal 0.972349 -0.233534 0
    outer loop
      vertex 23.6795 43.582 50
      vertex 23.696 43.6507 42
      vertex 23.696 43.6507 50
    endloop
  endfacet
  facet normal 0.972349 -0.233534 0
    outer loop
      vertex 23.696 43.6507 42
      vertex 23.6795 43.582 50
      vertex 23.6795 43.582 42
    endloop
  endfacet
  facet normal -0.649742 0.760155 0
    outer loop
      vertex 25.9033 42.298 42
      vertex 25.8496 42.2521 50
      vertex 25.9033 42.298 50
    endloop
  endfacet
  facet normal -0.649742 0.760155 0
    outer loop
      vertex 25.8496 42.2521 50
      vertex 25.9033 42.298 42
      vertex 25.8496 42.2521 42
    endloop
  endfacet
  facet normal -0.760155 -0.649742 0
    outer loop
      vertex 26.0491 44.1509 42
      vertex 26.0032 44.2046 50
      vertex 26.0032 44.2046 42
    endloop
  endfacet
  facet normal -0.760155 -0.649742 0
    outer loop
      vertex 26.0032 44.2046 50
      vertex 26.0491 44.1509 42
      vertex 26.0491 44.1509 50
    endloop
  endfacet
  facet normal -0.383309 0.92362 0
    outer loop
      vertex 25.5491 42.068 42
      vertex 25.4838 42.0409 50
      vertex 25.5491 42.068 50
    endloop
  endfacet
  facet normal -0.383309 0.92362 0
    outer loop
      vertex 25.4838 42.0409 50
      vertex 25.5491 42.068 42
      vertex 25.4838 42.0409 42
    endloop
  endfacet
  facet normal 0.079295 0.996851 -0
    outer loop
      vertex 24.9293 41.9531 42
      vertex 24.8589 41.9587 50
      vertex 24.9293 41.9531 50
    endloop
  endfacet
  facet normal 0.079295 0.996851 0
    outer loop
      vertex 24.8589 41.9587 50
      vertex 24.9293 41.9531 42
      vertex 24.8589 41.9587 42
    endloop
  endfacet
  facet normal 0.521965 -0.852967 0
    outer loop
      vertex 24.2647 44.4335 42
      vertex 24.325 44.4704 50
      vertex 24.2647 44.4335 50
    endloop
  endfacet
  facet normal 0.521965 -0.852967 0
    outer loop
      vertex 24.325 44.4704 50
      vertex 24.2647 44.4335 42
      vertex 24.325 44.4704 42
    endloop
  endfacet
  facet normal 0.233534 -0.972349 0
    outer loop
      vertex 24.6506 44.6053 42
      vertex 24.7193 44.6218 50
      vertex 24.6506 44.6053 50
    endloop
  endfacet
  facet normal 0.233534 -0.972349 0
    outer loop
      vertex 24.7193 44.6218 50
      vertex 24.6506 44.6053 42
      vertex 24.7193 44.6218 42
    endloop
  endfacet
  facet normal 0.983207 -0.182495 0
    outer loop
      vertex 23.6666 43.5125 50
      vertex 23.6795 43.582 42
      vertex 23.6795 43.582 50
    endloop
  endfacet
  facet normal 0.983207 -0.182495 0
    outer loop
      vertex 23.6795 43.582 42
      vertex 23.6666 43.5125 50
      vertex 23.6666 43.5125 42
    endloop
  endfacet
  facet normal 0.991498 -0.130125 0
    outer loop
      vertex 23.6574 43.4424 50
      vertex 23.6666 43.5125 42
      vertex 23.6666 43.5125 50
    endloop
  endfacet
  facet normal 0.991498 -0.130125 0
    outer loop
      vertex 23.6666 43.5125 42
      vertex 23.6574 43.4424 50
      vertex 23.6574 43.4424 42
    endloop
  endfacet
  facet normal 0.284233 -0.958755 0
    outer loop
      vertex 24.5828 44.5852 42
      vertex 24.6506 44.6053 50
      vertex 24.5828 44.5852 50
    endloop
  endfacet
  facet normal 0.284233 -0.958755 0
    outer loop
      vertex 24.6506 44.6053 50
      vertex 24.5828 44.5852 42
      vertex 24.6506 44.6053 42
    endloop
  endfacet
  facet normal 0.476967 0.878921 -0
    outer loop
      vertex 24.3871 42.0984 42
      vertex 24.325 42.1321 50
      vertex 24.3871 42.0984 50
    endloop
  endfacet
  facet normal 0.476967 0.878921 0
    outer loop
      vertex 24.325 42.1321 50
      vertex 24.3871 42.0984 42
      vertex 24.325 42.1321 42
    endloop
  endfacet
  facet normal 0.958755 0.284233 0
    outer loop
      vertex 23.7161 42.8841 50
      vertex 23.696 42.9519 42
      vertex 23.696 42.9519 50
    endloop
  endfacet
  facet normal 0.958755 0.284233 0
    outer loop
      vertex 23.696 42.9519 42
      vertex 23.7161 42.8841 50
      vertex 23.7161 42.8841 42
    endloop
  endfacet
  facet normal -0.92412 0.382102 0
    outer loop
      vertex 26.2333 42.7522 42
      vertex 26.2603 42.8175 50
      vertex 26.2603 42.8175 42
    endloop
  endfacet
  facet normal -0.92412 0.382102 0
    outer loop
      vertex 26.2603 42.8175 50
      vertex 26.2333 42.7522 42
      vertex 26.2333 42.7522 50
    endloop
  endfacet
  facet normal -0.942572 0.334004 0
    outer loop
      vertex 26.2603 42.8175 42
      vertex 26.2839 42.8841 50
      vertex 26.2839 42.8841 42
    endloop
  endfacet
  facet normal -0.942572 0.334004 0
    outer loop
      vertex 26.2839 42.8841 50
      vertex 26.2603 42.8175 42
      vertex 26.2603 42.8175 50
    endloop
  endfacet
  facet normal 0.649742 0.760155 -0
    outer loop
      vertex 24.1504 42.2521 42
      vertex 24.0967 42.298 50
      vertex 24.1504 42.2521 50
    endloop
  endfacet
  facet normal 0.649742 0.760155 0
    outer loop
      vertex 24.0967 42.298 50
      vertex 24.1504 42.2521 42
      vertex 24.0967 42.298 42
    endloop
  endfacet
  facet normal 0.522993 0.852337 -0
    outer loop
      vertex 24.325 42.1321 42
      vertex 24.2647 42.1691 50
      vertex 24.325 42.1321 50
    endloop
  endfacet
  facet normal 0.522993 0.852337 0
    outer loop
      vertex 24.2647 42.1691 50
      vertex 24.325 42.1321 42
      vertex 24.2647 42.1691 42
    endloop
  endfacet
  facet normal 0.476967 -0.878921 0
    outer loop
      vertex 24.325 44.4704 42
      vertex 24.3871 44.5041 50
      vertex 24.325 44.4704 50
    endloop
  endfacet
  facet normal 0.476967 -0.878921 0
    outer loop
      vertex 24.3871 44.5041 50
      vertex 24.325 44.4704 42
      vertex 24.3871 44.5041 42
    endloop
  endfacet
  facet normal 0.608342 0.793675 -0
    outer loop
      vertex 24.2065 42.2091 42
      vertex 24.1504 42.2521 50
      vertex 24.2065 42.2091 50
    endloop
  endfacet
  facet normal 0.608342 0.793675 0
    outer loop
      vertex 24.1504 42.2521 50
      vertex 24.2065 42.2091 42
      vertex 24.1504 42.2521 42
    endloop
  endfacet
  facet normal 0.996907 0.0785852 0
    outer loop
      vertex -46.5048 0.183175 50
      vertex -46.5192 0.365849 3
      vertex -46.5192 0.365849 50
    endloop
  endfacet
  facet normal 0.996907 0.0785852 0
    outer loop
      vertex -46.5192 0.365849 3
      vertex -46.5048 0.183175 50
      vertex -46.5048 0.183175 3
    endloop
  endfacet
  facet normal 0.999657 0.0261955 0
    outer loop
      vertex -46.5 0 50
      vertex -46.5048 0.183175 3
      vertex -46.5048 0.183175 50
    endloop
  endfacet
  facet normal 0.999657 0.0261955 0
    outer loop
      vertex -46.5048 0.183175 3
      vertex -46.5 0 50
      vertex -46.5 0 3
    endloop
  endfacet
  facet normal 0.991457 0.130433 0
    outer loop
      vertex -46.5192 0.365849 50
      vertex -46.5431 0.54752 3
      vertex -46.5431 0.54752 50
    endloop
  endfacet
  facet normal 0.991457 0.130433 0
    outer loop
      vertex -46.5431 0.54752 3
      vertex -46.5192 0.365849 50
      vertex -46.5192 0.365849 3
    endloop
  endfacet
  facet normal 0.688419 -0.725313 0
    outer loop
      vertex -47.658 -2.60101 3
      vertex -47.5251 -2.47487 50
      vertex -47.658 -2.60101 50
    endloop
  endfacet
  facet normal 0.688419 -0.725313 0
    outer loop
      vertex -47.5251 -2.47487 50
      vertex -47.658 -2.60101 3
      vertex -47.5251 -2.47487 3
    endloop
  endfacet
  facet normal -0.477218 0.878785 0
    outer loop
      vertex -51.589 3.11852 3
      vertex -51.75 3.03109 50
      vertex -51.589 3.11852 50
    endloop
  endfacet
  facet normal -0.477218 0.878785 0
    outer loop
      vertex -51.75 3.03109 50
      vertex -51.589 3.11852 3
      vertex -51.75 3.03109 3
    endloop
  endfacet
  facet normal 0.430503 0.902589 -0
    outer loop
      vertex -48.411 3.11852 3
      vertex -48.5764 3.19741 50
      vertex -48.411 3.11852 50
    endloop
  endfacet
  facet normal 0.430503 0.902589 0
    outer loop
      vertex -48.5764 3.19741 50
      vertex -48.411 3.11852 3
      vertex -48.5764 3.19741 3
    endloop
  endfacet
  facet normal -0.333873 -0.942618 0
    outer loop
      vertex -51.2543 -3.26753 3
      vertex -51.0816 -3.3287 50
      vertex -51.2543 -3.26753 50
    endloop
  endfacet
  facet normal -0.333873 -0.942618 -0
    outer loop
      vertex -51.0816 -3.3287 50
      vertex -51.2543 -3.26753 3
      vertex -51.0816 -3.3287 3
    endloop
  endfacet
  facet normal -0.130519 -0.991446 0
    outer loop
      vertex -50.5475 -3.45691 3
      vertex -50.3658 -3.48083 50
      vertex -50.5475 -3.45691 50
    endloop
  endfacet
  facet normal -0.130519 -0.991446 -0
    outer loop
      vertex -50.3658 -3.48083 50
      vertex -50.5475 -3.45691 3
      vertex -50.3658 -3.48083 3
    endloop
  endfacet
  facet normal 0.902558 0.430569 0
    outer loop
      vertex -46.8026 1.42358 50
      vertex -46.8815 1.58897 3
      vertex -46.8815 1.58897 50
    endloop
  endfacet
  facet normal 0.902558 0.430569 0
    outer loop
      vertex -46.8815 1.58897 3
      vertex -46.8026 1.42358 50
      vertex -46.8026 1.42358 3
    endloop
  endfacet
  facet normal 0.130519 -0.991446 0
    outer loop
      vertex -49.6342 -3.48083 3
      vertex -49.4525 -3.45691 50
      vertex -49.6342 -3.48083 50
    endloop
  endfacet
  facet normal 0.130519 -0.991446 0
    outer loop
      vertex -49.4525 -3.45691 50
      vertex -49.6342 -3.48083 3
      vertex -49.4525 -3.45691 3
    endloop
  endfacet
  facet normal 0.972341 -0.233568 0
    outer loop
      vertex -46.6193 -0.905867 50
      vertex -46.5765 -0.727691 3
      vertex -46.5765 -0.727691 50
    endloop
  endfacet
  facet normal 0.972341 -0.233568 0
    outer loop
      vertex -46.5765 -0.727691 3
      vertex -46.6193 -0.905867 50
      vertex -46.6193 -0.905867 3
    endloop
  endfacet
  facet normal 0.0261919 0.999657 -0
    outer loop
      vertex -49.8168 3.4952 3
      vertex -50 3.5 50
      vertex -49.8168 3.4952 50
    endloop
  endfacet
  facet normal 0.0261919 0.999657 0
    outer loop
      vertex -50 3.5 50
      vertex -49.8168 3.4952 3
      vertex -50 3.5 3
    endloop
  endfacet
  facet normal -0.078454 -0.996918 0
    outer loop
      vertex -50.3658 -3.48083 3
      vertex -50.1832 -3.4952 50
      vertex -50.3658 -3.48083 50
    endloop
  endfacet
  facet normal -0.078454 -0.996918 -0
    outer loop
      vertex -50.1832 -3.4952 50
      vertex -50.3658 -3.48083 3
      vertex -50.1832 -3.4952 3
    endloop
  endfacet
  facet normal 0.608695 0.793404 -0
    outer loop
      vertex -47.7974 2.72001 3
      vertex -47.9428 2.83156 50
      vertex -47.7974 2.72001 50
    endloop
  endfacet
  facet normal 0.608695 0.793404 0
    outer loop
      vertex -47.9428 2.83156 50
      vertex -47.7974 2.72001 3
      vertex -47.9428 2.83156 3
    endloop
  endfacet
  facet normal 0.333873 -0.942618 0
    outer loop
      vertex -48.9184 -3.3287 3
      vertex -48.7457 -3.26753 50
      vertex -48.9184 -3.3287 50
    endloop
  endfacet
  facet normal 0.333873 -0.942618 0
    outer loop
      vertex -48.7457 -3.26753 50
      vertex -48.9184 -3.3287 3
      vertex -48.7457 -3.26753 3
    endloop
  endfacet
  facet normal 0.608695 -0.793404 0
    outer loop
      vertex -47.9428 -2.83156 3
      vertex -47.7974 -2.72001 50
      vertex -47.9428 -2.83156 50
    endloop
  endfacet
  facet normal 0.608695 -0.793404 0
    outer loop
      vertex -47.7974 -2.72001 50
      vertex -47.9428 -2.83156 3
      vertex -47.7974 -2.72001 3
    endloop
  endfacet
  facet normal 0.923922 0.38258 0
    outer loop
      vertex -46.7325 1.25429 50
      vertex -46.8026 1.42358 3
      vertex -46.8026 1.42358 50
    endloop
  endfacet
  facet normal 0.923922 0.38258 0
    outer loop
      vertex -46.8026 1.42358 3
      vertex -46.7325 1.25429 50
      vertex -46.7325 1.25429 3
    endloop
  endfacet
  facet normal 0.996907 -0.0785852 0
    outer loop
      vertex -46.5192 -0.365849 50
      vertex -46.5048 -0.183175 3
      vertex -46.5048 -0.183175 50
    endloop
  endfacet
  facet normal 0.996907 -0.0785852 0
    outer loop
      vertex -46.5048 -0.183175 3
      vertex -46.5192 -0.365849 50
      vertex -46.5192 -0.365849 3
    endloop
  endfacet
  facet normal 0.942585 -0.333967 0
    outer loop
      vertex -46.7325 -1.25429 50
      vertex -46.6713 -1.08156 3
      vertex -46.6713 -1.08156 50
    endloop
  endfacet
  facet normal 0.942585 -0.333967 0
    outer loop
      vertex -46.6713 -1.08156 3
      vertex -46.7325 -1.25429 50
      vertex -46.7325 -1.25429 3
    endloop
  endfacet
  facet normal 0.182193 0.983263 -0
    outer loop
      vertex -49.2723 3.42352 3
      vertex -49.4525 3.45691 50
      vertex -49.2723 3.42352 50
    endloop
  endfacet
  facet normal 0.182193 0.983263 0
    outer loop
      vertex -49.4525 3.45691 50
      vertex -49.2723 3.42352 3
      vertex -49.4525 3.45691 3
    endloop
  endfacet
  facet normal 0.878891 -0.477023 0
    outer loop
      vertex -46.9689 -1.75 50
      vertex -46.8815 -1.58897 3
      vertex -46.8815 -1.58897 50
    endloop
  endfacet
  facet normal 0.878891 -0.477023 0
    outer loop
      vertex -46.8815 -1.58897 3
      vertex -46.9689 -1.75 50
      vertex -46.9689 -1.75 3
    endloop
  endfacet
  facet normal 0.760426 -0.649424 0
    outer loop
      vertex -47.399 -2.34196 50
      vertex -47.28 -2.20262 3
      vertex -47.28 -2.20262 50
    endloop
  endfacet
  facet normal 0.760426 -0.649424 0
    outer loop
      vertex -47.28 -2.20262 3
      vertex -47.399 -2.34196 50
      vertex -47.399 -2.34196 3
    endloop
  endfacet
  facet normal 0.333873 0.942618 -0
    outer loop
      vertex -48.7457 3.26753 3
      vertex -48.9184 3.3287 50
      vertex -48.7457 3.26753 50
    endloop
  endfacet
  facet normal 0.333873 0.942618 0
    outer loop
      vertex -48.9184 3.3287 50
      vertex -48.7457 3.26753 3
      vertex -48.9184 3.3287 3
    endloop
  endfacet
  facet normal 0.958883 0.283801 0
    outer loop
      vertex -46.6193 0.905867 50
      vertex -46.6713 1.08156 3
      vertex -46.6713 1.08156 50
    endloop
  endfacet
  facet normal 0.958883 0.283801 0
    outer loop
      vertex -46.6713 1.08156 3
      vertex -46.6193 0.905867 50
      vertex -46.6193 0.905867 3
    endloop
  endfacet
  facet normal 0.725448 -0.688277 0
    outer loop
      vertex -47.5251 -2.47487 50
      vertex -47.399 -2.34196 3
      vertex -47.399 -2.34196 50
    endloop
  endfacet
  facet normal 0.725448 -0.688277 0
    outer loop
      vertex -47.399 -2.34196 3
      vertex -47.5251 -2.47487 50
      vertex -47.5251 -2.47487 3
    endloop
  endfacet
  facet normal 0.382654 0.923892 -0
    outer loop
      vertex -48.5764 3.19741 3
      vertex -48.7457 3.26753 50
      vertex -48.5764 3.19741 50
    endloop
  endfacet
  facet normal 0.382654 0.923892 0
    outer loop
      vertex -48.7457 3.26753 50
      vertex -48.5764 3.19741 3
      vertex -48.7457 3.26753 3
    endloop
  endfacet
  facet normal 0.942585 0.333967 0
    outer loop
      vertex -46.6713 1.08156 50
      vertex -46.7325 1.25429 3
      vertex -46.7325 1.25429 50
    endloop
  endfacet
  facet normal 0.942585 0.333967 0
    outer loop
      vertex -46.7325 1.25429 3
      vertex -46.6713 1.08156 50
      vertex -46.6713 1.08156 3
    endloop
  endfacet
  facet normal 0.130519 0.991446 -0
    outer loop
      vertex -49.4525 3.45691 3
      vertex -49.6342 3.48083 50
      vertex -49.4525 3.45691 50
    endloop
  endfacet
  facet normal 0.130519 0.991446 0
    outer loop
      vertex -49.6342 3.48083 50
      vertex -49.4525 3.45691 3
      vertex -49.6342 3.48083 3
    endloop
  endfacet
  facet normal 0.725448 0.688277 0
    outer loop
      vertex -47.399 2.34196 50
      vertex -47.5251 2.47487 3
      vertex -47.5251 2.47487 50
    endloop
  endfacet
  facet normal 0.725448 0.688277 0
    outer loop
      vertex -47.5251 2.47487 3
      vertex -47.399 2.34196 50
      vertex -47.399 2.34196 3
    endloop
  endfacet
  facet normal 0.991457 -0.130433 0
    outer loop
      vertex -46.5431 -0.54752 50
      vertex -46.5192 -0.365849 3
      vertex -46.5192 -0.365849 50
    endloop
  endfacet
  facet normal 0.991457 -0.130433 0
    outer loop
      vertex -46.5192 -0.365849 3
      vertex -46.5431 -0.54752 50
      vertex -46.5431 -0.54752 3
    endloop
  endfacet
  facet normal 0.0261919 -0.999657 0
    outer loop
      vertex -50 -3.5 3
      vertex -49.8168 -3.4952 50
      vertex -50 -3.5 50
    endloop
  endfacet
  facet normal 0.0261919 -0.999657 0
    outer loop
      vertex -49.8168 -3.4952 50
      vertex -50 -3.5 3
      vertex -49.8168 -3.4952 3
    endloop
  endfacet
  facet normal -0.078454 0.996918 0
    outer loop
      vertex -50.1832 3.4952 3
      vertex -50.3658 3.48083 50
      vertex -50.1832 3.4952 50
    endloop
  endfacet
  facet normal -0.078454 0.996918 0
    outer loop
      vertex -50.3658 3.48083 50
      vertex -50.1832 3.4952 3
      vertex -50.3658 3.48083 3
    endloop
  endfacet
  facet normal -0.0261919 0.999657 0
    outer loop
      vertex -50 3.5 3
      vertex -50.1832 3.4952 50
      vertex -50 3.5 50
    endloop
  endfacet
  facet normal -0.0261919 0.999657 0
    outer loop
      vertex -50.1832 3.4952 50
      vertex -50 3.5 3
      vertex -50.1832 3.4952 3
    endloop
  endfacet
  facet normal 0.283992 -0.958827 0
    outer loop
      vertex -49.0941 -3.38074 3
      vertex -48.9184 -3.3287 50
      vertex -49.0941 -3.38074 50
    endloop
  endfacet
  facet normal 0.283992 -0.958827 0
    outer loop
      vertex -48.9184 -3.3287 50
      vertex -49.0941 -3.38074 3
      vertex -48.9184 -3.3287 3
    endloop
  endfacet
  facet normal 0.52258 0.85259 -0
    outer loop
      vertex -48.0938 2.93535 3
      vertex -48.25 3.03109 50
      vertex -48.0938 2.93535 50
    endloop
  endfacet
  facet normal 0.52258 0.85259 0
    outer loop
      vertex -48.25 3.03109 50
      vertex -48.0938 2.93535 3
      vertex -48.25 3.03109 3
    endloop
  endfacet
  facet normal -0.283992 0.958827 0
    outer loop
      vertex -50.9059 3.38074 3
      vertex -51.0816 3.3287 50
      vertex -50.9059 3.38074 50
    endloop
  endfacet
  facet normal -0.283992 0.958827 0
    outer loop
      vertex -51.0816 3.3287 50
      vertex -50.9059 3.38074 3
      vertex -51.0816 3.3287 3
    endloop
  endfacet
  facet normal 0.852504 0.522721 0
    outer loop
      vertex -46.9689 1.75 50
      vertex -47.0647 1.90624 3
      vertex -47.0647 1.90624 50
    endloop
  endfacet
  facet normal 0.852504 0.522721 0
    outer loop
      vertex -47.0647 1.90624 3
      vertex -46.9689 1.75 50
      vertex -46.9689 1.75 3
    endloop
  endfacet
  facet normal -0.233435 -0.972372 0
    outer loop
      vertex -50.9059 -3.38074 3
      vertex -50.7277 -3.42352 50
      vertex -50.9059 -3.38074 50
    endloop
  endfacet
  facet normal -0.233435 -0.972372 -0
    outer loop
      vertex -50.7277 -3.42352 50
      vertex -50.9059 -3.38074 3
      vertex -50.7277 -3.42352 3
    endloop
  endfacet
  facet normal 0.958883 -0.283801 0
    outer loop
      vertex -46.6713 -1.08156 50
      vertex -46.6193 -0.905867 3
      vertex -46.6193 -0.905867 50
    endloop
  endfacet
  facet normal 0.958883 -0.283801 0
    outer loop
      vertex -46.6193 -0.905867 3
      vertex -46.6713 -1.08156 50
      vertex -46.6713 -1.08156 3
    endloop
  endfacet
  facet normal -0.52258 0.85259 0
    outer loop
      vertex -51.75 3.03109 3
      vertex -51.9062 2.93535 50
      vertex -51.75 3.03109 50
    endloop
  endfacet
  facet normal -0.52258 0.85259 0
    outer loop
      vertex -51.9062 2.93535 50
      vertex -51.75 3.03109 3
      vertex -51.9062 2.93535 3
    endloop
  endfacet
  facet normal 0.999657 -0.0261955 0
    outer loop
      vertex -46.5048 -0.183175 50
      vertex -46.5 0 3
      vertex -46.5 0 50
    endloop
  endfacet
  facet normal 0.999657 -0.0261955 0
    outer loop
      vertex -46.5 0 3
      vertex -46.5048 -0.183175 50
      vertex -46.5048 -0.183175 3
    endloop
  endfacet
  facet normal 0.078454 -0.996918 0
    outer loop
      vertex -49.8168 -3.4952 3
      vertex -49.6342 -3.48083 50
      vertex -49.8168 -3.4952 50
    endloop
  endfacet
  facet normal 0.078454 -0.996918 0
    outer loop
      vertex -49.6342 -3.48083 50
      vertex -49.8168 -3.4952 3
      vertex -49.6342 -3.48083 3
    endloop
  endfacet
  facet normal 0 0 1
    outer loop
      vertex -48.65 0 50
      vertex -46.5 0 50
      vertex -46.5048 0.183175 50
    endloop
  endfacet
  facet normal 0 0 1
    outer loop
      vertex -48.6519 0.070653 50
      vertex -46.5048 0.183175 50
      vertex -46.5192 0.365849 50
    endloop
  endfacet
  facet normal 0 0 1
    outer loop
      vertex -46.5 0 50
      vertex -48.65 0 50
      vertex -46.5048 -0.183175 50
    endloop
  endfacet
  facet normal 0 0 1
    outer loop
      vertex -48.6574 0.141113 50
      vertex -46.5192 0.365849 50
      vertex -46.5431 0.54752 50
    endloop
  endfacet
  facet normal -0 0 1
    outer loop
      vertex -48.6519 -0.070653 50
      vertex -46.5048 -0.183175 50
      vertex -48.65 0 50
    endloop
  endfacet
  facet normal 0 0 1
    outer loop
      vertex -48.6666 0.211186 50
      vertex -46.5431 0.54752 50
      vertex -46.5765 0.727691 50
    endloop
  endfacet
  facet normal 0 0 1
    outer loop
      vertex -46.5048 -0.183175 50
      vertex -48.6519 -0.070653 50
      vertex -46.5192 -0.365849 50
    endloop
  endfacet
  facet normal 0 0 1
    outer loop
      vertex -48.6795 0.280681 50
      vertex -46.5765 0.727691 50
      vertex -46.6193 0.905867 50
    endloop
  endfacet
  facet normal -0 0 1
    outer loop
      vertex -48.6574 -0.141113 50
      vertex -46.5192 -0.365849 50
      vertex -48.6519 -0.070653 50
    endloop
  endfacet
  facet normal 0 0 1
    outer loop
      vertex -48.696 0.349405 50
      vertex -46.6193 0.905867 50
      vertex -46.6713 1.08156 50
    endloop
  endfacet
  facet normal 0 0 1
    outer loop
      vertex -46.5192 -0.365849 50
      vertex -48.6574 -0.141113 50
      vertex -46.5431 -0.54752 50
    endloop
  endfacet
  facet normal 0 0 1
    outer loop
      vertex -48.7161 0.417172 50
      vertex -46.6713 1.08156 50
      vertex -46.7325 1.25429 50
    endloop
  endfacet
  facet normal -0 0 1
    outer loop
      vertex -48.6666 -0.211186 50
      vertex -46.5431 -0.54752 50
      vertex -48.6574 -0.141113 50
    endloop
  endfacet
  facet normal 0 0 1
    outer loop
      vertex -48.7397 0.483796 50
      vertex -46.7325 1.25429 50
      vertex -46.8026 1.42358 50
    endloop
  endfacet
  facet normal 0 0 1
    outer loop
      vertex -46.5431 -0.54752 50
      vertex -48.6666 -0.211186 50
      vertex -46.5765 -0.727691 50
    endloop
  endfacet
  facet normal 0 0 1
    outer loop
      vertex -48.7667 0.549094 50
      vertex -46.8026 1.42358 50
      vertex -46.8815 1.58897 50
    endloop
  endfacet
  facet normal -0 0 1
    outer loop
      vertex -48.6795 -0.280681 50
      vertex -46.5765 -0.727691 50
      vertex -48.6666 -0.211186 50
    endloop
  endfacet
  facet normal 0 0 1
    outer loop
      vertex -48.7971 0.612886 50
      vertex -46.8815 1.58897 50
      vertex -46.9689 1.75 50
    endloop
  endfacet
  facet normal 0 0 1
    outer loop
      vertex -46.5765 -0.727691 50
      vertex -48.6795 -0.280681 50
      vertex -46.6193 -0.905867 50
    endloop
  endfacet
  facet normal 0 0 1
    outer loop
      vertex -48.8309 0.674999 50
      vertex -46.9689 1.75 50
      vertex -47.0647 1.90624 50
    endloop
  endfacet
  facet normal -0 0 1
    outer loop
      vertex -48.696 -0.349405 50
      vertex -46.6193 -0.905867 50
      vertex -48.6795 -0.280681 50
    endloop
  endfacet
  facet normal 0 0 1
    outer loop
      vertex -48.8678 0.735262 50
      vertex -47.0647 1.90624 50
      vertex -47.1684 2.05725 50
    endloop
  endfacet
  facet normal 0 0 1
    outer loop
      vertex -46.6193 -0.905867 50
      vertex -48.696 -0.349405 50
      vertex -46.6713 -1.08156 50
    endloop
  endfacet
  facet normal 0 0 1
    outer loop
      vertex -48.9078 0.793509 50
      vertex -47.1684 2.05725 50
      vertex -47.28 2.20262 50
    endloop
  endfacet
  facet normal -0 0 1
    outer loop
      vertex -48.7161 -0.417172 50
      vertex -46.6713 -1.08156 50
      vertex -48.696 -0.349405 50
    endloop
  endfacet
  facet normal 0 0 1
    outer loop
      vertex -48.9509 0.849582 50
      vertex -47.28 2.20262 50
      vertex -47.399 2.34196 50
    endloop
  endfacet
  facet normal 0 0 1
    outer loop
      vertex -46.6713 -1.08156 50
      vertex -48.7161 -0.417172 50
      vertex -46.7325 -1.25429 50
    endloop
  endfacet
  facet normal 0 0 1
    outer loop
      vertex -48.9968 0.903326 50
      vertex -47.399 2.34196 50
      vertex -47.5251 2.47487 50
    endloop
  endfacet
  facet normal -0 0 1
    outer loop
      vertex -48.7397 -0.483796 50
      vertex -46.7325 -1.25429 50
      vertex -48.7161 -0.417172 50
    endloop
  endfacet
  facet normal 0 0 1
    outer loop
      vertex -49.0454 0.954594 50
      vertex -47.5251 2.47487 50
      vertex -47.658 2.60101 50
    endloop
  endfacet
  facet normal 0 0 1
    outer loop
      vertex -46.7325 -1.25429 50
      vertex -48.7397 -0.483796 50
      vertex -46.8026 -1.42358 50
    endloop
  endfacet
  facet normal 0 0 1
    outer loop
      vertex -49.0967 1.00325 50
      vertex -47.658 2.60101 50
      vertex -47.7974 2.72001 50
    endloop
  endfacet
  facet normal -0 0 1
    outer loop
      vertex -48.7667 -0.549094 50
      vertex -46.8026 -1.42358 50
      vertex -48.7397 -0.483796 50
    endloop
  endfacet
  facet normal 0 0 1
    outer loop
      vertex -49.1504 1.04915 50
      vertex -47.7974 2.72001 50
      vertex -47.9428 2.83156 50
    endloop
  endfacet
  facet normal 0 0 1
    outer loop
      vertex -46.8026 -1.42358 50
      vertex -48.7667 -0.549094 50
      vertex -46.8815 -1.58897 50
    endloop
  endfacet
  facet normal 0 0 1
    outer loop
      vertex -49.2065 1.09217 50
      vertex -47.9428 2.83156 50
      vertex -48.0938 2.93535 50
    endloop
  endfacet
  facet normal -0 0 1
    outer loop
      vertex -48.7971 -0.612886 50
      vertex -46.8815 -1.58897 50
      vertex -48.7667 -0.549094 50
    endloop
  endfacet
  facet normal 0 0 1
    outer loop
      vertex -49.2647 1.13221 50
      vertex -48.0938 2.93535 50
      vertex -48.25 3.03109 50
    endloop
  endfacet
  facet normal 0 0 1
    outer loop
      vertex -46.8815 -1.58897 50
      vertex -48.7971 -0.612886 50
      vertex -46.9689 -1.75 50
    endloop
  endfacet
  facet normal 0 0 1
    outer loop
      vertex -49.325 1.16913 50
      vertex -48.25 3.03109 50
      vertex -48.411 3.11852 50
    endloop
  endfacet
  facet normal -0 0 1
    outer loop
      vertex -48.8309 -0.674999 50
      vertex -46.9689 -1.75 50
      vertex -48.7971 -0.612886 50
    endloop
  endfacet
  facet normal 0 0 1
    outer loop
      vertex -49.3871 1.20286 50
      vertex -48.411 3.11852 50
      vertex -48.5764 3.19741 50
    endloop
  endfacet
  facet normal 0 0 1
    outer loop
      vertex -46.9689 -1.75 50
      vertex -48.8309 -0.674999 50
      vertex -47.0647 -1.90624 50
    endloop
  endfacet
  facet normal -0 0 1
    outer loop
      vertex -48.8678 -0.735262 50
      vertex -47.0647 -1.90624 50
      vertex -48.8309 -0.674999 50
    endloop
  endfacet
  facet normal 0 0 1
    outer loop
      vertex -46.5048 0.183175 50
      vertex -48.6519 0.070653 50
      vertex -48.65 0 50
    endloop
  endfacet
  facet normal 0 0 1
    outer loop
      vertex -46.5192 0.365849 50
      vertex -48.6574 0.141113 50
      vertex -48.6519 0.070653 50
    endloop
  endfacet
  facet normal 0 0 1
    outer loop
      vertex -46.5431 0.54752 50
      vertex -48.6666 0.211186 50
      vertex -48.6574 0.141113 50
    endloop
  endfacet
  facet normal 0 0 1
    outer loop
      vertex -46.5765 0.727691 50
      vertex -48.6795 0.280681 50
      vertex -48.6666 0.211186 50
    endloop
  endfacet
  facet normal 0 0 1
    outer loop
      vertex -46.6193 0.905867 50
      vertex -48.696 0.349405 50
      vertex -48.6795 0.280681 50
    endloop
  endfacet
  facet normal 0 0 1
    outer loop
      vertex -46.6713 1.08156 50
      vertex -48.7161 0.417172 50
      vertex -48.696 0.349405 50
    endloop
  endfacet
  facet normal 0 0 1
    outer loop
      vertex -46.7325 1.25429 50
      vertex -48.7397 0.483796 50
      vertex -48.7161 0.417172 50
    endloop
  endfacet
  facet normal 0 0 1
    outer loop
      vertex -49.4509 1.23329 50
      vertex -48.5764 3.19741 50
      vertex -48.7457 3.26753 50
    endloop
  endfacet
  facet normal 0 0 1
    outer loop
      vertex -46.8026 1.42358 50
      vertex -48.7667 0.549094 50
      vertex -48.7397 0.483796 50
    endloop
  endfacet
  facet normal 0 0 1
    outer loop
      vertex -46.8815 1.58897 50
      vertex -48.7971 0.612886 50
      vertex -48.7667 0.549094 50
    endloop
  endfacet
  facet normal 0 0 1
    outer loop
      vertex -46.9689 1.75 50
      vertex -48.8309 0.674999 50
      vertex -48.7971 0.612886 50
    endloop
  endfacet
  facet normal 0 0 1
    outer loop
      vertex -47.0647 1.90624 50
      vertex -48.8678 0.735262 50
      vertex -48.8309 0.674999 50
    endloop
  endfacet
  facet normal 0 0 1
    outer loop
      vertex -47.1684 2.05725 50
      vertex -48.9078 0.793509 50
      vertex -48.8678 0.735262 50
    endloop
  endfacet
  facet normal 0 0 1
    outer loop
      vertex -49.5162 1.26033 50
      vertex -48.7457 3.26753 50
      vertex -48.9184 3.3287 50
    endloop
  endfacet
  facet normal 0 0 1
    outer loop
      vertex -47.28 2.20262 50
      vertex -48.9509 0.849582 50
      vertex -48.9078 0.793509 50
    endloop
  endfacet
  facet normal 0 0 1
    outer loop
      vertex -47.399 2.34196 50
      vertex -48.9968 0.903326 50
      vertex -48.9509 0.849582 50
    endloop
  endfacet
  facet normal 0 0 1
    outer loop
      vertex -47.5251 2.47487 50
      vertex -49.0454 0.954594 50
      vertex -48.9968 0.903326 50
    endloop
  endfacet
  facet normal 0 0 1
    outer loop
      vertex -49.5828 1.28393 50
      vertex -48.9184 3.3287 50
      vertex -49.0941 3.38074 50
    endloop
  endfacet
  facet normal 0 0 1
    outer loop
      vertex -47.658 2.60101 50
      vertex -49.0967 1.00325 50
      vertex -49.0454 0.954594 50
    endloop
  endfacet
  facet normal 0 0 1
    outer loop
      vertex -47.7974 2.72001 50
      vertex -49.1504 1.04915 50
      vertex -49.0967 1.00325 50
    endloop
  endfacet
  facet normal 0 0 1
    outer loop
      vertex -47.9428 2.83156 50
      vertex -49.2065 1.09217 50
      vertex -49.1504 1.04915 50
    endloop
  endfacet
  facet normal 0 0 1
    outer loop
      vertex -48.0938 2.93535 50
      vertex -49.2647 1.13221 50
      vertex -49.2065 1.09217 50
    endloop
  endfacet
  facet normal 0 0 1
    outer loop
      vertex -49.6506 1.304 50
      vertex -49.0941 3.38074 50
      vertex -49.2723 3.42352 50
    endloop
  endfacet
  facet normal 0 0 1
    outer loop
      vertex -48.25 3.03109 50
      vertex -49.325 1.16913 50
      vertex -49.2647 1.13221 50
    endloop
  endfacet
  facet normal 0 0 1
    outer loop
      vertex -48.411 3.11852 50
      vertex -49.3871 1.20286 50
      vertex -49.325 1.16913 50
    endloop
  endfacet
  facet normal 0 0 1
    outer loop
      vertex -48.5764 3.19741 50
      vertex -49.4509 1.23329 50
      vertex -49.3871 1.20286 50
    endloop
  endfacet
  facet normal 0 0 1
    outer loop
      vertex -49.7193 1.3205 50
      vertex -49.2723 3.42352 50
      vertex -49.4525 3.45691 50
    endloop
  endfacet
  facet normal 0 0 1
    outer loop
      vertex -48.7457 3.26753 50
      vertex -49.5162 1.26033 50
      vertex -49.4509 1.23329 50
    endloop
  endfacet
  facet normal 0 0 1
    outer loop
      vertex -48.9184 3.3287 50
      vertex -49.5828 1.28393 50
      vertex -49.5162 1.26033 50
    endloop
  endfacet
  facet normal 0 0 1
    outer loop
      vertex -49.7888 1.33338 50
      vertex -49.4525 3.45691 50
      vertex -49.6342 3.48083 50
    endloop
  endfacet
  facet normal 0 0 1
    outer loop
      vertex -49.0941 3.38074 50
      vertex -49.6506 1.304 50
      vertex -49.5828 1.28393 50
    endloop
  endfacet
  facet normal 0 0 1
    outer loop
      vertex -49.2723 3.42352 50
      vertex -49.7193 1.3205 50
      vertex -49.6506 1.304 50
    endloop
  endfacet
  facet normal 0 0 1
    outer loop
      vertex -49.4525 3.45691 50
      vertex -49.7888 1.33338 50
      vertex -49.7193 1.3205 50
    endloop
  endfacet
  facet normal 0 0 1
    outer loop
      vertex -49.8589 1.3426 50
      vertex -49.6342 3.48083 50
      vertex -49.8168 3.4952 50
    endloop
  endfacet
  facet normal 0 0 1
    outer loop
      vertex -49.6342 3.48083 50
      vertex -49.8589 1.3426 50
      vertex -49.7888 1.33338 50
    endloop
  endfacet
  facet normal 0 0 1
    outer loop
      vertex -49.8168 3.4952 50
      vertex -49.9293 1.34815 50
      vertex -49.8589 1.3426 50
    endloop
  endfacet
  facet normal 0 0 1
    outer loop
      vertex -50 3.5 50
      vertex -49.9293 1.34815 50
      vertex -49.8168 3.4952 50
    endloop
  endfacet
  facet normal 0 0 1
    outer loop
      vertex -50 3.5 50
      vertex -50 1.35 50
      vertex -49.9293 1.34815 50
    endloop
  endfacet
  facet normal 0 0 1
    outer loop
      vertex -50 3.5 50
      vertex -50.0707 1.34815 50
      vertex -50 1.35 50
    endloop
  endfacet
  facet normal -0 0 1
    outer loop
      vertex -50.1832 3.4952 50
      vertex -50.0707 1.34815 50
      vertex -50 3.5 50
    endloop
  endfacet
  facet normal 0 0 1
    outer loop
      vertex -50.0707 1.34815 50
      vertex -50.1832 3.4952 50
      vertex -50.1411 1.3426 50
    endloop
  endfacet
  facet normal -0 0 1
    outer loop
      vertex -50.3658 3.48083 50
      vertex -50.1411 1.3426 50
      vertex -50.1832 3.4952 50
    endloop
  endfacet
  facet normal 0 0 1
    outer loop
      vertex -50.1411 1.3426 50
      vertex -50.3658 3.48083 50
      vertex -50.2112 1.33338 50
    endloop
  endfacet
  facet normal -0 0 1
    outer loop
      vertex -50.5475 3.45691 50
      vertex -50.2112 1.33338 50
      vertex -50.3658 3.48083 50
    endloop
  endfacet
  facet normal 0 0 1
    outer loop
      vertex -50.2112 1.33338 50
      vertex -50.5475 3.45691 50
      vertex -50.2807 1.3205 50
    endloop
  endfacet
  facet normal -0 0 1
    outer loop
      vertex -50.7277 3.42352 50
      vertex -50.2807 1.3205 50
      vertex -50.5475 3.45691 50
    endloop
  endfacet
  facet normal 0 0 1
    outer loop
      vertex -50.2807 1.3205 50
      vertex -50.7277 3.42352 50
      vertex -50.3494 1.304 50
    endloop
  endfacet
  facet normal -0 0 1
    outer loop
      vertex -50.9059 3.38074 50
      vertex -50.3494 1.304 50
      vertex -50.7277 3.42352 50
    endloop
  endfacet
  facet normal 0 0 1
    outer loop
      vertex -50.3494 1.304 50
      vertex -50.9059 3.38074 50
      vertex -50.4172 1.28393 50
    endloop
  endfacet
  facet normal -0 0 1
    outer loop
      vertex -51.0816 3.3287 50
      vertex -50.4172 1.28393 50
      vertex -50.9059 3.38074 50
    endloop
  endfacet
  facet normal 0 0 1
    outer loop
      vertex -50.4172 1.28393 50
      vertex -51.0816 3.3287 50
      vertex -50.4838 1.26033 50
    endloop
  endfacet
  facet normal -0 0 1
    outer loop
      vertex -51.2543 3.26753 50
      vertex -50.4838 1.26033 50
      vertex -51.0816 3.3287 50
    endloop
  endfacet
  facet normal 0 0 1
    outer loop
      vertex -50.4838 1.26033 50
      vertex -51.2543 3.26753 50
      vertex -50.5491 1.23329 50
    endloop
  endfacet
  facet normal -0 0 1
    outer loop
      vertex -51.4236 3.19741 50
      vertex -50.5491 1.23329 50
      vertex -51.2543 3.26753 50
    endloop
  endfacet
  facet normal -0 0 1
    outer loop
      vertex -51.9287 2.72147 50
      vertex -50.5491 1.23329 50
      vertex -51.4236 3.19741 50
    endloop
  endfacet
  facet normal 0 0 1
    outer loop
      vertex -50.5491 1.23329 50
      vertex -51.9287 2.72147 50
      vertex -50.6129 1.20286 50
    endloop
  endfacet
  facet normal 0 0 1
    outer loop
      vertex -50.6129 1.20286 50
      vertex -51.9287 2.72147 50
      vertex -50.675 1.16913 50
    endloop
  endfacet
  facet normal 0 0 1
    outer loop
      vertex -50.675 1.16913 50
      vertex -51.9287 2.72147 50
      vertex -50.7353 1.13221 50
    endloop
  endfacet
  facet normal 0 0 1
    outer loop
      vertex -50.7353 1.13221 50
      vertex -51.9287 2.72147 50
      vertex -50.7935 1.09217 50
    endloop
  endfacet
  facet normal 0 0 1
    outer loop
      vertex -50.7935 1.09217 50
      vertex -51.9287 2.72147 50
      vertex -50.8496 1.04915 50
    endloop
  endfacet
  facet normal 0 0 1
    outer loop
      vertex -50.8496 1.04915 50
      vertex -51.9287 2.72147 50
      vertex -50.9033 1.00325 50
    endloop
  endfacet
  facet normal 0 0 1
    outer loop
      vertex -50.9546 0.954594 50
      vertex -51.9287 2.72147 50
      vertex -51.0032 0.903326 50
    endloop
  endfacet
  facet normal 0 0 1
    outer loop
      vertex -51.0032 0.903326 50
      vertex -51.9287 2.72147 50
      vertex -51.0491 0.849582 50
    endloop
  endfacet
  facet normal 0 0 1
    outer loop
      vertex -51.0491 0.849582 50
      vertex -51.9287 2.72147 50
      vertex -51.0922 0.793509 50
    endloop
  endfacet
  facet normal 0 0 1
    outer loop
      vertex -51.0922 0.793509 50
      vertex -51.9287 2.72147 50
      vertex -51.1322 0.735262 50
    endloop
  endfacet
  facet normal 0 0 1
    outer loop
      vertex -51.1322 0.735262 50
      vertex -51.9287 2.72147 50
      vertex -51.1691 0.674999 50
    endloop
  endfacet
  facet normal 0 0 1
    outer loop
      vertex -52 0 50
      vertex -51.1691 0.674999 50
      vertex -51.9287 2.72147 50
    endloop
  endfacet
  facet normal 0 0 1
    outer loop
      vertex -51.1691 0.674999 50
      vertex -52 0 50
      vertex -51.2029 0.612886 50
    endloop
  endfacet
  facet normal 0 0 1
    outer loop
      vertex -51.2029 0.612886 50
      vertex -52 0 50
      vertex -51.2333 0.549094 50
    endloop
  endfacet
  facet normal 0 0 1
    outer loop
      vertex -51.2333 0.549094 50
      vertex -52 0 50
      vertex -51.2603 0.483796 50
    endloop
  endfacet
  facet normal 0 0 1
    outer loop
      vertex -51.2603 0.483796 50
      vertex -52 0 50
      vertex -51.2839 0.417172 50
    endloop
  endfacet
  facet normal 0 0 1
    outer loop
      vertex -51.2839 0.417172 50
      vertex -52 0 50
      vertex -51.304 0.349405 50
    endloop
  endfacet
  facet normal 0 0 1
    outer loop
      vertex -51.304 0.349405 50
      vertex -52 0 50
      vertex -51.3205 0.280681 50
    endloop
  endfacet
  facet normal 0 0 1
    outer loop
      vertex -51.3205 0.280681 50
      vertex -52 0 50
      vertex -51.3334 0.211186 50
    endloop
  endfacet
  facet normal 0 0 1
    outer loop
      vertex -51.3334 0.211186 50
      vertex -52 0 50
      vertex -51.3426 0.141113 50
    endloop
  endfacet
  facet normal 0 0 1
    outer loop
      vertex -50.9033 1.00325 50
      vertex -51.9287 2.72147 50
      vertex -50.9546 0.954594 50
    endloop
  endfacet
  facet normal 0 0 1
    outer loop
      vertex -47.0647 -1.90624 50
      vertex -48.8678 -0.735262 50
      vertex -47.1684 -2.05725 50
    endloop
  endfacet
  facet normal -0 0 1
    outer loop
      vertex -48.9078 -0.793509 50
      vertex -47.1684 -2.05725 50
      vertex -48.8678 -0.735262 50
    endloop
  endfacet
  facet normal 0 0 1
    outer loop
      vertex -47.1684 -2.05725 50
      vertex -48.9078 -0.793509 50
      vertex -47.28 -2.20262 50
    endloop
  endfacet
  facet normal -0 0 1
    outer loop
      vertex -48.9509 -0.849582 50
      vertex -47.28 -2.20262 50
      vertex -48.9078 -0.793509 50
    endloop
  endfacet
  facet normal 0 0 1
    outer loop
      vertex -47.28 -2.20262 50
      vertex -48.9509 -0.849582 50
      vertex -47.399 -2.34196 50
    endloop
  endfacet
  facet normal -0 0 1
    outer loop
      vertex -48.9968 -0.903326 50
      vertex -47.399 -2.34196 50
      vertex -48.9509 -0.849582 50
    endloop
  endfacet
  facet normal 0 0 1
    outer loop
      vertex -47.399 -2.34196 50
      vertex -48.9968 -0.903326 50
      vertex -47.5251 -2.47487 50
    endloop
  endfacet
  facet normal -0 0 1
    outer loop
      vertex -49.0454 -0.954594 50
      vertex -47.5251 -2.47487 50
      vertex -48.9968 -0.903326 50
    endloop
  endfacet
  facet normal 0 0 1
    outer loop
      vertex -47.5251 -2.47487 50
      vertex -49.0454 -0.954594 50
      vertex -47.658 -2.60101 50
    endloop
  endfacet
  facet normal -0 0 1
    outer loop
      vertex -49.0967 -1.00325 50
      vertex -47.658 -2.60101 50
      vertex -49.0454 -0.954594 50
    endloop
  endfacet
  facet normal 0 0 1
    outer loop
      vertex -47.658 -2.60101 50
      vertex -49.0967 -1.00325 50
      vertex -47.7974 -2.72001 50
    endloop
  endfacet
  facet normal -0 0 1
    outer loop
      vertex -49.1504 -1.04915 50
      vertex -47.7974 -2.72001 50
      vertex -49.0967 -1.00325 50
    endloop
  endfacet
  facet normal 0 0 1
    outer loop
      vertex -47.7974 -2.72001 50
      vertex -49.1504 -1.04915 50
      vertex -47.9428 -2.83156 50
    endloop
  endfacet
  facet normal -0 0 1
    outer loop
      vertex -49.2065 -1.09217 50
      vertex -47.9428 -2.83156 50
      vertex -49.1504 -1.04915 50
    endloop
  endfacet
  facet normal 0 0 1
    outer loop
      vertex -47.9428 -2.83156 50
      vertex -49.2065 -1.09217 50
      vertex -48.0938 -2.93535 50
    endloop
  endfacet
  facet normal -0 0 1
    outer loop
      vertex -49.2647 -1.13221 50
      vertex -48.0938 -2.93535 50
      vertex -49.2065 -1.09217 50
    endloop
  endfacet
  facet normal 0 0 1
    outer loop
      vertex -48.0938 -2.93535 50
      vertex -49.2647 -1.13221 50
      vertex -48.25 -3.03109 50
    endloop
  endfacet
  facet normal -0 0 1
    outer loop
      vertex -49.325 -1.16913 50
      vertex -48.25 -3.03109 50
      vertex -49.2647 -1.13221 50
    endloop
  endfacet
  facet normal 0 0 1
    outer loop
      vertex -48.25 -3.03109 50
      vertex -49.325 -1.16913 50
      vertex -48.411 -3.11852 50
    endloop
  endfacet
  facet normal -0 0 1
    outer loop
      vertex -49.3871 -1.20286 50
      vertex -48.411 -3.11852 50
      vertex -49.325 -1.16913 50
    endloop
  endfacet
  facet normal 0 0 1
    outer loop
      vertex -48.411 -3.11852 50
      vertex -49.3871 -1.20286 50
      vertex -48.5764 -3.19741 50
    endloop
  endfacet
  facet normal -0 0 1
    outer loop
      vertex -49.4509 -1.23329 50
      vertex -48.5764 -3.19741 50
      vertex -49.3871 -1.20286 50
    endloop
  endfacet
  facet normal 0 0 1
    outer loop
      vertex -48.5764 -3.19741 50
      vertex -49.4509 -1.23329 50
      vertex -48.7457 -3.26753 50
    endloop
  endfacet
  facet normal -0 0 1
    outer loop
      vertex -49.5162 -1.26033 50
      vertex -48.7457 -3.26753 50
      vertex -49.4509 -1.23329 50
    endloop
  endfacet
  facet normal 0 0 1
    outer loop
      vertex -48.7457 -3.26753 50
      vertex -49.5162 -1.26033 50
      vertex -48.9184 -3.3287 50
    endloop
  endfacet
  facet normal -0 0 1
    outer loop
      vertex -49.5828 -1.28393 50
      vertex -48.9184 -3.3287 50
      vertex -49.5162 -1.26033 50
    endloop
  endfacet
  facet normal 0 0 1
    outer loop
      vertex -48.9184 -3.3287 50
      vertex -49.5828 -1.28393 50
      vertex -49.0941 -3.38074 50
    endloop
  endfacet
  facet normal -0 0 1
    outer loop
      vertex -49.6506 -1.304 50
      vertex -49.0941 -3.38074 50
      vertex -49.5828 -1.28393 50
    endloop
  endfacet
  facet normal 0 0 1
    outer loop
      vertex -49.0941 -3.38074 50
      vertex -49.6506 -1.304 50
      vertex -49.2723 -3.42352 50
    endloop
  endfacet
  facet normal -0 0 1
    outer loop
      vertex -49.7193 -1.3205 50
      vertex -49.2723 -3.42352 50
      vertex -49.6506 -1.304 50
    endloop
  endfacet
  facet normal 0 0 1
    outer loop
      vertex -49.2723 -3.42352 50
      vertex -49.7193 -1.3205 50
      vertex -49.4525 -3.45691 50
    endloop
  endfacet
  facet normal -0 0 1
    outer loop
      vertex -49.7888 -1.33338 50
      vertex -49.4525 -3.45691 50
      vertex -49.7193 -1.3205 50
    endloop
  endfacet
  facet normal 0 0 1
    outer loop
      vertex -49.4525 -3.45691 50
      vertex -49.7888 -1.33338 50
      vertex -49.6342 -3.48083 50
    endloop
  endfacet
  facet normal -0 0 1
    outer loop
      vertex -49.8589 -1.3426 50
      vertex -49.6342 -3.48083 50
      vertex -49.7888 -1.33338 50
    endloop
  endfacet
  facet normal 0 0 1
    outer loop
      vertex -49.6342 -3.48083 50
      vertex -49.8589 -1.3426 50
      vertex -49.8168 -3.4952 50
    endloop
  endfacet
  facet normal -0 0 1
    outer loop
      vertex -49.9293 -1.34815 50
      vertex -49.8168 -3.4952 50
      vertex -49.8589 -1.3426 50
    endloop
  endfacet
  facet normal -0 0 1
    outer loop
      vertex -50 -1.35 50
      vertex -49.8168 -3.4952 50
      vertex -49.9293 -1.34815 50
    endloop
  endfacet
  facet normal 0 0 1
    outer loop
      vertex -50 -1.35 50
      vertex -50 -3.5 50
      vertex -49.8168 -3.4952 50
    endloop
  endfacet
  facet normal 0 0 1
    outer loop
      vertex -50.0707 -1.34815 50
      vertex -50 -3.5 50
      vertex -50 -1.35 50
    endloop
  endfacet
  facet normal 0 0 1
    outer loop
      vertex -50.1832 -3.4952 50
      vertex -50.0707 -1.34815 50
      vertex -50.1411 -1.3426 50
    endloop
  endfacet
  facet normal 0 0 1
    outer loop
      vertex -50.0707 -1.34815 50
      vertex -50.1832 -3.4952 50
      vertex -50 -3.5 50
    endloop
  endfacet
  facet normal 0 0 1
    outer loop
      vertex -50.3658 -3.48083 50
      vertex -50.1411 -1.3426 50
      vertex -50.2112 -1.33338 50
    endloop
  endfacet
  facet normal 0 0 1
    outer loop
      vertex -50.5475 -3.45691 50
      vertex -50.2112 -1.33338 50
      vertex -50.2807 -1.3205 50
    endloop
  endfacet
  facet normal 0 0 1
    outer loop
      vertex -50.7277 -3.42352 50
      vertex -50.2807 -1.3205 50
      vertex -50.3494 -1.304 50
    endloop
  endfacet
  facet normal 0 0 1
    outer loop
      vertex -50.1411 -1.3426 50
      vertex -50.3658 -3.48083 50
      vertex -50.1832 -3.4952 50
    endloop
  endfacet
  facet normal 0 0 1
    outer loop
      vertex -50.9059 -3.38074 50
      vertex -50.3494 -1.304 50
      vertex -50.4172 -1.28393 50
    endloop
  endfacet
  facet normal 0 0 1
    outer loop
      vertex -51.0816 -3.3287 50
      vertex -50.4172 -1.28393 50
      vertex -50.4838 -1.26033 50
    endloop
  endfacet
  facet normal 0 0 1
    outer loop
      vertex -50.2112 -1.33338 50
      vertex -50.5475 -3.45691 50
      vertex -50.3658 -3.48083 50
    endloop
  endfacet
  facet normal 0 0 1
    outer loop
      vertex -51.2543 -3.26753 50
      vertex -50.4838 -1.26033 50
      vertex -50.5491 -1.23329 50
    endloop
  endfacet
  facet normal 0 0 1
    outer loop
      vertex -51.9287 -2.72147 50
      vertex -50.5491 -1.23329 50
      vertex -50.6129 -1.20286 50
    endloop
  endfacet
  facet normal 0 0 1
    outer loop
      vertex -51.9287 -2.72147 50
      vertex -50.6129 -1.20286 50
      vertex -50.675 -1.16913 50
    endloop
  endfacet
  facet normal 0 0 1
    outer loop
      vertex -50.2807 -1.3205 50
      vertex -50.7277 -3.42352 50
      vertex -50.5475 -3.45691 50
    endloop
  endfacet
  facet normal 0 0 1
    outer loop
      vertex -51.9287 -2.72147 50
      vertex -50.675 -1.16913 50
      vertex -50.7353 -1.13221 50
    endloop
  endfacet
  facet normal 0 0 1
    outer loop
      vertex -51.9287 -2.72147 50
      vertex -50.7353 -1.13221 50
      vertex -50.7935 -1.09217 50
    endloop
  endfacet
  facet normal 0 0 1
    outer loop
      vertex -51.9287 -2.72147 50
      vertex -50.7935 -1.09217 50
      vertex -50.8496 -1.04915 50
    endloop
  endfacet
  facet normal 0 0 1
    outer loop
      vertex -51.9287 -2.72147 50
      vertex -50.8496 -1.04915 50
      vertex -50.9033 -1.00325 50
    endloop
  endfacet
  facet normal 0 0 1
    outer loop
      vertex -50.3494 -1.304 50
      vertex -50.9059 -3.38074 50
      vertex -50.7277 -3.42352 50
    endloop
  endfacet
  facet normal 0 0 1
    outer loop
      vertex -51.9287 -2.72147 50
      vertex -50.9033 -1.00325 50
      vertex -50.9546 -0.954594 50
    endloop
  endfacet
  facet normal 0 0 1
    outer loop
      vertex -51.9287 -2.72147 50
      vertex -50.9546 -0.954594 50
      vertex -51.0032 -0.903326 50
    endloop
  endfacet
  facet normal 0 0 1
    outer loop
      vertex -51.9287 -2.72147 50
      vertex -51.0032 -0.903326 50
      vertex -51.0491 -0.849582 50
    endloop
  endfacet
  facet normal 0 0 1
    outer loop
      vertex -50.4172 -1.28393 50
      vertex -51.0816 -3.3287 50
      vertex -50.9059 -3.38074 50
    endloop
  endfacet
  facet normal 0 0 1
    outer loop
      vertex -51.9287 -2.72147 50
      vertex -51.0491 -0.849582 50
      vertex -51.0922 -0.793509 50
    endloop
  endfacet
  facet normal 0 0 1
    outer loop
      vertex -51.9287 -2.72147 50
      vertex -51.0922 -0.793509 50
      vertex -51.1322 -0.735262 50
    endloop
  endfacet
  facet normal 0 0 1
    outer loop
      vertex -51.9287 -2.72147 50
      vertex -51.1322 -0.735262 50
      vertex -51.1691 -0.674999 50
    endloop
  endfacet
  facet normal 0 0 1
    outer loop
      vertex -52 0 50
      vertex -51.1691 -0.674999 50
      vertex -51.2029 -0.612886 50
    endloop
  endfacet
  facet normal 0 0 1
    outer loop
      vertex -52 0 50
      vertex -51.2029 -0.612886 50
      vertex -51.2333 -0.549094 50
    endloop
  endfacet
  facet normal 0 0 1
    outer loop
      vertex -50.4838 -1.26033 50
      vertex -51.2543 -3.26753 50
      vertex -51.0816 -3.3287 50
    endloop
  endfacet
  facet normal 0 0 1
    outer loop
      vertex -52 0 50
      vertex -51.2333 -0.549094 50
      vertex -51.2603 -0.483796 50
    endloop
  endfacet
  facet normal 0 0 1
    outer loop
      vertex -52 0 50
      vertex -51.2603 -0.483796 50
      vertex -51.2839 -0.417172 50
    endloop
  endfacet
  facet normal 0 0 1
    outer loop
      vertex -52 0 50
      vertex -51.2839 -0.417172 50
      vertex -51.304 -0.349405 50
    endloop
  endfacet
  facet normal 0 0 1
    outer loop
      vertex -52 0 50
      vertex -51.304 -0.349405 50
      vertex -51.3205 -0.280681 50
    endloop
  endfacet
  facet normal 0 0 1
    outer loop
      vertex -52 0 50
      vertex -51.3205 -0.280681 50
      vertex -51.3334 -0.211186 50
    endloop
  endfacet
  facet normal 0 0 1
    outer loop
      vertex -52 0 50
      vertex -51.3334 -0.211186 50
      vertex -51.3426 -0.141113 50
    endloop
  endfacet
  facet normal 0 0 1
    outer loop
      vertex -52 0 50
      vertex -51.3426 -0.141113 50
      vertex -51.3481 -0.070653 50
    endloop
  endfacet
  facet normal 0 0 1
    outer loop
      vertex -50.5491 -1.23329 50
      vertex -51.9287 -2.72147 50
      vertex -51.4236 -3.19741 50
    endloop
  endfacet
  facet normal -0 0 1
    outer loop
      vertex -52 0 50
      vertex -51.3481 -0.070653 50
      vertex -51.35 0 50
    endloop
  endfacet
  facet normal 0 0 1
    outer loop
      vertex -51.3426 0.141113 50
      vertex -52 0 50
      vertex -51.3481 0.070653 50
    endloop
  endfacet
  facet normal 0 0 1
    outer loop
      vertex -51.9287 2.72147 50
      vertex -51.4236 3.19741 50
      vertex -51.589 3.11852 50
    endloop
  endfacet
  facet normal 0 0 1
    outer loop
      vertex -51.1691 -0.674999 50
      vertex -52 0 50
      vertex -51.9287 -2.72147 50
    endloop
  endfacet
  facet normal 0 0 1
    outer loop
      vertex -51.9287 2.72147 50
      vertex -51.589 3.11852 50
      vertex -51.75 3.03109 50
    endloop
  endfacet
  facet normal 0 0 1
    outer loop
      vertex -50.5491 -1.23329 50
      vertex -51.4236 -3.19741 50
      vertex -51.2543 -3.26753 50
    endloop
  endfacet
  facet normal 0 0 1
    outer loop
      vertex -51.9287 2.72147 50
      vertex -51.75 3.03109 50
      vertex -51.9062 2.93535 50
    endloop
  endfacet
  facet normal 0 0 1
    outer loop
      vertex -51.4236 -3.19741 50
      vertex -51.9287 -2.72147 50
      vertex -51.589 -3.11852 50
    endloop
  endfacet
  facet normal 0 0 1
    outer loop
      vertex -51.9287 2.72147 50
      vertex -51.9062 2.93535 50
      vertex -51.9122 2.93123 50
    endloop
  endfacet
  facet normal 0 0 1
    outer loop
      vertex -51.589 -3.11852 50
      vertex -51.9287 -2.72147 50
      vertex -51.75 -3.03109 50
    endloop
  endfacet
  facet normal 0 0 1
    outer loop
      vertex -51.3481 0.070653 50
      vertex -52 0 50
      vertex -51.35 0 50
    endloop
  endfacet
  facet normal 0 0 1
    outer loop
      vertex -51.75 -3.03109 50
      vertex -51.9287 -2.72147 50
      vertex -51.9062 -2.93535 50
    endloop
  endfacet
  facet normal 0 0 1
    outer loop
      vertex -51.9062 -2.93535 50
      vertex -51.9287 -2.72147 50
      vertex -51.9122 -2.93123 50
    endloop
  endfacet
  facet normal 0.878891 0.477023 0
    outer loop
      vertex -46.8815 1.58897 50
      vertex -46.9689 1.75 3
      vertex -46.9689 1.75 50
    endloop
  endfacet
  facet normal 0.878891 0.477023 0
    outer loop
      vertex -46.9689 1.75 3
      vertex -46.8815 1.58897 50
      vertex -46.8815 1.58897 3
    endloop
  endfacet
  facet normal -0.130519 0.991446 0
    outer loop
      vertex -50.3658 3.48083 3
      vertex -50.5475 3.45691 50
      vertex -50.3658 3.48083 50
    endloop
  endfacet
  facet normal -0.130519 0.991446 0
    outer loop
      vertex -50.5475 3.45691 50
      vertex -50.3658 3.48083 3
      vertex -50.5475 3.45691 3
    endloop
  endfacet
  facet normal 0.566445 0.824099 -0
    outer loop
      vertex -47.9428 2.83156 3
      vertex -48.0938 2.93535 50
      vertex -47.9428 2.83156 50
    endloop
  endfacet
  facet normal 0.566445 0.824099 0
    outer loop
      vertex -48.0938 2.93535 50
      vertex -47.9428 2.83156 3
      vertex -48.0938 2.93535 3
    endloop
  endfacet
  facet normal -0.430503 -0.902589 0
    outer loop
      vertex -51.589 -3.11852 3
      vertex -51.4236 -3.19741 50
      vertex -51.589 -3.11852 50
    endloop
  endfacet
  facet normal -0.430503 -0.902589 -0
    outer loop
      vertex -51.4236 -3.19741 50
      vertex -51.589 -3.11852 3
      vertex -51.4236 -3.19741 3
    endloop
  endfacet
  facet normal 0.382654 -0.923892 0
    outer loop
      vertex -48.7457 -3.26753 3
      vertex -48.5764 -3.19741 50
      vertex -48.7457 -3.26753 50
    endloop
  endfacet
  facet normal 0.382654 -0.923892 0
    outer loop
      vertex -48.5764 -3.19741 50
      vertex -48.7457 -3.26753 3
      vertex -48.5764 -3.19741 3
    endloop
  endfacet
  facet normal 0.477218 -0.878785 0
    outer loop
      vertex -48.411 -3.11852 3
      vertex -48.25 -3.03109 50
      vertex -48.411 -3.11852 50
    endloop
  endfacet
  facet normal 0.477218 -0.878785 0
    outer loop
      vertex -48.25 -3.03109 50
      vertex -48.411 -3.11852 3
      vertex -48.25 -3.03109 3
    endloop
  endfacet
  facet normal 0.824346 0.566086 0
    outer loop
      vertex -47.0647 1.90624 50
      vertex -47.1684 2.05725 3
      vertex -47.1684 2.05725 50
    endloop
  endfacet
  facet normal 0.824346 0.566086 0
    outer loop
      vertex -47.1684 2.05725 3
      vertex -47.0647 1.90624 50
      vertex -47.0647 1.90624 3
    endloop
  endfacet
  facet normal 0.852504 -0.522721 0
    outer loop
      vertex -47.0647 -1.90624 50
      vertex -46.9689 -1.75 3
      vertex -46.9689 -1.75 50
    endloop
  endfacet
  facet normal 0.852504 -0.522721 0
    outer loop
      vertex -46.9689 -1.75 3
      vertex -47.0647 -1.90624 50
      vertex -47.0647 -1.90624 3
    endloop
  endfacet
  facet normal 0.983248 0.182274 0
    outer loop
      vertex -46.5431 0.54752 50
      vertex -46.5765 0.727691 3
      vertex -46.5765 0.727691 50
    endloop
  endfacet
  facet normal 0.983248 0.182274 0
    outer loop
      vertex -46.5765 0.727691 3
      vertex -46.5431 0.54752 50
      vertex -46.5431 0.54752 3
    endloop
  endfacet
  facet normal -0.182193 -0.983263 0
    outer loop
      vertex -50.7277 -3.42352 3
      vertex -50.5475 -3.45691 50
      vertex -50.7277 -3.42352 50
    endloop
  endfacet
  facet normal -0.182193 -0.983263 -0
    outer loop
      vertex -50.5475 -3.45691 50
      vertex -50.7277 -3.42352 3
      vertex -50.5475 -3.45691 3
    endloop
  endfacet
  facet normal -0.333873 0.942618 0
    outer loop
      vertex -51.0816 3.3287 3
      vertex -51.2543 3.26753 50
      vertex -51.0816 3.3287 50
    endloop
  endfacet
  facet normal -0.333873 0.942618 0
    outer loop
      vertex -51.2543 3.26753 50
      vertex -51.0816 3.3287 3
      vertex -51.2543 3.26753 3
    endloop
  endfacet
  facet normal 0.52258 -0.85259 0
    outer loop
      vertex -48.25 -3.03109 3
      vertex -48.0938 -2.93535 50
      vertex -48.25 -3.03109 50
    endloop
  endfacet
  facet normal 0.52258 -0.85259 0
    outer loop
      vertex -48.0938 -2.93535 50
      vertex -48.25 -3.03109 3
      vertex -48.0938 -2.93535 3
    endloop
  endfacet
  facet normal 0.233435 0.972372 -0
    outer loop
      vertex -49.0941 3.38074 3
      vertex -49.2723 3.42352 50
      vertex -49.0941 3.38074 50
    endloop
  endfacet
  facet normal 0.233435 0.972372 0
    outer loop
      vertex -49.2723 3.42352 50
      vertex -49.0941 3.38074 3
      vertex -49.2723 3.42352 3
    endloop
  endfacet
  facet normal 0.972341 0.233568 0
    outer loop
      vertex -46.5765 0.727691 50
      vertex -46.6193 0.905867 3
      vertex -46.6193 0.905867 50
    endloop
  endfacet
  facet normal 0.972341 0.233568 0
    outer loop
      vertex -46.6193 0.905867 3
      vertex -46.5765 0.727691 50
      vertex -46.5765 0.727691 3
    endloop
  endfacet
  facet normal 0.793212 -0.608946 0
    outer loop
      vertex -47.28 -2.20262 50
      vertex -47.1684 -2.05725 3
      vertex -47.1684 -2.05725 50
    endloop
  endfacet
  facet normal 0.793212 -0.608946 0
    outer loop
      vertex -47.1684 -2.05725 3
      vertex -47.28 -2.20262 50
      vertex -47.28 -2.20262 3
    endloop
  endfacet
  facet normal 0.649262 0.760565 -0
    outer loop
      vertex -47.658 2.60101 3
      vertex -47.7974 2.72001 50
      vertex -47.658 2.60101 50
    endloop
  endfacet
  facet normal 0.649262 0.760565 0
    outer loop
      vertex -47.7974 2.72001 50
      vertex -47.658 2.60101 3
      vertex -47.7974 2.72001 3
    endloop
  endfacet
  facet normal 0.078454 0.996918 -0
    outer loop
      vertex -49.6342 3.48083 3
      vertex -49.8168 3.4952 50
      vertex -49.6342 3.48083 50
    endloop
  endfacet
  facet normal 0.078454 0.996918 0
    outer loop
      vertex -49.8168 3.4952 50
      vertex -49.6342 3.48083 3
      vertex -49.8168 3.4952 3
    endloop
  endfacet
  facet normal 0.688419 0.725313 -0
    outer loop
      vertex -47.5251 2.47487 3
      vertex -47.658 2.60101 50
      vertex -47.5251 2.47487 50
    endloop
  endfacet
  facet normal 0.688419 0.725313 0
    outer loop
      vertex -47.658 2.60101 50
      vertex -47.5251 2.47487 3
      vertex -47.658 2.60101 3
    endloop
  endfacet
  facet normal 0.824346 -0.566086 0
    outer loop
      vertex -47.1684 -2.05725 50
      vertex -47.0647 -1.90624 3
      vertex -47.0647 -1.90624 50
    endloop
  endfacet
  facet normal 0.824346 -0.566086 0
    outer loop
      vertex -47.0647 -1.90624 3
      vertex -47.1684 -2.05725 50
      vertex -47.1684 -2.05725 3
    endloop
  endfacet
  facet normal 0.477218 0.878785 -0
    outer loop
      vertex -48.25 3.03109 3
      vertex -48.411 3.11852 50
      vertex -48.25 3.03109 50
    endloop
  endfacet
  facet normal 0.477218 0.878785 0
    outer loop
      vertex -48.411 3.11852 50
      vertex -48.25 3.03109 3
      vertex -48.411 3.11852 3
    endloop
  endfacet
  facet normal 0.923922 -0.38258 0
    outer loop
      vertex -46.8026 -1.42358 50
      vertex -46.7325 -1.25429 3
      vertex -46.7325 -1.25429 50
    endloop
  endfacet
  facet normal 0.923922 -0.38258 0
    outer loop
      vertex -46.7325 -1.25429 3
      vertex -46.8026 -1.42358 50
      vertex -46.8026 -1.42358 3
    endloop
  endfacet
  facet normal 0.233435 -0.972372 0
    outer loop
      vertex -49.2723 -3.42352 3
      vertex -49.0941 -3.38074 50
      vertex -49.2723 -3.42352 50
    endloop
  endfacet
  facet normal 0.233435 -0.972372 0
    outer loop
      vertex -49.0941 -3.38074 50
      vertex -49.2723 -3.42352 3
      vertex -49.0941 -3.38074 3
    endloop
  endfacet
  facet normal 0.566445 -0.824099 0
    outer loop
      vertex -48.0938 -2.93535 3
      vertex -47.9428 -2.83156 50
      vertex -48.0938 -2.93535 50
    endloop
  endfacet
  facet normal 0.566445 -0.824099 0
    outer loop
      vertex -47.9428 -2.83156 50
      vertex -48.0938 -2.93535 3
      vertex -47.9428 -2.83156 3
    endloop
  endfacet
  facet normal 0.283992 0.958827 -0
    outer loop
      vertex -48.9184 3.3287 3
      vertex -49.0941 3.38074 50
      vertex -48.9184 3.3287 50
    endloop
  endfacet
  facet normal 0.283992 0.958827 0
    outer loop
      vertex -49.0941 3.38074 50
      vertex -48.9184 3.3287 3
      vertex -49.0941 3.38074 3
    endloop
  endfacet
  facet normal -0.430503 0.902589 0
    outer loop
      vertex -51.4236 3.19741 3
      vertex -51.589 3.11852 50
      vertex -51.4236 3.19741 50
    endloop
  endfacet
  facet normal -0.430503 0.902589 0
    outer loop
      vertex -51.589 3.11852 50
      vertex -51.4236 3.19741 3
      vertex -51.589 3.11852 3
    endloop
  endfacet
  facet normal -0.0261919 -0.999657 0
    outer loop
      vertex -50.1832 -3.4952 3
      vertex -50 -3.5 50
      vertex -50.1832 -3.4952 50
    endloop
  endfacet
  facet normal -0.0261919 -0.999657 -0
    outer loop
      vertex -50 -3.5 50
      vertex -50.1832 -3.4952 3
      vertex -50 -3.5 3
    endloop
  endfacet
  facet normal 0.182193 -0.983263 0
    outer loop
      vertex -49.4525 -3.45691 3
      vertex -49.2723 -3.42352 50
      vertex -49.4525 -3.45691 50
    endloop
  endfacet
  facet normal 0.182193 -0.983263 0
    outer loop
      vertex -49.2723 -3.42352 50
      vertex -49.4525 -3.45691 3
      vertex -49.2723 -3.42352 3
    endloop
  endfacet
  facet normal 0.760426 0.649424 0
    outer loop
      vertex -47.28 2.20262 50
      vertex -47.399 2.34196 3
      vertex -47.399 2.34196 50
    endloop
  endfacet
  facet normal 0.760426 0.649424 0
    outer loop
      vertex -47.399 2.34196 3
      vertex -47.28 2.20262 50
      vertex -47.28 2.20262 3
    endloop
  endfacet
  facet normal -0.182193 0.983263 0
    outer loop
      vertex -50.5475 3.45691 3
      vertex -50.7277 3.42352 50
      vertex -50.5475 3.45691 50
    endloop
  endfacet
  facet normal -0.182193 0.983263 0
    outer loop
      vertex -50.7277 3.42352 50
      vertex -50.5475 3.45691 3
      vertex -50.7277 3.42352 3
    endloop
  endfacet
  facet normal 0.430503 -0.902589 0
    outer loop
      vertex -48.5764 -3.19741 3
      vertex -48.411 -3.11852 50
      vertex -48.5764 -3.19741 50
    endloop
  endfacet
  facet normal 0.430503 -0.902589 0
    outer loop
      vertex -48.411 -3.11852 50
      vertex -48.5764 -3.19741 3
      vertex -48.411 -3.11852 3
    endloop
  endfacet
  facet normal -0.283992 -0.958827 0
    outer loop
      vertex -51.0816 -3.3287 3
      vertex -50.9059 -3.38074 50
      vertex -51.0816 -3.3287 50
    endloop
  endfacet
  facet normal -0.283992 -0.958827 -0
    outer loop
      vertex -50.9059 -3.38074 50
      vertex -51.0816 -3.3287 3
      vertex -50.9059 -3.38074 3
    endloop
  endfacet
  facet normal 0.793212 0.608946 0
    outer loop
      vertex -47.1684 2.05725 50
      vertex -47.28 2.20262 3
      vertex -47.28 2.20262 50
    endloop
  endfacet
  facet normal 0.793212 0.608946 0
    outer loop
      vertex -47.28 2.20262 3
      vertex -47.1684 2.05725 50
      vertex -47.1684 2.05725 3
    endloop
  endfacet
  facet normal 0.983248 -0.182274 0
    outer loop
      vertex -46.5765 -0.727691 50
      vertex -46.5431 -0.54752 3
      vertex -46.5431 -0.54752 50
    endloop
  endfacet
  facet normal 0.983248 -0.182274 0
    outer loop
      vertex -46.5431 -0.54752 3
      vertex -46.5765 -0.727691 50
      vertex -46.5765 -0.727691 3
    endloop
  endfacet
  facet normal -0.52258 -0.85259 0
    outer loop
      vertex -51.9062 -2.93535 3
      vertex -51.75 -3.03109 50
      vertex -51.9062 -2.93535 50
    endloop
  endfacet
  facet normal -0.52258 -0.85259 -0
    outer loop
      vertex -51.75 -3.03109 50
      vertex -51.9062 -2.93535 3
      vertex -51.75 -3.03109 3
    endloop
  endfacet
  facet normal -0.382654 -0.923892 0
    outer loop
      vertex -51.4236 -3.19741 3
      vertex -51.2543 -3.26753 50
      vertex -51.4236 -3.19741 50
    endloop
  endfacet
  facet normal -0.382654 -0.923892 -0
    outer loop
      vertex -51.2543 -3.26753 50
      vertex -51.4236 -3.19741 3
      vertex -51.2543 -3.26753 3
    endloop
  endfacet
  facet normal -0.566062 0.824362 0
    outer loop
      vertex -51.9062 2.93535 3
      vertex -51.9122 2.93123 50
      vertex -51.9062 2.93535 50
    endloop
  endfacet
  facet normal -0.566062 0.824362 0
    outer loop
      vertex -51.9122 2.93123 50
      vertex -51.9062 2.93535 3
      vertex -51.9122 2.93123 3
    endloop
  endfacet
  facet normal -0.233435 0.972372 0
    outer loop
      vertex -50.7277 3.42352 3
      vertex -50.9059 3.38074 50
      vertex -50.7277 3.42352 50
    endloop
  endfacet
  facet normal -0.233435 0.972372 0
    outer loop
      vertex -50.9059 3.38074 50
      vertex -50.7277 3.42352 3
      vertex -50.9059 3.38074 3
    endloop
  endfacet
  facet normal 0.649262 -0.760565 0
    outer loop
      vertex -47.7974 -2.72001 3
      vertex -47.658 -2.60101 50
      vertex -47.7974 -2.72001 50
    endloop
  endfacet
  facet normal 0.649262 -0.760565 0
    outer loop
      vertex -47.658 -2.60101 50
      vertex -47.7974 -2.72001 3
      vertex -47.658 -2.60101 3
    endloop
  endfacet
  facet normal 0.902558 -0.430569 0
    outer loop
      vertex -46.8815 -1.58897 50
      vertex -46.8026 -1.42358 3
      vertex -46.8026 -1.42358 50
    endloop
  endfacet
  facet normal 0.902558 -0.430569 0
    outer loop
      vertex -46.8026 -1.42358 3
      vertex -46.8815 -1.58897 50
      vertex -46.8815 -1.58897 3
    endloop
  endfacet
  facet normal -0.382654 0.923892 0
    outer loop
      vertex -51.2543 3.26753 3
      vertex -51.4236 3.19741 50
      vertex -51.2543 3.26753 50
    endloop
  endfacet
  facet normal -0.382654 0.923892 0
    outer loop
      vertex -51.4236 3.19741 50
      vertex -51.2543 3.26753 3
      vertex -51.4236 3.19741 3
    endloop
  endfacet
  facet normal -0.477218 -0.878785 0
    outer loop
      vertex -51.75 -3.03109 3
      vertex -51.589 -3.11852 50
      vertex -51.75 -3.03109 50
    endloop
  endfacet
  facet normal -0.477218 -0.878785 -0
    outer loop
      vertex -51.589 -3.11852 50
      vertex -51.75 -3.03109 3
      vertex -51.589 -3.11852 3
    endloop
  endfacet
  facet normal -0.566062 -0.824362 0
    outer loop
      vertex -51.9122 -2.93123 3
      vertex -51.9062 -2.93535 50
      vertex -51.9122 -2.93123 50
    endloop
  endfacet
  facet normal -0.566062 -0.824362 -0
    outer loop
      vertex -51.9062 -2.93535 50
      vertex -51.9122 -2.93123 3
      vertex -51.9062 -2.93535 3
    endloop
  endfacet
  facet normal -0.996967 -0.0778217 0
    outer loop
      vertex -48.6519 0.070653 42
      vertex -48.6574 0.141113 50
      vertex -48.6574 0.141113 42
    endloop
  endfacet
  facet normal -0.996967 -0.0778217 0
    outer loop
      vertex -48.6574 0.141113 50
      vertex -48.6519 0.070653 42
      vertex -48.6519 0.070653 50
    endloop
  endfacet
  facet normal -0.999639 -0.0268823 0
    outer loop
      vertex -48.65 0 42
      vertex -48.6519 0.070653 50
      vertex -48.6519 0.070653 42
    endloop
  endfacet
  facet normal -0.999639 -0.0268823 0
    outer loop
      vertex -48.6519 0.070653 50
      vertex -48.65 0 42
      vertex -48.65 0 50
    endloop
  endfacet
  facet normal -0.991491 -0.130175 0
    outer loop
      vertex -48.6574 0.141113 42
      vertex -48.6666 0.211186 50
      vertex -48.6666 0.211186 42
    endloop
  endfacet
  facet normal -0.991491 -0.130175 0
    outer loop
      vertex -48.6666 0.211186 50
      vertex -48.6574 0.141113 42
      vertex -48.6574 0.141113 50
    endloop
  endfacet
  facet normal 0.725738 0.687971 0
    outer loop
      vertex -50.9546 -0.954594 50
      vertex -51.0032 -0.903326 42
      vertex -51.0032 -0.903326 50
    endloop
  endfacet
  facet normal 0.725738 0.687971 0
    outer loop
      vertex -51.0032 -0.903326 42
      vertex -50.9546 -0.954594 50
      vertex -50.9546 -0.954594 42
    endloop
  endfacet
  facet normal 0.996967 -0.0778217 0
    outer loop
      vertex -51.3481 0.070653 50
      vertex -51.3426 0.141113 42
      vertex -51.3426 0.141113 50
    endloop
  endfacet
  facet normal 0.996967 -0.0778217 0
    outer loop
      vertex -51.3426 0.141113 42
      vertex -51.3481 0.070653 50
      vertex -51.3481 0.070653 42
    endloop
  endfacet
  facet normal -0.958718 -0.28436 0
    outer loop
      vertex -48.696 0.349405 42
      vertex -48.7161 0.417172 50
      vertex -48.7161 0.417172 42
    endloop
  endfacet
  facet normal -0.958718 -0.28436 0
    outer loop
      vertex -48.7161 0.417172 50
      vertex -48.696 0.349405 42
      vertex -48.696 0.349405 50
    endloop
  endfacet
  facet normal -0.0785914 -0.996907 0
    outer loop
      vertex -49.9293 1.34815 42
      vertex -49.8589 1.3426 50
      vertex -49.9293 1.34815 50
    endloop
  endfacet
  facet normal -0.0785914 -0.996907 -0
    outer loop
      vertex -49.8589 1.3426 50
      vertex -49.9293 1.34815 42
      vertex -49.8589 1.3426 42
    endloop
  endfacet
  facet normal -0.430499 0.902591 0
    outer loop
      vertex -49.3871 -1.20286 42
      vertex -49.4509 -1.23329 50
      vertex -49.3871 -1.20286 50
    endloop
  endfacet
  facet normal -0.430499 0.902591 0
    outer loop
      vertex -49.4509 -1.23329 50
      vertex -49.3871 -1.20286 42
      vertex -49.4509 -1.23329 42
    endloop
  endfacet
  facet normal -0.902735 -0.430197 0
    outer loop
      vertex -48.7667 0.549094 42
      vertex -48.7971 0.612886 50
      vertex -48.7971 0.612886 42
    endloop
  endfacet
  facet normal -0.902735 -0.430197 0
    outer loop
      vertex -48.7971 0.612886 50
      vertex -48.7667 0.549094 42
      vertex -48.7667 0.549094 50
    endloop
  endfacet
  facet normal 0.430499 0.902591 -0
    outer loop
      vertex -50.5491 -1.23329 42
      vertex -50.6129 -1.20286 50
      vertex -50.5491 -1.23329 50
    endloop
  endfacet
  facet normal 0.430499 0.902591 0
    outer loop
      vertex -50.6129 -1.20286 50
      vertex -50.5491 -1.23329 42
      vertex -50.6129 -1.20286 42
    endloop
  endfacet
  facet normal 0.79285 -0.609417 0
    outer loop
      vertex -51.0922 0.793509 50
      vertex -51.0491 0.849582 42
      vertex -51.0491 0.849582 50
    endloop
  endfacet
  facet normal 0.79285 -0.609417 0
    outer loop
      vertex -51.0491 0.849582 42
      vertex -51.0922 0.793509 50
      vertex -51.0922 0.793509 42
    endloop
  endfacet
  facet normal -0.725738 0.687971 0
    outer loop
      vertex -49.0454 -0.954594 42
      vertex -48.9968 -0.903326 50
      vertex -48.9968 -0.903326 42
    endloop
  endfacet
  facet normal -0.725738 0.687971 0
    outer loop
      vertex -48.9968 -0.903326 50
      vertex -49.0454 -0.954594 42
      vertex -49.0454 -0.954594 50
    endloop
  endfacet
  facet normal -0.0785914 0.996907 0
    outer loop
      vertex -49.8589 -1.3426 42
      vertex -49.9293 -1.34815 50
      vertex -49.8589 -1.3426 50
    endloop
  endfacet
  facet normal -0.0785914 0.996907 0
    outer loop
      vertex -49.9293 -1.34815 50
      vertex -49.8589 -1.3426 42
      vertex -49.9293 -1.34815 42
    endloop
  endfacet
  facet normal -0.902735 0.430197 0
    outer loop
      vertex -48.7971 -0.612886 42
      vertex -48.7667 -0.549094 50
      vertex -48.7667 -0.549094 42
    endloop
  endfacet
  facet normal -0.902735 0.430197 0
    outer loop
      vertex -48.7667 -0.549094 50
      vertex -48.7971 -0.612886 42
      vertex -48.7971 -0.612886 50
    endloop
  endfacet
  facet normal -0.852824 -0.522198 0
    outer loop
      vertex -48.8309 0.674999 42
      vertex -48.8678 0.735262 50
      vertex -48.8678 0.735262 42
    endloop
  endfacet
  facet normal -0.852824 -0.522198 0
    outer loop
      vertex -48.8678 0.735262 50
      vertex -48.8309 0.674999 42
      vertex -48.8309 0.674999 50
    endloop
  endfacet
  facet normal 0.760418 0.649434 0
    outer loop
      vertex -51.0032 -0.903326 50
      vertex -51.0491 -0.849582 42
      vertex -51.0491 -0.849582 50
    endloop
  endfacet
  facet normal 0.760418 0.649434 0
    outer loop
      vertex -51.0491 -0.849582 42
      vertex -51.0032 -0.903326 50
      vertex -51.0032 -0.903326 42
    endloop
  endfacet
  facet normal 0.688162 -0.725557 0
    outer loop
      vertex -50.9546 0.954594 42
      vertex -50.9033 1.00325 50
      vertex -50.9546 0.954594 50
    endloop
  endfacet
  facet normal 0.688162 -0.725557 0
    outer loop
      vertex -50.9033 1.00325 50
      vertex -50.9546 0.954594 42
      vertex -50.9033 1.00325 42
    endloop
  endfacet
  facet normal -0.983205 -0.182507 0
    outer loop
      vertex -48.6666 0.211186 42
      vertex -48.6795 0.280681 50
      vertex -48.6795 0.280681 42
    endloop
  endfacet
  facet normal -0.983205 -0.182507 0
    outer loop
      vertex -48.6795 0.280681 50
      vertex -48.6666 0.211186 42
      vertex -48.6666 0.211186 50
    endloop
  endfacet
  facet normal -0.477295 -0.878743 0
    outer loop
      vertex -49.3871 1.20286 42
      vertex -49.325 1.16913 50
      vertex -49.3871 1.20286 50
    endloop
  endfacet
  facet normal -0.477295 -0.878743 -0
    outer loop
      vertex -49.325 1.16913 50
      vertex -49.3871 1.20286 42
      vertex -49.325 1.16913 42
    endloop
  endfacet
  facet normal 0.958718 -0.28436 0
    outer loop
      vertex -51.304 0.349405 50
      vertex -51.2839 0.417172 42
      vertex -51.2839 0.417172 50
    endloop
  endfacet
  facet normal 0.958718 -0.28436 0
    outer loop
      vertex -51.2839 0.417172 42
      vertex -51.304 0.349405 50
      vertex -51.304 0.349405 42
    endloop
  endfacet
  facet normal 0.999639 0.0268823 0
    outer loop
      vertex -51.3481 -0.070653 50
      vertex -51.35 0 42
      vertex -51.35 0 50
    endloop
  endfacet
  facet normal 0.999639 0.0268823 0
    outer loop
      vertex -51.35 0 42
      vertex -51.3481 -0.070653 50
      vertex -51.3481 -0.070653 42
    endloop
  endfacet
  facet normal 0.991491 0.130175 0
    outer loop
      vertex -51.3334 -0.211186 50
      vertex -51.3426 -0.141113 42
      vertex -51.3426 -0.141113 50
    endloop
  endfacet
  facet normal 0.991491 0.130175 0
    outer loop
      vertex -51.3426 -0.141113 42
      vertex -51.3334 -0.211186 50
      vertex -51.3334 -0.211186 42
    endloop
  endfacet
  facet normal -0.924116 -0.382112 0
    outer loop
      vertex -48.7397 0.483796 42
      vertex -48.7667 0.549094 50
      vertex -48.7667 0.549094 42
    endloop
  endfacet
  facet normal -0.924116 -0.382112 0
    outer loop
      vertex -48.7667 0.549094 50
      vertex -48.7397 0.483796 42
      vertex -48.7397 0.483796 50
    endloop
  endfacet
  facet normal 0.566793 -0.82386 0
    outer loop
      vertex -50.7935 1.09217 42
      vertex -50.7353 1.13221 50
      vertex -50.7935 1.09217 50
    endloop
  endfacet
  facet normal 0.566793 -0.82386 0
    outer loop
      vertex -50.7353 1.13221 50
      vertex -50.7935 1.09217 42
      vertex -50.7353 1.13221 42
    endloop
  endfacet
  facet normal -0.0261579 0.999658 0
    outer loop
      vertex -49.9293 -1.34815 42
      vertex -50 -1.35 50
      vertex -49.9293 -1.34815 50
    endloop
  endfacet
  facet normal -0.0261579 0.999658 0
    outer loop
      vertex -50 -1.35 50
      vertex -49.9293 -1.34815 42
      vertex -50 -1.35 42
    endloop
  endfacet
  facet normal -0.958718 0.28436 0
    outer loop
      vertex -48.7161 -0.417172 42
      vertex -48.696 -0.349405 50
      vertex -48.696 -0.349405 42
    endloop
  endfacet
  facet normal -0.958718 0.28436 0
    outer loop
      vertex -48.696 -0.349405 50
      vertex -48.7161 -0.417172 42
      vertex -48.7161 -0.417172 50
    endloop
  endfacet
  facet normal -0.522171 0.852841 0
    outer loop
      vertex -49.2647 -1.13221 42
      vertex -49.325 -1.16913 50
      vertex -49.2647 -1.13221 50
    endloop
  endfacet
  facet normal -0.522171 0.852841 0
    outer loop
      vertex -49.325 -1.16913 50
      vertex -49.2647 -1.13221 42
      vertex -49.325 -1.16913 42
    endloop
  endfacet
  facet normal 0.87837 -0.477982 0
    outer loop
      vertex -51.2029 0.612886 50
      vertex -51.1691 0.674999 42
      vertex -51.1691 0.674999 50
    endloop
  endfacet
  facet normal 0.87837 -0.477982 0
    outer loop
      vertex -51.1691 0.674999 42
      vertex -51.2029 0.612886 50
      vertex -51.2029 0.612886 42
    endloop
  endfacet
  facet normal 0.902735 0.430197 0
    outer loop
      vertex -51.2029 -0.612886 50
      vertex -51.2333 -0.549094 42
      vertex -51.2333 -0.549094 50
    endloop
  endfacet
  facet normal 0.902735 0.430197 0
    outer loop
      vertex -51.2333 -0.549094 42
      vertex -51.2029 -0.612886 50
      vertex -51.2029 -0.612886 42
    endloop
  endfacet
  facet normal -0.87837 -0.477982 0
    outer loop
      vertex -48.7971 0.612886 42
      vertex -48.8309 0.674999 50
      vertex -48.8309 0.674999 42
    endloop
  endfacet
  facet normal -0.87837 -0.477982 0
    outer loop
      vertex -48.8309 0.674999 50
      vertex -48.7971 0.612886 42
      vertex -48.7971 0.612886 50
    endloop
  endfacet
  facet normal -0.382585 -0.92392 0
    outer loop
      vertex -49.5162 1.26033 42
      vertex -49.4509 1.23329 50
      vertex -49.5162 1.26033 50
    endloop
  endfacet
  facet normal -0.382585 -0.92392 -0
    outer loop
      vertex -49.4509 1.23329 50
      vertex -49.5162 1.26033 42
      vertex -49.4509 1.23329 42
    endloop
  endfacet
  facet normal 0 0 1
    outer loop
      vertex -48.6519 0.070653 42
      vertex -48.6519 -0.070653 42
      vertex -48.65 0 42
    endloop
  endfacet
  facet normal 0 0 1
    outer loop
      vertex -48.6574 0.141113 42
      vertex -48.6519 -0.070653 42
      vertex -48.6519 0.070653 42
    endloop
  endfacet
  facet normal 0 0 1
    outer loop
      vertex -48.6574 0.141113 42
      vertex -48.6574 -0.141113 42
      vertex -48.6519 -0.070653 42
    endloop
  endfacet
  facet normal 0 0 1
    outer loop
      vertex -48.6666 0.211186 42
      vertex -48.6574 -0.141113 42
      vertex -48.6574 0.141113 42
    endloop
  endfacet
  facet normal 0 0 1
    outer loop
      vertex -48.6666 0.211186 42
      vertex -48.6666 -0.211186 42
      vertex -48.6574 -0.141113 42
    endloop
  endfacet
  facet normal 0 0 1
    outer loop
      vertex -48.6795 0.280681 42
      vertex -48.6666 -0.211186 42
      vertex -48.6666 0.211186 42
    endloop
  endfacet
  facet normal 0 0 1
    outer loop
      vertex -48.6795 0.280681 42
      vertex -48.6795 -0.280681 42
      vertex -48.6666 -0.211186 42
    endloop
  endfacet
  facet normal 0 0 1
    outer loop
      vertex -48.696 0.349405 42
      vertex -48.6795 -0.280681 42
      vertex -48.6795 0.280681 42
    endloop
  endfacet
  facet normal 0 0 1
    outer loop
      vertex -48.696 0.349405 42
      vertex -48.696 -0.349405 42
      vertex -48.6795 -0.280681 42
    endloop
  endfacet
  facet normal 0 0 1
    outer loop
      vertex -48.7161 0.417172 42
      vertex -48.696 -0.349405 42
      vertex -48.696 0.349405 42
    endloop
  endfacet
  facet normal 0 0 1
    outer loop
      vertex -48.7161 0.417172 42
      vertex -48.7161 -0.417172 42
      vertex -48.696 -0.349405 42
    endloop
  endfacet
  facet normal 0 0 1
    outer loop
      vertex -48.7397 0.483796 42
      vertex -48.7161 -0.417172 42
      vertex -48.7161 0.417172 42
    endloop
  endfacet
  facet normal 0 0 1
    outer loop
      vertex -48.7397 0.483796 42
      vertex -48.7397 -0.483796 42
      vertex -48.7161 -0.417172 42
    endloop
  endfacet
  facet normal 0 0 1
    outer loop
      vertex -48.7667 0.549094 42
      vertex -48.7397 -0.483796 42
      vertex -48.7397 0.483796 42
    endloop
  endfacet
  facet normal 0 0 1
    outer loop
      vertex -48.7667 0.549094 42
      vertex -48.7667 -0.549094 42
      vertex -48.7397 -0.483796 42
    endloop
  endfacet
  facet normal 0 0 1
    outer loop
      vertex -48.7971 0.612886 42
      vertex -48.7667 -0.549094 42
      vertex -48.7667 0.549094 42
    endloop
  endfacet
  facet normal 0 0 1
    outer loop
      vertex -48.7971 0.612886 42
      vertex -48.7971 -0.612886 42
      vertex -48.7667 -0.549094 42
    endloop
  endfacet
  facet normal 0 0 1
    outer loop
      vertex -48.8309 0.674999 42
      vertex -48.7971 -0.612886 42
      vertex -48.7971 0.612886 42
    endloop
  endfacet
  facet normal 0 0 1
    outer loop
      vertex -48.8309 0.674999 42
      vertex -48.8309 -0.674999 42
      vertex -48.7971 -0.612886 42
    endloop
  endfacet
  facet normal 0 0 1
    outer loop
      vertex -48.8678 0.735262 42
      vertex -48.8309 -0.674999 42
      vertex -48.8309 0.674999 42
    endloop
  endfacet
  facet normal 0 0 1
    outer loop
      vertex -48.8678 0.735262 42
      vertex -48.8678 -0.735262 42
      vertex -48.8309 -0.674999 42
    endloop
  endfacet
  facet normal 0 0 1
    outer loop
      vertex -48.9078 0.793509 42
      vertex -48.8678 -0.735262 42
      vertex -48.8678 0.735262 42
    endloop
  endfacet
  facet normal 0 0 1
    outer loop
      vertex -48.9078 0.793509 42
      vertex -48.9078 -0.793509 42
      vertex -48.8678 -0.735262 42
    endloop
  endfacet
  facet normal 0 0 1
    outer loop
      vertex -48.9509 0.849582 42
      vertex -48.9078 -0.793509 42
      vertex -48.9078 0.793509 42
    endloop
  endfacet
  facet normal 0 0 1
    outer loop
      vertex -48.9509 0.849582 42
      vertex -48.9509 -0.849582 42
      vertex -48.9078 -0.793509 42
    endloop
  endfacet
  facet normal 0 0 1
    outer loop
      vertex -48.9968 0.903326 42
      vertex -48.9509 -0.849582 42
      vertex -48.9509 0.849582 42
    endloop
  endfacet
  facet normal 0 0 1
    outer loop
      vertex -48.9968 0.903326 42
      vertex -48.9968 -0.903326 42
      vertex -48.9509 -0.849582 42
    endloop
  endfacet
  facet normal 0 0 1
    outer loop
      vertex -49.0454 0.954594 42
      vertex -48.9968 -0.903326 42
      vertex -48.9968 0.903326 42
    endloop
  endfacet
  facet normal 0 0 1
    outer loop
      vertex -49.0454 0.954594 42
      vertex -49.0454 -0.954594 42
      vertex -48.9968 -0.903326 42
    endloop
  endfacet
  facet normal 0 0 1
    outer loop
      vertex -49.0967 1.00325 42
      vertex -49.0454 -0.954594 42
      vertex -49.0454 0.954594 42
    endloop
  endfacet
  facet normal 0 0 1
    outer loop
      vertex -49.0967 1.00325 42
      vertex -49.0967 -1.00325 42
      vertex -49.0454 -0.954594 42
    endloop
  endfacet
  facet normal 0 0 1
    outer loop
      vertex -49.1504 1.04915 42
      vertex -49.0967 -1.00325 42
      vertex -49.0967 1.00325 42
    endloop
  endfacet
  facet normal 0 0 1
    outer loop
      vertex -49.1504 1.04915 42
      vertex -49.1504 -1.04915 42
      vertex -49.0967 -1.00325 42
    endloop
  endfacet
  facet normal 0 0 1
    outer loop
      vertex -49.2065 1.09217 42
      vertex -49.1504 -1.04915 42
      vertex -49.1504 1.04915 42
    endloop
  endfacet
  facet normal 0 0 1
    outer loop
      vertex -49.2065 1.09217 42
      vertex -49.2065 -1.09217 42
      vertex -49.1504 -1.04915 42
    endloop
  endfacet
  facet normal 0 0 1
    outer loop
      vertex -49.2647 1.13221 42
      vertex -49.2065 -1.09217 42
      vertex -49.2065 1.09217 42
    endloop
  endfacet
  facet normal 0 0 1
    outer loop
      vertex -49.2647 1.13221 42
      vertex -49.2647 -1.13221 42
      vertex -49.2065 -1.09217 42
    endloop
  endfacet
  facet normal 0 0 1
    outer loop
      vertex -49.325 1.16913 42
      vertex -49.2647 -1.13221 42
      vertex -49.2647 1.13221 42
    endloop
  endfacet
  facet normal 0 0 1
    outer loop
      vertex -49.325 1.16913 42
      vertex -49.325 -1.16913 42
      vertex -49.2647 -1.13221 42
    endloop
  endfacet
  facet normal 0 0 1
    outer loop
      vertex -49.3871 1.20286 42
      vertex -49.325 -1.16913 42
      vertex -49.325 1.16913 42
    endloop
  endfacet
  facet normal 0 0 1
    outer loop
      vertex -49.3871 1.20286 42
      vertex -49.3871 -1.20286 42
      vertex -49.325 -1.16913 42
    endloop
  endfacet
  facet normal 0 0 1
    outer loop
      vertex -49.4509 1.23329 42
      vertex -49.3871 -1.20286 42
      vertex -49.3871 1.20286 42
    endloop
  endfacet
  facet normal 0 0 1
    outer loop
      vertex -49.4509 1.23329 42
      vertex -49.4509 -1.23329 42
      vertex -49.3871 -1.20286 42
    endloop
  endfacet
  facet normal 0 0 1
    outer loop
      vertex -49.5162 1.26033 42
      vertex -49.4509 -1.23329 42
      vertex -49.4509 1.23329 42
    endloop
  endfacet
  facet normal 0 0 1
    outer loop
      vertex -49.5162 1.26033 42
      vertex -49.5162 -1.26033 42
      vertex -49.4509 -1.23329 42
    endloop
  endfacet
  facet normal 0 0 1
    outer loop
      vertex -49.5828 1.28393 42
      vertex -49.5162 -1.26033 42
      vertex -49.5162 1.26033 42
    endloop
  endfacet
  facet normal 0 0 1
    outer loop
      vertex -49.5828 1.28393 42
      vertex -49.5828 -1.28393 42
      vertex -49.5162 -1.26033 42
    endloop
  endfacet
  facet normal 0 0 1
    outer loop
      vertex -49.6506 1.304 42
      vertex -49.5828 -1.28393 42
      vertex -49.5828 1.28393 42
    endloop
  endfacet
  facet normal 0 0 1
    outer loop
      vertex -49.6506 1.304 42
      vertex -49.6506 -1.304 42
      vertex -49.5828 -1.28393 42
    endloop
  endfacet
  facet normal 0 0 1
    outer loop
      vertex -49.7193 1.3205 42
      vertex -49.6506 -1.304 42
      vertex -49.6506 1.304 42
    endloop
  endfacet
  facet normal 0 0 1
    outer loop
      vertex -49.7193 1.3205 42
      vertex -49.7193 -1.3205 42
      vertex -49.6506 -1.304 42
    endloop
  endfacet
  facet normal 0 0 1
    outer loop
      vertex -49.7888 1.33338 42
      vertex -49.7193 -1.3205 42
      vertex -49.7193 1.3205 42
    endloop
  endfacet
  facet normal 0 0 1
    outer loop
      vertex -49.7888 1.33338 42
      vertex -49.7888 -1.33338 42
      vertex -49.7193 -1.3205 42
    endloop
  endfacet
  facet normal 0 0 1
    outer loop
      vertex -49.8589 1.3426 42
      vertex -49.7888 -1.33338 42
      vertex -49.7888 1.33338 42
    endloop
  endfacet
  facet normal 0 0 1
    outer loop
      vertex -49.8589 1.3426 42
      vertex -49.8589 -1.3426 42
      vertex -49.7888 -1.33338 42
    endloop
  endfacet
  facet normal 0 0 1
    outer loop
      vertex -49.9293 1.34815 42
      vertex -49.8589 -1.3426 42
      vertex -49.8589 1.3426 42
    endloop
  endfacet
  facet normal 0 0 1
    outer loop
      vertex -49.9293 1.34815 42
      vertex -49.9293 -1.34815 42
      vertex -49.8589 -1.3426 42
    endloop
  endfacet
  facet normal 0 0 1
    outer loop
      vertex -50 1.35 42
      vertex -49.9293 -1.34815 42
      vertex -49.9293 1.34815 42
    endloop
  endfacet
  facet normal 0 0 1
    outer loop
      vertex -50 1.35 42
      vertex -50 -1.35 42
      vertex -49.9293 -1.34815 42
    endloop
  endfacet
  facet normal -0 0 1
    outer loop
      vertex -50.0707 1.34815 42
      vertex -50 -1.35 42
      vertex -50 1.35 42
    endloop
  endfacet
  facet normal 0 0 1
    outer loop
      vertex -50.0707 1.34815 42
      vertex -50.0707 -1.34815 42
      vertex -50 -1.35 42
    endloop
  endfacet
  facet normal -0 0 1
    outer loop
      vertex -50.1411 1.3426 42
      vertex -50.0707 -1.34815 42
      vertex -50.0707 1.34815 42
    endloop
  endfacet
  facet normal 0 0 1
    outer loop
      vertex -50.1411 1.3426 42
      vertex -50.1411 -1.3426 42
      vertex -50.0707 -1.34815 42
    endloop
  endfacet
  facet normal -0 0 1
    outer loop
      vertex -50.2112 1.33338 42
      vertex -50.1411 -1.3426 42
      vertex -50.1411 1.3426 42
    endloop
  endfacet
  facet normal 0 0 1
    outer loop
      vertex -50.2112 1.33338 42
      vertex -50.2112 -1.33338 42
      vertex -50.1411 -1.3426 42
    endloop
  endfacet
  facet normal -0 0 1
    outer loop
      vertex -50.2807 1.3205 42
      vertex -50.2112 -1.33338 42
      vertex -50.2112 1.33338 42
    endloop
  endfacet
  facet normal 0 0 1
    outer loop
      vertex -50.2807 1.3205 42
      vertex -50.2807 -1.3205 42
      vertex -50.2112 -1.33338 42
    endloop
  endfacet
  facet normal -0 0 1
    outer loop
      vertex -50.3494 1.304 42
      vertex -50.2807 -1.3205 42
      vertex -50.2807 1.3205 42
    endloop
  endfacet
  facet normal 0 0 1
    outer loop
      vertex -50.3494 1.304 42
      vertex -50.3494 -1.304 42
      vertex -50.2807 -1.3205 42
    endloop
  endfacet
  facet normal -0 0 1
    outer loop
      vertex -50.4172 1.28393 42
      vertex -50.3494 -1.304 42
      vertex -50.3494 1.304 42
    endloop
  endfacet
  facet normal 0 0 1
    outer loop
      vertex -50.4172 1.28393 42
      vertex -50.4172 -1.28393 42
      vertex -50.3494 -1.304 42
    endloop
  endfacet
  facet normal -0 0 1
    outer loop
      vertex -50.4838 1.26033 42
      vertex -50.4172 -1.28393 42
      vertex -50.4172 1.28393 42
    endloop
  endfacet
  facet normal 0 0 1
    outer loop
      vertex -50.4838 1.26033 42
      vertex -50.4838 -1.26033 42
      vertex -50.4172 -1.28393 42
    endloop
  endfacet
  facet normal -0 0 1
    outer loop
      vertex -50.5491 1.23329 42
      vertex -50.4838 -1.26033 42
      vertex -50.4838 1.26033 42
    endloop
  endfacet
  facet normal 0 0 1
    outer loop
      vertex -50.5491 1.23329 42
      vertex -50.5491 -1.23329 42
      vertex -50.4838 -1.26033 42
    endloop
  endfacet
  facet normal -0 0 1
    outer loop
      vertex -50.6129 1.20286 42
      vertex -50.5491 -1.23329 42
      vertex -50.5491 1.23329 42
    endloop
  endfacet
  facet normal 0 0 1
    outer loop
      vertex -50.6129 1.20286 42
      vertex -50.6129 -1.20286 42
      vertex -50.5491 -1.23329 42
    endloop
  endfacet
  facet normal -0 0 1
    outer loop
      vertex -50.675 1.16913 42
      vertex -50.6129 -1.20286 42
      vertex -50.6129 1.20286 42
    endloop
  endfacet
  facet normal 0 0 1
    outer loop
      vertex -50.675 1.16913 42
      vertex -50.675 -1.16913 42
      vertex -50.6129 -1.20286 42
    endloop
  endfacet
  facet normal -0 0 1
    outer loop
      vertex -50.7353 1.13221 42
      vertex -50.675 -1.16913 42
      vertex -50.675 1.16913 42
    endloop
  endfacet
  facet normal 0 0 1
    outer loop
      vertex -50.7353 1.13221 42
      vertex -50.7353 -1.13221 42
      vertex -50.675 -1.16913 42
    endloop
  endfacet
  facet normal -0 0 1
    outer loop
      vertex -50.7935 1.09217 42
      vertex -50.7353 -1.13221 42
      vertex -50.7353 1.13221 42
    endloop
  endfacet
  facet normal 0 0 1
    outer loop
      vertex -50.7935 1.09217 42
      vertex -50.7935 -1.09217 42
      vertex -50.7353 -1.13221 42
    endloop
  endfacet
  facet normal -0 0 1
    outer loop
      vertex -50.8496 1.04915 42
      vertex -50.7935 -1.09217 42
      vertex -50.7935 1.09217 42
    endloop
  endfacet
  facet normal 0 0 1
    outer loop
      vertex -50.8496 1.04915 42
      vertex -50.8496 -1.04915 42
      vertex -50.7935 -1.09217 42
    endloop
  endfacet
  facet normal -0 0 1
    outer loop
      vertex -50.9033 1.00325 42
      vertex -50.8496 -1.04915 42
      vertex -50.8496 1.04915 42
    endloop
  endfacet
  facet normal 0 0 1
    outer loop
      vertex -50.9033 1.00325 42
      vertex -50.9033 -1.00325 42
      vertex -50.8496 -1.04915 42
    endloop
  endfacet
  facet normal -0 0 1
    outer loop
      vertex -50.9546 0.954594 42
      vertex -50.9033 -1.00325 42
      vertex -50.9033 1.00325 42
    endloop
  endfacet
  facet normal 0 0 1
    outer loop
      vertex -50.9546 0.954594 42
      vertex -50.9546 -0.954594 42
      vertex -50.9033 -1.00325 42
    endloop
  endfacet
  facet normal -0 0 1
    outer loop
      vertex -51.0032 0.903326 42
      vertex -50.9546 -0.954594 42
      vertex -50.9546 0.954594 42
    endloop
  endfacet
  facet normal 0 0 1
    outer loop
      vertex -51.0032 0.903326 42
      vertex -51.0032 -0.903326 42
      vertex -50.9546 -0.954594 42
    endloop
  endfacet
  facet normal -0 0 1
    outer loop
      vertex -51.0491 0.849582 42
      vertex -51.0032 -0.903326 42
      vertex -51.0032 0.903326 42
    endloop
  endfacet
  facet normal 0 0 1
    outer loop
      vertex -51.0491 0.849582 42
      vertex -51.0491 -0.849582 42
      vertex -51.0032 -0.903326 42
    endloop
  endfacet
  facet normal -0 0 1
    outer loop
      vertex -51.0922 0.793509 42
      vertex -51.0491 -0.849582 42
      vertex -51.0491 0.849582 42
    endloop
  endfacet
  facet normal 0 0 1
    outer loop
      vertex -51.0922 0.793509 42
      vertex -51.0922 -0.793509 42
      vertex -51.0491 -0.849582 42
    endloop
  endfacet
  facet normal -0 0 1
    outer loop
      vertex -51.1322 0.735262 42
      vertex -51.0922 -0.793509 42
      vertex -51.0922 0.793509 42
    endloop
  endfacet
  facet normal 0 0 1
    outer loop
      vertex -51.1322 0.735262 42
      vertex -51.1322 -0.735262 42
      vertex -51.0922 -0.793509 42
    endloop
  endfacet
  facet normal -0 0 1
    outer loop
      vertex -51.1691 0.674999 42
      vertex -51.1322 -0.735262 42
      vertex -51.1322 0.735262 42
    endloop
  endfacet
  facet normal 0 0 1
    outer loop
      vertex -51.1691 0.674999 42
      vertex -51.1691 -0.674999 42
      vertex -51.1322 -0.735262 42
    endloop
  endfacet
  facet normal -0 0 1
    outer loop
      vertex -51.2029 0.612886 42
      vertex -51.1691 -0.674999 42
      vertex -51.1691 0.674999 42
    endloop
  endfacet
  facet normal 0 0 1
    outer loop
      vertex -51.2029 0.612886 42
      vertex -51.2029 -0.612886 42
      vertex -51.1691 -0.674999 42
    endloop
  endfacet
  facet normal -0 0 1
    outer loop
      vertex -51.2333 0.549094 42
      vertex -51.2029 -0.612886 42
      vertex -51.2029 0.612886 42
    endloop
  endfacet
  facet normal 0 0 1
    outer loop
      vertex -51.2333 0.549094 42
      vertex -51.2333 -0.549094 42
      vertex -51.2029 -0.612886 42
    endloop
  endfacet
  facet normal -0 0 1
    outer loop
      vertex -51.2603 0.483796 42
      vertex -51.2333 -0.549094 42
      vertex -51.2333 0.549094 42
    endloop
  endfacet
  facet normal 0 0 1
    outer loop
      vertex -51.2603 0.483796 42
      vertex -51.2603 -0.483796 42
      vertex -51.2333 -0.549094 42
    endloop
  endfacet
  facet normal -0 0 1
    outer loop
      vertex -51.2839 0.417172 42
      vertex -51.2603 -0.483796 42
      vertex -51.2603 0.483796 42
    endloop
  endfacet
  facet normal 0 0 1
    outer loop
      vertex -51.2839 0.417172 42
      vertex -51.2839 -0.417172 42
      vertex -51.2603 -0.483796 42
    endloop
  endfacet
  facet normal -0 0 1
    outer loop
      vertex -51.304 0.349405 42
      vertex -51.2839 -0.417172 42
      vertex -51.2839 0.417172 42
    endloop
  endfacet
  facet normal 0 0 1
    outer loop
      vertex -51.304 0.349405 42
      vertex -51.304 -0.349405 42
      vertex -51.2839 -0.417172 42
    endloop
  endfacet
  facet normal -0 0 1
    outer loop
      vertex -51.3205 0.280681 42
      vertex -51.304 -0.349405 42
      vertex -51.304 0.349405 42
    endloop
  endfacet
  facet normal 0 0 1
    outer loop
      vertex -51.3205 0.280681 42
      vertex -51.3205 -0.280681 42
      vertex -51.304 -0.349405 42
    endloop
  endfacet
  facet normal -0 0 1
    outer loop
      vertex -51.3334 0.211186 42
      vertex -51.3205 -0.280681 42
      vertex -51.3205 0.280681 42
    endloop
  endfacet
  facet normal 0 0 1
    outer loop
      vertex -51.3334 0.211186 42
      vertex -51.3334 -0.211186 42
      vertex -51.3205 -0.280681 42
    endloop
  endfacet
  facet normal -0 0 1
    outer loop
      vertex -51.3426 0.141113 42
      vertex -51.3334 -0.211186 42
      vertex -51.3334 0.211186 42
    endloop
  endfacet
  facet normal 0 0 1
    outer loop
      vertex -51.3426 0.141113 42
      vertex -51.3426 -0.141113 42
      vertex -51.3334 -0.211186 42
    endloop
  endfacet
  facet normal -0 0 1
    outer loop
      vertex -51.3481 0.070653 42
      vertex -51.3426 -0.141113 42
      vertex -51.3426 0.141113 42
    endloop
  endfacet
  facet normal 0 0 1
    outer loop
      vertex -51.3481 0.070653 42
      vertex -51.3481 -0.070653 42
      vertex -51.3426 -0.141113 42
    endloop
  endfacet
  facet normal 0 -0 1
    outer loop
      vertex -51.3481 -0.070653 42
      vertex -51.3481 0.070653 42
      vertex -51.35 0 42
    endloop
  endfacet
  facet normal -0.522171 -0.852841 0
    outer loop
      vertex -49.325 1.16913 42
      vertex -49.2647 1.13221 50
      vertex -49.325 1.16913 50
    endloop
  endfacet
  facet normal -0.522171 -0.852841 -0
    outer loop
      vertex -49.2647 1.13221 50
      vertex -49.325 1.16913 42
      vertex -49.2647 1.13221 42
    endloop
  endfacet
  facet normal -0.983205 0.182507 0
    outer loop
      vertex -48.6795 -0.280681 42
      vertex -48.6666 -0.211186 50
      vertex -48.6666 -0.211186 42
    endloop
  endfacet
  facet normal -0.983205 0.182507 0
    outer loop
      vertex -48.6666 -0.211186 50
      vertex -48.6795 -0.280681 42
      vertex -48.6795 -0.280681 50
    endloop
  endfacet
  facet normal -0.477295 0.878743 0
    outer loop
      vertex -49.325 -1.16913 42
      vertex -49.3871 -1.20286 50
      vertex -49.325 -1.16913 50
    endloop
  endfacet
  facet normal -0.477295 0.878743 0
    outer loop
      vertex -49.3871 -1.20286 50
      vertex -49.325 -1.16913 42
      vertex -49.3871 -1.20286 42
    endloop
  endfacet
  facet normal 0.0785914 -0.996907 0
    outer loop
      vertex -50.1411 1.3426 42
      vertex -50.0707 1.34815 50
      vertex -50.1411 1.3426 50
    endloop
  endfacet
  facet normal 0.0785914 -0.996907 0
    outer loop
      vertex -50.0707 1.34815 50
      vertex -50.1411 1.3426 42
      vertex -50.0707 1.34815 42
    endloop
  endfacet
  facet normal 0.79285 0.609417 0
    outer loop
      vertex -51.0491 -0.849582 50
      vertex -51.0922 -0.793509 42
      vertex -51.0922 -0.793509 50
    endloop
  endfacet
  facet normal 0.79285 0.609417 0
    outer loop
      vertex -51.0922 -0.793509 42
      vertex -51.0491 -0.849582 50
      vertex -51.0491 -0.849582 42
    endloop
  endfacet
  facet normal -0.991491 0.130175 0
    outer loop
      vertex -48.6666 -0.211186 42
      vertex -48.6574 -0.141113 50
      vertex -48.6574 -0.141113 42
    endloop
  endfacet
  facet normal -0.991491 0.130175 0
    outer loop
      vertex -48.6574 -0.141113 50
      vertex -48.6666 -0.211186 42
      vertex -48.6666 -0.211186 50
    endloop
  endfacet
  facet normal 0.942609 0.333897 0
    outer loop
      vertex -51.2603 -0.483796 50
      vertex -51.2839 -0.417172 42
      vertex -51.2839 -0.417172 50
    endloop
  endfacet
  facet normal 0.942609 0.333897 0
    outer loop
      vertex -51.2839 -0.417172 42
      vertex -51.2603 -0.483796 50
      vertex -51.2603 -0.483796 42
    endloop
  endfacet
  facet normal 0.382585 -0.92392 0
    outer loop
      vertex -50.5491 1.23329 42
      vertex -50.4838 1.26033 50
      vertex -50.5491 1.23329 50
    endloop
  endfacet
  facet normal 0.382585 -0.92392 0
    outer loop
      vertex -50.4838 1.26033 50
      vertex -50.5491 1.23329 42
      vertex -50.4838 1.26033 42
    endloop
  endfacet
  facet normal 0.924116 -0.382112 0
    outer loop
      vertex -51.2603 0.483796 50
      vertex -51.2333 0.549094 42
      vertex -51.2333 0.549094 50
    endloop
  endfacet
  facet normal 0.924116 -0.382112 0
    outer loop
      vertex -51.2333 0.549094 42
      vertex -51.2603 0.483796 50
      vertex -51.2603 0.483796 42
    endloop
  endfacet
  facet normal 0.0261579 0.999658 -0
    outer loop
      vertex -50 -1.35 42
      vertex -50.0707 -1.34815 50
      vertex -50 -1.35 50
    endloop
  endfacet
  facet normal 0.0261579 0.999658 0
    outer loop
      vertex -50.0707 -1.34815 50
      vertex -50 -1.35 42
      vertex -50.0707 -1.34815 42
    endloop
  endfacet
  facet normal -0.566793 -0.82386 0
    outer loop
      vertex -49.2647 1.13221 42
      vertex -49.2065 1.09217 50
      vertex -49.2647 1.13221 50
    endloop
  endfacet
  facet normal -0.566793 -0.82386 -0
    outer loop
      vertex -49.2065 1.09217 50
      vertex -49.2647 1.13221 42
      vertex -49.2065 1.09217 42
    endloop
  endfacet
  facet normal -0.996967 0.0778217 0
    outer loop
      vertex -48.6574 -0.141113 42
      vertex -48.6519 -0.070653 50
      vertex -48.6519 -0.070653 42
    endloop
  endfacet
  facet normal -0.996967 0.0778217 0
    outer loop
      vertex -48.6519 -0.070653 50
      vertex -48.6574 -0.141113 42
      vertex -48.6574 -0.141113 50
    endloop
  endfacet
  facet normal -0.760418 0.649434 0
    outer loop
      vertex -48.9968 -0.903326 42
      vertex -48.9509 -0.849582 50
      vertex -48.9509 -0.849582 42
    endloop
  endfacet
  facet normal -0.760418 0.649434 0
    outer loop
      vertex -48.9509 -0.849582 50
      vertex -48.9968 -0.903326 42
      vertex -48.9968 -0.903326 50
    endloop
  endfacet
  facet normal 0.182221 -0.983258 0
    outer loop
      vertex -50.2807 1.3205 42
      vertex -50.2112 1.33338 50
      vertex -50.2807 1.3205 50
    endloop
  endfacet
  facet normal 0.182221 -0.983258 0
    outer loop
      vertex -50.2112 1.33338 50
      vertex -50.2807 1.3205 42
      vertex -50.2112 1.33338 42
    endloop
  endfacet
  facet normal 0.566793 0.82386 -0
    outer loop
      vertex -50.7353 -1.13221 42
      vertex -50.7935 -1.09217 50
      vertex -50.7353 -1.13221 50
    endloop
  endfacet
  facet normal 0.566793 0.82386 0
    outer loop
      vertex -50.7935 -1.09217 50
      vertex -50.7353 -1.13221 42
      vertex -50.7935 -1.09217 42
    endloop
  endfacet
  facet normal 0.87837 0.477982 0
    outer loop
      vertex -51.1691 -0.674999 50
      vertex -51.2029 -0.612886 42
      vertex -51.2029 -0.612886 50
    endloop
  endfacet
  facet normal 0.87837 0.477982 0
    outer loop
      vertex -51.2029 -0.612886 42
      vertex -51.1691 -0.674999 50
      vertex -51.1691 -0.674999 42
    endloop
  endfacet
  facet normal -0.0261579 -0.999658 0
    outer loop
      vertex -50 1.35 42
      vertex -49.9293 1.34815 50
      vertex -50 1.35 50
    endloop
  endfacet
  facet normal -0.0261579 -0.999658 -0
    outer loop
      vertex -49.9293 1.34815 50
      vertex -50 1.35 42
      vertex -49.9293 1.34815 42
    endloop
  endfacet
  facet normal 0.824338 0.566098 0
    outer loop
      vertex -51.0922 -0.793509 50
      vertex -51.1322 -0.735262 42
      vertex -51.1322 -0.735262 50
    endloop
  endfacet
  facet normal 0.824338 0.566098 0
    outer loop
      vertex -51.1322 -0.735262 42
      vertex -51.0922 -0.793509 50
      vertex -51.0922 -0.793509 42
    endloop
  endfacet
  facet normal -0.688162 -0.725557 0
    outer loop
      vertex -49.0967 1.00325 42
      vertex -49.0454 0.954594 50
      vertex -49.0967 1.00325 50
    endloop
  endfacet
  facet normal -0.688162 -0.725557 -0
    outer loop
      vertex -49.0454 0.954594 50
      vertex -49.0967 1.00325 42
      vertex -49.0454 0.954594 42
    endloop
  endfacet
  facet normal -0.725738 -0.687971 0
    outer loop
      vertex -48.9968 0.903326 42
      vertex -49.0454 0.954594 50
      vertex -49.0454 0.954594 42
    endloop
  endfacet
  facet normal -0.725738 -0.687971 0
    outer loop
      vertex -49.0454 0.954594 50
      vertex -48.9968 0.903326 42
      vertex -48.9968 0.903326 50
    endloop
  endfacet
  facet normal 0.430499 -0.902591 0
    outer loop
      vertex -50.6129 1.20286 42
      vertex -50.5491 1.23329 50
      vertex -50.6129 1.20286 50
    endloop
  endfacet
  facet normal 0.430499 -0.902591 0
    outer loop
      vertex -50.5491 1.23329 50
      vertex -50.6129 1.20286 42
      vertex -50.5491 1.23329 42
    endloop
  endfacet
  facet normal -0.79285 0.609417 0
    outer loop
      vertex -48.9509 -0.849582 42
      vertex -48.9078 -0.793509 50
      vertex -48.9078 -0.793509 42
    endloop
  endfacet
  facet normal -0.79285 0.609417 0
    outer loop
      vertex -48.9078 -0.793509 50
      vertex -48.9509 -0.849582 42
      vertex -48.9509 -0.849582 50
    endloop
  endfacet
  facet normal -0.942609 -0.333897 0
    outer loop
      vertex -48.7161 0.417172 42
      vertex -48.7397 0.483796 50
      vertex -48.7397 0.483796 42
    endloop
  endfacet
  facet normal -0.942609 -0.333897 0
    outer loop
      vertex -48.7397 0.483796 50
      vertex -48.7161 0.417172 42
      vertex -48.7161 0.417172 50
    endloop
  endfacet
  facet normal -0.972367 0.233456 0
    outer loop
      vertex -48.696 -0.349405 42
      vertex -48.6795 -0.280681 50
      vertex -48.6795 -0.280681 42
    endloop
  endfacet
  facet normal -0.972367 0.233456 0
    outer loop
      vertex -48.6795 -0.280681 50
      vertex -48.696 -0.349405 42
      vertex -48.696 -0.349405 50
    endloop
  endfacet
  facet normal 0.334004 -0.942572 0
    outer loop
      vertex -50.4838 1.26033 42
      vertex -50.4172 1.28393 50
      vertex -50.4838 1.26033 50
    endloop
  endfacet
  facet normal 0.334004 -0.942572 0
    outer loop
      vertex -50.4172 1.28393 50
      vertex -50.4838 1.26033 42
      vertex -50.4172 1.28393 42
    endloop
  endfacet
  facet normal 0.942609 -0.333897 0
    outer loop
      vertex -51.2839 0.417172 50
      vertex -51.2603 0.483796 42
      vertex -51.2603 0.483796 50
    endloop
  endfacet
  facet normal 0.942609 -0.333897 0
    outer loop
      vertex -51.2603 0.483796 42
      vertex -51.2839 0.417172 50
      vertex -51.2839 0.417172 42
    endloop
  endfacet
  facet normal -0.130403 -0.991461 0
    outer loop
      vertex -49.8589 1.3426 42
      vertex -49.7888 1.33338 50
      vertex -49.8589 1.3426 50
    endloop
  endfacet
  facet normal -0.130403 -0.991461 -0
    outer loop
      vertex -49.7888 1.33338 50
      vertex -49.8589 1.3426 42
      vertex -49.7888 1.33338 42
    endloop
  endfacet
  facet normal -0.334004 -0.942572 0
    outer loop
      vertex -49.5828 1.28393 42
      vertex -49.5162 1.26033 50
      vertex -49.5828 1.28393 50
    endloop
  endfacet
  facet normal -0.334004 -0.942572 -0
    outer loop
      vertex -49.5162 1.26033 50
      vertex -49.5828 1.28393 42
      vertex -49.5162 1.26033 42
    endloop
  endfacet
  facet normal 0.924116 0.382112 0
    outer loop
      vertex -51.2333 -0.549094 50
      vertex -51.2603 -0.483796 42
      vertex -51.2603 -0.483796 50
    endloop
  endfacet
  facet normal 0.924116 0.382112 0
    outer loop
      vertex -51.2603 -0.483796 42
      vertex -51.2333 -0.549094 50
      vertex -51.2333 -0.549094 42
    endloop
  endfacet
  facet normal -0.233534 -0.972349 0
    outer loop
      vertex -49.7193 1.3205 42
      vertex -49.6506 1.304 50
      vertex -49.7193 1.3205 50
    endloop
  endfacet
  facet normal -0.233534 -0.972349 -0
    outer loop
      vertex -49.6506 1.304 50
      vertex -49.7193 1.3205 42
      vertex -49.6506 1.304 42
    endloop
  endfacet
  facet normal -0.566793 0.82386 0
    outer loop
      vertex -49.2065 -1.09217 42
      vertex -49.2647 -1.13221 50
      vertex -49.2065 -1.09217 50
    endloop
  endfacet
  facet normal -0.566793 0.82386 0
    outer loop
      vertex -49.2647 -1.13221 50
      vertex -49.2065 -1.09217 42
      vertex -49.2647 -1.13221 42
    endloop
  endfacet
  facet normal -0.649742 -0.760155 0
    outer loop
      vertex -49.1504 1.04915 42
      vertex -49.0967 1.00325 50
      vertex -49.1504 1.04915 50
    endloop
  endfacet
  facet normal -0.649742 -0.760155 -0
    outer loop
      vertex -49.0967 1.00325 50
      vertex -49.1504 1.04915 42
      vertex -49.0967 1.00325 42
    endloop
  endfacet
  facet normal -0.430499 -0.902591 0
    outer loop
      vertex -49.4509 1.23329 42
      vertex -49.3871 1.20286 50
      vertex -49.4509 1.23329 50
    endloop
  endfacet
  facet normal -0.430499 -0.902591 -0
    outer loop
      vertex -49.3871 1.20286 50
      vertex -49.4509 1.23329 42
      vertex -49.3871 1.20286 42
    endloop
  endfacet
  facet normal -0.972367 -0.233456 0
    outer loop
      vertex -48.6795 0.280681 42
      vertex -48.696 0.349405 50
      vertex -48.696 0.349405 42
    endloop
  endfacet
  facet normal -0.972367 -0.233456 0
    outer loop
      vertex -48.696 0.349405 50
      vertex -48.6795 0.280681 42
      vertex -48.6795 0.280681 50
    endloop
  endfacet
  facet normal 0.760418 -0.649434 0
    outer loop
      vertex -51.0491 0.849582 50
      vertex -51.0032 0.903326 42
      vertex -51.0032 0.903326 50
    endloop
  endfacet
  facet normal 0.760418 -0.649434 0
    outer loop
      vertex -51.0032 0.903326 42
      vertex -51.0491 0.849582 50
      vertex -51.0491 0.849582 42
    endloop
  endfacet
  facet normal -0.87837 0.477982 0
    outer loop
      vertex -48.8309 -0.674999 42
      vertex -48.7971 -0.612886 50
      vertex -48.7971 -0.612886 42
    endloop
  endfacet
  facet normal -0.87837 0.477982 0
    outer loop
      vertex -48.7971 -0.612886 50
      vertex -48.8309 -0.674999 42
      vertex -48.8309 -0.674999 50
    endloop
  endfacet
  facet normal -0.852824 0.522198 0
    outer loop
      vertex -48.8678 -0.735262 42
      vertex -48.8309 -0.674999 50
      vertex -48.8309 -0.674999 42
    endloop
  endfacet
  facet normal -0.852824 0.522198 0
    outer loop
      vertex -48.8309 -0.674999 50
      vertex -48.8678 -0.735262 42
      vertex -48.8678 -0.735262 50
    endloop
  endfacet
  facet normal -0.283843 -0.958871 0
    outer loop
      vertex -49.6506 1.304 42
      vertex -49.5828 1.28393 50
      vertex -49.6506 1.304 50
    endloop
  endfacet
  facet normal -0.283843 -0.958871 -0
    outer loop
      vertex -49.5828 1.28393 50
      vertex -49.6506 1.304 42
      vertex -49.5828 1.28393 42
    endloop
  endfacet
  facet normal 0.233534 0.972349 -0
    outer loop
      vertex -50.2807 -1.3205 42
      vertex -50.3494 -1.304 50
      vertex -50.2807 -1.3205 50
    endloop
  endfacet
  facet normal 0.233534 0.972349 0
    outer loop
      vertex -50.3494 -1.304 50
      vertex -50.2807 -1.3205 42
      vertex -50.3494 -1.304 42
    endloop
  endfacet
  facet normal -0.608521 0.793538 0
    outer loop
      vertex -49.1504 -1.04915 42
      vertex -49.2065 -1.09217 50
      vertex -49.1504 -1.04915 50
    endloop
  endfacet
  facet normal -0.608521 0.793538 0
    outer loop
      vertex -49.2065 -1.09217 50
      vertex -49.1504 -1.04915 42
      vertex -49.2065 -1.09217 42
    endloop
  endfacet
  facet normal -0.182221 -0.983258 0
    outer loop
      vertex -49.7888 1.33338 42
      vertex -49.7193 1.3205 50
      vertex -49.7888 1.33338 50
    endloop
  endfacet
  facet normal -0.182221 -0.983258 -0
    outer loop
      vertex -49.7193 1.3205 50
      vertex -49.7888 1.33338 42
      vertex -49.7193 1.3205 42
    endloop
  endfacet
  facet normal -0.999639 0.0268823 0
    outer loop
      vertex -48.6519 -0.070653 42
      vertex -48.65 0 50
      vertex -48.65 0 42
    endloop
  endfacet
  facet normal -0.999639 0.0268823 0
    outer loop
      vertex -48.65 0 50
      vertex -48.6519 -0.070653 42
      vertex -48.6519 -0.070653 50
    endloop
  endfacet
  facet normal 0.182221 0.983258 -0
    outer loop
      vertex -50.2112 -1.33338 42
      vertex -50.2807 -1.3205 50
      vertex -50.2112 -1.33338 50
    endloop
  endfacet
  facet normal 0.182221 0.983258 0
    outer loop
      vertex -50.2807 -1.3205 50
      vertex -50.2112 -1.33338 42
      vertex -50.2807 -1.3205 42
    endloop
  endfacet
  facet normal 0.852824 0.522198 0
    outer loop
      vertex -51.1322 -0.735262 50
      vertex -51.1691 -0.674999 42
      vertex -51.1691 -0.674999 50
    endloop
  endfacet
  facet normal 0.852824 0.522198 0
    outer loop
      vertex -51.1691 -0.674999 42
      vertex -51.1322 -0.735262 50
      vertex -51.1322 -0.735262 42
    endloop
  endfacet
  facet normal 0.824338 -0.566098 0
    outer loop
      vertex -51.1322 0.735262 50
      vertex -51.0922 0.793509 42
      vertex -51.0922 0.793509 50
    endloop
  endfacet
  facet normal 0.824338 -0.566098 0
    outer loop
      vertex -51.0922 0.793509 42
      vertex -51.1322 0.735262 50
      vertex -51.1322 0.735262 42
    endloop
  endfacet
  facet normal 0.382585 0.92392 -0
    outer loop
      vertex -50.4838 -1.26033 42
      vertex -50.5491 -1.23329 50
      vertex -50.4838 -1.26033 50
    endloop
  endfacet
  facet normal 0.382585 0.92392 0
    outer loop
      vertex -50.5491 -1.23329 50
      vertex -50.4838 -1.26033 42
      vertex -50.5491 -1.23329 42
    endloop
  endfacet
  facet normal 0.130403 0.991461 -0
    outer loop
      vertex -50.1411 -1.3426 42
      vertex -50.2112 -1.33338 50
      vertex -50.1411 -1.3426 50
    endloop
  endfacet
  facet normal 0.130403 0.991461 0
    outer loop
      vertex -50.2112 -1.33338 50
      vertex -50.1411 -1.3426 42
      vertex -50.2112 -1.33338 42
    endloop
  endfacet
  facet normal -0.334004 0.942572 0
    outer loop
      vertex -49.5162 -1.26033 42
      vertex -49.5828 -1.28393 50
      vertex -49.5162 -1.26033 50
    endloop
  endfacet
  facet normal -0.334004 0.942572 0
    outer loop
      vertex -49.5828 -1.28393 50
      vertex -49.5162 -1.26033 42
      vertex -49.5828 -1.28393 42
    endloop
  endfacet
  facet normal 0.972367 0.233456 0
    outer loop
      vertex -51.304 -0.349405 50
      vertex -51.3205 -0.280681 42
      vertex -51.3205 -0.280681 50
    endloop
  endfacet
  facet normal 0.972367 0.233456 0
    outer loop
      vertex -51.3205 -0.280681 42
      vertex -51.304 -0.349405 50
      vertex -51.304 -0.349405 42
    endloop
  endfacet
  facet normal -0.824338 -0.566098 0
    outer loop
      vertex -48.8678 0.735262 42
      vertex -48.9078 0.793509 50
      vertex -48.9078 0.793509 42
    endloop
  endfacet
  facet normal -0.824338 -0.566098 0
    outer loop
      vertex -48.9078 0.793509 50
      vertex -48.8678 0.735262 42
      vertex -48.8678 0.735262 50
    endloop
  endfacet
  facet normal -0.79285 -0.609417 0
    outer loop
      vertex -48.9078 0.793509 42
      vertex -48.9509 0.849582 50
      vertex -48.9509 0.849582 42
    endloop
  endfacet
  facet normal -0.79285 -0.609417 0
    outer loop
      vertex -48.9509 0.849582 50
      vertex -48.9078 0.793509 42
      vertex -48.9078 0.793509 50
    endloop
  endfacet
  facet normal 0.996967 0.0778217 0
    outer loop
      vertex -51.3426 -0.141113 50
      vertex -51.3481 -0.070653 42
      vertex -51.3481 -0.070653 50
    endloop
  endfacet
  facet normal 0.996967 0.0778217 0
    outer loop
      vertex -51.3481 -0.070653 42
      vertex -51.3426 -0.141113 50
      vertex -51.3426 -0.141113 42
    endloop
  endfacet
  facet normal 0.334004 0.942572 -0
    outer loop
      vertex -50.4172 -1.28393 42
      vertex -50.4838 -1.26033 50
      vertex -50.4172 -1.28393 50
    endloop
  endfacet
  facet normal 0.334004 0.942572 0
    outer loop
      vertex -50.4838 -1.26033 50
      vertex -50.4172 -1.28393 42
      vertex -50.4838 -1.26033 42
    endloop
  endfacet
  facet normal -0.608521 -0.793538 0
    outer loop
      vertex -49.2065 1.09217 42
      vertex -49.1504 1.04915 50
      vertex -49.2065 1.09217 50
    endloop
  endfacet
  facet normal -0.608521 -0.793538 -0
    outer loop
      vertex -49.1504 1.04915 50
      vertex -49.2065 1.09217 42
      vertex -49.1504 1.04915 42
    endloop
  endfacet
  facet normal 0.283843 0.958871 -0
    outer loop
      vertex -50.3494 -1.304 42
      vertex -50.4172 -1.28393 50
      vertex -50.3494 -1.304 50
    endloop
  endfacet
  facet normal 0.283843 0.958871 0
    outer loop
      vertex -50.4172 -1.28393 50
      vertex -50.3494 -1.304 42
      vertex -50.4172 -1.28393 42
    endloop
  endfacet
  facet normal 0.983205 0.182507 0
    outer loop
      vertex -51.3205 -0.280681 50
      vertex -51.3334 -0.211186 42
      vertex -51.3334 -0.211186 50
    endloop
  endfacet
  facet normal 0.983205 0.182507 0
    outer loop
      vertex -51.3334 -0.211186 42
      vertex -51.3205 -0.280681 50
      vertex -51.3205 -0.280681 42
    endloop
  endfacet
  facet normal 0.999639 -0.0268823 0
    outer loop
      vertex -51.35 0 50
      vertex -51.3481 0.070653 42
      vertex -51.3481 0.070653 50
    endloop
  endfacet
  facet normal 0.999639 -0.0268823 0
    outer loop
      vertex -51.3481 0.070653 42
      vertex -51.35 0 50
      vertex -51.35 0 42
    endloop
  endfacet
  facet normal 0.902735 -0.430197 0
    outer loop
      vertex -51.2333 0.549094 50
      vertex -51.2029 0.612886 42
      vertex -51.2029 0.612886 50
    endloop
  endfacet
  facet normal 0.902735 -0.430197 0
    outer loop
      vertex -51.2029 0.612886 42
      vertex -51.2333 0.549094 50
      vertex -51.2333 0.549094 42
    endloop
  endfacet
  facet normal 0.130403 -0.991461 0
    outer loop
      vertex -50.2112 1.33338 42
      vertex -50.1411 1.3426 50
      vertex -50.2112 1.33338 50
    endloop
  endfacet
  facet normal 0.130403 -0.991461 0
    outer loop
      vertex -50.1411 1.3426 50
      vertex -50.2112 1.33338 42
      vertex -50.1411 1.3426 42
    endloop
  endfacet
  facet normal 0.725738 -0.687971 0
    outer loop
      vertex -51.0032 0.903326 50
      vertex -50.9546 0.954594 42
      vertex -50.9546 0.954594 50
    endloop
  endfacet
  facet normal 0.725738 -0.687971 0
    outer loop
      vertex -50.9546 0.954594 42
      vertex -51.0032 0.903326 50
      vertex -51.0032 0.903326 42
    endloop
  endfacet
  facet normal 0.852824 -0.522198 0
    outer loop
      vertex -51.1691 0.674999 50
      vertex -51.1322 0.735262 42
      vertex -51.1322 0.735262 50
    endloop
  endfacet
  facet normal 0.852824 -0.522198 0
    outer loop
      vertex -51.1322 0.735262 42
      vertex -51.1691 0.674999 50
      vertex -51.1691 0.674999 42
    endloop
  endfacet
  facet normal 0.0261579 -0.999658 0
    outer loop
      vertex -50.0707 1.34815 42
      vertex -50 1.35 50
      vertex -50.0707 1.34815 50
    endloop
  endfacet
  facet normal 0.0261579 -0.999658 0
    outer loop
      vertex -50 1.35 50
      vertex -50.0707 1.34815 42
      vertex -50 1.35 42
    endloop
  endfacet
  facet normal -0.688162 0.725557 0
    outer loop
      vertex -49.0454 -0.954594 42
      vertex -49.0967 -1.00325 50
      vertex -49.0454 -0.954594 50
    endloop
  endfacet
  facet normal -0.688162 0.725557 0
    outer loop
      vertex -49.0967 -1.00325 50
      vertex -49.0454 -0.954594 42
      vertex -49.0967 -1.00325 42
    endloop
  endfacet
  facet normal -0.283843 0.958871 0
    outer loop
      vertex -49.5828 -1.28393 42
      vertex -49.6506 -1.304 50
      vertex -49.5828 -1.28393 50
    endloop
  endfacet
  facet normal -0.283843 0.958871 0
    outer loop
      vertex -49.6506 -1.304 50
      vertex -49.5828 -1.28393 42
      vertex -49.6506 -1.304 42
    endloop
  endfacet
  facet normal -0.130403 0.991461 0
    outer loop
      vertex -49.7888 -1.33338 42
      vertex -49.8589 -1.3426 50
      vertex -49.7888 -1.33338 50
    endloop
  endfacet
  facet normal -0.130403 0.991461 0
    outer loop
      vertex -49.8589 -1.3426 50
      vertex -49.7888 -1.33338 42
      vertex -49.8589 -1.3426 42
    endloop
  endfacet
  facet normal -0.233534 0.972349 0
    outer loop
      vertex -49.6506 -1.304 42
      vertex -49.7193 -1.3205 50
      vertex -49.6506 -1.304 50
    endloop
  endfacet
  facet normal -0.233534 0.972349 0
    outer loop
      vertex -49.7193 -1.3205 50
      vertex -49.6506 -1.304 42
      vertex -49.7193 -1.3205 42
    endloop
  endfacet
  facet normal 0.649742 -0.760155 0
    outer loop
      vertex -50.9033 1.00325 42
      vertex -50.8496 1.04915 50
      vertex -50.9033 1.00325 50
    endloop
  endfacet
  facet normal 0.649742 -0.760155 0
    outer loop
      vertex -50.8496 1.04915 50
      vertex -50.9033 1.00325 42
      vertex -50.8496 1.04915 42
    endloop
  endfacet
  facet normal 0.688162 0.725557 -0
    outer loop
      vertex -50.9033 -1.00325 42
      vertex -50.9546 -0.954594 50
      vertex -50.9033 -1.00325 50
    endloop
  endfacet
  facet normal 0.688162 0.725557 0
    outer loop
      vertex -50.9546 -0.954594 50
      vertex -50.9033 -1.00325 42
      vertex -50.9546 -0.954594 42
    endloop
  endfacet
  facet normal -0.824338 0.566098 0
    outer loop
      vertex -48.9078 -0.793509 42
      vertex -48.8678 -0.735262 50
      vertex -48.8678 -0.735262 42
    endloop
  endfacet
  facet normal -0.824338 0.566098 0
    outer loop
      vertex -48.8678 -0.735262 50
      vertex -48.9078 -0.793509 42
      vertex -48.9078 -0.793509 50
    endloop
  endfacet
  facet normal 0.608521 -0.793538 0
    outer loop
      vertex -50.8496 1.04915 42
      vertex -50.7935 1.09217 50
      vertex -50.8496 1.04915 50
    endloop
  endfacet
  facet normal 0.608521 -0.793538 0
    outer loop
      vertex -50.7935 1.09217 50
      vertex -50.8496 1.04915 42
      vertex -50.7935 1.09217 42
    endloop
  endfacet
  facet normal -0.182221 0.983258 0
    outer loop
      vertex -49.7193 -1.3205 42
      vertex -49.7888 -1.33338 50
      vertex -49.7193 -1.3205 50
    endloop
  endfacet
  facet normal -0.182221 0.983258 0
    outer loop
      vertex -49.7888 -1.33338 50
      vertex -49.7193 -1.3205 42
      vertex -49.7888 -1.33338 42
    endloop
  endfacet
  facet normal 0.972367 -0.233456 0
    outer loop
      vertex -51.3205 0.280681 50
      vertex -51.304 0.349405 42
      vertex -51.304 0.349405 50
    endloop
  endfacet
  facet normal 0.972367 -0.233456 0
    outer loop
      vertex -51.304 0.349405 42
      vertex -51.3205 0.280681 50
      vertex -51.3205 0.280681 42
    endloop
  endfacet
  facet normal -0.649742 0.760155 0
    outer loop
      vertex -49.0967 -1.00325 42
      vertex -49.1504 -1.04915 50
      vertex -49.0967 -1.00325 50
    endloop
  endfacet
  facet normal -0.649742 0.760155 0
    outer loop
      vertex -49.1504 -1.04915 50
      vertex -49.0967 -1.00325 42
      vertex -49.1504 -1.04915 42
    endloop
  endfacet
  facet normal -0.760418 -0.649434 0
    outer loop
      vertex -48.9509 0.849582 42
      vertex -48.9968 0.903326 50
      vertex -48.9968 0.903326 42
    endloop
  endfacet
  facet normal -0.760418 -0.649434 0
    outer loop
      vertex -48.9968 0.903326 50
      vertex -48.9509 0.849582 42
      vertex -48.9509 0.849582 50
    endloop
  endfacet
  facet normal -0.382585 0.92392 0
    outer loop
      vertex -49.4509 -1.23329 42
      vertex -49.5162 -1.26033 50
      vertex -49.4509 -1.23329 50
    endloop
  endfacet
  facet normal -0.382585 0.92392 0
    outer loop
      vertex -49.5162 -1.26033 50
      vertex -49.4509 -1.23329 42
      vertex -49.5162 -1.26033 42
    endloop
  endfacet
  facet normal 0.0785914 0.996907 -0
    outer loop
      vertex -50.0707 -1.34815 42
      vertex -50.1411 -1.3426 50
      vertex -50.0707 -1.34815 50
    endloop
  endfacet
  facet normal 0.0785914 0.996907 0
    outer loop
      vertex -50.1411 -1.3426 50
      vertex -50.0707 -1.34815 42
      vertex -50.1411 -1.3426 42
    endloop
  endfacet
  facet normal 0.522171 -0.852841 0
    outer loop
      vertex -50.7353 1.13221 42
      vertex -50.675 1.16913 50
      vertex -50.7353 1.13221 50
    endloop
  endfacet
  facet normal 0.522171 -0.852841 0
    outer loop
      vertex -50.675 1.16913 50
      vertex -50.7353 1.13221 42
      vertex -50.675 1.16913 42
    endloop
  endfacet
  facet normal 0.233534 -0.972349 0
    outer loop
      vertex -50.3494 1.304 42
      vertex -50.2807 1.3205 50
      vertex -50.3494 1.304 50
    endloop
  endfacet
  facet normal 0.233534 -0.972349 0
    outer loop
      vertex -50.2807 1.3205 50
      vertex -50.3494 1.304 42
      vertex -50.2807 1.3205 42
    endloop
  endfacet
  facet normal 0.983205 -0.182507 0
    outer loop
      vertex -51.3334 0.211186 50
      vertex -51.3205 0.280681 42
      vertex -51.3205 0.280681 50
    endloop
  endfacet
  facet normal 0.983205 -0.182507 0
    outer loop
      vertex -51.3205 0.280681 42
      vertex -51.3334 0.211186 50
      vertex -51.3334 0.211186 42
    endloop
  endfacet
  facet normal 0.991491 -0.130175 0
    outer loop
      vertex -51.3426 0.141113 50
      vertex -51.3334 0.211186 42
      vertex -51.3334 0.211186 50
    endloop
  endfacet
  facet normal 0.991491 -0.130175 0
    outer loop
      vertex -51.3334 0.211186 42
      vertex -51.3426 0.141113 50
      vertex -51.3426 0.141113 42
    endloop
  endfacet
  facet normal 0.283843 -0.958871 0
    outer loop
      vertex -50.4172 1.28393 42
      vertex -50.3494 1.304 50
      vertex -50.4172 1.28393 50
    endloop
  endfacet
  facet normal 0.283843 -0.958871 0
    outer loop
      vertex -50.3494 1.304 50
      vertex -50.4172 1.28393 42
      vertex -50.3494 1.304 42
    endloop
  endfacet
  facet normal 0.477295 0.878743 -0
    outer loop
      vertex -50.6129 -1.20286 42
      vertex -50.675 -1.16913 50
      vertex -50.6129 -1.20286 50
    endloop
  endfacet
  facet normal 0.477295 0.878743 0
    outer loop
      vertex -50.675 -1.16913 50
      vertex -50.6129 -1.20286 42
      vertex -50.675 -1.16913 42
    endloop
  endfacet
  facet normal 0.958718 0.28436 0
    outer loop
      vertex -51.2839 -0.417172 50
      vertex -51.304 -0.349405 42
      vertex -51.304 -0.349405 50
    endloop
  endfacet
  facet normal 0.958718 0.28436 0
    outer loop
      vertex -51.304 -0.349405 42
      vertex -51.2839 -0.417172 50
      vertex -51.2839 -0.417172 42
    endloop
  endfacet
  facet normal -0.924116 0.382112 0
    outer loop
      vertex -48.7667 -0.549094 42
      vertex -48.7397 -0.483796 50
      vertex -48.7397 -0.483796 42
    endloop
  endfacet
  facet normal -0.924116 0.382112 0
    outer loop
      vertex -48.7397 -0.483796 50
      vertex -48.7667 -0.549094 42
      vertex -48.7667 -0.549094 50
    endloop
  endfacet
  facet normal -0.942609 0.333897 0
    outer loop
      vertex -48.7397 -0.483796 42
      vertex -48.7161 -0.417172 50
      vertex -48.7161 -0.417172 42
    endloop
  endfacet
  facet normal -0.942609 0.333897 0
    outer loop
      vertex -48.7161 -0.417172 50
      vertex -48.7397 -0.483796 42
      vertex -48.7397 -0.483796 50
    endloop
  endfacet
  facet normal 0.649742 0.760155 -0
    outer loop
      vertex -50.8496 -1.04915 42
      vertex -50.9033 -1.00325 50
      vertex -50.8496 -1.04915 50
    endloop
  endfacet
  facet normal 0.649742 0.760155 0
    outer loop
      vertex -50.9033 -1.00325 50
      vertex -50.8496 -1.04915 42
      vertex -50.9033 -1.00325 42
    endloop
  endfacet
  facet normal 0.522171 0.852841 -0
    outer loop
      vertex -50.675 -1.16913 42
      vertex -50.7353 -1.13221 50
      vertex -50.675 -1.16913 50
    endloop
  endfacet
  facet normal 0.522171 0.852841 0
    outer loop
      vertex -50.7353 -1.13221 50
      vertex -50.675 -1.16913 42
      vertex -50.7353 -1.13221 42
    endloop
  endfacet
  facet normal 0.477295 -0.878743 0
    outer loop
      vertex -50.675 1.16913 42
      vertex -50.6129 1.20286 50
      vertex -50.675 1.16913 50
    endloop
  endfacet
  facet normal 0.477295 -0.878743 0
    outer loop
      vertex -50.6129 1.20286 50
      vertex -50.675 1.16913 42
      vertex -50.6129 1.20286 42
    endloop
  endfacet
  facet normal 0.608521 0.793538 -0
    outer loop
      vertex -50.7935 -1.09217 42
      vertex -50.8496 -1.04915 50
      vertex -50.7935 -1.09217 50
    endloop
  endfacet
  facet normal 0.608521 0.793538 0
    outer loop
      vertex -50.8496 -1.04915 50
      vertex -50.7935 -1.09217 42
      vertex -50.8496 -1.04915 42
    endloop
  endfacet
  facet normal 0.996908 0.0785741 0
    outer loop
      vertex 28.4952 -43.1181 50
      vertex 28.4808 -42.9354 3
      vertex 28.4808 -42.9354 50
    endloop
  endfacet
  facet normal 0.996908 0.0785741 0
    outer loop
      vertex 28.4808 -42.9354 3
      vertex 28.4952 -43.1181 50
      vertex 28.4952 -43.1181 3
    endloop
  endfacet
  facet normal 0.999657 0.0261919 0
    outer loop
      vertex 28.5 -43.3013 50
      vertex 28.4952 -43.1181 3
      vertex 28.4952 -43.1181 50
    endloop
  endfacet
  facet normal 0.999657 0.0261919 0
    outer loop
      vertex 28.4952 -43.1181 3
      vertex 28.5 -43.3013 50
      vertex 28.5 -43.3013 3
    endloop
  endfacet
  facet normal 0.99146 0.130412 0
    outer loop
      vertex 28.4808 -42.9354 50
      vertex 28.4569 -42.7537 3
      vertex 28.4569 -42.7537 50
    endloop
  endfacet
  facet normal 0.99146 0.130412 0
    outer loop
      vertex 28.4569 -42.7537 3
      vertex 28.4808 -42.9354 50
      vertex 28.4808 -42.9354 3
    endloop
  endfacet
  facet normal -0.958886 0.283791 0
    outer loop
      vertex 21.6193 -42.3954 3
      vertex 21.6713 -42.2197 50
      vertex 21.6713 -42.2197 3
    endloop
  endfacet
  facet normal -0.958886 0.283791 0
    outer loop
      vertex 21.6713 -42.2197 50
      vertex 21.6193 -42.3954 3
      vertex 21.6193 -42.3954 50
    endloop
  endfacet
  facet normal -0.942627 -0.333847 0
    outer loop
      vertex 21.7325 -44.5556 3
      vertex 21.6713 -44.3828 50
      vertex 21.6713 -44.3828 3
    endloop
  endfacet
  facet normal -0.942627 -0.333847 0
    outer loop
      vertex 21.6713 -44.3828 50
      vertex 21.7325 -44.5556 3
      vertex 21.7325 -44.5556 50
    endloop
  endfacet
  facet normal -0.477513 0.878625 0
    outer loop
      vertex 23.411 -40.1827 3
      vertex 23.25 -40.2702 50
      vertex 23.411 -40.1827 50
    endloop
  endfacet
  facet normal -0.477513 0.878625 0
    outer loop
      vertex 23.25 -40.2702 50
      vertex 23.411 -40.1827 3
      vertex 23.25 -40.2702 3
    endloop
  endfacet
  facet normal -0.983253 -0.182246 0
    outer loop
      vertex 21.5765 -44.029 3
      vertex 21.5431 -43.8488 50
      vertex 21.5431 -43.8488 3
    endloop
  endfacet
  facet normal -0.983253 -0.182246 0
    outer loop
      vertex 21.5431 -43.8488 50
      vertex 21.5765 -44.029 3
      vertex 21.5765 -44.029 50
    endloop
  endfacet
  facet normal 0.430103 0.90278 -0
    outer loop
      vertex 26.589 -40.1827 3
      vertex 26.4236 -40.1039 50
      vertex 26.589 -40.1827 50
    endloop
  endfacet
  facet normal 0.430103 0.90278 0
    outer loop
      vertex 26.4236 -40.1039 50
      vertex 26.589 -40.1827 3
      vertex 26.4236 -40.1039 3
    endloop
  endfacet
  facet normal 0.902568 0.430548 0
    outer loop
      vertex 28.1974 -41.8777 50
      vertex 28.1185 -41.7123 3
      vertex 28.1185 -41.7123 50
    endloop
  endfacet
  facet normal 0.902568 0.430548 0
    outer loop
      vertex 28.1185 -41.7123 3
      vertex 28.1974 -41.8777 50
      vertex 28.1974 -41.8777 3
    endloop
  endfacet
  facet normal 0.0261919 0.999657 -0
    outer loop
      vertex 25.1832 -39.8061 3
      vertex 25 -39.8013 50
      vertex 25.1832 -39.8061 50
    endloop
  endfacet
  facet normal 0.0261919 0.999657 0
    outer loop
      vertex 25 -39.8013 50
      vertex 25.1832 -39.8061 3
      vertex 25 -39.8013 3
    endloop
  endfacet
  facet normal -0.852593 0.522575 0
    outer loop
      vertex 21.9689 -41.5513 3
      vertex 22.0647 -41.395 50
      vertex 22.0647 -41.395 3
    endloop
  endfacet
  facet normal -0.852593 0.522575 0
    outer loop
      vertex 22.0647 -41.395 50
      vertex 21.9689 -41.5513 3
      vertex 21.9689 -41.5513 50
    endloop
  endfacet
  facet normal 0.608867 0.793273 -0
    outer loop
      vertex 27.2026 -40.5813 3
      vertex 27.0572 -40.4697 50
      vertex 27.2026 -40.5813 50
    endloop
  endfacet
  facet normal 0.608867 0.793273 0
    outer loop
      vertex 27.0572 -40.4697 50
      vertex 27.2026 -40.5813 3
      vertex 27.0572 -40.4697 3
    endloop
  endfacet
  facet normal -0.99146 -0.130412 0
    outer loop
      vertex 21.5431 -43.8488 3
      vertex 21.5192 -43.6671 50
      vertex 21.5192 -43.6671 3
    endloop
  endfacet
  facet normal -0.99146 -0.130412 0
    outer loop
      vertex 21.5192 -43.6671 50
      vertex 21.5431 -43.8488 3
      vertex 21.5431 -43.8488 50
    endloop
  endfacet
  facet normal 0.92393 0.382561 0
    outer loop
      vertex 28.2675 -42.047 50
      vertex 28.1974 -41.8777 3
      vertex 28.1974 -41.8777 50
    endloop
  endfacet
  facet normal 0.92393 0.382561 0
    outer loop
      vertex 28.1974 -41.8777 3
      vertex 28.2675 -42.047 50
      vertex 28.2675 -42.047 3
    endloop
  endfacet
  facet normal -0.760334 0.649532 0
    outer loop
      vertex 22.28 -41.0986 3
      vertex 22.399 -40.9593 50
      vertex 22.399 -40.9593 3
    endloop
  endfacet
  facet normal -0.760334 0.649532 0
    outer loop
      vertex 22.399 -40.9593 50
      vertex 22.28 -41.0986 3
      vertex 22.28 -41.0986 50
    endloop
  endfacet
  facet normal 0.996639 -0.0819156 0
    outer loop
      vertex 28.4946 -43.4917 50
      vertex 28.4952 -43.4844 3
      vertex 28.4952 -43.4844 50
    endloop
  endfacet
  facet normal 0.996639 -0.0819156 0
    outer loop
      vertex 28.4952 -43.4844 3
      vertex 28.4946 -43.4917 50
      vertex 28.4946 -43.4917 3
    endloop
  endfacet
  facet normal -0.999657 -0.0262062 0
    outer loop
      vertex 21.5048 -43.4844 3
      vertex 21.5 -43.3013 50
      vertex 21.5 -43.3013 3
    endloop
  endfacet
  facet normal -0.999657 -0.0262062 0
    outer loop
      vertex 21.5 -43.3013 50
      vertex 21.5048 -43.4844 3
      vertex 21.5048 -43.4844 50
    endloop
  endfacet
  facet normal 0.182246 0.983253 -0
    outer loop
      vertex 25.7277 -39.8778 3
      vertex 25.5475 -39.8444 50
      vertex 25.7277 -39.8778 50
    endloop
  endfacet
  facet normal 0.182246 0.983253 0
    outer loop
      vertex 25.5475 -39.8444 50
      vertex 25.7277 -39.8778 3
      vertex 25.5475 -39.8444 3
    endloop
  endfacet
  facet normal 0.333534 0.942738 -0
    outer loop
      vertex 26.2543 -40.0337 3
      vertex 26.0816 -39.9726 50
      vertex 26.2543 -40.0337 50
    endloop
  endfacet
  facet normal 0.333534 0.942738 0
    outer loop
      vertex 26.0816 -39.9726 50
      vertex 26.2543 -40.0337 3
      vertex 26.0816 -39.9726 3
    endloop
  endfacet
  facet normal 0.958886 0.283791 0
    outer loop
      vertex 28.3807 -42.3954 50
      vertex 28.3287 -42.2197 3
      vertex 28.3287 -42.2197 50
    endloop
  endfacet
  facet normal 0.958886 0.283791 0
    outer loop
      vertex 28.3287 -42.2197 3
      vertex 28.3807 -42.3954 50
      vertex 28.3807 -42.3954 3
    endloop
  endfacet
  facet normal -0.878853 0.477092 0
    outer loop
      vertex 21.8815 -41.7123 3
      vertex 21.9689 -41.5513 50
      vertex 21.9689 -41.5513 3
    endloop
  endfacet
  facet normal -0.878853 0.477092 0
    outer loop
      vertex 21.9689 -41.5513 50
      vertex 21.8815 -41.7123 3
      vertex 21.8815 -41.7123 50
    endloop
  endfacet
  facet normal 0.383026 0.923737 -0
    outer loop
      vertex 26.4236 -40.1039 3
      vertex 26.2543 -40.0337 50
      vertex 26.4236 -40.1039 50
    endloop
  endfacet
  facet normal 0.383026 0.923737 0
    outer loop
      vertex 26.2543 -40.0337 50
      vertex 26.4236 -40.1039 3
      vertex 26.2543 -40.0337 3
    endloop
  endfacet
  facet normal -0.958886 -0.283791 0
    outer loop
      vertex 21.6713 -44.3828 3
      vertex 21.6193 -44.2071 50
      vertex 21.6193 -44.2071 3
    endloop
  endfacet
  facet normal -0.958886 -0.283791 0
    outer loop
      vertex 21.6193 -44.2071 50
      vertex 21.6713 -44.3828 3
      vertex 21.6713 -44.3828 50
    endloop
  endfacet
  facet normal 0.942566 0.334019 0
    outer loop
      vertex 28.3287 -42.2197 50
      vertex 28.2675 -42.047 3
      vertex 28.2675 -42.047 50
    endloop
  endfacet
  facet normal 0.942566 0.334019 0
    outer loop
      vertex 28.2675 -42.047 3
      vertex 28.3287 -42.2197 50
      vertex 28.3287 -42.2197 3
    endloop
  endfacet
  facet normal 0.130948 0.991389 -0
    outer loop
      vertex 25.5475 -39.8444 3
      vertex 25.3658 -39.8204 50
      vertex 25.5475 -39.8444 50
    endloop
  endfacet
  facet normal 0.130948 0.991389 0
    outer loop
      vertex 25.3658 -39.8204 50
      vertex 25.5475 -39.8444 3
      vertex 25.3658 -39.8204 3
    endloop
  endfacet
  facet normal 0.725422 0.688305 0
    outer loop
      vertex 27.601 -40.9593 50
      vertex 27.4749 -40.8264 3
      vertex 27.4749 -40.8264 50
    endloop
  endfacet
  facet normal 0.725422 0.688305 0
    outer loop
      vertex 27.4749 -40.8264 3
      vertex 27.601 -40.9593 50
      vertex 27.601 -40.9593 3
    endloop
  endfacet
  facet normal -0.793273 -0.608867 0
    outer loop
      vertex 22.28 -45.5039 3
      vertex 22.1684 -45.3585 50
      vertex 22.1684 -45.3585 3
    endloop
  endfacet
  facet normal -0.793273 -0.608867 0
    outer loop
      vertex 22.1684 -45.3585 50
      vertex 22.28 -45.5039 3
      vertex 22.28 -45.5039 50
    endloop
  endfacet
  facet normal -0.942566 0.334019 0
    outer loop
      vertex 21.6713 -42.2197 3
      vertex 21.7325 -42.047 50
      vertex 21.7325 -42.047 3
    endloop
  endfacet
  facet normal -0.942566 0.334019 0
    outer loop
      vertex 21.7325 -42.047 50
      vertex 21.6713 -42.2197 3
      vertex 21.6713 -42.2197 50
    endloop
  endfacet
  facet normal -0.725422 -0.688305 0
    outer loop
      vertex 22.5251 -45.7761 3
      vertex 22.399 -45.6432 50
      vertex 22.399 -45.6432 3
    endloop
  endfacet
  facet normal -0.725422 -0.688305 0
    outer loop
      vertex 22.399 -45.6432 50
      vertex 22.5251 -45.7761 3
      vertex 22.5251 -45.7761 50
    endloop
  endfacet
  facet normal -0.608523 -0.793536 0
    outer loop
      vertex 22.7974 -46.0213 3
      vertex 22.9428 -46.1328 50
      vertex 22.7974 -46.0213 50
    endloop
  endfacet
  facet normal -0.608523 -0.793536 -0
    outer loop
      vertex 22.9428 -46.1328 50
      vertex 22.7974 -46.0213 3
      vertex 22.9428 -46.1328 3
    endloop
  endfacet
  facet normal -0.0780742 0.996948 0
    outer loop
      vertex 24.8168 -39.8061 3
      vertex 24.6342 -39.8204 50
      vertex 24.8168 -39.8061 50
    endloop
  endfacet
  facet normal -0.0780742 0.996948 0
    outer loop
      vertex 24.6342 -39.8204 50
      vertex 24.8168 -39.8061 3
      vertex 24.6342 -39.8204 3
    endloop
  endfacet
  facet normal -0.0261919 0.999657 0
    outer loop
      vertex 25 -39.8013 3
      vertex 24.8168 -39.8061 50
      vertex 25 -39.8013 50
    endloop
  endfacet
  facet normal -0.0261919 0.999657 0
    outer loop
      vertex 24.8168 -39.8061 50
      vertex 25 -39.8013 3
      vertex 24.8168 -39.8061 3
    endloop
  endfacet
  facet normal -0.824329 -0.566112 0
    outer loop
      vertex 22.1684 -45.3585 3
      vertex 22.0647 -45.2075 50
      vertex 22.0647 -45.2075 3
    endloop
  endfacet
  facet normal -0.824329 -0.566112 0
    outer loop
      vertex 22.0647 -45.2075 50
      vertex 22.1684 -45.3585 3
      vertex 22.1684 -45.3585 50
    endloop
  endfacet
  facet normal 0.522421 0.852688 -0
    outer loop
      vertex 26.9062 -40.3659 3
      vertex 26.75 -40.2702 50
      vertex 26.9062 -40.3659 50
    endloop
  endfacet
  facet normal 0.522421 0.852688 0
    outer loop
      vertex 26.75 -40.2702 50
      vertex 26.9062 -40.3659 3
      vertex 26.75 -40.2702 3
    endloop
  endfacet
  facet normal -0.284293 0.958738 0
    outer loop
      vertex 24.0941 -39.9205 3
      vertex 23.9184 -39.9726 50
      vertex 24.0941 -39.9205 50
    endloop
  endfacet
  facet normal -0.284293 0.958738 0
    outer loop
      vertex 23.9184 -39.9726 50
      vertex 24.0941 -39.9205 3
      vertex 23.9184 -39.9726 3
    endloop
  endfacet
  facet normal -0.760334 -0.649532 0
    outer loop
      vertex 22.399 -45.6432 3
      vertex 22.28 -45.5039 50
      vertex 22.28 -45.5039 3
    endloop
  endfacet
  facet normal -0.760334 -0.649532 0
    outer loop
      vertex 22.28 -45.5039 50
      vertex 22.399 -45.6432 3
      vertex 22.399 -45.6432 50
    endloop
  endfacet
  facet normal 0.852593 0.522575 0
    outer loop
      vertex 28.0311 -41.5513 50
      vertex 27.9353 -41.395 3
      vertex 27.9353 -41.395 50
    endloop
  endfacet
  facet normal 0.852593 0.522575 0
    outer loop
      vertex 27.9353 -41.395 3
      vertex 28.0311 -41.5513 50
      vertex 28.0311 -41.5513 3
    endloop
  endfacet
  facet normal -0.688305 0.725422 0
    outer loop
      vertex 22.658 -40.7003 3
      vertex 22.5251 -40.8264 50
      vertex 22.658 -40.7003 50
    endloop
  endfacet
  facet normal -0.688305 0.725422 0
    outer loop
      vertex 22.5251 -40.8264 50
      vertex 22.658 -40.7003 3
      vertex 22.5251 -40.8264 3
    endloop
  endfacet
  facet normal -0.725422 0.688305 0
    outer loop
      vertex 22.399 -40.9593 3
      vertex 22.5251 -40.8264 50
      vertex 22.5251 -40.8264 3
    endloop
  endfacet
  facet normal -0.725422 0.688305 0
    outer loop
      vertex 22.5251 -40.8264 50
      vertex 22.399 -40.9593 3
      vertex 22.399 -40.9593 50
    endloop
  endfacet
  facet normal -0.522421 0.852688 0
    outer loop
      vertex 23.25 -40.2702 3
      vertex 23.0938 -40.3659 50
      vertex 23.25 -40.2702 50
    endloop
  endfacet
  facet normal -0.522421 0.852688 0
    outer loop
      vertex 23.0938 -40.3659 50
      vertex 23.25 -40.2702 3
      vertex 23.0938 -40.3659 3
    endloop
  endfacet
  facet normal -0.824329 0.566112 0
    outer loop
      vertex 22.0647 -41.395 3
      vertex 22.1684 -41.244 50
      vertex 22.1684 -41.244 3
    endloop
  endfacet
  facet normal -0.824329 0.566112 0
    outer loop
      vertex 22.1684 -41.244 50
      vertex 22.0647 -41.395 3
      vertex 22.0647 -41.395 50
    endloop
  endfacet
  facet normal -0.902568 0.430548 0
    outer loop
      vertex 21.8026 -41.8777 3
      vertex 21.8815 -41.7123 50
      vertex 21.8815 -41.7123 3
    endloop
  endfacet
  facet normal -0.902568 0.430548 0
    outer loop
      vertex 21.8815 -41.7123 50
      vertex 21.8026 -41.8777 3
      vertex 21.8026 -41.8777 50
    endloop
  endfacet
  facet normal 0.999657 -0.0262062 0
    outer loop
      vertex 28.4952 -43.4844 50
      vertex 28.5 -43.3013 3
      vertex 28.5 -43.3013 50
    endloop
  endfacet
  facet normal 0.999657 -0.0262062 0
    outer loop
      vertex 28.5 -43.3013 3
      vertex 28.4952 -43.4844 50
      vertex 28.4952 -43.4844 3
    endloop
  endfacet
  facet normal 0 0 1
    outer loop
      vertex 28.3212 -43.6109 50
      vertex 26.3481 -43.2306 50
      vertex 26.35 -43.3013 50
    endloop
  endfacet
  facet normal 0 0 1
    outer loop
      vertex 26.589 -40.1827 50
      vertex 26.3426 -43.1602 50
      vertex 26.3481 -43.2306 50
    endloop
  endfacet
  facet normal 0 0 1
    outer loop
      vertex 26.589 -40.1827 50
      vertex 26.3334 -43.0901 50
      vertex 26.3426 -43.1602 50
    endloop
  endfacet
  facet normal 0 0 1
    outer loop
      vertex 26.589 -40.1827 50
      vertex 26.3205 -43.0206 50
      vertex 26.3334 -43.0901 50
    endloop
  endfacet
  facet normal 0 0 1
    outer loop
      vertex 26.589 -40.1827 50
      vertex 26.304 -42.9519 50
      vertex 26.3205 -43.0206 50
    endloop
  endfacet
  facet normal 0 0 1
    outer loop
      vertex 26.589 -40.1827 50
      vertex 26.2839 -42.8841 50
      vertex 26.304 -42.9519 50
    endloop
  endfacet
  facet normal 0 0 1
    outer loop
      vertex 26.589 -40.1827 50
      vertex 26.2603 -42.8175 50
      vertex 26.2839 -42.8841 50
    endloop
  endfacet
  facet normal 0 0 1
    outer loop
      vertex 25.5491 -42.068 50
      vertex 26.4236 -40.1039 50
      vertex 26.2543 -40.0337 50
    endloop
  endfacet
  facet normal 0 0 1
    outer loop
      vertex 26.589 -40.1827 50
      vertex 26.2333 -42.7522 50
      vertex 26.2603 -42.8175 50
    endloop
  endfacet
  facet normal 0 0 1
    outer loop
      vertex 26.589 -40.1827 50
      vertex 26.2029 -42.6884 50
      vertex 26.2333 -42.7522 50
    endloop
  endfacet
  facet normal 0 0 1
    outer loop
      vertex 26.589 -40.1827 50
      vertex 26.1691 -42.6263 50
      vertex 26.2029 -42.6884 50
    endloop
  endfacet
  facet normal 0 0 1
    outer loop
      vertex 26.589 -40.1827 50
      vertex 26.1322 -42.566 50
      vertex 26.1691 -42.6263 50
    endloop
  endfacet
  facet normal 0 0 1
    outer loop
      vertex 26.589 -40.1827 50
      vertex 26.0922 -42.5078 50
      vertex 26.1322 -42.566 50
    endloop
  endfacet
  facet normal 0 0 1
    outer loop
      vertex 25.4838 -42.0409 50
      vertex 26.2543 -40.0337 50
      vertex 26.0816 -39.9726 50
    endloop
  endfacet
  facet normal 0 0 1
    outer loop
      vertex 26.589 -40.1827 50
      vertex 26.0491 -42.4517 50
      vertex 26.0922 -42.5078 50
    endloop
  endfacet
  facet normal 0 0 1
    outer loop
      vertex 26.589 -40.1827 50
      vertex 26.0032 -42.3979 50
      vertex 26.0491 -42.4517 50
    endloop
  endfacet
  facet normal 0 0 1
    outer loop
      vertex 26.589 -40.1827 50
      vertex 25.9546 -42.3467 50
      vertex 26.0032 -42.3979 50
    endloop
  endfacet
  facet normal 0 0 1
    outer loop
      vertex 25.4172 -42.0173 50
      vertex 26.0816 -39.9726 50
      vertex 25.9059 -39.9205 50
    endloop
  endfacet
  facet normal 0 0 1
    outer loop
      vertex 26.589 -40.1827 50
      vertex 25.9033 -42.298 50
      vertex 25.9546 -42.3467 50
    endloop
  endfacet
  facet normal 0 0 1
    outer loop
      vertex 26.589 -40.1827 50
      vertex 25.8496 -42.2521 50
      vertex 25.9033 -42.298 50
    endloop
  endfacet
  facet normal 0 0 1
    outer loop
      vertex 26.589 -40.1827 50
      vertex 25.7935 -42.2091 50
      vertex 25.8496 -42.2521 50
    endloop
  endfacet
  facet normal 0 0 1
    outer loop
      vertex 26.589 -40.1827 50
      vertex 25.7353 -42.1691 50
      vertex 25.7935 -42.2091 50
    endloop
  endfacet
  facet normal 0 0 1
    outer loop
      vertex 25.3494 -41.9973 50
      vertex 25.9059 -39.9205 50
      vertex 25.7277 -39.8778 50
    endloop
  endfacet
  facet normal 0 0 1
    outer loop
      vertex 26.589 -40.1827 50
      vertex 25.675 -42.1321 50
      vertex 25.7353 -42.1691 50
    endloop
  endfacet
  facet normal 0 0 1
    outer loop
      vertex 26.589 -40.1827 50
      vertex 25.6129 -42.0984 50
      vertex 25.675 -42.1321 50
    endloop
  endfacet
  facet normal 0 0 1
    outer loop
      vertex 26.4236 -40.1039 50
      vertex 25.5491 -42.068 50
      vertex 25.6129 -42.0984 50
    endloop
  endfacet
  facet normal 0 0 1
    outer loop
      vertex 25.2807 -41.9808 50
      vertex 25.7277 -39.8778 50
      vertex 25.5475 -39.8444 50
    endloop
  endfacet
  facet normal 0 0 1
    outer loop
      vertex 26.2543 -40.0337 50
      vertex 25.4838 -42.0409 50
      vertex 25.5491 -42.068 50
    endloop
  endfacet
  facet normal 0 0 1
    outer loop
      vertex 26.0816 -39.9726 50
      vertex 25.4172 -42.0173 50
      vertex 25.4838 -42.0409 50
    endloop
  endfacet
  facet normal 0 0 1
    outer loop
      vertex 25.2112 -41.9679 50
      vertex 25.5475 -39.8444 50
      vertex 25.3658 -39.8204 50
    endloop
  endfacet
  facet normal 0 0 1
    outer loop
      vertex 25.9059 -39.9205 50
      vertex 25.3494 -41.9973 50
      vertex 25.4172 -42.0173 50
    endloop
  endfacet
  facet normal 0 0 1
    outer loop
      vertex 25.7277 -39.8778 50
      vertex 25.2807 -41.9808 50
      vertex 25.3494 -41.9973 50
    endloop
  endfacet
  facet normal 0 0 1
    outer loop
      vertex 25.5475 -39.8444 50
      vertex 25.2112 -41.9679 50
      vertex 25.2807 -41.9808 50
    endloop
  endfacet
  facet normal 0 0 1
    outer loop
      vertex 25.1411 -41.9587 50
      vertex 25.3658 -39.8204 50
      vertex 25.1832 -39.8061 50
    endloop
  endfacet
  facet normal 0 0 1
    outer loop
      vertex 25.3658 -39.8204 50
      vertex 25.1411 -41.9587 50
      vertex 25.2112 -41.9679 50
    endloop
  endfacet
  facet normal 0 0 1
    outer loop
      vertex 25.1832 -39.8061 50
      vertex 25.0707 -41.9531 50
      vertex 25.1411 -41.9587 50
    endloop
  endfacet
  facet normal 0 0 1
    outer loop
      vertex 25 -39.8013 50
      vertex 25.0707 -41.9531 50
      vertex 25.1832 -39.8061 50
    endloop
  endfacet
  facet normal 0 0 1
    outer loop
      vertex 25 -39.8013 50
      vertex 25 -41.9513 50
      vertex 25.0707 -41.9531 50
    endloop
  endfacet
  facet normal 0 0 1
    outer loop
      vertex 25 -39.8013 50
      vertex 24.9293 -41.9531 50
      vertex 25 -41.9513 50
    endloop
  endfacet
  facet normal -0 0 1
    outer loop
      vertex 24.8168 -39.8061 50
      vertex 24.9293 -41.9531 50
      vertex 25 -39.8013 50
    endloop
  endfacet
  facet normal 0 0 1
    outer loop
      vertex 24.9293 -41.9531 50
      vertex 24.8168 -39.8061 50
      vertex 24.8589 -41.9587 50
    endloop
  endfacet
  facet normal -0 0 1
    outer loop
      vertex 24.6342 -39.8204 50
      vertex 24.8589 -41.9587 50
      vertex 24.8168 -39.8061 50
    endloop
  endfacet
  facet normal 0 0 1
    outer loop
      vertex 24.8589 -41.9587 50
      vertex 24.6342 -39.8204 50
      vertex 24.7888 -41.9679 50
    endloop
  endfacet
  facet normal -0 0 1
    outer loop
      vertex 24.4525 -39.8444 50
      vertex 24.7888 -41.9679 50
      vertex 24.6342 -39.8204 50
    endloop
  endfacet
  facet normal 0 0 1
    outer loop
      vertex 24.7888 -41.9679 50
      vertex 24.4525 -39.8444 50
      vertex 24.7193 -41.9808 50
    endloop
  endfacet
  facet normal -0 0 1
    outer loop
      vertex 24.2723 -39.8778 50
      vertex 24.7193 -41.9808 50
      vertex 24.4525 -39.8444 50
    endloop
  endfacet
  facet normal 0 0 1
    outer loop
      vertex 24.7193 -41.9808 50
      vertex 24.2723 -39.8778 50
      vertex 24.6506 -41.9973 50
    endloop
  endfacet
  facet normal -0 0 1
    outer loop
      vertex 24.0941 -39.9205 50
      vertex 24.6506 -41.9973 50
      vertex 24.2723 -39.8778 50
    endloop
  endfacet
  facet normal 0 0 1
    outer loop
      vertex 24.6506 -41.9973 50
      vertex 24.0941 -39.9205 50
      vertex 24.5828 -42.0173 50
    endloop
  endfacet
  facet normal -0 0 1
    outer loop
      vertex 23.9184 -39.9726 50
      vertex 24.5828 -42.0173 50
      vertex 24.0941 -39.9205 50
    endloop
  endfacet
  facet normal 0 0 1
    outer loop
      vertex 24.5828 -42.0173 50
      vertex 23.9184 -39.9726 50
      vertex 24.5162 -42.0409 50
    endloop
  endfacet
  facet normal -0 0 1
    outer loop
      vertex 23.7457 -40.0337 50
      vertex 24.5162 -42.0409 50
      vertex 23.9184 -39.9726 50
    endloop
  endfacet
  facet normal 0 0 1
    outer loop
      vertex 24.5162 -42.0409 50
      vertex 23.7457 -40.0337 50
      vertex 24.4509 -42.068 50
    endloop
  endfacet
  facet normal -0 0 1
    outer loop
      vertex 23.5764 -40.1039 50
      vertex 24.4509 -42.068 50
      vertex 23.7457 -40.0337 50
    endloop
  endfacet
  facet normal 0 0 1
    outer loop
      vertex 24.4509 -42.068 50
      vertex 23.5764 -40.1039 50
      vertex 24.3871 -42.0984 50
    endloop
  endfacet
  facet normal -0 0 1
    outer loop
      vertex 23.411 -40.1827 50
      vertex 24.3871 -42.0984 50
      vertex 23.5764 -40.1039 50
    endloop
  endfacet
  facet normal 0 0 1
    outer loop
      vertex 24.3871 -42.0984 50
      vertex 23.411 -40.1827 50
      vertex 24.325 -42.1321 50
    endloop
  endfacet
  facet normal -0 0 1
    outer loop
      vertex 23.25 -40.2702 50
      vertex 24.325 -42.1321 50
      vertex 23.411 -40.1827 50
    endloop
  endfacet
  facet normal 0 0 1
    outer loop
      vertex 24.325 -42.1321 50
      vertex 23.25 -40.2702 50
      vertex 24.2647 -42.1691 50
    endloop
  endfacet
  facet normal -0 0 1
    outer loop
      vertex 23.0938 -40.3659 50
      vertex 24.2647 -42.1691 50
      vertex 23.25 -40.2702 50
    endloop
  endfacet
  facet normal 0 0 1
    outer loop
      vertex 24.2647 -42.1691 50
      vertex 23.0938 -40.3659 50
      vertex 24.2065 -42.2091 50
    endloop
  endfacet
  facet normal -0 0 1
    outer loop
      vertex 22.9428 -40.4697 50
      vertex 24.2065 -42.2091 50
      vertex 23.0938 -40.3659 50
    endloop
  endfacet
  facet normal 0 0 1
    outer loop
      vertex 24.2065 -42.2091 50
      vertex 22.9428 -40.4697 50
      vertex 24.1504 -42.2521 50
    endloop
  endfacet
  facet normal -0 0 1
    outer loop
      vertex 22.7974 -40.5813 50
      vertex 24.1504 -42.2521 50
      vertex 22.9428 -40.4697 50
    endloop
  endfacet
  facet normal 0 0 1
    outer loop
      vertex 24.1504 -42.2521 50
      vertex 22.7974 -40.5813 50
      vertex 24.0967 -42.298 50
    endloop
  endfacet
  facet normal -0 0 1
    outer loop
      vertex 22.658 -40.7003 50
      vertex 24.0967 -42.298 50
      vertex 22.7974 -40.5813 50
    endloop
  endfacet
  facet normal 0 0 1
    outer loop
      vertex 24.0967 -42.298 50
      vertex 22.658 -40.7003 50
      vertex 24.0454 -42.3467 50
    endloop
  endfacet
  facet normal -0 0 1
    outer loop
      vertex 22.5251 -40.8264 50
      vertex 24.0454 -42.3467 50
      vertex 22.658 -40.7003 50
    endloop
  endfacet
  facet normal 0 0 1
    outer loop
      vertex 24.0454 -42.3467 50
      vertex 22.5251 -40.8264 50
      vertex 23.9968 -42.3979 50
    endloop
  endfacet
  facet normal -0 0 1
    outer loop
      vertex 22.399 -40.9593 50
      vertex 23.9968 -42.3979 50
      vertex 22.5251 -40.8264 50
    endloop
  endfacet
  facet normal 0 0 1
    outer loop
      vertex 23.9968 -42.3979 50
      vertex 22.399 -40.9593 50
      vertex 23.9509 -42.4517 50
    endloop
  endfacet
  facet normal -0 0 1
    outer loop
      vertex 22.28 -41.0986 50
      vertex 23.9509 -42.4517 50
      vertex 22.399 -40.9593 50
    endloop
  endfacet
  facet normal 0 0 1
    outer loop
      vertex 23.9509 -42.4517 50
      vertex 22.28 -41.0986 50
      vertex 23.9078 -42.5078 50
    endloop
  endfacet
  facet normal -0 0 1
    outer loop
      vertex 22.1684 -41.244 50
      vertex 23.9078 -42.5078 50
      vertex 22.28 -41.0986 50
    endloop
  endfacet
  facet normal 0 0 1
    outer loop
      vertex 23.9078 -42.5078 50
      vertex 22.1684 -41.244 50
      vertex 23.8678 -42.566 50
    endloop
  endfacet
  facet normal -0 0 1
    outer loop
      vertex 22.0647 -41.395 50
      vertex 23.8678 -42.566 50
      vertex 22.1684 -41.244 50
    endloop
  endfacet
  facet normal 0 0 1
    outer loop
      vertex 23.8678 -42.566 50
      vertex 22.0647 -41.395 50
      vertex 23.8309 -42.6263 50
    endloop
  endfacet
  facet normal -0 0 1
    outer loop
      vertex 21.9689 -41.5513 50
      vertex 23.8309 -42.6263 50
      vertex 22.0647 -41.395 50
    endloop
  endfacet
  facet normal 0 0 1
    outer loop
      vertex 23.8309 -42.6263 50
      vertex 21.9689 -41.5513 50
      vertex 23.7971 -42.6884 50
    endloop
  endfacet
  facet normal -0 0 1
    outer loop
      vertex 21.8815 -41.7123 50
      vertex 23.7971 -42.6884 50
      vertex 21.9689 -41.5513 50
    endloop
  endfacet
  facet normal 0 -0 1
    outer loop
      vertex 23.411 -46.4198 50
      vertex 23.6075 -46.3323 50
      vertex 23.25 -46.3324 50
    endloop
  endfacet
  facet normal 0 0 1
    outer loop
      vertex 23.6075 -46.3323 50
      vertex 23.411 -46.4198 50
      vertex 23.4176 -46.4229 50
    endloop
  endfacet
  facet normal 0 0 1
    outer loop
      vertex 23.7971 -42.6884 50
      vertex 21.8815 -41.7123 50
      vertex 23.7667 -42.7522 50
    endloop
  endfacet
  facet normal 0 0 1
    outer loop
      vertex 23.6075 -46.3323 50
      vertex 23.0938 -46.2366 50
      vertex 23.25 -46.3324 50
    endloop
  endfacet
  facet normal -0 0 1
    outer loop
      vertex 21.8026 -41.8777 50
      vertex 23.7667 -42.7522 50
      vertex 21.8815 -41.7123 50
    endloop
  endfacet
  facet normal 0 0 1
    outer loop
      vertex 23.6075 -46.3323 50
      vertex 22.9428 -46.1328 50
      vertex 23.0938 -46.2366 50
    endloop
  endfacet
  facet normal 0 0 1
    outer loop
      vertex 23.7667 -42.7522 50
      vertex 21.8026 -41.8777 50
      vertex 23.7397 -42.8175 50
    endloop
  endfacet
  facet normal 0 0 1
    outer loop
      vertex 23.6075 -46.3323 50
      vertex 22.7974 -46.0213 50
      vertex 22.9428 -46.1328 50
    endloop
  endfacet
  facet normal -0 0 1
    outer loop
      vertex 21.7325 -42.047 50
      vertex 23.7397 -42.8175 50
      vertex 21.8026 -41.8777 50
    endloop
  endfacet
  facet normal 0 0 1
    outer loop
      vertex 23.65 -43.3013 50
      vertex 22.7974 -46.0213 50
      vertex 23.6075 -46.3323 50
    endloop
  endfacet
  facet normal 0 0 1
    outer loop
      vertex 23.7397 -42.8175 50
      vertex 21.7325 -42.047 50
      vertex 23.7161 -42.8841 50
    endloop
  endfacet
  facet normal 0 -0 1
    outer loop
      vertex 22.7974 -46.0213 50
      vertex 23.65 -43.3013 50
      vertex 22.658 -45.9023 50
    endloop
  endfacet
  facet normal -0 0 1
    outer loop
      vertex 21.6713 -42.2197 50
      vertex 23.7161 -42.8841 50
      vertex 21.7325 -42.047 50
    endloop
  endfacet
  facet normal 0 -0 1
    outer loop
      vertex 22.658 -45.9023 50
      vertex 23.65 -43.3013 50
      vertex 22.5251 -45.7761 50
    endloop
  endfacet
  facet normal 0 0 1
    outer loop
      vertex 23.7161 -42.8841 50
      vertex 21.6713 -42.2197 50
      vertex 23.696 -42.9519 50
    endloop
  endfacet
  facet normal 0 -0 1
    outer loop
      vertex 22.5251 -45.7761 50
      vertex 23.65 -43.3013 50
      vertex 22.399 -45.6432 50
    endloop
  endfacet
  facet normal -0 0 1
    outer loop
      vertex 21.6193 -42.3954 50
      vertex 23.696 -42.9519 50
      vertex 21.6713 -42.2197 50
    endloop
  endfacet
  facet normal 0 -0 1
    outer loop
      vertex 22.399 -45.6432 50
      vertex 23.65 -43.3013 50
      vertex 22.28 -45.5039 50
    endloop
  endfacet
  facet normal 0 0 1
    outer loop
      vertex 23.696 -42.9519 50
      vertex 21.6193 -42.3954 50
      vertex 23.6795 -43.0206 50
    endloop
  endfacet
  facet normal 0 -0 1
    outer loop
      vertex 22.28 -45.5039 50
      vertex 23.65 -43.3013 50
      vertex 22.1684 -45.3585 50
    endloop
  endfacet
  facet normal -0 0 1
    outer loop
      vertex 21.5765 -42.5736 50
      vertex 23.6795 -43.0206 50
      vertex 21.6193 -42.3954 50
    endloop
  endfacet
  facet normal 0 -0 1
    outer loop
      vertex 22.1684 -45.3585 50
      vertex 23.65 -43.3013 50
      vertex 22.0647 -45.2075 50
    endloop
  endfacet
  facet normal 0 0 1
    outer loop
      vertex 23.6795 -43.0206 50
      vertex 21.5765 -42.5736 50
      vertex 23.6666 -43.0901 50
    endloop
  endfacet
  facet normal 0 -0 1
    outer loop
      vertex 22.0647 -45.2075 50
      vertex 23.65 -43.3013 50
      vertex 21.9689 -45.0513 50
    endloop
  endfacet
  facet normal -0 0 1
    outer loop
      vertex 21.5431 -42.7537 50
      vertex 23.6666 -43.0901 50
      vertex 21.5765 -42.5736 50
    endloop
  endfacet
  facet normal 0 -0 1
    outer loop
      vertex 21.9689 -45.0513 50
      vertex 23.65 -43.3013 50
      vertex 21.8815 -44.8902 50
    endloop
  endfacet
  facet normal 0 0 1
    outer loop
      vertex 23.6666 -43.0901 50
      vertex 21.5431 -42.7537 50
      vertex 23.6574 -43.1602 50
    endloop
  endfacet
  facet normal 0 -0 1
    outer loop
      vertex 21.8815 -44.8902 50
      vertex 23.65 -43.3013 50
      vertex 21.8026 -44.7248 50
    endloop
  endfacet
  facet normal -0 0 1
    outer loop
      vertex 21.5192 -42.9354 50
      vertex 23.6574 -43.1602 50
      vertex 21.5431 -42.7537 50
    endloop
  endfacet
  facet normal 0 -0 1
    outer loop
      vertex 21.8026 -44.7248 50
      vertex 23.65 -43.3013 50
      vertex 21.7325 -44.5556 50
    endloop
  endfacet
  facet normal 0 0 1
    outer loop
      vertex 23.6574 -43.1602 50
      vertex 21.5192 -42.9354 50
      vertex 23.6519 -43.2306 50
    endloop
  endfacet
  facet normal 0 -0 1
    outer loop
      vertex 21.7325 -44.5556 50
      vertex 23.65 -43.3013 50
      vertex 21.6713 -44.3828 50
    endloop
  endfacet
  facet normal -0 0 1
    outer loop
      vertex 21.5048 -43.1181 50
      vertex 23.6519 -43.2306 50
      vertex 21.5192 -42.9354 50
    endloop
  endfacet
  facet normal 0 -0 1
    outer loop
      vertex 21.6713 -44.3828 50
      vertex 23.65 -43.3013 50
      vertex 21.6193 -44.2071 50
    endloop
  endfacet
  facet normal 0 0 1
    outer loop
      vertex 23.6519 -43.2306 50
      vertex 21.5048 -43.1181 50
      vertex 23.65 -43.3013 50
    endloop
  endfacet
  facet normal 0 -0 1
    outer loop
      vertex 21.6193 -44.2071 50
      vertex 23.65 -43.3013 50
      vertex 21.5765 -44.029 50
    endloop
  endfacet
  facet normal 0 -0 1
    outer loop
      vertex 21.5431 -43.8488 50
      vertex 23.65 -43.3013 50
      vertex 21.5192 -43.6671 50
    endloop
  endfacet
  facet normal 0 -0 1
    outer loop
      vertex 21.5765 -44.029 50
      vertex 23.65 -43.3013 50
      vertex 21.5431 -43.8488 50
    endloop
  endfacet
  facet normal 0 0 1
    outer loop
      vertex 21.5 -43.3013 50
      vertex 23.65 -43.3013 50
      vertex 21.5048 -43.1181 50
    endloop
  endfacet
  facet normal 0 0 1
    outer loop
      vertex 23.65 -43.3013 50
      vertex 21.5048 -43.4844 50
      vertex 21.5192 -43.6671 50
    endloop
  endfacet
  facet normal 0 0 1
    outer loop
      vertex 23.65 -43.3013 50
      vertex 21.5 -43.3013 50
      vertex 21.5048 -43.4844 50
    endloop
  endfacet
  facet normal 0 0 1
    outer loop
      vertex 28.3212 -43.6109 50
      vertex 28.5 -43.3013 50
      vertex 28.4952 -43.1181 50
    endloop
  endfacet
  facet normal 0 0 1
    outer loop
      vertex 28.5 -43.3013 50
      vertex 28.3212 -43.6109 50
      vertex 28.4952 -43.4844 50
    endloop
  endfacet
  facet normal 0 0 1
    outer loop
      vertex 28.3212 -43.6109 50
      vertex 28.4952 -43.1181 50
      vertex 28.4808 -42.9354 50
    endloop
  endfacet
  facet normal 0 0 1
    outer loop
      vertex 26.3481 -43.2306 50
      vertex 28.4808 -42.9354 50
      vertex 28.4569 -42.7537 50
    endloop
  endfacet
  facet normal 0 0 1
    outer loop
      vertex 26.3481 -43.2306 50
      vertex 28.4569 -42.7537 50
      vertex 28.4235 -42.5736 50
    endloop
  endfacet
  facet normal 0 0 1
    outer loop
      vertex 26.3481 -43.2306 50
      vertex 28.4235 -42.5736 50
      vertex 28.3807 -42.3954 50
    endloop
  endfacet
  facet normal 0 0 1
    outer loop
      vertex 26.3481 -43.2306 50
      vertex 28.3807 -42.3954 50
      vertex 28.3287 -42.2197 50
    endloop
  endfacet
  facet normal 0 0 1
    outer loop
      vertex 28.4952 -43.4844 50
      vertex 28.3212 -43.6109 50
      vertex 28.4946 -43.4917 50
    endloop
  endfacet
  facet normal 0 0 1
    outer loop
      vertex 26.3481 -43.2306 50
      vertex 28.3287 -42.2197 50
      vertex 28.2675 -42.047 50
    endloop
  endfacet
  facet normal 0 0 1
    outer loop
      vertex 26.3481 -43.2306 50
      vertex 28.2675 -42.047 50
      vertex 28.1974 -41.8777 50
    endloop
  endfacet
  facet normal 0 0 1
    outer loop
      vertex 26.3481 -43.2306 50
      vertex 28.1974 -41.8777 50
      vertex 28.1185 -41.7123 50
    endloop
  endfacet
  facet normal 0 0 1
    outer loop
      vertex 26.3481 -43.2306 50
      vertex 28.1185 -41.7123 50
      vertex 28.0311 -41.5513 50
    endloop
  endfacet
  facet normal 0 0 1
    outer loop
      vertex 26.3481 -43.2306 50
      vertex 28.0311 -41.5513 50
      vertex 27.9353 -41.395 50
    endloop
  endfacet
  facet normal 0 0 1
    outer loop
      vertex 26.3481 -43.2306 50
      vertex 27.9353 -41.395 50
      vertex 27.8316 -41.244 50
    endloop
  endfacet
  facet normal 0 0 1
    outer loop
      vertex 26.3481 -43.2306 50
      vertex 27.8316 -41.244 50
      vertex 27.72 -41.0986 50
    endloop
  endfacet
  facet normal 0 0 1
    outer loop
      vertex 26.3481 -43.2306 50
      vertex 27.72 -41.0986 50
      vertex 27.601 -40.9593 50
    endloop
  endfacet
  facet normal 0 0 1
    outer loop
      vertex 26.3481 -43.2306 50
      vertex 27.601 -40.9593 50
      vertex 27.4749 -40.8264 50
    endloop
  endfacet
  facet normal 0 0 1
    outer loop
      vertex 26.3481 -43.2306 50
      vertex 27.4749 -40.8264 50
      vertex 27.342 -40.7003 50
    endloop
  endfacet
  facet normal 0 0 1
    outer loop
      vertex 26.3481 -43.2306 50
      vertex 27.342 -40.7003 50
      vertex 27.2026 -40.5813 50
    endloop
  endfacet
  facet normal 0 0 1
    outer loop
      vertex 26.3481 -43.2306 50
      vertex 27.2026 -40.5813 50
      vertex 27.0572 -40.4697 50
    endloop
  endfacet
  facet normal 0 0 1
    outer loop
      vertex 26.3481 -43.2306 50
      vertex 27.0572 -40.4697 50
      vertex 26.9062 -40.3659 50
    endloop
  endfacet
  facet normal 0 0 1
    outer loop
      vertex 26.3481 -43.2306 50
      vertex 26.9062 -40.3659 50
      vertex 26.75 -40.2702 50
    endloop
  endfacet
  facet normal 0 0 1
    outer loop
      vertex 26.3481 -43.2306 50
      vertex 26.75 -40.2702 50
      vertex 26.589 -40.1827 50
    endloop
  endfacet
  facet normal 0 0 1
    outer loop
      vertex 25.6129 -42.0984 50
      vertex 26.589 -40.1827 50
      vertex 26.4236 -40.1039 50
    endloop
  endfacet
  facet normal -0 0 1
    outer loop
      vertex 26.3481 -43.2306 50
      vertex 28.3212 -43.6109 50
      vertex 28.4808 -42.9354 50
    endloop
  endfacet
  facet normal -0 0 1
    outer loop
      vertex 26.3481 -43.3719 50
      vertex 28.3212 -43.6109 50
      vertex 26.35 -43.3013 50
    endloop
  endfacet
  facet normal -0 0 1
    outer loop
      vertex 26.3426 -43.4424 50
      vertex 28.3212 -43.6109 50
      vertex 26.3481 -43.3719 50
    endloop
  endfacet
  facet normal -0 0 1
    outer loop
      vertex 26.3334 -43.5125 50
      vertex 28.3212 -43.6109 50
      vertex 26.3426 -43.4424 50
    endloop
  endfacet
  facet normal -0 0 1
    outer loop
      vertex 26.3205 -43.582 50
      vertex 28.3212 -43.6109 50
      vertex 26.3334 -43.5125 50
    endloop
  endfacet
  facet normal 0 0 1
    outer loop
      vertex 26.304 -43.6507 50
      vertex 28.3212 -43.6109 50
      vertex 26.3205 -43.582 50
    endloop
  endfacet
  facet normal 0 0 1
    outer loop
      vertex 26.2839 -43.7184 50
      vertex 28.3212 -43.6109 50
      vertex 26.304 -43.6507 50
    endloop
  endfacet
  facet normal 0 0 1
    outer loop
      vertex 26.2603 -43.7851 50
      vertex 28.3212 -43.6109 50
      vertex 26.2839 -43.7184 50
    endloop
  endfacet
  facet normal 0 0 1
    outer loop
      vertex 26.2333 -43.8504 50
      vertex 28.3212 -43.6109 50
      vertex 26.2603 -43.7851 50
    endloop
  endfacet
  facet normal 0 0 1
    outer loop
      vertex 26.2029 -43.9142 50
      vertex 28.3212 -43.6109 50
      vertex 26.2333 -43.8504 50
    endloop
  endfacet
  facet normal 0 0 1
    outer loop
      vertex 26.1691 -43.9763 50
      vertex 28.3212 -43.6109 50
      vertex 26.2029 -43.9142 50
    endloop
  endfacet
  facet normal 0 0 1
    outer loop
      vertex 26 -45.0333 50
      vertex 26.1691 -43.9763 50
      vertex 26.1322 -44.0365 50
    endloop
  endfacet
  facet normal 0 0 1
    outer loop
      vertex 26 -45.0333 50
      vertex 26.1322 -44.0365 50
      vertex 26.0922 -44.0948 50
    endloop
  endfacet
  facet normal 0 0 1
    outer loop
      vertex 26 -45.0333 50
      vertex 26.0922 -44.0948 50
      vertex 26.0491 -44.1509 50
    endloop
  endfacet
  facet normal 0 0 1
    outer loop
      vertex 26 -45.0333 50
      vertex 26.0491 -44.1509 50
      vertex 26.0032 -44.2046 50
    endloop
  endfacet
  facet normal -0 0 1
    outer loop
      vertex 26.1691 -43.9763 50
      vertex 26 -45.0333 50
      vertex 28.3212 -43.6109 50
    endloop
  endfacet
  facet normal -0 0 1
    outer loop
      vertex 25.9546 -44.2559 50
      vertex 26 -45.0333 50
      vertex 26.0032 -44.2046 50
    endloop
  endfacet
  facet normal -0 0 1
    outer loop
      vertex 25.9033 -44.3045 50
      vertex 26 -45.0333 50
      vertex 25.9546 -44.2559 50
    endloop
  endfacet
  facet normal -0 0 1
    outer loop
      vertex 25.8496 -44.3504 50
      vertex 26 -45.0333 50
      vertex 25.9033 -44.3045 50
    endloop
  endfacet
  facet normal -0 0 1
    outer loop
      vertex 25.7935 -44.3934 50
      vertex 26 -45.0333 50
      vertex 25.8496 -44.3504 50
    endloop
  endfacet
  facet normal -0 0 1
    outer loop
      vertex 25.7353 -44.4335 50
      vertex 26 -45.0333 50
      vertex 25.7935 -44.3934 50
    endloop
  endfacet
  facet normal -0 0 1
    outer loop
      vertex 25.675 -44.4704 50
      vertex 26 -45.0333 50
      vertex 25.7353 -44.4335 50
    endloop
  endfacet
  facet normal -0 0 1
    outer loop
      vertex 25.6129 -44.5041 50
      vertex 26 -45.0333 50
      vertex 25.675 -44.4704 50
    endloop
  endfacet
  facet normal -0 0 1
    outer loop
      vertex 25.5491 -44.5346 50
      vertex 26 -45.0333 50
      vertex 25.6129 -44.5041 50
    endloop
  endfacet
  facet normal -0 0 1
    outer loop
      vertex 25.4838 -44.5616 50
      vertex 26 -45.0333 50
      vertex 25.5491 -44.5346 50
    endloop
  endfacet
  facet normal -0 0 1
    outer loop
      vertex 25.4172 -44.5852 50
      vertex 26 -45.0333 50
      vertex 25.4838 -44.5616 50
    endloop
  endfacet
  facet normal -0 0 1
    outer loop
      vertex 25.3494 -44.6053 50
      vertex 26 -45.0333 50
      vertex 25.4172 -44.5852 50
    endloop
  endfacet
  facet normal -0 0 1
    outer loop
      vertex 25.2807 -44.6218 50
      vertex 26 -45.0333 50
      vertex 25.3494 -44.6053 50
    endloop
  endfacet
  facet normal -0 0 1
    outer loop
      vertex 25.2112 -44.6346 50
      vertex 26 -45.0333 50
      vertex 25.2807 -44.6218 50
    endloop
  endfacet
  facet normal -0 0 1
    outer loop
      vertex 25.1411 -44.6439 50
      vertex 26 -45.0333 50
      vertex 25.2112 -44.6346 50
    endloop
  endfacet
  facet normal -0 0 1
    outer loop
      vertex 25.0707 -44.6494 50
      vertex 26 -45.0333 50
      vertex 25.1411 -44.6439 50
    endloop
  endfacet
  facet normal -0 0 1
    outer loop
      vertex 25 -44.6513 50
      vertex 26 -45.0333 50
      vertex 25.0707 -44.6494 50
    endloop
  endfacet
  facet normal 0 0 1
    outer loop
      vertex 23.6075 -46.3323 50
      vertex 25 -44.6513 50
      vertex 24.9293 -44.6494 50
    endloop
  endfacet
  facet normal 0 0 1
    outer loop
      vertex 23.6075 -46.3323 50
      vertex 24.9293 -44.6494 50
      vertex 24.8589 -44.6439 50
    endloop
  endfacet
  facet normal 0 0 1
    outer loop
      vertex 23.6075 -46.3323 50
      vertex 24.8589 -44.6439 50
      vertex 24.7888 -44.6346 50
    endloop
  endfacet
  facet normal 0 0 1
    outer loop
      vertex 23.6075 -46.3323 50
      vertex 24.7888 -44.6346 50
      vertex 24.7193 -44.6218 50
    endloop
  endfacet
  facet normal 0 0 1
    outer loop
      vertex 23.6075 -46.3323 50
      vertex 24.7193 -44.6218 50
      vertex 24.6506 -44.6053 50
    endloop
  endfacet
  facet normal 0 0 1
    outer loop
      vertex 23.6075 -46.3323 50
      vertex 24.6506 -44.6053 50
      vertex 24.5828 -44.5852 50
    endloop
  endfacet
  facet normal 0 0 1
    outer loop
      vertex 25 -44.6513 50
      vertex 23.6075 -46.3323 50
      vertex 26 -45.0333 50
    endloop
  endfacet
  facet normal 0 0 1
    outer loop
      vertex 24.5162 -44.5616 50
      vertex 23.6075 -46.3323 50
      vertex 24.5828 -44.5852 50
    endloop
  endfacet
  facet normal 0 0 1
    outer loop
      vertex 24.4509 -44.5346 50
      vertex 23.6075 -46.3323 50
      vertex 24.5162 -44.5616 50
    endloop
  endfacet
  facet normal 0 0 1
    outer loop
      vertex 24.3871 -44.5041 50
      vertex 23.6075 -46.3323 50
      vertex 24.4509 -44.5346 50
    endloop
  endfacet
  facet normal 0 0 1
    outer loop
      vertex 24.325 -44.4704 50
      vertex 23.6075 -46.3323 50
      vertex 24.3871 -44.5041 50
    endloop
  endfacet
  facet normal 0 0 1
    outer loop
      vertex 24.2647 -44.4335 50
      vertex 23.6075 -46.3323 50
      vertex 24.325 -44.4704 50
    endloop
  endfacet
  facet normal 0 0 1
    outer loop
      vertex 24.2065 -44.3934 50
      vertex 23.6075 -46.3323 50
      vertex 24.2647 -44.4335 50
    endloop
  endfacet
  facet normal 0 0 1
    outer loop
      vertex 24.1504 -44.3504 50
      vertex 23.6075 -46.3323 50
      vertex 24.2065 -44.3934 50
    endloop
  endfacet
  facet normal 0 0 1
    outer loop
      vertex 24.0967 -44.3045 50
      vertex 23.6075 -46.3323 50
      vertex 24.1504 -44.3504 50
    endloop
  endfacet
  facet normal 0 0 1
    outer loop
      vertex 24.0454 -44.2559 50
      vertex 23.6075 -46.3323 50
      vertex 24.0967 -44.3045 50
    endloop
  endfacet
  facet normal 0 0 1
    outer loop
      vertex 23.9968 -44.2046 50
      vertex 23.6075 -46.3323 50
      vertex 24.0454 -44.2559 50
    endloop
  endfacet
  facet normal 0 0 1
    outer loop
      vertex 23.9509 -44.1509 50
      vertex 23.6075 -46.3323 50
      vertex 23.9968 -44.2046 50
    endloop
  endfacet
  facet normal 0 0 1
    outer loop
      vertex 23.9078 -44.0948 50
      vertex 23.6075 -46.3323 50
      vertex 23.9509 -44.1509 50
    endloop
  endfacet
  facet normal 0 0 1
    outer loop
      vertex 23.8678 -44.0365 50
      vertex 23.6075 -46.3323 50
      vertex 23.9078 -44.0948 50
    endloop
  endfacet
  facet normal 0 0 1
    outer loop
      vertex 23.8309 -43.9763 50
      vertex 23.6075 -46.3323 50
      vertex 23.8678 -44.0365 50
    endloop
  endfacet
  facet normal 0 0 1
    outer loop
      vertex 23.7971 -43.9142 50
      vertex 23.6075 -46.3323 50
      vertex 23.8309 -43.9763 50
    endloop
  endfacet
  facet normal 0 0 1
    outer loop
      vertex 23.7667 -43.8504 50
      vertex 23.6075 -46.3323 50
      vertex 23.7971 -43.9142 50
    endloop
  endfacet
  facet normal 0 0 1
    outer loop
      vertex 23.7397 -43.7851 50
      vertex 23.6075 -46.3323 50
      vertex 23.7667 -43.8504 50
    endloop
  endfacet
  facet normal 0 0 1
    outer loop
      vertex 23.7161 -43.7184 50
      vertex 23.6075 -46.3323 50
      vertex 23.7397 -43.7851 50
    endloop
  endfacet
  facet normal 0 0 1
    outer loop
      vertex 23.696 -43.6507 50
      vertex 23.6075 -46.3323 50
      vertex 23.7161 -43.7184 50
    endloop
  endfacet
  facet normal 0 0 1
    outer loop
      vertex 23.6795 -43.582 50
      vertex 23.6075 -46.3323 50
      vertex 23.696 -43.6507 50
    endloop
  endfacet
  facet normal 0 0 1
    outer loop
      vertex 23.6666 -43.5125 50
      vertex 23.6075 -46.3323 50
      vertex 23.6795 -43.582 50
    endloop
  endfacet
  facet normal 0 0 1
    outer loop
      vertex 23.6574 -43.4424 50
      vertex 23.6075 -46.3323 50
      vertex 23.6666 -43.5125 50
    endloop
  endfacet
  facet normal 0 0 1
    outer loop
      vertex 23.6519 -43.3719 50
      vertex 23.6075 -46.3323 50
      vertex 23.6574 -43.4424 50
    endloop
  endfacet
  facet normal 0 0 1
    outer loop
      vertex 23.6075 -46.3323 50
      vertex 23.6519 -43.3719 50
      vertex 23.65 -43.3013 50
    endloop
  endfacet
  facet normal 0.878853 0.477092 0
    outer loop
      vertex 28.1185 -41.7123 50
      vertex 28.0311 -41.5513 3
      vertex 28.0311 -41.5513 50
    endloop
  endfacet
  facet normal 0.878853 0.477092 0
    outer loop
      vertex 28.0311 -41.5513 3
      vertex 28.1185 -41.7123 50
      vertex 28.1185 -41.7123 3
    endloop
  endfacet
  facet normal -0.972348 0.233538 0
    outer loop
      vertex 21.5765 -42.5736 3
      vertex 21.6193 -42.3954 50
      vertex 21.6193 -42.3954 3
    endloop
  endfacet
  facet normal -0.972348 0.233538 0
    outer loop
      vertex 21.6193 -42.3954 50
      vertex 21.5765 -42.5736 3
      vertex 21.5765 -42.5736 50
    endloop
  endfacet
  facet normal -0.130948 0.991389 0
    outer loop
      vertex 24.6342 -39.8204 3
      vertex 24.4525 -39.8444 50
      vertex 24.6342 -39.8204 50
    endloop
  endfacet
  facet normal -0.130948 0.991389 0
    outer loop
      vertex 24.4525 -39.8444 50
      vertex 24.6342 -39.8204 3
      vertex 24.4525 -39.8444 3
    endloop
  endfacet
  facet normal 0.566482 0.824074 -0
    outer loop
      vertex 27.0572 -40.4697 3
      vertex 26.9062 -40.3659 50
      vertex 27.0572 -40.4697 50
    endloop
  endfacet
  facet normal 0.566482 0.824074 0
    outer loop
      vertex 26.9062 -40.3659 50
      vertex 27.0572 -40.4697 3
      vertex 26.9062 -40.3659 3
    endloop
  endfacet
  facet normal -0.425136 -0.905129 0
    outer loop
      vertex 23.411 -46.4198 3
      vertex 23.4176 -46.4229 50
      vertex 23.411 -46.4198 50
    endloop
  endfacet
  facet normal -0.425136 -0.905129 -0
    outer loop
      vertex 23.4176 -46.4229 50
      vertex 23.411 -46.4198 3
      vertex 23.4176 -46.4229 3
    endloop
  endfacet
  facet normal -0.996908 0.0785741 0
    outer loop
      vertex 21.5048 -43.1181 3
      vertex 21.5192 -42.9354 50
      vertex 21.5192 -42.9354 3
    endloop
  endfacet
  facet normal -0.996908 0.0785741 0
    outer loop
      vertex 21.5192 -42.9354 50
      vertex 21.5048 -43.1181 3
      vertex 21.5048 -43.1181 50
    endloop
  endfacet
  facet normal -0.999657 0.0261919 0
    outer loop
      vertex 21.5 -43.3013 3
      vertex 21.5048 -43.1181 50
      vertex 21.5048 -43.1181 3
    endloop
  endfacet
  facet normal -0.999657 0.0261919 0
    outer loop
      vertex 21.5048 -43.1181 50
      vertex 21.5 -43.3013 3
      vertex 21.5 -43.3013 50
    endloop
  endfacet
  facet normal 0.824329 0.566112 0
    outer loop
      vertex 27.9353 -41.395 50
      vertex 27.8316 -41.244 3
      vertex 27.8316 -41.244 50
    endloop
  endfacet
  facet normal 0.824329 0.566112 0
    outer loop
      vertex 27.8316 -41.244 3
      vertex 27.9353 -41.395 50
      vertex 27.9353 -41.395 3
    endloop
  endfacet
  facet normal 0.983235 0.182343 0
    outer loop
      vertex 28.4569 -42.7537 50
      vertex 28.4235 -42.5736 3
      vertex 28.4235 -42.5736 50
    endloop
  endfacet
  facet normal 0.983235 0.182343 0
    outer loop
      vertex 28.4235 -42.5736 3
      vertex 28.4569 -42.7537 50
      vertex 28.4569 -42.7537 3
    endloop
  endfacet
  facet normal -0.996908 -0.0785741 0
    outer loop
      vertex 21.5192 -43.6671 3
      vertex 21.5048 -43.4844 50
      vertex 21.5048 -43.4844 3
    endloop
  endfacet
  facet normal -0.996908 -0.0785741 0
    outer loop
      vertex 21.5048 -43.4844 50
      vertex 21.5192 -43.6671 3
      vertex 21.5192 -43.6671 50
    endloop
  endfacet
  facet normal -0.333534 0.942738 0
    outer loop
      vertex 23.9184 -39.9726 3
      vertex 23.7457 -40.0337 50
      vertex 23.9184 -39.9726 50
    endloop
  endfacet
  facet normal -0.333534 0.942738 0
    outer loop
      vertex 23.7457 -40.0337 50
      vertex 23.9184 -39.9726 3
      vertex 23.7457 -40.0337 3
    endloop
  endfacet
  facet normal 0.233022 0.972471 -0
    outer loop
      vertex 25.9059 -39.9205 3
      vertex 25.7277 -39.8778 50
      vertex 25.9059 -39.9205 50
    endloop
  endfacet
  facet normal 0.233022 0.972471 0
    outer loop
      vertex 25.7277 -39.8778 50
      vertex 25.9059 -39.9205 3
      vertex 25.7277 -39.8778 3
    endloop
  endfacet
  facet normal 0.972348 0.233538 0
    outer loop
      vertex 28.4235 -42.5736 50
      vertex 28.3807 -42.3954 3
      vertex 28.3807 -42.3954 50
    endloop
  endfacet
  facet normal 0.972348 0.233538 0
    outer loop
      vertex 28.3807 -42.3954 3
      vertex 28.4235 -42.5736 50
      vertex 28.4235 -42.5736 3
    endloop
  endfacet
  facet normal 0.649262 0.760565 -0
    outer loop
      vertex 27.342 -40.7003 3
      vertex 27.2026 -40.5813 50
      vertex 27.342 -40.7003 50
    endloop
  endfacet
  facet normal 0.649262 0.760565 0
    outer loop
      vertex 27.2026 -40.5813 50
      vertex 27.342 -40.7003 3
      vertex 27.2026 -40.5813 3
    endloop
  endfacet
  facet normal 0.0780742 0.996948 -0
    outer loop
      vertex 25.3658 -39.8204 3
      vertex 25.1832 -39.8061 50
      vertex 25.3658 -39.8204 50
    endloop
  endfacet
  facet normal 0.0780742 0.996948 0
    outer loop
      vertex 25.1832 -39.8061 50
      vertex 25.3658 -39.8204 3
      vertex 25.1832 -39.8061 3
    endloop
  endfacet
  facet normal 0.688305 0.725422 -0
    outer loop
      vertex 27.4749 -40.8264 3
      vertex 27.342 -40.7003 50
      vertex 27.4749 -40.8264 50
    endloop
  endfacet
  facet normal 0.688305 0.725422 0
    outer loop
      vertex 27.342 -40.7003 50
      vertex 27.4749 -40.8264 3
      vertex 27.342 -40.7003 3
    endloop
  endfacet
  facet normal -0.649262 0.760565 0
    outer loop
      vertex 22.7974 -40.5813 3
      vertex 22.658 -40.7003 50
      vertex 22.7974 -40.5813 50
    endloop
  endfacet
  facet normal -0.649262 0.760565 0
    outer loop
      vertex 22.658 -40.7003 50
      vertex 22.7974 -40.5813 3
      vertex 22.658 -40.7003 3
    endloop
  endfacet
  facet normal -0.99146 0.130412 0
    outer loop
      vertex 21.5192 -42.9354 3
      vertex 21.5431 -42.7537 50
      vertex 21.5431 -42.7537 3
    endloop
  endfacet
  facet normal -0.99146 0.130412 0
    outer loop
      vertex 21.5431 -42.7537 50
      vertex 21.5192 -42.9354 3
      vertex 21.5192 -42.9354 50
    endloop
  endfacet
  facet normal -0.688592 -0.725149 0
    outer loop
      vertex 22.5251 -45.7761 3
      vertex 22.658 -45.9023 50
      vertex 22.5251 -45.7761 50
    endloop
  endfacet
  facet normal -0.688592 -0.725149 -0
    outer loop
      vertex 22.658 -45.9023 50
      vertex 22.5251 -45.7761 3
      vertex 22.658 -45.9023 3
    endloop
  endfacet
  facet normal 0.477513 0.878625 -0
    outer loop
      vertex 26.75 -40.2702 3
      vertex 26.589 -40.1827 50
      vertex 26.75 -40.2702 50
    endloop
  endfacet
  facet normal 0.477513 0.878625 0
    outer loop
      vertex 26.589 -40.1827 50
      vertex 26.75 -40.2702 3
      vertex 26.589 -40.1827 3
    endloop
  endfacet
  facet normal -0.852444 -0.522818 0
    outer loop
      vertex 22.0647 -45.2075 3
      vertex 21.9689 -45.0513 50
      vertex 21.9689 -45.0513 3
    endloop
  endfacet
  facet normal -0.852444 -0.522818 0
    outer loop
      vertex 21.9689 -45.0513 50
      vertex 22.0647 -45.2075 3
      vertex 22.0647 -45.2075 50
    endloop
  endfacet
  facet normal 0.284293 0.958738 -0
    outer loop
      vertex 26.0816 -39.9726 3
      vertex 25.9059 -39.9205 50
      vertex 26.0816 -39.9726 50
    endloop
  endfacet
  facet normal 0.284293 0.958738 0
    outer loop
      vertex 25.9059 -39.9205 50
      vertex 26.0816 -39.9726 3
      vertex 25.9059 -39.9205 3
    endloop
  endfacet
  facet normal -0.430103 0.90278 0
    outer loop
      vertex 23.5764 -40.1039 3
      vertex 23.411 -40.1827 50
      vertex 23.5764 -40.1039 50
    endloop
  endfacet
  facet normal -0.430103 0.90278 0
    outer loop
      vertex 23.411 -40.1827 50
      vertex 23.5764 -40.1039 3
      vertex 23.411 -40.1827 3
    endloop
  endfacet
  facet normal 0.760334 0.649532 0
    outer loop
      vertex 27.72 -41.0986 50
      vertex 27.601 -40.9593 3
      vertex 27.601 -40.9593 50
    endloop
  endfacet
  facet normal 0.760334 0.649532 0
    outer loop
      vertex 27.601 -40.9593 3
      vertex 27.72 -41.0986 50
      vertex 27.72 -41.0986 3
    endloop
  endfacet
  facet normal -0.182246 0.983253 0
    outer loop
      vertex 24.4525 -39.8444 3
      vertex 24.2723 -39.8778 50
      vertex 24.4525 -39.8444 50
    endloop
  endfacet
  facet normal -0.182246 0.983253 0
    outer loop
      vertex 24.2723 -39.8778 50
      vertex 24.4525 -39.8444 3
      vertex 24.2723 -39.8778 3
    endloop
  endfacet
  facet normal -0.608867 0.793273 0
    outer loop
      vertex 22.9428 -40.4697 3
      vertex 22.7974 -40.5813 50
      vertex 22.9428 -40.4697 50
    endloop
  endfacet
  facet normal -0.608867 0.793273 0
    outer loop
      vertex 22.7974 -40.5813 50
      vertex 22.9428 -40.4697 3
      vertex 22.7974 -40.5813 3
    endloop
  endfacet
  facet normal -0.983235 0.182343 0
    outer loop
      vertex 21.5431 -42.7537 3
      vertex 21.5765 -42.5736 50
      vertex 21.5765 -42.5736 3
    endloop
  endfacet
  facet normal -0.983235 0.182343 0
    outer loop
      vertex 21.5765 -42.5736 50
      vertex 21.5431 -42.7537 3
      vertex 21.5431 -42.7537 50
    endloop
  endfacet
  facet normal 0.793273 0.608867 0
    outer loop
      vertex 27.8316 -41.244 50
      vertex 27.72 -41.0986 3
      vertex 27.72 -41.0986 50
    endloop
  endfacet
  facet normal 0.793273 0.608867 0
    outer loop
      vertex 27.72 -41.0986 3
      vertex 27.8316 -41.244 50
      vertex 27.8316 -41.244 3
    endloop
  endfacet
  facet normal -0.793273 0.608867 0
    outer loop
      vertex 22.1684 -41.244 3
      vertex 22.28 -41.0986 50
      vertex 22.28 -41.0986 3
    endloop
  endfacet
  facet normal -0.793273 0.608867 0
    outer loop
      vertex 22.28 -41.0986 50
      vertex 22.1684 -41.244 3
      vertex 22.1684 -41.244 50
    endloop
  endfacet
  facet normal -0.522818 -0.852444 0
    outer loop
      vertex 23.0938 -46.2366 3
      vertex 23.25 -46.3324 50
      vertex 23.0938 -46.2366 50
    endloop
  endfacet
  facet normal -0.522818 -0.852444 -0
    outer loop
      vertex 23.25 -46.3324 50
      vertex 23.0938 -46.2366 3
      vertex 23.25 -46.3324 3
    endloop
  endfacet
  facet normal -0.566482 0.824074 0
    outer loop
      vertex 23.0938 -40.3659 3
      vertex 22.9428 -40.4697 50
      vertex 23.0938 -40.3659 50
    endloop
  endfacet
  facet normal -0.566482 0.824074 0
    outer loop
      vertex 22.9428 -40.4697 50
      vertex 23.0938 -40.3659 3
      vertex 22.9428 -40.4697 3
    endloop
  endfacet
  facet normal -0.233022 0.972471 0
    outer loop
      vertex 24.2723 -39.8778 3
      vertex 24.0941 -39.9205 50
      vertex 24.2723 -39.8778 50
    endloop
  endfacet
  facet normal -0.233022 0.972471 0
    outer loop
      vertex 24.0941 -39.9205 50
      vertex 24.2723 -39.8778 3
      vertex 24.0941 -39.9205 3
    endloop
  endfacet
  facet normal -0.649262 -0.760565 0
    outer loop
      vertex 22.658 -45.9023 3
      vertex 22.7974 -46.0213 50
      vertex 22.658 -45.9023 50
    endloop
  endfacet
  facet normal -0.649262 -0.760565 -0
    outer loop
      vertex 22.7974 -46.0213 50
      vertex 22.658 -45.9023 3
      vertex 22.7974 -46.0213 3
    endloop
  endfacet
  facet normal -0.878978 -0.476863 0
    outer loop
      vertex 21.9689 -45.0513 3
      vertex 21.8815 -44.8902 50
      vertex 21.8815 -44.8902 3
    endloop
  endfacet
  facet normal -0.878978 -0.476863 0
    outer loop
      vertex 21.8815 -44.8902 50
      vertex 21.9689 -45.0513 3
      vertex 21.9689 -45.0513 50
    endloop
  endfacet
  facet normal -0.972318 -0.233662 0
    outer loop
      vertex 21.6193 -44.2071 3
      vertex 21.5765 -44.029 50
      vertex 21.5765 -44.029 3
    endloop
  endfacet
  facet normal -0.972318 -0.233662 0
    outer loop
      vertex 21.5765 -44.029 50
      vertex 21.6193 -44.2071 3
      vertex 21.6193 -44.2071 50
    endloop
  endfacet
  facet normal -0.92393 0.382561 0
    outer loop
      vertex 21.7325 -42.047 3
      vertex 21.8026 -41.8777 50
      vertex 21.8026 -41.8777 3
    endloop
  endfacet
  facet normal -0.92393 0.382561 0
    outer loop
      vertex 21.8026 -41.8777 50
      vertex 21.7325 -42.047 3
      vertex 21.7325 -42.047 50
    endloop
  endfacet
  facet normal -0.383026 0.923737 0
    outer loop
      vertex 23.7457 -40.0337 3
      vertex 23.5764 -40.1039 50
      vertex 23.7457 -40.0337 50
    endloop
  endfacet
  facet normal -0.383026 0.923737 0
    outer loop
      vertex 23.5764 -40.1039 50
      vertex 23.7457 -40.0337 3
      vertex 23.5764 -40.1039 3
    endloop
  endfacet
  facet normal -0.477092 -0.878853 0
    outer loop
      vertex 23.25 -46.3324 3
      vertex 23.411 -46.4198 50
      vertex 23.25 -46.3324 50
    endloop
  endfacet
  facet normal -0.477092 -0.878853 -0
    outer loop
      vertex 23.411 -46.4198 50
      vertex 23.25 -46.3324 3
      vertex 23.411 -46.4198 3
    endloop
  endfacet
  facet normal -0.92385 -0.382754 0
    outer loop
      vertex 21.8026 -44.7248 3
      vertex 21.7325 -44.5556 50
      vertex 21.7325 -44.5556 3
    endloop
  endfacet
  facet normal -0.92385 -0.382754 0
    outer loop
      vertex 21.7325 -44.5556 50
      vertex 21.8026 -44.7248 3
      vertex 21.8026 -44.7248 50
    endloop
  endfacet
  facet normal -0.566482 -0.824074 0
    outer loop
      vertex 22.9428 -46.1328 3
      vertex 23.0938 -46.2366 50
      vertex 22.9428 -46.1328 50
    endloop
  endfacet
  facet normal -0.566482 -0.824074 -0
    outer loop
      vertex 23.0938 -46.2366 50
      vertex 22.9428 -46.1328 3
      vertex 23.0938 -46.2366 3
    endloop
  endfacet
  facet normal -0.902568 -0.430548 0
    outer loop
      vertex 21.8815 -44.8902 3
      vertex 21.8026 -44.7248 50
      vertex 21.8026 -44.7248 3
    endloop
  endfacet
  facet normal -0.902568 -0.430548 0
    outer loop
      vertex 21.8026 -44.7248 50
      vertex 21.8815 -44.8902 3
      vertex 21.8815 -44.8902 50
    endloop
  endfacet
  facet normal -0.996962 -0.0778877 0
    outer loop
      vertex 26.3481 -43.2306 42
      vertex 26.3426 -43.1602 50
      vertex 26.3426 -43.1602 42
    endloop
  endfacet
  facet normal -0.996962 -0.0778877 0
    outer loop
      vertex 26.3426 -43.1602 50
      vertex 26.3481 -43.2306 42
      vertex 26.3481 -43.2306 50
    endloop
  endfacet
  facet normal -0.999639 -0.0268644 0
    outer loop
      vertex 26.35 -43.3013 42
      vertex 26.3481 -43.2306 50
      vertex 26.3481 -43.2306 42
    endloop
  endfacet
  facet normal -0.999639 -0.0268644 0
    outer loop
      vertex 26.3481 -43.2306 50
      vertex 26.35 -43.3013 42
      vertex 26.35 -43.3013 50
    endloop
  endfacet
  facet normal -0.991498 -0.130125 0
    outer loop
      vertex 26.3426 -43.1602 42
      vertex 26.3334 -43.0901 50
      vertex 26.3334 -43.0901 42
    endloop
  endfacet
  facet normal -0.991498 -0.130125 0
    outer loop
      vertex 26.3334 -43.0901 50
      vertex 26.3426 -43.1602 42
      vertex 26.3426 -43.1602 50
    endloop
  endfacet
  facet normal 0.725953 0.687745 0
    outer loop
      vertex 24.0454 -44.2559 50
      vertex 23.9968 -44.2046 42
      vertex 23.9968 -44.2046 50
    endloop
  endfacet
  facet normal 0.725953 0.687745 0
    outer loop
      vertex 23.9968 -44.2046 42
      vertex 24.0454 -44.2559 50
      vertex 24.0454 -44.2559 42
    endloop
  endfacet
  facet normal 0.996962 -0.0778877 0
    outer loop
      vertex 23.6519 -43.2306 50
      vertex 23.6574 -43.1602 42
      vertex 23.6574 -43.1602 50
    endloop
  endfacet
  facet normal 0.996962 -0.0778877 0
    outer loop
      vertex 23.6574 -43.1602 42
      vertex 23.6519 -43.2306 50
      vertex 23.6519 -43.2306 42
    endloop
  endfacet
  facet normal -0.958755 -0.284233 0
    outer loop
      vertex 26.304 -42.9519 42
      vertex 26.2839 -42.8841 50
      vertex 26.2839 -42.8841 42
    endloop
  endfacet
  facet normal -0.958755 -0.284233 0
    outer loop
      vertex 26.2839 -42.8841 50
      vertex 26.304 -42.9519 42
      vertex 26.304 -42.9519 50
    endloop
  endfacet
  facet normal -0.079295 -0.996851 0
    outer loop
      vertex 25.0707 -41.9531 42
      vertex 25.1411 -41.9587 50
      vertex 25.0707 -41.9531 50
    endloop
  endfacet
  facet normal -0.079295 -0.996851 -0
    outer loop
      vertex 25.1411 -41.9587 50
      vertex 25.0707 -41.9531 42
      vertex 25.1411 -41.9587 42
    endloop
  endfacet
  facet normal -0.431305 0.902206 0
    outer loop
      vertex 25.6129 -44.5041 42
      vertex 25.5491 -44.5346 50
      vertex 25.6129 -44.5041 50
    endloop
  endfacet
  facet normal -0.431305 0.902206 0
    outer loop
      vertex 25.5491 -44.5346 50
      vertex 25.6129 -44.5041 42
      vertex 25.5491 -44.5346 42
    endloop
  endfacet
  facet normal -0.902756 -0.430153 0
    outer loop
      vertex 26.2333 -42.7522 42
      vertex 26.2029 -42.6884 50
      vertex 26.2029 -42.6884 42
    endloop
  endfacet
  facet normal -0.902756 -0.430153 0
    outer loop
      vertex 26.2029 -42.6884 50
      vertex 26.2333 -42.7522 42
      vertex 26.2333 -42.7522 50
    endloop
  endfacet
  facet normal 0.431305 0.902206 -0
    outer loop
      vertex 24.4509 -44.5346 42
      vertex 24.3871 -44.5041 50
      vertex 24.4509 -44.5346 50
    endloop
  endfacet
  facet normal 0.431305 0.902206 0
    outer loop
      vertex 24.3871 -44.5041 50
      vertex 24.4509 -44.5346 42
      vertex 24.3871 -44.5041 42
    endloop
  endfacet
  facet normal 0.792992 -0.609232 0
    outer loop
      vertex 23.9078 -42.5078 50
      vertex 23.9509 -42.4517 42
      vertex 23.9509 -42.4517 50
    endloop
  endfacet
  facet normal 0.792992 -0.609232 0
    outer loop
      vertex 23.9509 -42.4517 42
      vertex 23.9078 -42.5078 50
      vertex 23.9078 -42.5078 42
    endloop
  endfacet
  facet normal -0.725953 0.687745 0
    outer loop
      vertex 25.9546 -44.2559 42
      vertex 26.0032 -44.2046 50
      vertex 26.0032 -44.2046 42
    endloop
  endfacet
  facet normal -0.725953 0.687745 0
    outer loop
      vertex 26.0032 -44.2046 50
      vertex 25.9546 -44.2559 42
      vertex 25.9546 -44.2559 50
    endloop
  endfacet
  facet normal -0.0778877 0.996962 0
    outer loop
      vertex 25.1411 -44.6439 42
      vertex 25.0707 -44.6494 50
      vertex 25.1411 -44.6439 50
    endloop
  endfacet
  facet normal -0.0778877 0.996962 0
    outer loop
      vertex 25.0707 -44.6494 50
      vertex 25.1411 -44.6439 42
      vertex 25.0707 -44.6494 42
    endloop
  endfacet
  facet normal -0.902756 0.430153 0
    outer loop
      vertex 26.2029 -43.9142 42
      vertex 26.2333 -43.8504 50
      vertex 26.2333 -43.8504 42
    endloop
  endfacet
  facet normal -0.902756 0.430153 0
    outer loop
      vertex 26.2333 -43.8504 50
      vertex 26.2029 -43.9142 42
      vertex 26.2029 -43.9142 50
    endloop
  endfacet
  facet normal -0.852967 -0.521965 0
    outer loop
      vertex 26.1691 -42.6263 42
      vertex 26.1322 -42.566 50
      vertex 26.1322 -42.566 42
    endloop
  endfacet
  facet normal -0.852967 -0.521965 0
    outer loop
      vertex 26.1322 -42.566 50
      vertex 26.1691 -42.6263 42
      vertex 26.1691 -42.6263 50
    endloop
  endfacet
  facet normal 0.760155 0.649742 0
    outer loop
      vertex 23.9968 -44.2046 50
      vertex 23.9509 -44.1509 42
      vertex 23.9509 -44.1509 50
    endloop
  endfacet
  facet normal 0.760155 0.649742 0
    outer loop
      vertex 23.9509 -44.1509 42
      vertex 23.9968 -44.2046 50
      vertex 23.9968 -44.2046 42
    endloop
  endfacet
  facet normal 0.688489 -0.725246 0
    outer loop
      vertex 24.0454 -42.3467 42
      vertex 24.0967 -42.298 50
      vertex 24.0454 -42.3467 50
    endloop
  endfacet
  facet normal 0.688489 -0.725246 0
    outer loop
      vertex 24.0967 -42.298 50
      vertex 24.0454 -42.3467 42
      vertex 24.0967 -42.298 42
    endloop
  endfacet
  facet normal -0.983207 -0.182495 0
    outer loop
      vertex 26.3334 -43.0901 42
      vertex 26.3205 -43.0206 50
      vertex 26.3205 -43.0206 42
    endloop
  endfacet
  facet normal -0.983207 -0.182495 0
    outer loop
      vertex 26.3205 -43.0206 50
      vertex 26.3334 -43.0901 42
      vertex 26.3334 -43.0901 50
    endloop
  endfacet
  facet normal -0.476967 -0.878921 0
    outer loop
      vertex 25.6129 -42.0984 42
      vertex 25.675 -42.1321 50
      vertex 25.6129 -42.0984 50
    endloop
  endfacet
  facet normal -0.476967 -0.878921 -0
    outer loop
      vertex 25.675 -42.1321 50
      vertex 25.6129 -42.0984 42
      vertex 25.675 -42.1321 42
    endloop
  endfacet
  facet normal 0.958755 -0.284233 0
    outer loop
      vertex 23.696 -42.9519 50
      vertex 23.7161 -42.8841 42
      vertex 23.7161 -42.8841 50
    endloop
  endfacet
  facet normal 0.958755 -0.284233 0
    outer loop
      vertex 23.7161 -42.8841 42
      vertex 23.696 -42.9519 50
      vertex 23.696 -42.9519 42
    endloop
  endfacet
  facet normal 0.999638 0.0269024 0
    outer loop
      vertex 23.6519 -43.3719 50
      vertex 23.65 -43.3013 42
      vertex 23.65 -43.3013 50
    endloop
  endfacet
  facet normal 0.999638 0.0269024 0
    outer loop
      vertex 23.65 -43.3013 42
      vertex 23.6519 -43.3719 50
      vertex 23.6519 -43.3719 42
    endloop
  endfacet
  facet normal 0.991498 0.130125 0
    outer loop
      vertex 23.6666 -43.5125 50
      vertex 23.6574 -43.4424 42
      vertex 23.6574 -43.4424 50
    endloop
  endfacet
  facet normal 0.991498 0.130125 0
    outer loop
      vertex 23.6574 -43.4424 42
      vertex 23.6666 -43.5125 50
      vertex 23.6666 -43.5125 42
    endloop
  endfacet
  facet normal -0.92412 -0.382102 0
    outer loop
      vertex 26.2603 -42.8175 42
      vertex 26.2333 -42.7522 50
      vertex 26.2333 -42.7522 42
    endloop
  endfacet
  facet normal -0.92412 -0.382102 0
    outer loop
      vertex 26.2333 -42.7522 50
      vertex 26.2603 -42.8175 42
      vertex 26.2603 -42.8175 50
    endloop
  endfacet
  facet normal 0.566409 -0.824125 0
    outer loop
      vertex 24.2065 -42.2091 42
      vertex 24.2647 -42.1691 50
      vertex 24.2065 -42.2091 50
    endloop
  endfacet
  facet normal 0.566409 -0.824125 0
    outer loop
      vertex 24.2647 -42.1691 50
      vertex 24.2065 -42.2091 42
      vertex 24.2647 -42.1691 42
    endloop
  endfacet
  facet normal -0.0268644 0.999639 0
    outer loop
      vertex 25.0707 -44.6494 42
      vertex 25 -44.6513 50
      vertex 25.0707 -44.6494 50
    endloop
  endfacet
  facet normal -0.0268644 0.999639 0
    outer loop
      vertex 25 -44.6513 50
      vertex 25.0707 -44.6494 42
      vertex 25 -44.6513 42
    endloop
  endfacet
  facet normal -0.958641 0.284619 0
    outer loop
      vertex 26.2839 -43.7184 42
      vertex 26.304 -43.6507 50
      vertex 26.304 -43.6507 42
    endloop
  endfacet
  facet normal -0.958641 0.284619 0
    outer loop
      vertex 26.304 -43.6507 50
      vertex 26.2839 -43.7184 42
      vertex 26.2839 -43.7184 50
    endloop
  endfacet
  facet normal -0.521965 0.852967 0
    outer loop
      vertex 25.7353 -44.4335 42
      vertex 25.675 -44.4704 50
      vertex 25.7353 -44.4335 50
    endloop
  endfacet
  facet normal -0.521965 0.852967 0
    outer loop
      vertex 25.675 -44.4704 50
      vertex 25.7353 -44.4335 42
      vertex 25.675 -44.4704 42
    endloop
  endfacet
  facet normal 0.878328 -0.478059 0
    outer loop
      vertex 23.7971 -42.6884 50
      vertex 23.8309 -42.6263 42
      vertex 23.8309 -42.6263 50
    endloop
  endfacet
  facet normal 0.878328 -0.478059 0
    outer loop
      vertex 23.8309 -42.6263 42
      vertex 23.7971 -42.6884 50
      vertex 23.7971 -42.6884 42
    endloop
  endfacet
  facet normal 0.902756 0.430153 0
    outer loop
      vertex 23.7971 -43.9142 50
      vertex 23.7667 -43.8504 42
      vertex 23.7667 -43.8504 50
    endloop
  endfacet
  facet normal 0.902756 0.430153 0
    outer loop
      vertex 23.7667 -43.8504 42
      vertex 23.7971 -43.9142 50
      vertex 23.7971 -43.9142 42
    endloop
  endfacet
  facet normal -0.878328 -0.478059 0
    outer loop
      vertex 26.2029 -42.6884 42
      vertex 26.1691 -42.6263 50
      vertex 26.1691 -42.6263 42
    endloop
  endfacet
  facet normal -0.878328 -0.478059 0
    outer loop
      vertex 26.1691 -42.6263 50
      vertex 26.2029 -42.6884 42
      vertex 26.2029 -42.6884 50
    endloop
  endfacet
  facet normal -0.383309 -0.92362 0
    outer loop
      vertex 25.4838 -42.0409 42
      vertex 25.5491 -42.068 50
      vertex 25.4838 -42.0409 50
    endloop
  endfacet
  facet normal -0.383309 -0.92362 -0
    outer loop
      vertex 25.5491 -42.068 50
      vertex 25.4838 -42.0409 42
      vertex 25.5491 -42.068 42
    endloop
  endfacet
  facet normal 0 0 1
    outer loop
      vertex 26.3481 -43.2306 42
      vertex 26.3481 -43.3719 42
      vertex 26.35 -43.3013 42
    endloop
  endfacet
  facet normal 0 0 1
    outer loop
      vertex 26.3426 -43.1602 42
      vertex 26.3481 -43.3719 42
      vertex 26.3481 -43.2306 42
    endloop
  endfacet
  facet normal 0 0 1
    outer loop
      vertex 26.3426 -43.1602 42
      vertex 26.3426 -43.4424 42
      vertex 26.3481 -43.3719 42
    endloop
  endfacet
  facet normal 0 0 1
    outer loop
      vertex 26.3334 -43.0901 42
      vertex 26.3426 -43.4424 42
      vertex 26.3426 -43.1602 42
    endloop
  endfacet
  facet normal 0 0 1
    outer loop
      vertex 26.3334 -43.0901 42
      vertex 26.3334 -43.5125 42
      vertex 26.3426 -43.4424 42
    endloop
  endfacet
  facet normal 0 0 1
    outer loop
      vertex 26.3205 -43.0206 42
      vertex 26.3334 -43.5125 42
      vertex 26.3334 -43.0901 42
    endloop
  endfacet
  facet normal 0 0 1
    outer loop
      vertex 26.3205 -43.0206 42
      vertex 26.3205 -43.582 42
      vertex 26.3334 -43.5125 42
    endloop
  endfacet
  facet normal 0 0 1
    outer loop
      vertex 26.304 -42.9519 42
      vertex 26.3205 -43.582 42
      vertex 26.3205 -43.0206 42
    endloop
  endfacet
  facet normal 0 0 1
    outer loop
      vertex 26.304 -42.9519 42
      vertex 26.304 -43.6507 42
      vertex 26.3205 -43.582 42
    endloop
  endfacet
  facet normal 0 0 1
    outer loop
      vertex 26.2839 -42.8841 42
      vertex 26.304 -43.6507 42
      vertex 26.304 -42.9519 42
    endloop
  endfacet
  facet normal 0 0 1
    outer loop
      vertex 26.2839 -42.8841 42
      vertex 26.2839 -43.7184 42
      vertex 26.304 -43.6507 42
    endloop
  endfacet
  facet normal 0 0 1
    outer loop
      vertex 26.2603 -42.8175 42
      vertex 26.2839 -43.7184 42
      vertex 26.2839 -42.8841 42
    endloop
  endfacet
  facet normal 0 0 1
    outer loop
      vertex 26.2603 -42.8175 42
      vertex 26.2603 -43.7851 42
      vertex 26.2839 -43.7184 42
    endloop
  endfacet
  facet normal 0 0 1
    outer loop
      vertex 26.2333 -42.7522 42
      vertex 26.2603 -43.7851 42
      vertex 26.2603 -42.8175 42
    endloop
  endfacet
  facet normal 0 0 1
    outer loop
      vertex 26.2333 -42.7522 42
      vertex 26.2333 -43.8504 42
      vertex 26.2603 -43.7851 42
    endloop
  endfacet
  facet normal 0 0 1
    outer loop
      vertex 26.2029 -42.6884 42
      vertex 26.2333 -43.8504 42
      vertex 26.2333 -42.7522 42
    endloop
  endfacet
  facet normal 0 0 1
    outer loop
      vertex 26.2029 -42.6884 42
      vertex 26.2029 -43.9142 42
      vertex 26.2333 -43.8504 42
    endloop
  endfacet
  facet normal 0 0 1
    outer loop
      vertex 26.1691 -42.6263 42
      vertex 26.2029 -43.9142 42
      vertex 26.2029 -42.6884 42
    endloop
  endfacet
  facet normal 0 0 1
    outer loop
      vertex 26.1691 -42.6263 42
      vertex 26.1691 -43.9763 42
      vertex 26.2029 -43.9142 42
    endloop
  endfacet
  facet normal 0 0 1
    outer loop
      vertex 26.1322 -42.566 42
      vertex 26.1691 -43.9763 42
      vertex 26.1691 -42.6263 42
    endloop
  endfacet
  facet normal 0 0 1
    outer loop
      vertex 26.1322 -42.566 42
      vertex 26.1322 -44.0365 42
      vertex 26.1691 -43.9763 42
    endloop
  endfacet
  facet normal 0 0 1
    outer loop
      vertex 26.0922 -42.5078 42
      vertex 26.1322 -44.0365 42
      vertex 26.1322 -42.566 42
    endloop
  endfacet
  facet normal 0 0 1
    outer loop
      vertex 26.0922 -42.5078 42
      vertex 26.0922 -44.0948 42
      vertex 26.1322 -44.0365 42
    endloop
  endfacet
  facet normal 0 0 1
    outer loop
      vertex 26.0491 -42.4517 42
      vertex 26.0922 -44.0948 42
      vertex 26.0922 -42.5078 42
    endloop
  endfacet
  facet normal 0 0 1
    outer loop
      vertex 26.0491 -42.4517 42
      vertex 26.0491 -44.1509 42
      vertex 26.0922 -44.0948 42
    endloop
  endfacet
  facet normal 0 0 1
    outer loop
      vertex 26.0032 -42.3979 42
      vertex 26.0491 -44.1509 42
      vertex 26.0491 -42.4517 42
    endloop
  endfacet
  facet normal 0 0 1
    outer loop
      vertex 26.0032 -42.3979 42
      vertex 26.0032 -44.2046 42
      vertex 26.0491 -44.1509 42
    endloop
  endfacet
  facet normal 0 0 1
    outer loop
      vertex 25.9546 -42.3467 42
      vertex 26.0032 -44.2046 42
      vertex 26.0032 -42.3979 42
    endloop
  endfacet
  facet normal 0 0 1
    outer loop
      vertex 25.9546 -42.3467 42
      vertex 25.9546 -44.2559 42
      vertex 26.0032 -44.2046 42
    endloop
  endfacet
  facet normal 0 0 1
    outer loop
      vertex 25.9033 -42.298 42
      vertex 25.9546 -44.2559 42
      vertex 25.9546 -42.3467 42
    endloop
  endfacet
  facet normal 0 0 1
    outer loop
      vertex 25.9033 -42.298 42
      vertex 25.9033 -44.3045 42
      vertex 25.9546 -44.2559 42
    endloop
  endfacet
  facet normal 0 0 1
    outer loop
      vertex 25.8496 -42.2521 42
      vertex 25.9033 -44.3045 42
      vertex 25.9033 -42.298 42
    endloop
  endfacet
  facet normal 0 0 1
    outer loop
      vertex 25.8496 -42.2521 42
      vertex 25.8496 -44.3504 42
      vertex 25.9033 -44.3045 42
    endloop
  endfacet
  facet normal 0 0 1
    outer loop
      vertex 25.7935 -42.2091 42
      vertex 25.8496 -44.3504 42
      vertex 25.8496 -42.2521 42
    endloop
  endfacet
  facet normal 0 0 1
    outer loop
      vertex 25.7935 -42.2091 42
      vertex 25.7935 -44.3934 42
      vertex 25.8496 -44.3504 42
    endloop
  endfacet
  facet normal 0 0 1
    outer loop
      vertex 25.7353 -42.1691 42
      vertex 25.7935 -44.3934 42
      vertex 25.7935 -42.2091 42
    endloop
  endfacet
  facet normal 0 0 1
    outer loop
      vertex 25.7353 -42.1691 42
      vertex 25.7353 -44.4335 42
      vertex 25.7935 -44.3934 42
    endloop
  endfacet
  facet normal 0 0 1
    outer loop
      vertex 25.675 -42.1321 42
      vertex 25.7353 -44.4335 42
      vertex 25.7353 -42.1691 42
    endloop
  endfacet
  facet normal 0 0 1
    outer loop
      vertex 25.675 -42.1321 42
      vertex 25.675 -44.4704 42
      vertex 25.7353 -44.4335 42
    endloop
  endfacet
  facet normal 0 0 1
    outer loop
      vertex 25.6129 -42.0984 42
      vertex 25.675 -44.4704 42
      vertex 25.675 -42.1321 42
    endloop
  endfacet
  facet normal 0 0 1
    outer loop
      vertex 25.6129 -42.0984 42
      vertex 25.6129 -44.5041 42
      vertex 25.675 -44.4704 42
    endloop
  endfacet
  facet normal 0 0 1
    outer loop
      vertex 25.5491 -42.068 42
      vertex 25.6129 -44.5041 42
      vertex 25.6129 -42.0984 42
    endloop
  endfacet
  facet normal 0 0 1
    outer loop
      vertex 25.5491 -42.068 42
      vertex 25.5491 -44.5346 42
      vertex 25.6129 -44.5041 42
    endloop
  endfacet
  facet normal 0 0 1
    outer loop
      vertex 25.4838 -42.0409 42
      vertex 25.5491 -44.5346 42
      vertex 25.5491 -42.068 42
    endloop
  endfacet
  facet normal 0 0 1
    outer loop
      vertex 25.4838 -42.0409 42
      vertex 25.4838 -44.5616 42
      vertex 25.5491 -44.5346 42
    endloop
  endfacet
  facet normal 0 0 1
    outer loop
      vertex 25.4172 -42.0173 42
      vertex 25.4838 -44.5616 42
      vertex 25.4838 -42.0409 42
    endloop
  endfacet
  facet normal 0 0 1
    outer loop
      vertex 25.4172 -42.0173 42
      vertex 25.4172 -44.5852 42
      vertex 25.4838 -44.5616 42
    endloop
  endfacet
  facet normal 0 0 1
    outer loop
      vertex 25.3494 -41.9973 42
      vertex 25.4172 -44.5852 42
      vertex 25.4172 -42.0173 42
    endloop
  endfacet
  facet normal 0 0 1
    outer loop
      vertex 25.3494 -41.9973 42
      vertex 25.3494 -44.6053 42
      vertex 25.4172 -44.5852 42
    endloop
  endfacet
  facet normal 0 0 1
    outer loop
      vertex 25.2807 -41.9808 42
      vertex 25.3494 -44.6053 42
      vertex 25.3494 -41.9973 42
    endloop
  endfacet
  facet normal 0 0 1
    outer loop
      vertex 25.2807 -41.9808 42
      vertex 25.2807 -44.6218 42
      vertex 25.3494 -44.6053 42
    endloop
  endfacet
  facet normal 0 0 1
    outer loop
      vertex 25.2112 -41.9679 42
      vertex 25.2807 -44.6218 42
      vertex 25.2807 -41.9808 42
    endloop
  endfacet
  facet normal 0 0 1
    outer loop
      vertex 25.2112 -41.9679 42
      vertex 25.2112 -44.6346 42
      vertex 25.2807 -44.6218 42
    endloop
  endfacet
  facet normal 0 0 1
    outer loop
      vertex 25.1411 -41.9587 42
      vertex 25.2112 -44.6346 42
      vertex 25.2112 -41.9679 42
    endloop
  endfacet
  facet normal 0 0 1
    outer loop
      vertex 25.1411 -41.9587 42
      vertex 25.1411 -44.6439 42
      vertex 25.2112 -44.6346 42
    endloop
  endfacet
  facet normal 0 0 1
    outer loop
      vertex 25.0707 -41.9531 42
      vertex 25.1411 -44.6439 42
      vertex 25.1411 -41.9587 42
    endloop
  endfacet
  facet normal 0 0 1
    outer loop
      vertex 25.0707 -41.9531 42
      vertex 25.0707 -44.6494 42
      vertex 25.1411 -44.6439 42
    endloop
  endfacet
  facet normal 0 0 1
    outer loop
      vertex 25 -41.9513 42
      vertex 25.0707 -44.6494 42
      vertex 25.0707 -41.9531 42
    endloop
  endfacet
  facet normal 0 0 1
    outer loop
      vertex 25 -41.9513 42
      vertex 25 -44.6513 42
      vertex 25.0707 -44.6494 42
    endloop
  endfacet
  facet normal -0 0 1
    outer loop
      vertex 24.9293 -41.9531 42
      vertex 25 -44.6513 42
      vertex 25 -41.9513 42
    endloop
  endfacet
  facet normal 0 0 1
    outer loop
      vertex 24.9293 -41.9531 42
      vertex 24.9293 -44.6494 42
      vertex 25 -44.6513 42
    endloop
  endfacet
  facet normal -0 0 1
    outer loop
      vertex 24.8589 -41.9587 42
      vertex 24.9293 -44.6494 42
      vertex 24.9293 -41.9531 42
    endloop
  endfacet
  facet normal 0 0 1
    outer loop
      vertex 24.8589 -41.9587 42
      vertex 24.8589 -44.6439 42
      vertex 24.9293 -44.6494 42
    endloop
  endfacet
  facet normal -0 0 1
    outer loop
      vertex 24.7888 -41.9679 42
      vertex 24.8589 -44.6439 42
      vertex 24.8589 -41.9587 42
    endloop
  endfacet
  facet normal 0 0 1
    outer loop
      vertex 24.7888 -41.9679 42
      vertex 24.7888 -44.6346 42
      vertex 24.8589 -44.6439 42
    endloop
  endfacet
  facet normal -0 0 1
    outer loop
      vertex 24.7193 -41.9808 42
      vertex 24.7888 -44.6346 42
      vertex 24.7888 -41.9679 42
    endloop
  endfacet
  facet normal 0 0 1
    outer loop
      vertex 24.7193 -41.9808 42
      vertex 24.7193 -44.6218 42
      vertex 24.7888 -44.6346 42
    endloop
  endfacet
  facet normal -0 0 1
    outer loop
      vertex 24.6506 -41.9973 42
      vertex 24.7193 -44.6218 42
      vertex 24.7193 -41.9808 42
    endloop
  endfacet
  facet normal 0 0 1
    outer loop
      vertex 24.6506 -41.9973 42
      vertex 24.6506 -44.6053 42
      vertex 24.7193 -44.6218 42
    endloop
  endfacet
  facet normal -0 0 1
    outer loop
      vertex 24.5828 -42.0173 42
      vertex 24.6506 -44.6053 42
      vertex 24.6506 -41.9973 42
    endloop
  endfacet
  facet normal 0 0 1
    outer loop
      vertex 24.5828 -42.0173 42
      vertex 24.5828 -44.5852 42
      vertex 24.6506 -44.6053 42
    endloop
  endfacet
  facet normal -0 0 1
    outer loop
      vertex 24.5162 -42.0409 42
      vertex 24.5828 -44.5852 42
      vertex 24.5828 -42.0173 42
    endloop
  endfacet
  facet normal 0 0 1
    outer loop
      vertex 24.5162 -42.0409 42
      vertex 24.5162 -44.5616 42
      vertex 24.5828 -44.5852 42
    endloop
  endfacet
  facet normal -0 0 1
    outer loop
      vertex 24.4509 -42.068 42
      vertex 24.5162 -44.5616 42
      vertex 24.5162 -42.0409 42
    endloop
  endfacet
  facet normal 0 0 1
    outer loop
      vertex 24.4509 -42.068 42
      vertex 24.4509 -44.5346 42
      vertex 24.5162 -44.5616 42
    endloop
  endfacet
  facet normal -0 0 1
    outer loop
      vertex 24.3871 -42.0984 42
      vertex 24.4509 -44.5346 42
      vertex 24.4509 -42.068 42
    endloop
  endfacet
  facet normal 0 0 1
    outer loop
      vertex 24.3871 -42.0984 42
      vertex 24.3871 -44.5041 42
      vertex 24.4509 -44.5346 42
    endloop
  endfacet
  facet normal -0 0 1
    outer loop
      vertex 24.325 -42.1321 42
      vertex 24.3871 -44.5041 42
      vertex 24.3871 -42.0984 42
    endloop
  endfacet
  facet normal 0 0 1
    outer loop
      vertex 24.325 -42.1321 42
      vertex 24.325 -44.4704 42
      vertex 24.3871 -44.5041 42
    endloop
  endfacet
  facet normal -0 0 1
    outer loop
      vertex 24.2647 -42.1691 42
      vertex 24.325 -44.4704 42
      vertex 24.325 -42.1321 42
    endloop
  endfacet
  facet normal 0 0 1
    outer loop
      vertex 24.2647 -42.1691 42
      vertex 24.2647 -44.4335 42
      vertex 24.325 -44.4704 42
    endloop
  endfacet
  facet normal -0 0 1
    outer loop
      vertex 24.2065 -42.2091 42
      vertex 24.2647 -44.4335 42
      vertex 24.2647 -42.1691 42
    endloop
  endfacet
  facet normal 0 0 1
    outer loop
      vertex 24.2065 -42.2091 42
      vertex 24.2065 -44.3934 42
      vertex 24.2647 -44.4335 42
    endloop
  endfacet
  facet normal -0 0 1
    outer loop
      vertex 24.1504 -42.2521 42
      vertex 24.2065 -44.3934 42
      vertex 24.2065 -42.2091 42
    endloop
  endfacet
  facet normal 0 0 1
    outer loop
      vertex 24.1504 -42.2521 42
      vertex 24.1504 -44.3504 42
      vertex 24.2065 -44.3934 42
    endloop
  endfacet
  facet normal -0 0 1
    outer loop
      vertex 24.0967 -42.298 42
      vertex 24.1504 -44.3504 42
      vertex 24.1504 -42.2521 42
    endloop
  endfacet
  facet normal 0 0 1
    outer loop
      vertex 24.0967 -42.298 42
      vertex 24.0967 -44.3045 42
      vertex 24.1504 -44.3504 42
    endloop
  endfacet
  facet normal -0 0 1
    outer loop
      vertex 24.0454 -42.3467 42
      vertex 24.0967 -44.3045 42
      vertex 24.0967 -42.298 42
    endloop
  endfacet
  facet normal 0 0 1
    outer loop
      vertex 24.0454 -42.3467 42
      vertex 24.0454 -44.2559 42
      vertex 24.0967 -44.3045 42
    endloop
  endfacet
  facet normal -0 0 1
    outer loop
      vertex 23.9968 -42.3979 42
      vertex 24.0454 -44.2559 42
      vertex 24.0454 -42.3467 42
    endloop
  endfacet
  facet normal 0 0 1
    outer loop
      vertex 23.9968 -42.3979 42
      vertex 23.9968 -44.2046 42
      vertex 24.0454 -44.2559 42
    endloop
  endfacet
  facet normal -0 0 1
    outer loop
      vertex 23.9509 -42.4517 42
      vertex 23.9968 -44.2046 42
      vertex 23.9968 -42.3979 42
    endloop
  endfacet
  facet normal 0 0 1
    outer loop
      vertex 23.9509 -42.4517 42
      vertex 23.9509 -44.1509 42
      vertex 23.9968 -44.2046 42
    endloop
  endfacet
  facet normal -0 0 1
    outer loop
      vertex 23.9078 -42.5078 42
      vertex 23.9509 -44.1509 42
      vertex 23.9509 -42.4517 42
    endloop
  endfacet
  facet normal 0 0 1
    outer loop
      vertex 23.9078 -42.5078 42
      vertex 23.9078 -44.0948 42
      vertex 23.9509 -44.1509 42
    endloop
  endfacet
  facet normal -0 0 1
    outer loop
      vertex 23.8678 -42.566 42
      vertex 23.9078 -44.0948 42
      vertex 23.9078 -42.5078 42
    endloop
  endfacet
  facet normal 0 0 1
    outer loop
      vertex 23.8678 -42.566 42
      vertex 23.8678 -44.0365 42
      vertex 23.9078 -44.0948 42
    endloop
  endfacet
  facet normal -0 0 1
    outer loop
      vertex 23.8309 -42.6263 42
      vertex 23.8678 -44.0365 42
      vertex 23.8678 -42.566 42
    endloop
  endfacet
  facet normal 0 0 1
    outer loop
      vertex 23.8309 -42.6263 42
      vertex 23.8309 -43.9763 42
      vertex 23.8678 -44.0365 42
    endloop
  endfacet
  facet normal -0 0 1
    outer loop
      vertex 23.7971 -42.6884 42
      vertex 23.8309 -43.9763 42
      vertex 23.8309 -42.6263 42
    endloop
  endfacet
  facet normal 0 0 1
    outer loop
      vertex 23.7971 -42.6884 42
      vertex 23.7971 -43.9142 42
      vertex 23.8309 -43.9763 42
    endloop
  endfacet
  facet normal -0 0 1
    outer loop
      vertex 23.7667 -42.7522 42
      vertex 23.7971 -43.9142 42
      vertex 23.7971 -42.6884 42
    endloop
  endfacet
  facet normal 0 0 1
    outer loop
      vertex 23.7667 -42.7522 42
      vertex 23.7667 -43.8504 42
      vertex 23.7971 -43.9142 42
    endloop
  endfacet
  facet normal -0 0 1
    outer loop
      vertex 23.7397 -42.8175 42
      vertex 23.7667 -43.8504 42
      vertex 23.7667 -42.7522 42
    endloop
  endfacet
  facet normal 0 0 1
    outer loop
      vertex 23.7397 -42.8175 42
      vertex 23.7397 -43.7851 42
      vertex 23.7667 -43.8504 42
    endloop
  endfacet
  facet normal -0 0 1
    outer loop
      vertex 23.7161 -42.8841 42
      vertex 23.7397 -43.7851 42
      vertex 23.7397 -42.8175 42
    endloop
  endfacet
  facet normal 0 0 1
    outer loop
      vertex 23.7161 -42.8841 42
      vertex 23.7161 -43.7184 42
      vertex 23.7397 -43.7851 42
    endloop
  endfacet
  facet normal -0 0 1
    outer loop
      vertex 23.696 -42.9519 42
      vertex 23.7161 -43.7184 42
      vertex 23.7161 -42.8841 42
    endloop
  endfacet
  facet normal 0 0 1
    outer loop
      vertex 23.696 -42.9519 42
      vertex 23.696 -43.6507 42
      vertex 23.7161 -43.7184 42
    endloop
  endfacet
  facet normal -0 0 1
    outer loop
      vertex 23.6795 -43.0206 42
      vertex 23.696 -43.6507 42
      vertex 23.696 -42.9519 42
    endloop
  endfacet
  facet normal 0 0 1
    outer loop
      vertex 23.6795 -43.0206 42
      vertex 23.6795 -43.582 42
      vertex 23.696 -43.6507 42
    endloop
  endfacet
  facet normal -0 0 1
    outer loop
      vertex 23.6666 -43.0901 42
      vertex 23.6795 -43.582 42
      vertex 23.6795 -43.0206 42
    endloop
  endfacet
  facet normal 0 0 1
    outer loop
      vertex 23.6666 -43.0901 42
      vertex 23.6666 -43.5125 42
      vertex 23.6795 -43.582 42
    endloop
  endfacet
  facet normal -0 0 1
    outer loop
      vertex 23.6574 -43.1602 42
      vertex 23.6666 -43.5125 42
      vertex 23.6666 -43.0901 42
    endloop
  endfacet
  facet normal 0 0 1
    outer loop
      vertex 23.6574 -43.1602 42
      vertex 23.6574 -43.4424 42
      vertex 23.6666 -43.5125 42
    endloop
  endfacet
  facet normal -0 0 1
    outer loop
      vertex 23.6519 -43.2306 42
      vertex 23.6574 -43.4424 42
      vertex 23.6574 -43.1602 42
    endloop
  endfacet
  facet normal 0 0 1
    outer loop
      vertex 23.6519 -43.2306 42
      vertex 23.6519 -43.3719 42
      vertex 23.6574 -43.4424 42
    endloop
  endfacet
  facet normal 0 -0 1
    outer loop
      vertex 23.6519 -43.3719 42
      vertex 23.6519 -43.2306 42
      vertex 23.65 -43.3013 42
    endloop
  endfacet
  facet normal -0.522993 -0.852337 0
    outer loop
      vertex 25.675 -42.1321 42
      vertex 25.7353 -42.1691 50
      vertex 25.675 -42.1321 50
    endloop
  endfacet
  facet normal -0.522993 -0.852337 -0
    outer loop
      vertex 25.7353 -42.1691 50
      vertex 25.675 -42.1321 42
      vertex 25.7353 -42.1691 42
    endloop
  endfacet
  facet normal -0.983207 0.182495 0
    outer loop
      vertex 26.3205 -43.582 42
      vertex 26.3334 -43.5125 50
      vertex 26.3334 -43.5125 42
    endloop
  endfacet
  facet normal -0.983207 0.182495 0
    outer loop
      vertex 26.3334 -43.5125 50
      vertex 26.3205 -43.582 42
      vertex 26.3205 -43.582 50
    endloop
  endfacet
  facet normal -0.476967 0.878921 0
    outer loop
      vertex 25.675 -44.4704 42
      vertex 25.6129 -44.5041 50
      vertex 25.675 -44.4704 50
    endloop
  endfacet
  facet normal -0.476967 0.878921 0
    outer loop
      vertex 25.6129 -44.5041 50
      vertex 25.675 -44.4704 42
      vertex 25.6129 -44.5041 42
    endloop
  endfacet
  facet normal 0.079295 -0.996851 0
    outer loop
      vertex 24.8589 -41.9587 42
      vertex 24.9293 -41.9531 50
      vertex 24.8589 -41.9587 50
    endloop
  endfacet
  facet normal 0.079295 -0.996851 0
    outer loop
      vertex 24.9293 -41.9531 50
      vertex 24.8589 -41.9587 42
      vertex 24.9293 -41.9531 42
    endloop
  endfacet
  facet normal 0.792992 0.609232 0
    outer loop
      vertex 23.9509 -44.1509 50
      vertex 23.9078 -44.0948 42
      vertex 23.9078 -44.0948 50
    endloop
  endfacet
  facet normal 0.792992 0.609232 0
    outer loop
      vertex 23.9078 -44.0948 42
      vertex 23.9509 -44.1509 50
      vertex 23.9509 -44.1509 42
    endloop
  endfacet
  facet normal -0.991498 0.130125 0
    outer loop
      vertex 26.3334 -43.5125 42
      vertex 26.3426 -43.4424 50
      vertex 26.3426 -43.4424 42
    endloop
  endfacet
  facet normal -0.991498 0.130125 0
    outer loop
      vertex 26.3426 -43.4424 50
      vertex 26.3334 -43.5125 42
      vertex 26.3334 -43.5125 50
    endloop
  endfacet
  facet normal 0.942729 0.333559 0
    outer loop
      vertex 23.7397 -43.7851 50
      vertex 23.7161 -43.7184 42
      vertex 23.7161 -43.7184 50
    endloop
  endfacet
  facet normal 0.942729 0.333559 0
    outer loop
      vertex 23.7161 -43.7184 42
      vertex 23.7397 -43.7851 50
      vertex 23.7397 -43.7851 42
    endloop
  endfacet
  facet normal 0.383309 -0.92362 0
    outer loop
      vertex 24.4509 -42.068 42
      vertex 24.5162 -42.0409 50
      vertex 24.4509 -42.068 50
    endloop
  endfacet
  facet normal 0.383309 -0.92362 0
    outer loop
      vertex 24.5162 -42.0409 50
      vertex 24.4509 -42.068 42
      vertex 24.5162 -42.0409 42
    endloop
  endfacet
  facet normal 0.92412 -0.382102 0
    outer loop
      vertex 23.7397 -42.8175 50
      vertex 23.7667 -42.7522 42
      vertex 23.7667 -42.7522 50
    endloop
  endfacet
  facet normal 0.92412 -0.382102 0
    outer loop
      vertex 23.7667 -42.7522 42
      vertex 23.7397 -42.8175 50
      vertex 23.7397 -42.8175 42
    endloop
  endfacet
  facet normal 0.0268644 0.999639 -0
    outer loop
      vertex 25 -44.6513 42
      vertex 24.9293 -44.6494 50
      vertex 25 -44.6513 50
    endloop
  endfacet
  facet normal 0.0268644 0.999639 0
    outer loop
      vertex 24.9293 -44.6494 50
      vertex 25 -44.6513 42
      vertex 24.9293 -44.6494 42
    endloop
  endfacet
  facet normal -0.566409 -0.824125 0
    outer loop
      vertex 25.7353 -42.1691 42
      vertex 25.7935 -42.2091 50
      vertex 25.7353 -42.1691 50
    endloop
  endfacet
  facet normal -0.566409 -0.824125 -0
    outer loop
      vertex 25.7935 -42.2091 50
      vertex 25.7353 -42.1691 42
      vertex 25.7935 -42.2091 42
    endloop
  endfacet
  facet normal -0.996971 0.0777779 0
    outer loop
      vertex 26.3426 -43.4424 42
      vertex 26.3481 -43.3719 50
      vertex 26.3481 -43.3719 42
    endloop
  endfacet
  facet normal -0.996971 0.0777779 0
    outer loop
      vertex 26.3481 -43.3719 50
      vertex 26.3426 -43.4424 42
      vertex 26.3426 -43.4424 50
    endloop
  endfacet
  facet normal -0.760155 0.649742 0
    outer loop
      vertex 26.0032 -44.2046 42
      vertex 26.0491 -44.1509 50
      vertex 26.0491 -44.1509 42
    endloop
  endfacet
  facet normal -0.760155 0.649742 0
    outer loop
      vertex 26.0491 -44.1509 50
      vertex 26.0032 -44.2046 42
      vertex 26.0032 -44.2046 50
    endloop
  endfacet
  facet normal 0.182495 -0.983207 0
    outer loop
      vertex 24.7193 -41.9808 42
      vertex 24.7888 -41.9679 50
      vertex 24.7193 -41.9808 50
    endloop
  endfacet
  facet normal 0.182495 -0.983207 0
    outer loop
      vertex 24.7888 -41.9679 50
      vertex 24.7193 -41.9808 42
      vertex 24.7888 -41.9679 42
    endloop
  endfacet
  facet normal 0.567369 0.823464 -0
    outer loop
      vertex 24.2647 -44.4335 42
      vertex 24.2065 -44.3934 50
      vertex 24.2647 -44.4335 50
    endloop
  endfacet
  facet normal 0.567369 0.823464 0
    outer loop
      vertex 24.2065 -44.3934 50
      vertex 24.2647 -44.4335 42
      vertex 24.2065 -44.3934 42
    endloop
  endfacet
  facet normal 0.878328 0.478059 0
    outer loop
      vertex 23.8309 -43.9763 50
      vertex 23.7971 -43.9142 42
      vertex 23.7971 -43.9142 50
    endloop
  endfacet
  facet normal 0.878328 0.478059 0
    outer loop
      vertex 23.7971 -43.9142 42
      vertex 23.8309 -43.9763 50
      vertex 23.8309 -43.9763 42
    endloop
  endfacet
  facet normal -0.0254514 -0.999676 0
    outer loop
      vertex 25 -41.9513 42
      vertex 25.0707 -41.9531 50
      vertex 25 -41.9513 50
    endloop
  endfacet
  facet normal -0.0254514 -0.999676 -0
    outer loop
      vertex 25.0707 -41.9531 50
      vertex 25 -41.9513 42
      vertex 25.0707 -41.9531 42
    endloop
  endfacet
  facet normal 0.824578 0.565748 0
    outer loop
      vertex 23.9078 -44.0948 50
      vertex 23.8678 -44.0365 42
      vertex 23.8678 -44.0365 50
    endloop
  endfacet
  facet normal 0.824578 0.565748 0
    outer loop
      vertex 23.8678 -44.0365 42
      vertex 23.9078 -44.0948 50
      vertex 23.9078 -44.0948 42
    endloop
  endfacet
  facet normal -0.688489 -0.725246 0
    outer loop
      vertex 25.9033 -42.298 42
      vertex 25.9546 -42.3467 50
      vertex 25.9033 -42.298 50
    endloop
  endfacet
  facet normal -0.688489 -0.725246 -0
    outer loop
      vertex 25.9546 -42.3467 50
      vertex 25.9033 -42.298 42
      vertex 25.9546 -42.3467 42
    endloop
  endfacet
  facet normal -0.725282 -0.688452 0
    outer loop
      vertex 26.0032 -42.3979 42
      vertex 25.9546 -42.3467 50
      vertex 25.9546 -42.3467 42
    endloop
  endfacet
  facet normal -0.725282 -0.688452 0
    outer loop
      vertex 25.9546 -42.3467 50
      vertex 26.0032 -42.3979 42
      vertex 26.0032 -42.3979 50
    endloop
  endfacet
  facet normal 0.430153 -0.902756 0
    outer loop
      vertex 24.3871 -42.0984 42
      vertex 24.4509 -42.068 50
      vertex 24.3871 -42.0984 50
    endloop
  endfacet
  facet normal 0.430153 -0.902756 0
    outer loop
      vertex 24.4509 -42.068 50
      vertex 24.3871 -42.0984 42
      vertex 24.4509 -42.068 42
    endloop
  endfacet
  facet normal -0.792992 0.609232 0
    outer loop
      vertex 26.0491 -44.1509 42
      vertex 26.0922 -44.0948 50
      vertex 26.0922 -44.0948 42
    endloop
  endfacet
  facet normal -0.792992 0.609232 0
    outer loop
      vertex 26.0922 -44.0948 50
      vertex 26.0491 -44.1509 42
      vertex 26.0491 -44.1509 50
    endloop
  endfacet
  facet normal -0.942572 -0.334004 0
    outer loop
      vertex 26.2839 -42.8841 42
      vertex 26.2603 -42.8175 50
      vertex 26.2603 -42.8175 42
    endloop
  endfacet
  facet normal -0.942572 -0.334004 0
    outer loop
      vertex 26.2603 -42.8175 50
      vertex 26.2839 -42.8841 42
      vertex 26.2839 -42.8841 50
    endloop
  endfacet
  facet normal -0.972349 0.233534 0
    outer loop
      vertex 26.304 -43.6507 42
      vertex 26.3205 -43.582 50
      vertex 26.3205 -43.582 42
    endloop
  endfacet
  facet normal -0.972349 0.233534 0
    outer loop
      vertex 26.3205 -43.582 50
      vertex 26.304 -43.6507 42
      vertex 26.304 -43.6507 50
    endloop
  endfacet
  facet normal 0.334004 -0.942572 0
    outer loop
      vertex 24.5162 -42.0409 42
      vertex 24.5828 -42.0173 50
      vertex 24.5162 -42.0409 50
    endloop
  endfacet
  facet normal 0.334004 -0.942572 0
    outer loop
      vertex 24.5828 -42.0173 50
      vertex 24.5162 -42.0409 42
      vertex 24.5828 -42.0173 42
    endloop
  endfacet
  facet normal 0.942572 -0.334004 0
    outer loop
      vertex 23.7161 -42.8841 50
      vertex 23.7397 -42.8175 42
      vertex 23.7397 -42.8175 50
    endloop
  endfacet
  facet normal 0.942572 -0.334004 0
    outer loop
      vertex 23.7397 -42.8175 42
      vertex 23.7161 -42.8841 50
      vertex 23.7161 -42.8841 42
    endloop
  endfacet
  facet normal -0.130125 -0.991498 0
    outer loop
      vertex 25.1411 -41.9587 42
      vertex 25.2112 -41.9679 50
      vertex 25.1411 -41.9587 50
    endloop
  endfacet
  facet normal -0.130125 -0.991498 -0
    outer loop
      vertex 25.2112 -41.9679 50
      vertex 25.1411 -41.9587 42
      vertex 25.2112 -41.9679 42
    endloop
  endfacet
  facet normal -0.334004 -0.942572 0
    outer loop
      vertex 25.4172 -42.0173 42
      vertex 25.4838 -42.0409 50
      vertex 25.4172 -42.0173 50
    endloop
  endfacet
  facet normal -0.334004 -0.942572 -0
    outer loop
      vertex 25.4838 -42.0409 50
      vertex 25.4172 -42.0173 42
      vertex 25.4838 -42.0409 42
    endloop
  endfacet
  facet normal 0.92412 0.382102 0
    outer loop
      vertex 23.7667 -43.8504 50
      vertex 23.7397 -43.7851 42
      vertex 23.7397 -43.7851 50
    endloop
  endfacet
  facet normal 0.92412 0.382102 0
    outer loop
      vertex 23.7397 -43.7851 42
      vertex 23.7667 -43.8504 50
      vertex 23.7667 -43.8504 42
    endloop
  endfacet
  facet normal -0.233534 -0.972349 0
    outer loop
      vertex 25.2807 -41.9808 42
      vertex 25.3494 -41.9973 50
      vertex 25.2807 -41.9808 50
    endloop
  endfacet
  facet normal -0.233534 -0.972349 -0
    outer loop
      vertex 25.3494 -41.9973 50
      vertex 25.2807 -41.9808 42
      vertex 25.3494 -41.9973 42
    endloop
  endfacet
  facet normal -0.567369 0.823464 0
    outer loop
      vertex 25.7935 -44.3934 42
      vertex 25.7353 -44.4335 50
      vertex 25.7935 -44.3934 50
    endloop
  endfacet
  facet normal -0.567369 0.823464 0
    outer loop
      vertex 25.7353 -44.4335 50
      vertex 25.7935 -44.3934 42
      vertex 25.7353 -44.4335 42
    endloop
  endfacet
  facet normal -0.649742 -0.760155 0
    outer loop
      vertex 25.8496 -42.2521 42
      vertex 25.9033 -42.298 50
      vertex 25.8496 -42.2521 50
    endloop
  endfacet
  facet normal -0.649742 -0.760155 -0
    outer loop
      vertex 25.9033 -42.298 50
      vertex 25.8496 -42.2521 42
      vertex 25.9033 -42.298 42
    endloop
  endfacet
  facet normal -0.430153 -0.902756 0
    outer loop
      vertex 25.5491 -42.068 42
      vertex 25.6129 -42.0984 50
      vertex 25.5491 -42.068 50
    endloop
  endfacet
  facet normal -0.430153 -0.902756 -0
    outer loop
      vertex 25.6129 -42.0984 50
      vertex 25.5491 -42.068 42
      vertex 25.6129 -42.0984 42
    endloop
  endfacet
  facet normal -0.972349 -0.233534 0
    outer loop
      vertex 26.3205 -43.0206 42
      vertex 26.304 -42.9519 50
      vertex 26.304 -42.9519 42
    endloop
  endfacet
  facet normal -0.972349 -0.233534 0
    outer loop
      vertex 26.304 -42.9519 50
      vertex 26.3205 -43.0206 42
      vertex 26.3205 -43.0206 50
    endloop
  endfacet
  facet normal 0.760752 -0.649043 0
    outer loop
      vertex 23.9509 -42.4517 50
      vertex 23.9968 -42.3979 42
      vertex 23.9968 -42.3979 50
    endloop
  endfacet
  facet normal 0.760752 -0.649043 0
    outer loop
      vertex 23.9968 -42.3979 42
      vertex 23.9509 -42.4517 50
      vertex 23.9509 -42.4517 42
    endloop
  endfacet
  facet normal -0.878328 0.478059 0
    outer loop
      vertex 26.1691 -43.9763 42
      vertex 26.2029 -43.9142 50
      vertex 26.2029 -43.9142 42
    endloop
  endfacet
  facet normal -0.878328 0.478059 0
    outer loop
      vertex 26.2029 -43.9142 50
      vertex 26.1691 -43.9763 42
      vertex 26.1691 -43.9763 50
    endloop
  endfacet
  facet normal -0.852581 0.522595 0
    outer loop
      vertex 26.1322 -44.0365 42
      vertex 26.1691 -43.9763 50
      vertex 26.1691 -43.9763 42
    endloop
  endfacet
  facet normal -0.852581 0.522595 0
    outer loop
      vertex 26.1691 -43.9763 50
      vertex 26.1322 -44.0365 42
      vertex 26.1322 -44.0365 50
    endloop
  endfacet
  facet normal -0.282932 -0.95914 0
    outer loop
      vertex 25.3494 -41.9973 42
      vertex 25.4172 -42.0173 50
      vertex 25.3494 -41.9973 50
    endloop
  endfacet
  facet normal -0.282932 -0.95914 -0
    outer loop
      vertex 25.4172 -42.0173 50
      vertex 25.3494 -41.9973 42
      vertex 25.4172 -42.0173 42
    endloop
  endfacet
  facet normal 0.233534 0.972349 -0
    outer loop
      vertex 24.7193 -44.6218 42
      vertex 24.6506 -44.6053 50
      vertex 24.7193 -44.6218 50
    endloop
  endfacet
  facet normal 0.233534 0.972349 0
    outer loop
      vertex 24.6506 -44.6053 50
      vertex 24.7193 -44.6218 42
      vertex 24.6506 -44.6053 42
    endloop
  endfacet
  facet normal -0.608342 0.793675 0
    outer loop
      vertex 25.8496 -44.3504 42
      vertex 25.7935 -44.3934 50
      vertex 25.8496 -44.3504 50
    endloop
  endfacet
  facet normal -0.608342 0.793675 0
    outer loop
      vertex 25.7935 -44.3934 50
      vertex 25.8496 -44.3504 42
      vertex 25.7935 -44.3934 42
    endloop
  endfacet
  facet normal -0.182495 -0.983207 0
    outer loop
      vertex 25.2112 -41.9679 42
      vertex 25.2807 -41.9808 50
      vertex 25.2112 -41.9679 50
    endloop
  endfacet
  facet normal -0.182495 -0.983207 -0
    outer loop
      vertex 25.2807 -41.9808 50
      vertex 25.2112 -41.9679 42
      vertex 25.2807 -41.9808 42
    endloop
  endfacet
  facet normal -0.999638 0.0269024 0
    outer loop
      vertex 26.3481 -43.3719 42
      vertex 26.35 -43.3013 50
      vertex 26.35 -43.3013 42
    endloop
  endfacet
  facet normal -0.999638 0.0269024 0
    outer loop
      vertex 26.35 -43.3013 50
      vertex 26.3481 -43.3719 42
      vertex 26.3481 -43.3719 50
    endloop
  endfacet
  facet normal 0.181126 0.98346 -0
    outer loop
      vertex 24.7888 -44.6346 42
      vertex 24.7193 -44.6218 50
      vertex 24.7888 -44.6346 50
    endloop
  endfacet
  facet normal 0.181126 0.98346 0
    outer loop
      vertex 24.7193 -44.6218 50
      vertex 24.7888 -44.6346 42
      vertex 24.7193 -44.6218 42
    endloop
  endfacet
  facet normal 0.852581 0.522595 0
    outer loop
      vertex 23.8678 -44.0365 50
      vertex 23.8309 -43.9763 42
      vertex 23.8309 -43.9763 50
    endloop
  endfacet
  facet normal 0.852581 0.522595 0
    outer loop
      vertex 23.8309 -43.9763 42
      vertex 23.8678 -44.0365 50
      vertex 23.8678 -44.0365 42
    endloop
  endfacet
  facet normal 0.824125 -0.566409 0
    outer loop
      vertex 23.8678 -42.566 50
      vertex 23.9078 -42.5078 42
      vertex 23.9078 -42.5078 50
    endloop
  endfacet
  facet normal 0.824125 -0.566409 0
    outer loop
      vertex 23.9078 -42.5078 42
      vertex 23.8678 -42.566 50
      vertex 23.8678 -42.566 42
    endloop
  endfacet
  facet normal 0.382102 0.92412 -0
    outer loop
      vertex 24.5162 -44.5616 42
      vertex 24.4509 -44.5346 50
      vertex 24.5162 -44.5616 50
    endloop
  endfacet
  facet normal 0.382102 0.92412 0
    outer loop
      vertex 24.4509 -44.5346 50
      vertex 24.5162 -44.5616 42
      vertex 24.4509 -44.5346 42
    endloop
  endfacet
  facet normal 0.131515 0.991314 -0
    outer loop
      vertex 24.8589 -44.6439 42
      vertex 24.7888 -44.6346 50
      vertex 24.8589 -44.6439 50
    endloop
  endfacet
  facet normal 0.131515 0.991314 0
    outer loop
      vertex 24.7888 -44.6346 50
      vertex 24.8589 -44.6439 42
      vertex 24.7888 -44.6346 42
    endloop
  endfacet
  facet normal -0.334004 0.942572 0
    outer loop
      vertex 25.4838 -44.5616 42
      vertex 25.4172 -44.5852 50
      vertex 25.4838 -44.5616 50
    endloop
  endfacet
  facet normal -0.334004 0.942572 0
    outer loop
      vertex 25.4172 -44.5852 50
      vertex 25.4838 -44.5616 42
      vertex 25.4172 -44.5852 42
    endloop
  endfacet
  facet normal 0.972349 0.233534 0
    outer loop
      vertex 23.696 -43.6507 50
      vertex 23.6795 -43.582 42
      vertex 23.6795 -43.582 50
    endloop
  endfacet
  facet normal 0.972349 0.233534 0
    outer loop
      vertex 23.6795 -43.582 42
      vertex 23.696 -43.6507 50
      vertex 23.696 -43.6507 42
    endloop
  endfacet
  facet normal -0.824125 -0.566409 0
    outer loop
      vertex 26.1322 -42.566 42
      vertex 26.0922 -42.5078 50
      vertex 26.0922 -42.5078 42
    endloop
  endfacet
  facet normal -0.824125 -0.566409 0
    outer loop
      vertex 26.0922 -42.5078 50
      vertex 26.1322 -42.566 42
      vertex 26.1322 -42.566 50
    endloop
  endfacet
  facet normal -0.792992 -0.609232 0
    outer loop
      vertex 26.0922 -42.5078 42
      vertex 26.0491 -42.4517 50
      vertex 26.0491 -42.4517 42
    endloop
  endfacet
  facet normal -0.792992 -0.609232 0
    outer loop
      vertex 26.0491 -42.4517 50
      vertex 26.0922 -42.5078 42
      vertex 26.0922 -42.5078 50
    endloop
  endfacet
  facet normal 0.996971 0.0777779 0
    outer loop
      vertex 23.6574 -43.4424 50
      vertex 23.6519 -43.3719 42
      vertex 23.6519 -43.3719 50
    endloop
  endfacet
  facet normal 0.996971 0.0777779 0
    outer loop
      vertex 23.6519 -43.3719 42
      vertex 23.6574 -43.4424 50
      vertex 23.6574 -43.4424 42
    endloop
  endfacet
  facet normal 0.334004 0.942572 -0
    outer loop
      vertex 24.5828 -44.5852 42
      vertex 24.5162 -44.5616 50
      vertex 24.5828 -44.5852 50
    endloop
  endfacet
  facet normal 0.334004 0.942572 0
    outer loop
      vertex 24.5162 -44.5616 50
      vertex 24.5828 -44.5852 42
      vertex 24.5162 -44.5616 42
    endloop
  endfacet
  facet normal -0.608342 -0.793675 0
    outer loop
      vertex 25.7935 -42.2091 42
      vertex 25.8496 -42.2521 50
      vertex 25.7935 -42.2091 50
    endloop
  endfacet
  facet normal -0.608342 -0.793675 -0
    outer loop
      vertex 25.8496 -42.2521 50
      vertex 25.7935 -42.2091 42
      vertex 25.8496 -42.2521 42
    endloop
  endfacet
  facet normal 0.284233 0.958755 -0
    outer loop
      vertex 24.6506 -44.6053 42
      vertex 24.5828 -44.5852 50
      vertex 24.6506 -44.6053 50
    endloop
  endfacet
  facet normal 0.284233 0.958755 0
    outer loop
      vertex 24.5828 -44.5852 50
      vertex 24.6506 -44.6053 42
      vertex 24.5828 -44.5852 42
    endloop
  endfacet
  facet normal 0.983207 0.182495 0
    outer loop
      vertex 23.6795 -43.582 50
      vertex 23.6666 -43.5125 42
      vertex 23.6666 -43.5125 50
    endloop
  endfacet
  facet normal 0.983207 0.182495 0
    outer loop
      vertex 23.6666 -43.5125 42
      vertex 23.6795 -43.582 50
      vertex 23.6795 -43.582 42
    endloop
  endfacet
  facet normal 0.999639 -0.0268644 0
    outer loop
      vertex 23.65 -43.3013 50
      vertex 23.6519 -43.2306 42
      vertex 23.6519 -43.2306 50
    endloop
  endfacet
  facet normal 0.999639 -0.0268644 0
    outer loop
      vertex 23.6519 -43.2306 42
      vertex 23.65 -43.3013 50
      vertex 23.65 -43.3013 42
    endloop
  endfacet
  facet normal 0.902756 -0.430153 0
    outer loop
      vertex 23.7667 -42.7522 50
      vertex 23.7971 -42.6884 42
      vertex 23.7971 -42.6884 50
    endloop
  endfacet
  facet normal 0.902756 -0.430153 0
    outer loop
      vertex 23.7971 -42.6884 42
      vertex 23.7667 -42.7522 50
      vertex 23.7667 -42.7522 42
    endloop
  endfacet
  facet normal 0.130125 -0.991498 0
    outer loop
      vertex 24.7888 -41.9679 42
      vertex 24.8589 -41.9587 50
      vertex 24.7888 -41.9679 50
    endloop
  endfacet
  facet normal 0.130125 -0.991498 0
    outer loop
      vertex 24.8589 -41.9587 50
      vertex 24.7888 -41.9679 42
      vertex 24.8589 -41.9587 42
    endloop
  endfacet
  facet normal 0.725282 -0.688452 0
    outer loop
      vertex 23.9968 -42.3979 50
      vertex 24.0454 -42.3467 42
      vertex 24.0454 -42.3467 50
    endloop
  endfacet
  facet normal 0.725282 -0.688452 0
    outer loop
      vertex 24.0454 -42.3467 42
      vertex 23.9968 -42.3979 50
      vertex 23.9968 -42.3979 42
    endloop
  endfacet
  facet normal 0.852967 -0.521965 0
    outer loop
      vertex 23.8309 -42.6263 50
      vertex 23.8678 -42.566 42
      vertex 23.8678 -42.566 50
    endloop
  endfacet
  facet normal 0.852967 -0.521965 0
    outer loop
      vertex 23.8678 -42.566 42
      vertex 23.8309 -42.6263 50
      vertex 23.8309 -42.6263 42
    endloop
  endfacet
  facet normal 0.0254514 -0.999676 0
    outer loop
      vertex 24.9293 -41.9531 42
      vertex 25 -41.9513 50
      vertex 24.9293 -41.9531 50
    endloop
  endfacet
  facet normal 0.0254514 -0.999676 0
    outer loop
      vertex 25 -41.9513 50
      vertex 24.9293 -41.9531 42
      vertex 25 -41.9513 42
    endloop
  endfacet
  facet normal -0.687745 0.725953 0
    outer loop
      vertex 25.9546 -44.2559 42
      vertex 25.9033 -44.3045 50
      vertex 25.9546 -44.2559 50
    endloop
  endfacet
  facet normal -0.687745 0.725953 0
    outer loop
      vertex 25.9033 -44.3045 50
      vertex 25.9546 -44.2559 42
      vertex 25.9033 -44.3045 42
    endloop
  endfacet
  facet normal -0.284233 0.958755 0
    outer loop
      vertex 25.4172 -44.5852 42
      vertex 25.3494 -44.6053 50
      vertex 25.4172 -44.5852 50
    endloop
  endfacet
  facet normal -0.284233 0.958755 0
    outer loop
      vertex 25.3494 -44.6053 50
      vertex 25.4172 -44.5852 42
      vertex 25.3494 -44.6053 42
    endloop
  endfacet
  facet normal -0.131515 0.991314 0
    outer loop
      vertex 25.2112 -44.6346 42
      vertex 25.1411 -44.6439 50
      vertex 25.2112 -44.6346 50
    endloop
  endfacet
  facet normal -0.131515 0.991314 0
    outer loop
      vertex 25.1411 -44.6439 50
      vertex 25.2112 -44.6346 42
      vertex 25.1411 -44.6439 42
    endloop
  endfacet
  facet normal -0.233534 0.972349 0
    outer loop
      vertex 25.3494 -44.6053 42
      vertex 25.2807 -44.6218 50
      vertex 25.3494 -44.6053 50
    endloop
  endfacet
  facet normal -0.233534 0.972349 0
    outer loop
      vertex 25.2807 -44.6218 50
      vertex 25.3494 -44.6053 42
      vertex 25.2807 -44.6218 42
    endloop
  endfacet
  facet normal 0.649742 -0.760155 0
    outer loop
      vertex 24.0967 -42.298 42
      vertex 24.1504 -42.2521 50
      vertex 24.0967 -42.298 50
    endloop
  endfacet
  facet normal 0.649742 -0.760155 0
    outer loop
      vertex 24.1504 -42.2521 50
      vertex 24.0967 -42.298 42
      vertex 24.1504 -42.2521 42
    endloop
  endfacet
  facet normal 0.687745 0.725953 -0
    outer loop
      vertex 24.0967 -44.3045 42
      vertex 24.0454 -44.2559 50
      vertex 24.0967 -44.3045 50
    endloop
  endfacet
  facet normal 0.687745 0.725953 0
    outer loop
      vertex 24.0454 -44.2559 50
      vertex 24.0967 -44.3045 42
      vertex 24.0454 -44.2559 42
    endloop
  endfacet
  facet normal -0.824578 0.565748 0
    outer loop
      vertex 26.0922 -44.0948 42
      vertex 26.1322 -44.0365 50
      vertex 26.1322 -44.0365 42
    endloop
  endfacet
  facet normal -0.824578 0.565748 0
    outer loop
      vertex 26.1322 -44.0365 50
      vertex 26.0922 -44.0948 42
      vertex 26.0922 -44.0948 50
    endloop
  endfacet
  facet normal 0.608342 -0.793675 0
    outer loop
      vertex 24.1504 -42.2521 42
      vertex 24.2065 -42.2091 50
      vertex 24.1504 -42.2521 50
    endloop
  endfacet
  facet normal 0.608342 -0.793675 0
    outer loop
      vertex 24.2065 -42.2091 50
      vertex 24.1504 -42.2521 42
      vertex 24.2065 -42.2091 42
    endloop
  endfacet
  facet normal -0.181126 0.98346 0
    outer loop
      vertex 25.2807 -44.6218 42
      vertex 25.2112 -44.6346 50
      vertex 25.2807 -44.6218 50
    endloop
  endfacet
  facet normal -0.181126 0.98346 0
    outer loop
      vertex 25.2112 -44.6346 50
      vertex 25.2807 -44.6218 42
      vertex 25.2112 -44.6346 42
    endloop
  endfacet
  facet normal 0.972349 -0.233534 0
    outer loop
      vertex 23.6795 -43.0206 50
      vertex 23.696 -42.9519 42
      vertex 23.696 -42.9519 50
    endloop
  endfacet
  facet normal 0.972349 -0.233534 0
    outer loop
      vertex 23.696 -42.9519 42
      vertex 23.6795 -43.0206 50
      vertex 23.6795 -43.0206 42
    endloop
  endfacet
  facet normal -0.649742 0.760155 0
    outer loop
      vertex 25.9033 -44.3045 42
      vertex 25.8496 -44.3504 50
      vertex 25.9033 -44.3045 50
    endloop
  endfacet
  facet normal -0.649742 0.760155 0
    outer loop
      vertex 25.8496 -44.3504 50
      vertex 25.9033 -44.3045 42
      vertex 25.8496 -44.3504 42
    endloop
  endfacet
  facet normal -0.760752 -0.649043 0
    outer loop
      vertex 26.0491 -42.4517 42
      vertex 26.0032 -42.3979 50
      vertex 26.0032 -42.3979 42
    endloop
  endfacet
  facet normal -0.760752 -0.649043 0
    outer loop
      vertex 26.0032 -42.3979 50
      vertex 26.0491 -42.4517 42
      vertex 26.0491 -42.4517 50
    endloop
  endfacet
  facet normal -0.382102 0.92412 0
    outer loop
      vertex 25.5491 -44.5346 42
      vertex 25.4838 -44.5616 50
      vertex 25.5491 -44.5346 50
    endloop
  endfacet
  facet normal -0.382102 0.92412 0
    outer loop
      vertex 25.4838 -44.5616 50
      vertex 25.5491 -44.5346 42
      vertex 25.4838 -44.5616 42
    endloop
  endfacet
  facet normal 0.0778877 0.996962 -0
    outer loop
      vertex 24.9293 -44.6494 42
      vertex 24.8589 -44.6439 50
      vertex 24.9293 -44.6494 50
    endloop
  endfacet
  facet normal 0.0778877 0.996962 0
    outer loop
      vertex 24.8589 -44.6439 50
      vertex 24.9293 -44.6494 42
      vertex 24.8589 -44.6439 42
    endloop
  endfacet
  facet normal 0.522993 -0.852337 0
    outer loop
      vertex 24.2647 -42.1691 42
      vertex 24.325 -42.1321 50
      vertex 24.2647 -42.1691 50
    endloop
  endfacet
  facet normal 0.522993 -0.852337 0
    outer loop
      vertex 24.325 -42.1321 50
      vertex 24.2647 -42.1691 42
      vertex 24.325 -42.1321 42
    endloop
  endfacet
  facet normal 0.233534 -0.972349 0
    outer loop
      vertex 24.6506 -41.9973 42
      vertex 24.7193 -41.9808 50
      vertex 24.6506 -41.9973 50
    endloop
  endfacet
  facet normal 0.233534 -0.972349 0
    outer loop
      vertex 24.7193 -41.9808 50
      vertex 24.6506 -41.9973 42
      vertex 24.7193 -41.9808 42
    endloop
  endfacet
  facet normal 0.983207 -0.182495 0
    outer loop
      vertex 23.6666 -43.0901 50
      vertex 23.6795 -43.0206 42
      vertex 23.6795 -43.0206 50
    endloop
  endfacet
  facet normal 0.983207 -0.182495 0
    outer loop
      vertex 23.6795 -43.0206 42
      vertex 23.6666 -43.0901 50
      vertex 23.6666 -43.0901 42
    endloop
  endfacet
  facet normal 0.991498 -0.130125 0
    outer loop
      vertex 23.6574 -43.1602 50
      vertex 23.6666 -43.0901 42
      vertex 23.6666 -43.0901 50
    endloop
  endfacet
  facet normal 0.991498 -0.130125 0
    outer loop
      vertex 23.6666 -43.0901 42
      vertex 23.6574 -43.1602 50
      vertex 23.6574 -43.1602 42
    endloop
  endfacet
  facet normal 0.282932 -0.95914 0
    outer loop
      vertex 24.5828 -42.0173 42
      vertex 24.6506 -41.9973 50
      vertex 24.5828 -42.0173 50
    endloop
  endfacet
  facet normal 0.282932 -0.95914 0
    outer loop
      vertex 24.6506 -41.9973 50
      vertex 24.5828 -42.0173 42
      vertex 24.6506 -41.9973 42
    endloop
  endfacet
  facet normal 0.476967 0.878921 -0
    outer loop
      vertex 24.3871 -44.5041 42
      vertex 24.325 -44.4704 50
      vertex 24.3871 -44.5041 50
    endloop
  endfacet
  facet normal 0.476967 0.878921 0
    outer loop
      vertex 24.325 -44.4704 50
      vertex 24.3871 -44.5041 42
      vertex 24.325 -44.4704 42
    endloop
  endfacet
  facet normal 0.958641 0.284619 0
    outer loop
      vertex 23.7161 -43.7184 50
      vertex 23.696 -43.6507 42
      vertex 23.696 -43.6507 50
    endloop
  endfacet
  facet normal 0.958641 0.284619 0
    outer loop
      vertex 23.696 -43.6507 42
      vertex 23.7161 -43.7184 50
      vertex 23.7161 -43.7184 42
    endloop
  endfacet
  facet normal -0.92412 0.382102 0
    outer loop
      vertex 26.2333 -43.8504 42
      vertex 26.2603 -43.7851 50
      vertex 26.2603 -43.7851 42
    endloop
  endfacet
  facet normal -0.92412 0.382102 0
    outer loop
      vertex 26.2603 -43.7851 50
      vertex 26.2333 -43.8504 42
      vertex 26.2333 -43.8504 50
    endloop
  endfacet
  facet normal -0.942729 0.333559 0
    outer loop
      vertex 26.2603 -43.7851 42
      vertex 26.2839 -43.7184 50
      vertex 26.2839 -43.7184 42
    endloop
  endfacet
  facet normal -0.942729 0.333559 0
    outer loop
      vertex 26.2839 -43.7184 50
      vertex 26.2603 -43.7851 42
      vertex 26.2603 -43.7851 50
    endloop
  endfacet
  facet normal 0.649742 0.760155 -0
    outer loop
      vertex 24.1504 -44.3504 42
      vertex 24.0967 -44.3045 50
      vertex 24.1504 -44.3504 50
    endloop
  endfacet
  facet normal 0.649742 0.760155 0
    outer loop
      vertex 24.0967 -44.3045 50
      vertex 24.1504 -44.3504 42
      vertex 24.0967 -44.3045 42
    endloop
  endfacet
  facet normal 0.521965 0.852967 -0
    outer loop
      vertex 24.325 -44.4704 42
      vertex 24.2647 -44.4335 50
      vertex 24.325 -44.4704 50
    endloop
  endfacet
  facet normal 0.521965 0.852967 0
    outer loop
      vertex 24.2647 -44.4335 50
      vertex 24.325 -44.4704 42
      vertex 24.2647 -44.4335 42
    endloop
  endfacet
  facet normal 0.476967 -0.878921 0
    outer loop
      vertex 24.325 -42.1321 42
      vertex 24.3871 -42.0984 50
      vertex 24.325 -42.1321 50
    endloop
  endfacet
  facet normal 0.476967 -0.878921 0
    outer loop
      vertex 24.3871 -42.0984 50
      vertex 24.325 -42.1321 42
      vertex 24.3871 -42.0984 42
    endloop
  endfacet
  facet normal 0.608342 0.793675 -0
    outer loop
      vertex 24.2065 -44.3934 42
      vertex 24.1504 -44.3504 50
      vertex 24.2065 -44.3934 50
    endloop
  endfacet
  facet normal 0.608342 0.793675 0
    outer loop
      vertex 24.1504 -44.3504 50
      vertex 24.2065 -44.3934 42
      vertex 24.1504 -44.3504 42
    endloop
  endfacet
  facet normal 0.991528 0.12989 0
    outer loop
      vertex 44.2715 -4.27376 3
      vertex 44.2596 -4.18292 0
      vertex 44.2596 -4.18292 3
    endloop
  endfacet
  facet normal 0.991528 0.12989 0
    outer loop
      vertex 44.2596 -4.18292 0
      vertex 44.2715 -4.27376 3
      vertex 44.2715 -4.27376 0
    endloop
  endfacet
  facet normal -0.958589 -0.284794 0
    outer loop
      vertex 47.6904 -3.54707 0
      vertex 47.6643 -3.45922 3
      vertex 47.6643 -3.45922 0
    endloop
  endfacet
  facet normal -0.958589 -0.284794 0
    outer loop
      vertex 47.6643 -3.45922 3
      vertex 47.6904 -3.54707 0
      vertex 47.6904 -3.54707 3
    endloop
  endfacet
  facet normal -0.90276 -0.430145 0
    outer loop
      vertex 47.5987 -3.28821 0
      vertex 47.5593 -3.20552 3
      vertex 47.5593 -3.20552 0
    endloop
  endfacet
  facet normal -0.90276 -0.430145 0
    outer loop
      vertex 47.5593 -3.20552 3
      vertex 47.5987 -3.28821 0
      vertex 47.5987 -3.28821 3
    endloop
  endfacet
  facet normal 0.983246 0.182285 0
    outer loop
      vertex 44.2882 -4.36384 3
      vertex 44.2715 -4.27376 0
      vertex 44.2715 -4.27376 3
    endloop
  endfacet
  facet normal 0.983246 0.182285 0
    outer loop
      vertex 44.2715 -4.27376 0
      vertex 44.2882 -4.36384 3
      vertex 44.2882 -4.36384 0
    endloop
  endfacet
  facet normal 0.725201 -0.688537 0
    outer loop
      vertex 44.6995 -2.82902 3
      vertex 44.7626 -2.76256 0
      vertex 44.7626 -2.76256 3
    endloop
  endfacet
  facet normal 0.725201 -0.688537 0
    outer loop
      vertex 44.7626 -2.76256 0
      vertex 44.6995 -2.82902 3
      vertex 44.6995 -2.82902 0
    endloop
  endfacet
  facet normal -0.824074 0.566482 0
    outer loop
      vertex 47.4158 -5.02862 0
      vertex 47.4677 -4.95312 3
      vertex 47.4677 -4.95312 0
    endloop
  endfacet
  facet normal -0.824074 0.566482 0
    outer loop
      vertex 47.4677 -4.95312 3
      vertex 47.4158 -5.02862 0
      vertex 47.4158 -5.02862 3
    endloop
  endfacet
  facet normal 0.52258 0.85259 -0
    outer loop
      vertex 45.125 -5.51554 0
      vertex 45.0469 -5.46767 3
      vertex 45.125 -5.51554 3
    endloop
  endfacet
  facet normal 0.52258 0.85259 0
    outer loop
      vertex 45.0469 -5.46767 3
      vertex 45.125 -5.51554 0
      vertex 45.0469 -5.46767 0
    endloop
  endfacet
  facet normal 0.760426 0.649424 0
    outer loop
      vertex 44.6995 -5.17098 3
      vertex 44.64 -5.10131 0
      vertex 44.64 -5.10131 3
    endloop
  endfacet
  facet normal 0.760426 0.649424 0
    outer loop
      vertex 44.64 -5.10131 0
      vertex 44.6995 -5.17098 3
      vertex 44.6995 -5.17098 0
    endloop
  endfacet
  facet normal -0.991527 -0.129904 0
    outer loop
      vertex 47.7404 -3.81707 0
      vertex 47.7285 -3.72624 3
      vertex 47.7285 -3.72624 0
    endloop
  endfacet
  facet normal -0.991527 -0.129904 0
    outer loop
      vertex 47.7285 -3.72624 3
      vertex 47.7404 -3.81707 0
      vertex 47.7404 -3.81707 3
    endloop
  endfacet
  facet normal 0.760426 -0.649424 0
    outer loop
      vertex 44.64 -2.89869 3
      vertex 44.6995 -2.82902 0
      vertex 44.6995 -2.82902 3
    endloop
  endfacet
  facet normal 0.760426 -0.649424 0
    outer loop
      vertex 44.6995 -2.82902 0
      vertex 44.64 -2.89869 3
      vertex 44.64 -2.89869 0
    endloop
  endfacet
  facet normal 0.923737 0.383026 0
    outer loop
      vertex 44.4013 -4.71179 3
      vertex 44.3662 -4.62714 0
      vertex 44.3662 -4.62714 3
    endloop
  endfacet
  facet normal 0.923737 0.383026 0
    outer loop
      vertex 44.3662 -4.62714 0
      vertex 44.4013 -4.71179 3
      vertex 44.4013 -4.71179 0
    endloop
  endfacet
  facet normal 0.85299 -0.521927 0
    outer loop
      vertex 44.4845 -3.125 3
      vertex 44.5323 -3.04688 0
      vertex 44.5323 -3.04688 3
    endloop
  endfacet
  facet normal 0.85299 -0.521927 0
    outer loop
      vertex 44.5323 -3.04688 0
      vertex 44.4845 -3.125 3
      vertex 44.4845 -3.125 0
    endloop
  endfacet
  facet normal -0.824074 -0.566482 0
    outer loop
      vertex 47.4677 -3.04688 0
      vertex 47.4158 -2.97138 3
      vertex 47.4158 -2.97138 0
    endloop
  endfacet
  facet normal -0.824074 -0.566482 0
    outer loop
      vertex 47.4158 -2.97138 3
      vertex 47.4677 -3.04688 0
      vertex 47.4677 -3.04688 3
    endloop
  endfacet
  facet normal -0.996908 -0.0785826 0
    outer loop
      vertex 47.7476 -3.90841 0
      vertex 47.7404 -3.81707 3
      vertex 47.7404 -3.81707 0
    endloop
  endfacet
  facet normal -0.996908 -0.0785826 0
    outer loop
      vertex 47.7404 -3.81707 3
      vertex 47.7476 -3.90841 0
      vertex 47.7476 -3.90841 3
    endloop
  endfacet
  facet normal -0.52258 -0.85259 0
    outer loop
      vertex 46.875 -2.48446 0
      vertex 46.9531 -2.53233 3
      vertex 46.875 -2.48446 3
    endloop
  endfacet
  facet normal -0.52258 -0.85259 -0
    outer loop
      vertex 46.9531 -2.53233 3
      vertex 46.875 -2.48446 0
      vertex 46.9531 -2.53233 0
    endloop
  endfacet
  facet normal 0.182336 0.983236 -0
    outer loop
      vertex 45.7262 -5.72845 0
      vertex 45.6362 -5.71176 3
      vertex 45.7262 -5.72845 3
    endloop
  endfacet
  facet normal 0.182336 0.983236 0
    outer loop
      vertex 45.6362 -5.71176 3
      vertex 45.7262 -5.72845 0
      vertex 45.6362 -5.71176 0
    endloop
  endfacet
  facet normal 0.283843 -0.958871 0
    outer loop
      vertex 45.4592 -2.33565 0
      vertex 45.5471 -2.30963 3
      vertex 45.4592 -2.33565 3
    endloop
  endfacet
  facet normal 0.283843 -0.958871 0
    outer loop
      vertex 45.5471 -2.30963 3
      vertex 45.4592 -2.33565 0
      vertex 45.5471 -2.30963 0
    endloop
  endfacet
  facet normal 0.725201 0.688537 0
    outer loop
      vertex 44.7626 -5.23744 3
      vertex 44.6995 -5.17098 0
      vertex 44.6995 -5.17098 3
    endloop
  endfacet
  facet normal 0.725201 0.688537 0
    outer loop
      vertex 44.6995 -5.17098 0
      vertex 44.7626 -5.23744 3
      vertex 44.7626 -5.23744 0
    endloop
  endfacet
  facet normal 0.47726 -0.878762 0
    outer loop
      vertex 45.125 -2.48446 0
      vertex 45.2055 -2.44074 3
      vertex 45.125 -2.48446 3
    endloop
  endfacet
  facet normal 0.47726 -0.878762 0
    outer loop
      vertex 45.2055 -2.44074 3
      vertex 45.125 -2.48446 0
      vertex 45.2055 -2.44074 0
    endloop
  endfacet
  facet normal -0.878445 -0.477843 0
    outer loop
      vertex 47.5593 -3.20552 0
      vertex 47.5155 -3.125 3
      vertex 47.5155 -3.125 0
    endloop
  endfacet
  facet normal -0.878445 -0.477843 0
    outer loop
      vertex 47.5155 -3.125 3
      vertex 47.5593 -3.20552 0
      vertex 47.5593 -3.20552 3
    endloop
  endfacet
  facet normal 0.47726 0.878762 -0
    outer loop
      vertex 45.2055 -5.55926 0
      vertex 45.125 -5.51554 3
      vertex 45.2055 -5.55926 3
    endloop
  endfacet
  facet normal 0.47726 0.878762 0
    outer loop
      vertex 45.125 -5.51554 3
      vertex 45.2055 -5.55926 0
      vertex 45.125 -5.51554 0
    endloop
  endfacet
  facet normal 0.430548 -0.902568 0
    outer loop
      vertex 45.2055 -2.44074 0
      vertex 45.2882 -2.40129 3
      vertex 45.2055 -2.44074 3
    endloop
  endfacet
  facet normal 0.430548 -0.902568 0
    outer loop
      vertex 45.2882 -2.40129 3
      vertex 45.2055 -2.44074 0
      vertex 45.2882 -2.40129 0
    endloop
  endfacet
  facet normal -0.878445 0.477843 0
    outer loop
      vertex 47.5155 -4.875 0
      vertex 47.5593 -4.79448 3
      vertex 47.5593 -4.79448 0
    endloop
  endfacet
  facet normal -0.878445 0.477843 0
    outer loop
      vertex 47.5593 -4.79448 3
      vertex 47.5155 -4.875 0
      vertex 47.5155 -4.875 3
    endloop
  endfacet
  facet normal -0.430459 0.90261 0
    outer loop
      vertex 46.7945 -5.55926 0
      vertex 46.7118 -5.5987 3
      vertex 46.7945 -5.55926 3
    endloop
  endfacet
  facet normal -0.430459 0.90261 0
    outer loop
      vertex 46.7118 -5.5987 3
      vertex 46.7945 -5.55926 0
      vertex 46.7118 -5.5987 0
    endloop
  endfacet
  facet normal -0.999657 0.0261947 0
    outer loop
      vertex 47.7476 -4.09159 0
      vertex 47.75 -4 3
      vertex 47.75 -4 0
    endloop
  endfacet
  facet normal -0.999657 0.0261947 0
    outer loop
      vertex 47.75 -4 3
      vertex 47.7476 -4.09159 0
      vertex 47.7476 -4.09159 3
    endloop
  endfacet
  facet normal 0.824074 0.566482 0
    outer loop
      vertex 44.5842 -5.02862 3
      vertex 44.5323 -4.95312 0
      vertex 44.5323 -4.95312 3
    endloop
  endfacet
  facet normal 0.824074 0.566482 0
    outer loop
      vertex 44.5323 -4.95312 0
      vertex 44.5842 -5.02862 3
      vertex 44.5842 -5.02862 0
    endloop
  endfacet
  facet normal -0.793232 -0.608919 0
    outer loop
      vertex 47.4158 -2.97138 0
      vertex 47.36 -2.89869 3
      vertex 47.36 -2.89869 0
    endloop
  endfacet
  facet normal -0.793232 -0.608919 0
    outer loop
      vertex 47.36 -2.89869 3
      vertex 47.4158 -2.97138 0
      vertex 47.4158 -2.97138 3
    endloop
  endfacet
  facet normal -0.999657 -0.0261947 0
    outer loop
      vertex 47.75 -4 0
      vertex 47.7476 -3.90841 3
      vertex 47.7476 -3.90841 0
    endloop
  endfacet
  facet normal -0.999657 -0.0261947 0
    outer loop
      vertex 47.7476 -3.90841 3
      vertex 47.75 -4 0
      vertex 47.75 -4 3
    endloop
  endfacet
  facet normal 0.688635 -0.725108 0
    outer loop
      vertex 44.7626 -2.76256 0
      vertex 44.829 -2.6995 3
      vertex 44.7626 -2.76256 3
    endloop
  endfacet
  facet normal 0.688635 -0.725108 0
    outer loop
      vertex 44.829 -2.6995 3
      vertex 44.7626 -2.76256 0
      vertex 44.829 -2.6995 0
    endloop
  endfacet
  facet normal 0.382461 -0.923972 0
    outer loop
      vertex 45.2882 -2.40129 0
      vertex 45.3729 -2.36623 3
      vertex 45.2882 -2.40129 3
    endloop
  endfacet
  facet normal 0.382461 -0.923972 0
    outer loop
      vertex 45.3729 -2.36623 3
      vertex 45.2882 -2.40129 0
      vertex 45.3729 -2.36623 0
    endloop
  endfacet
  facet normal 0.999657 0.0261947 0
    outer loop
      vertex 44.2524 -4.09159 3
      vertex 44.25 -4 0
      vertex 44.25 -4 3
    endloop
  endfacet
  facet normal 0.999657 0.0261947 0
    outer loop
      vertex 44.25 -4 0
      vertex 44.2524 -4.09159 3
      vertex 44.2524 -4.09159 0
    endloop
  endfacet
  facet normal -0.130449 0.991455 0
    outer loop
      vertex 46.2738 -5.72845 0
      vertex 46.1829 -5.74041 3
      vertex 46.2738 -5.72845 3
    endloop
  endfacet
  facet normal -0.130449 0.991455 0
    outer loop
      vertex 46.1829 -5.74041 3
      vertex 46.2738 -5.72845 0
      vertex 46.1829 -5.74041 0
    endloop
  endfacet
  facet normal 0.182441 -0.983217 0
    outer loop
      vertex 45.6362 -2.28824 0
      vertex 45.7262 -2.27154 3
      vertex 45.6362 -2.28824 3
    endloop
  endfacet
  facet normal 0.182441 -0.983217 0
    outer loop
      vertex 45.7262 -2.27154 3
      vertex 45.6362 -2.28824 0
      vertex 45.7262 -2.27154 0
    endloop
  endfacet
  facet normal -0.333997 0.942574 0
    outer loop
      vertex 46.6271 -5.63377 0
      vertex 46.5408 -5.66435 3
      vertex 46.6271 -5.63377 3
    endloop
  endfacet
  facet normal -0.333997 0.942574 0
    outer loop
      vertex 46.5408 -5.66435 3
      vertex 46.6271 -5.63377 0
      vertex 46.5408 -5.66435 0
    endloop
  endfacet
  facet normal 0.608661 -0.793431 0
    outer loop
      vertex 44.8987 -2.63999 0
      vertex 44.9714 -2.58422 3
      vertex 44.8987 -2.63999 3
    endloop
  endfacet
  facet normal 0.608661 -0.793431 0
    outer loop
      vertex 44.9714 -2.58422 3
      vertex 44.8987 -2.63999 0
      vertex 44.9714 -2.58422 0
    endloop
  endfacet
  facet normal -0.760426 0.649424 0
    outer loop
      vertex 47.3005 -5.17098 0
      vertex 47.36 -5.10131 3
      vertex 47.36 -5.10131 0
    endloop
  endfacet
  facet normal -0.760426 0.649424 0
    outer loop
      vertex 47.36 -5.10131 3
      vertex 47.3005 -5.17098 0
      vertex 47.3005 -5.17098 3
    endloop
  endfacet
  facet normal -0.47726 -0.878762 0
    outer loop
      vertex 46.7945 -2.44074 0
      vertex 46.875 -2.48446 3
      vertex 46.7945 -2.44074 3
    endloop
  endfacet
  facet normal -0.47726 -0.878762 -0
    outer loop
      vertex 46.875 -2.48446 3
      vertex 46.7945 -2.44074 0
      vertex 46.875 -2.48446 0
    endloop
  endfacet
  facet normal -0.996907 0.0785912 0
    outer loop
      vertex 47.7404 -4.18292 0
      vertex 47.7476 -4.09159 3
      vertex 47.7476 -4.09159 0
    endloop
  endfacet
  facet normal -0.996907 0.0785912 0
    outer loop
      vertex 47.7476 -4.09159 3
      vertex 47.7404 -4.18292 0
      vertex 47.7404 -4.18292 3
    endloop
  endfacet
  facet normal -0.0785083 -0.996913 0
    outer loop
      vertex 46.0916 -2.2524 0
      vertex 46.1829 -2.25959 3
      vertex 46.0916 -2.2524 3
    endloop
  endfacet
  facet normal -0.0785083 -0.996913 -0
    outer loop
      vertex 46.1829 -2.25959 3
      vertex 46.0916 -2.2524 0
      vertex 46.1829 -2.25959 0
    endloop
  endfacet
  facet normal -0.725201 0.688537 0
    outer loop
      vertex 47.2374 -5.23744 0
      vertex 47.3005 -5.17098 3
      vertex 47.3005 -5.17098 0
    endloop
  endfacet
  facet normal -0.725201 0.688537 0
    outer loop
      vertex 47.3005 -5.17098 3
      vertex 47.2374 -5.23744 0
      vertex 47.2374 -5.23744 3
    endloop
  endfacet
  facet normal -0.688635 0.725108 0
    outer loop
      vertex 47.2374 -5.23744 0
      vertex 47.171 -5.3005 3
      vertex 47.2374 -5.23744 3
    endloop
  endfacet
  facet normal -0.688635 0.725108 0
    outer loop
      vertex 47.171 -5.3005 3
      vertex 47.2374 -5.23744 0
      vertex 47.171 -5.3005 0
    endloop
  endfacet
  facet normal 0.52258 -0.85259 0
    outer loop
      vertex 45.0469 -2.53233 0
      vertex 45.125 -2.48446 3
      vertex 45.0469 -2.53233 3
    endloop
  endfacet
  facet normal 0.52258 -0.85259 0
    outer loop
      vertex 45.125 -2.48446 3
      vertex 45.0469 -2.53233 0
      vertex 45.125 -2.48446 0
    endloop
  endfacet
  facet normal -0.90276 0.430145 0
    outer loop
      vertex 47.5593 -4.79448 0
      vertex 47.5987 -4.71179 3
      vertex 47.5987 -4.71179 0
    endloop
  endfacet
  facet normal -0.90276 0.430145 0
    outer loop
      vertex 47.5987 -4.71179 3
      vertex 47.5593 -4.79448 0
      vertex 47.5593 -4.79448 3
    endloop
  endfacet
  facet normal 0.996907 0.0785912 0
    outer loop
      vertex 44.2596 -4.18292 3
      vertex 44.2524 -4.09159 0
      vertex 44.2524 -4.09159 3
    endloop
  endfacet
  facet normal 0.996907 0.0785912 0
    outer loop
      vertex 44.2524 -4.09159 0
      vertex 44.2596 -4.18292 3
      vertex 44.2596 -4.18292 0
    endloop
  endfacet
  facet normal 0.90276 0.430145 0
    outer loop
      vertex 44.4407 -4.79448 3
      vertex 44.4013 -4.71179 0
      vertex 44.4013 -4.71179 3
    endloop
  endfacet
  facet normal 0.90276 0.430145 0
    outer loop
      vertex 44.4013 -4.71179 0
      vertex 44.4407 -4.79448 3
      vertex 44.4407 -4.79448 0
    endloop
  endfacet
  facet normal -0.649325 -0.760511 0
    outer loop
      vertex 47.1013 -2.63999 0
      vertex 47.171 -2.6995 3
      vertex 47.1013 -2.63999 3
    endloop
  endfacet
  facet normal -0.649325 -0.760511 -0
    outer loop
      vertex 47.171 -2.6995 3
      vertex 47.1013 -2.63999 0
      vertex 47.171 -2.6995 0
    endloop
  endfacet
  facet normal -0.382554 0.923933 0
    outer loop
      vertex 46.7118 -5.5987 0
      vertex 46.6271 -5.63377 3
      vertex 46.7118 -5.5987 3
    endloop
  endfacet
  facet normal -0.382554 0.923933 0
    outer loop
      vertex 46.6271 -5.63377 3
      vertex 46.7118 -5.5987 0
      vertex 46.6271 -5.63377 0
    endloop
  endfacet
  facet normal -0.182441 -0.983217 0
    outer loop
      vertex 46.2738 -2.27154 0
      vertex 46.3638 -2.28824 3
      vertex 46.2738 -2.27154 3
    endloop
  endfacet
  facet normal -0.182441 -0.983217 -0
    outer loop
      vertex 46.3638 -2.28824 3
      vertex 46.2738 -2.27154 0
      vertex 46.3638 -2.28824 0
    endloop
  endfacet
  facet normal 0.649325 -0.760511 0
    outer loop
      vertex 44.829 -2.6995 0
      vertex 44.8987 -2.63999 3
      vertex 44.829 -2.6995 3
    endloop
  endfacet
  facet normal 0.649325 -0.760511 0
    outer loop
      vertex 44.8987 -2.63999 3
      vertex 44.829 -2.6995 0
      vertex 44.8987 -2.63999 0
    endloop
  endfacet
  facet normal 0.0785083 -0.996913 0
    outer loop
      vertex 45.8171 -2.25959 0
      vertex 45.9084 -2.2524 3
      vertex 45.8171 -2.25959 3
    endloop
  endfacet
  facet normal 0.0785083 -0.996913 0
    outer loop
      vertex 45.9084 -2.2524 3
      vertex 45.8171 -2.25959 0
      vertex 45.9084 -2.2524 0
    endloop
  endfacet
  facet normal -0.972336 -0.233588 0
    outer loop
      vertex 47.7118 -3.63615 0
      vertex 47.6904 -3.54707 3
      vertex 47.6904 -3.54707 0
    endloop
  endfacet
  facet normal -0.972336 -0.233588 0
    outer loop
      vertex 47.6904 -3.54707 3
      vertex 47.7118 -3.63615 0
      vertex 47.7118 -3.63615 3
    endloop
  endfacet
  facet normal -0.983249 -0.182265 0
    outer loop
      vertex 47.7285 -3.72624 0
      vertex 47.7118 -3.63615 3
      vertex 47.7118 -3.63615 0
    endloop
  endfacet
  facet normal -0.983249 -0.182265 0
    outer loop
      vertex 47.7118 -3.63615 3
      vertex 47.7285 -3.72624 0
      vertex 47.7285 -3.72624 3
    endloop
  endfacet
  facet normal 0.996908 -0.0785826 0
    outer loop
      vertex 44.2524 -3.90841 3
      vertex 44.2596 -3.81707 0
      vertex 44.2596 -3.81707 3
    endloop
  endfacet
  facet normal 0.996908 -0.0785826 0
    outer loop
      vertex 44.2596 -3.81707 0
      vertex 44.2524 -3.90841 3
      vertex 44.2524 -3.90841 0
    endloop
  endfacet
  facet normal -0.0261919 -0.999657 0
    outer loop
      vertex 46 -2.25 0
      vertex 46.0916 -2.2524 3
      vertex 46 -2.25 3
    endloop
  endfacet
  facet normal -0.0261919 -0.999657 -0
    outer loop
      vertex 46.0916 -2.2524 3
      vertex 46 -2.25 0
      vertex 46.0916 -2.2524 0
    endloop
  endfacet
  facet normal -0.430548 -0.902568 0
    outer loop
      vertex 46.7118 -2.40129 0
      vertex 46.7945 -2.44074 3
      vertex 46.7118 -2.40129 3
    endloop
  endfacet
  facet normal -0.430548 -0.902568 -0
    outer loop
      vertex 46.7945 -2.44074 3
      vertex 46.7118 -2.40129 0
      vertex 46.7945 -2.44074 0
    endloop
  endfacet
  facet normal 0.430459 0.90261 -0
    outer loop
      vertex 45.2882 -5.5987 0
      vertex 45.2055 -5.55926 3
      vertex 45.2882 -5.5987 3
    endloop
  endfacet
  facet normal 0.430459 0.90261 0
    outer loop
      vertex 45.2055 -5.55926 3
      vertex 45.2882 -5.5987 0
      vertex 45.2055 -5.55926 0
    endloop
  endfacet
  facet normal -0.382461 -0.923972 0
    outer loop
      vertex 46.6271 -2.36623 0
      vertex 46.7118 -2.40129 3
      vertex 46.6271 -2.36623 3
    endloop
  endfacet
  facet normal -0.382461 -0.923972 -0
    outer loop
      vertex 46.7118 -2.40129 3
      vertex 46.6271 -2.36623 0
      vertex 46.7118 -2.40129 0
    endloop
  endfacet
  facet normal 0.233435 0.972372 -0
    outer loop
      vertex 45.6362 -5.71176 0
      vertex 45.5471 -5.69037 3
      vertex 45.6362 -5.71176 3
    endloop
  endfacet
  facet normal 0.233435 0.972372 0
    outer loop
      vertex 45.5471 -5.69037 3
      vertex 45.6362 -5.71176 0
      vertex 45.5471 -5.69037 0
    endloop
  endfacet
  facet normal -0.85299 0.521927 0
    outer loop
      vertex 47.4677 -4.95312 0
      vertex 47.5155 -4.875 3
      vertex 47.5155 -4.875 0
    endloop
  endfacet
  facet normal -0.85299 0.521927 0
    outer loop
      vertex 47.5155 -4.875 3
      vertex 47.4677 -4.95312 0
      vertex 47.4677 -4.95312 3
    endloop
  endfacet
  facet normal 0.0261919 0.999657 -0
    outer loop
      vertex 46 -5.75 0
      vertex 45.9084 -5.7476 3
      vertex 46 -5.75 3
    endloop
  endfacet
  facet normal 0.0261919 0.999657 0
    outer loop
      vertex 45.9084 -5.7476 3
      vertex 46 -5.75 0
      vertex 45.9084 -5.7476 0
    endloop
  endfacet
  facet normal 0.90276 -0.430145 0
    outer loop
      vertex 44.4013 -3.28821 3
      vertex 44.4407 -3.20552 0
      vertex 44.4407 -3.20552 3
    endloop
  endfacet
  facet normal 0.90276 -0.430145 0
    outer loop
      vertex 44.4407 -3.20552 0
      vertex 44.4013 -3.28821 3
      vertex 44.4013 -3.28821 0
    endloop
  endfacet
  facet normal 0.0261919 -0.999657 0
    outer loop
      vertex 45.9084 -2.2524 0
      vertex 46 -2.25 3
      vertex 45.9084 -2.2524 3
    endloop
  endfacet
  facet normal 0.0261919 -0.999657 0
    outer loop
      vertex 46 -2.25 3
      vertex 45.9084 -2.2524 0
      vertex 46 -2.25 0
    endloop
  endfacet
  facet normal -0.983246 0.182285 0
    outer loop
      vertex 47.7118 -4.36384 0
      vertex 47.7285 -4.27376 3
      vertex 47.7285 -4.27376 0
    endloop
  endfacet
  facet normal -0.983246 0.182285 0
    outer loop
      vertex 47.7285 -4.27376 3
      vertex 47.7118 -4.36384 0
      vertex 47.7118 -4.36384 3
    endloop
  endfacet
  facet normal 0.972336 -0.233588 0
    outer loop
      vertex 44.2882 -3.63615 3
      vertex 44.3096 -3.54707 0
      vertex 44.3096 -3.54707 3
    endloop
  endfacet
  facet normal 0.972336 -0.233588 0
    outer loop
      vertex 44.3096 -3.54707 0
      vertex 44.2882 -3.63615 3
      vertex 44.2882 -3.63615 0
    endloop
  endfacet
  facet normal -0.233435 -0.972372 0
    outer loop
      vertex 46.3638 -2.28824 0
      vertex 46.4529 -2.30963 3
      vertex 46.3638 -2.28824 3
    endloop
  endfacet
  facet normal -0.233435 -0.972372 -0
    outer loop
      vertex 46.4529 -2.30963 3
      vertex 46.3638 -2.28824 0
      vertex 46.4529 -2.30963 0
    endloop
  endfacet
  facet normal -0.760426 -0.649424 0
    outer loop
      vertex 47.36 -2.89869 0
      vertex 47.3005 -2.82902 3
      vertex 47.3005 -2.82902 0
    endloop
  endfacet
  facet normal -0.760426 -0.649424 0
    outer loop
      vertex 47.3005 -2.82902 3
      vertex 47.36 -2.89869 0
      vertex 47.36 -2.89869 3
    endloop
  endfacet
  facet normal 0.333997 -0.942574 0
    outer loop
      vertex 45.3729 -2.36623 0
      vertex 45.4592 -2.33565 3
      vertex 45.3729 -2.36623 3
    endloop
  endfacet
  facet normal 0.333997 -0.942574 0
    outer loop
      vertex 45.4592 -2.33565 3
      vertex 45.3729 -2.36623 0
      vertex 45.4592 -2.33565 0
    endloop
  endfacet
  facet normal 0.942922 -0.333014 0
    outer loop
      vertex 44.3357 -3.45922 3
      vertex 44.3662 -3.37286 0
      vertex 44.3662 -3.37286 3
    endloop
  endfacet
  facet normal 0.942922 -0.333014 0
    outer loop
      vertex 44.3662 -3.37286 0
      vertex 44.3357 -3.45922 3
      vertex 44.3357 -3.45922 0
    endloop
  endfacet
  facet normal -0.85299 -0.521927 0
    outer loop
      vertex 47.5155 -3.125 0
      vertex 47.4677 -3.04688 3
      vertex 47.4677 -3.04688 0
    endloop
  endfacet
  facet normal -0.85299 -0.521927 0
    outer loop
      vertex 47.4677 -3.04688 3
      vertex 47.5155 -3.125 0
      vertex 47.5155 -3.125 3
    endloop
  endfacet
  facet normal -0.182336 0.983236 0
    outer loop
      vertex 46.3638 -5.71176 0
      vertex 46.2738 -5.72845 3
      vertex 46.3638 -5.71176 3
    endloop
  endfacet
  facet normal -0.182336 0.983236 0
    outer loop
      vertex 46.2738 -5.72845 3
      vertex 46.3638 -5.71176 0
      vertex 46.2738 -5.72845 0
    endloop
  endfacet
  facet normal 0.649325 0.760511 -0
    outer loop
      vertex 44.8987 -5.36001 0
      vertex 44.829 -5.3005 3
      vertex 44.8987 -5.36001 3
    endloop
  endfacet
  facet normal 0.649325 0.760511 0
    outer loop
      vertex 44.829 -5.3005 3
      vertex 44.8987 -5.36001 0
      vertex 44.829 -5.3005 0
    endloop
  endfacet
  facet normal -0.0261919 0.999657 0
    outer loop
      vertex 46.0916 -5.7476 0
      vertex 46 -5.75 3
      vertex 46.0916 -5.7476 3
    endloop
  endfacet
  facet normal -0.0261919 0.999657 0
    outer loop
      vertex 46 -5.75 3
      vertex 46.0916 -5.7476 0
      vertex 46 -5.75 0
    endloop
  endfacet
  facet normal -0.942922 -0.333014 0
    outer loop
      vertex 47.6643 -3.45922 0
      vertex 47.6338 -3.37286 3
      vertex 47.6338 -3.37286 0
    endloop
  endfacet
  facet normal -0.942922 -0.333014 0
    outer loop
      vertex 47.6338 -3.37286 3
      vertex 47.6643 -3.45922 0
      vertex 47.6643 -3.45922 3
    endloop
  endfacet
  facet normal -0.958589 0.284794 0
    outer loop
      vertex 47.6643 -4.54078 0
      vertex 47.6904 -4.45293 3
      vertex 47.6904 -4.45293 0
    endloop
  endfacet
  facet normal -0.958589 0.284794 0
    outer loop
      vertex 47.6904 -4.45293 3
      vertex 47.6643 -4.54078 0
      vertex 47.6643 -4.54078 3
    endloop
  endfacet
  facet normal 0.878445 0.477843 0
    outer loop
      vertex 44.4845 -4.875 3
      vertex 44.4407 -4.79448 0
      vertex 44.4407 -4.79448 3
    endloop
  endfacet
  facet normal 0.878445 0.477843 0
    outer loop
      vertex 44.4407 -4.79448 0
      vertex 44.4845 -4.875 3
      vertex 44.4845 -4.875 0
    endloop
  endfacet
  facet normal 0.878445 -0.477843 0
    outer loop
      vertex 44.4407 -3.20552 3
      vertex 44.4845 -3.125 0
      vertex 44.4845 -3.125 3
    endloop
  endfacet
  facet normal 0.878445 -0.477843 0
    outer loop
      vertex 44.4845 -3.125 0
      vertex 44.4407 -3.20552 3
      vertex 44.4407 -3.20552 0
    endloop
  endfacet
  facet normal -0.991528 0.12989 0
    outer loop
      vertex 47.7285 -4.27376 0
      vertex 47.7404 -4.18292 3
      vertex 47.7404 -4.18292 0
    endloop
  endfacet
  facet normal -0.991528 0.12989 0
    outer loop
      vertex 47.7404 -4.18292 3
      vertex 47.7285 -4.27376 0
      vertex 47.7285 -4.27376 3
    endloop
  endfacet
  facet normal -0.566408 -0.824125 0
    outer loop
      vertex 46.9531 -2.53233 0
      vertex 47.0286 -2.58422 3
      vertex 46.9531 -2.53233 3
    endloop
  endfacet
  facet normal -0.566408 -0.824125 -0
    outer loop
      vertex 47.0286 -2.58422 3
      vertex 46.9531 -2.53233 0
      vertex 47.0286 -2.58422 0
    endloop
  endfacet
  facet normal -0.130342 -0.991469 0
    outer loop
      vertex 46.1829 -2.25959 0
      vertex 46.2738 -2.27154 3
      vertex 46.1829 -2.25959 3
    endloop
  endfacet
  facet normal -0.130342 -0.991469 -0
    outer loop
      vertex 46.2738 -2.27154 3
      vertex 46.1829 -2.25959 0
      vertex 46.2738 -2.27154 0
    endloop
  endfacet
  facet normal -0.972342 0.233563 0
    outer loop
      vertex 47.6904 -4.45293 0
      vertex 47.7118 -4.36384 3
      vertex 47.7118 -4.36384 0
    endloop
  endfacet
  facet normal -0.972342 0.233563 0
    outer loop
      vertex 47.7118 -4.36384 3
      vertex 47.6904 -4.45293 0
      vertex 47.6904 -4.45293 3
    endloop
  endfacet
  facet normal -0.608661 -0.793431 0
    outer loop
      vertex 47.0286 -2.58422 0
      vertex 47.1013 -2.63999 3
      vertex 47.0286 -2.58422 3
    endloop
  endfacet
  facet normal -0.608661 -0.793431 -0
    outer loop
      vertex 47.1013 -2.63999 3
      vertex 47.0286 -2.58422 0
      vertex 47.1013 -2.63999 0
    endloop
  endfacet
  facet normal 0.130449 0.991455 -0
    outer loop
      vertex 45.8171 -5.74041 0
      vertex 45.7262 -5.72845 3
      vertex 45.8171 -5.74041 3
    endloop
  endfacet
  facet normal 0.130449 0.991455 0
    outer loop
      vertex 45.7262 -5.72845 3
      vertex 45.8171 -5.74041 0
      vertex 45.7262 -5.72845 0
    endloop
  endfacet
  facet normal 0.688635 0.725108 -0
    outer loop
      vertex 44.829 -5.3005 0
      vertex 44.7626 -5.23744 3
      vertex 44.829 -5.3005 3
    endloop
  endfacet
  facet normal 0.688635 0.725108 0
    outer loop
      vertex 44.7626 -5.23744 3
      vertex 44.829 -5.3005 0
      vertex 44.7626 -5.23744 0
    endloop
  endfacet
  facet normal 0.130342 -0.991469 0
    outer loop
      vertex 45.7262 -2.27154 0
      vertex 45.8171 -2.25959 3
      vertex 45.7262 -2.27154 3
    endloop
  endfacet
  facet normal 0.130342 -0.991469 0
    outer loop
      vertex 45.8171 -2.25959 3
      vertex 45.7262 -2.27154 0
      vertex 45.8171 -2.25959 0
    endloop
  endfacet
  facet normal 0.85299 0.521927 0
    outer loop
      vertex 44.5323 -4.95312 3
      vertex 44.4845 -4.875 0
      vertex 44.4845 -4.875 3
    endloop
  endfacet
  facet normal 0.85299 0.521927 0
    outer loop
      vertex 44.4845 -4.875 0
      vertex 44.5323 -4.95312 3
      vertex 44.5323 -4.95312 0
    endloop
  endfacet
  facet normal 0.566408 -0.824125 0
    outer loop
      vertex 44.9714 -2.58422 0
      vertex 45.0469 -2.53233 3
      vertex 44.9714 -2.58422 3
    endloop
  endfacet
  facet normal 0.566408 -0.824125 0
    outer loop
      vertex 45.0469 -2.53233 3
      vertex 44.9714 -2.58422 0
      vertex 45.0469 -2.53233 0
    endloop
  endfacet
  facet normal 0.233435 -0.972372 0
    outer loop
      vertex 45.5471 -2.30963 0
      vertex 45.6362 -2.28824 3
      vertex 45.5471 -2.30963 3
    endloop
  endfacet
  facet normal 0.233435 -0.972372 0
    outer loop
      vertex 45.6362 -2.28824 3
      vertex 45.5471 -2.30963 0
      vertex 45.6362 -2.28824 0
    endloop
  endfacet
  facet normal 0.0785083 0.996913 -0
    outer loop
      vertex 45.9084 -5.7476 0
      vertex 45.8171 -5.74041 3
      vertex 45.9084 -5.7476 3
    endloop
  endfacet
  facet normal 0.0785083 0.996913 0
    outer loop
      vertex 45.8171 -5.74041 3
      vertex 45.9084 -5.7476 0
      vertex 45.8171 -5.74041 0
    endloop
  endfacet
  facet normal -0.793232 0.608919 0
    outer loop
      vertex 47.36 -5.10131 0
      vertex 47.4158 -5.02862 3
      vertex 47.4158 -5.02862 0
    endloop
  endfacet
  facet normal -0.793232 0.608919 0
    outer loop
      vertex 47.4158 -5.02862 3
      vertex 47.36 -5.10131 0
      vertex 47.36 -5.10131 3
    endloop
  endfacet
  facet normal -0.47726 0.878762 0
    outer loop
      vertex 46.875 -5.51554 0
      vertex 46.7945 -5.55926 3
      vertex 46.875 -5.51554 3
    endloop
  endfacet
  facet normal -0.47726 0.878762 0
    outer loop
      vertex 46.7945 -5.55926 3
      vertex 46.875 -5.51554 0
      vertex 46.7945 -5.55926 0
    endloop
  endfacet
  facet normal -0.566408 0.824125 0
    outer loop
      vertex 47.0286 -5.41578 0
      vertex 46.9531 -5.46767 3
      vertex 47.0286 -5.41578 3
    endloop
  endfacet
  facet normal -0.566408 0.824125 0
    outer loop
      vertex 46.9531 -5.46767 3
      vertex 47.0286 -5.41578 0
      vertex 46.9531 -5.46767 0
    endloop
  endfacet
  facet normal -0.52258 0.85259 0
    outer loop
      vertex 46.9531 -5.46767 0
      vertex 46.875 -5.51554 3
      vertex 46.9531 -5.46767 3
    endloop
  endfacet
  facet normal -0.52258 0.85259 0
    outer loop
      vertex 46.875 -5.51554 3
      vertex 46.9531 -5.46767 0
      vertex 46.875 -5.51554 0
    endloop
  endfacet
  facet normal 0.958589 -0.284794 0
    outer loop
      vertex 44.3096 -3.54707 3
      vertex 44.3357 -3.45922 0
      vertex 44.3357 -3.45922 3
    endloop
  endfacet
  facet normal 0.958589 -0.284794 0
    outer loop
      vertex 44.3357 -3.45922 0
      vertex 44.3096 -3.54707 3
      vertex 44.3096 -3.54707 0
    endloop
  endfacet
  facet normal -0.923737 -0.383026 0
    outer loop
      vertex 47.6338 -3.37286 0
      vertex 47.5987 -3.28821 3
      vertex 47.5987 -3.28821 0
    endloop
  endfacet
  facet normal -0.923737 -0.383026 0
    outer loop
      vertex 47.5987 -3.28821 3
      vertex 47.6338 -3.37286 0
      vertex 47.6338 -3.37286 3
    endloop
  endfacet
  facet normal -0.233435 0.972372 0
    outer loop
      vertex 46.4529 -5.69037 0
      vertex 46.3638 -5.71176 3
      vertex 46.4529 -5.69037 3
    endloop
  endfacet
  facet normal -0.233435 0.972372 0
    outer loop
      vertex 46.3638 -5.71176 3
      vertex 46.4529 -5.69037 0
      vertex 46.3638 -5.71176 0
    endloop
  endfacet
  facet normal 0.793232 0.608919 0
    outer loop
      vertex 44.64 -5.10131 3
      vertex 44.5842 -5.02862 0
      vertex 44.5842 -5.02862 3
    endloop
  endfacet
  facet normal 0.793232 0.608919 0
    outer loop
      vertex 44.5842 -5.02862 0
      vertex 44.64 -5.10131 3
      vertex 44.64 -5.10131 0
    endloop
  endfacet
  facet normal 0.972342 0.233563 0
    outer loop
      vertex 44.3096 -4.45293 3
      vertex 44.2882 -4.36384 0
      vertex 44.2882 -4.36384 3
    endloop
  endfacet
  facet normal 0.972342 0.233563 0
    outer loop
      vertex 44.2882 -4.36384 0
      vertex 44.3096 -4.45293 3
      vertex 44.3096 -4.45293 0
    endloop
  endfacet
  facet normal -0.0785083 0.996913 0
    outer loop
      vertex 46.1829 -5.74041 0
      vertex 46.0916 -5.7476 3
      vertex 46.1829 -5.74041 3
    endloop
  endfacet
  facet normal -0.0785083 0.996913 0
    outer loop
      vertex 46.0916 -5.7476 3
      vertex 46.1829 -5.74041 0
      vertex 46.0916 -5.7476 0
    endloop
  endfacet
  facet normal -0.649325 0.760511 0
    outer loop
      vertex 47.171 -5.3005 0
      vertex 47.1013 -5.36001 3
      vertex 47.171 -5.3005 3
    endloop
  endfacet
  facet normal -0.649325 0.760511 0
    outer loop
      vertex 47.1013 -5.36001 3
      vertex 47.171 -5.3005 0
      vertex 47.1013 -5.36001 0
    endloop
  endfacet
  facet normal -0.942922 0.333014 0
    outer loop
      vertex 47.6338 -4.62714 0
      vertex 47.6643 -4.54078 3
      vertex 47.6643 -4.54078 0
    endloop
  endfacet
  facet normal -0.942922 0.333014 0
    outer loop
      vertex 47.6643 -4.54078 3
      vertex 47.6338 -4.62714 0
      vertex 47.6338 -4.62714 3
    endloop
  endfacet
  facet normal -0.923737 0.383026 0
    outer loop
      vertex 47.5987 -4.71179 0
      vertex 47.6338 -4.62714 3
      vertex 47.6338 -4.62714 0
    endloop
  endfacet
  facet normal -0.923737 0.383026 0
    outer loop
      vertex 47.6338 -4.62714 3
      vertex 47.5987 -4.71179 0
      vertex 47.5987 -4.71179 3
    endloop
  endfacet
  facet normal -0.333997 -0.942574 0
    outer loop
      vertex 46.5408 -2.33565 0
      vertex 46.6271 -2.36623 3
      vertex 46.5408 -2.33565 3
    endloop
  endfacet
  facet normal -0.333997 -0.942574 -0
    outer loop
      vertex 46.6271 -2.36623 3
      vertex 46.5408 -2.33565 0
      vertex 46.6271 -2.36623 0
    endloop
  endfacet
  facet normal -0.283843 0.958871 0
    outer loop
      vertex 46.5408 -5.66435 0
      vertex 46.4529 -5.69037 3
      vertex 46.5408 -5.66435 3
    endloop
  endfacet
  facet normal -0.283843 0.958871 0
    outer loop
      vertex 46.4529 -5.69037 3
      vertex 46.5408 -5.66435 0
      vertex 46.4529 -5.69037 0
    endloop
  endfacet
  facet normal -0.725201 -0.688537 0
    outer loop
      vertex 47.3005 -2.82902 0
      vertex 47.2374 -2.76256 3
      vertex 47.2374 -2.76256 0
    endloop
  endfacet
  facet normal -0.725201 -0.688537 0
    outer loop
      vertex 47.2374 -2.76256 3
      vertex 47.3005 -2.82902 0
      vertex 47.3005 -2.82902 3
    endloop
  endfacet
  facet normal -0.688635 -0.725108 0
    outer loop
      vertex 47.171 -2.6995 0
      vertex 47.2374 -2.76256 3
      vertex 47.171 -2.6995 3
    endloop
  endfacet
  facet normal -0.688635 -0.725108 -0
    outer loop
      vertex 47.2374 -2.76256 3
      vertex 47.171 -2.6995 0
      vertex 47.2374 -2.76256 0
    endloop
  endfacet
  facet normal 0.999657 -0.0261947 0
    outer loop
      vertex 44.25 -4 3
      vertex 44.2524 -3.90841 0
      vertex 44.2524 -3.90841 3
    endloop
  endfacet
  facet normal 0.999657 -0.0261947 0
    outer loop
      vertex 44.2524 -3.90841 0
      vertex 44.25 -4 3
      vertex 44.25 -4 0
    endloop
  endfacet
  facet normal 0.983249 -0.182265 0
    outer loop
      vertex 44.2715 -3.72624 3
      vertex 44.2882 -3.63615 0
      vertex 44.2882 -3.63615 3
    endloop
  endfacet
  facet normal 0.983249 -0.182265 0
    outer loop
      vertex 44.2882 -3.63615 0
      vertex 44.2715 -3.72624 3
      vertex 44.2715 -3.72624 0
    endloop
  endfacet
  facet normal -0.608661 0.793431 0
    outer loop
      vertex 47.1013 -5.36001 0
      vertex 47.0286 -5.41578 3
      vertex 47.1013 -5.36001 3
    endloop
  endfacet
  facet normal -0.608661 0.793431 0
    outer loop
      vertex 47.0286 -5.41578 3
      vertex 47.1013 -5.36001 0
      vertex 47.0286 -5.41578 0
    endloop
  endfacet
  facet normal 0.991527 -0.129904 0
    outer loop
      vertex 44.2596 -3.81707 3
      vertex 44.2715 -3.72624 0
      vertex 44.2715 -3.72624 3
    endloop
  endfacet
  facet normal 0.991527 -0.129904 0
    outer loop
      vertex 44.2715 -3.72624 0
      vertex 44.2596 -3.81707 3
      vertex 44.2596 -3.81707 0
    endloop
  endfacet
  facet normal -0.283843 -0.958871 0
    outer loop
      vertex 46.4529 -2.30963 0
      vertex 46.5408 -2.33565 3
      vertex 46.4529 -2.30963 3
    endloop
  endfacet
  facet normal -0.283843 -0.958871 -0
    outer loop
      vertex 46.5408 -2.33565 3
      vertex 46.4529 -2.30963 0
      vertex 46.5408 -2.33565 0
    endloop
  endfacet
  facet normal 0.283843 0.958871 -0
    outer loop
      vertex 45.5471 -5.69037 0
      vertex 45.4592 -5.66435 3
      vertex 45.5471 -5.69037 3
    endloop
  endfacet
  facet normal 0.283843 0.958871 0
    outer loop
      vertex 45.4592 -5.66435 3
      vertex 45.5471 -5.69037 0
      vertex 45.4592 -5.66435 0
    endloop
  endfacet
  facet normal 0.333997 0.942574 -0
    outer loop
      vertex 45.4592 -5.66435 0
      vertex 45.3729 -5.63377 3
      vertex 45.4592 -5.66435 3
    endloop
  endfacet
  facet normal 0.333997 0.942574 0
    outer loop
      vertex 45.3729 -5.63377 3
      vertex 45.4592 -5.66435 0
      vertex 45.3729 -5.63377 0
    endloop
  endfacet
  facet normal 0.793232 -0.608919 0
    outer loop
      vertex 44.5842 -2.97138 3
      vertex 44.64 -2.89869 0
      vertex 44.64 -2.89869 3
    endloop
  endfacet
  facet normal 0.793232 -0.608919 0
    outer loop
      vertex 44.64 -2.89869 0
      vertex 44.5842 -2.97138 3
      vertex 44.5842 -2.97138 0
    endloop
  endfacet
  facet normal 0.942922 0.333014 0
    outer loop
      vertex 44.3662 -4.62714 3
      vertex 44.3357 -4.54078 0
      vertex 44.3357 -4.54078 3
    endloop
  endfacet
  facet normal 0.942922 0.333014 0
    outer loop
      vertex 44.3357 -4.54078 0
      vertex 44.3662 -4.62714 3
      vertex 44.3662 -4.62714 0
    endloop
  endfacet
  facet normal 0.958589 0.284794 0
    outer loop
      vertex 44.3357 -4.54078 3
      vertex 44.3096 -4.45293 0
      vertex 44.3096 -4.45293 3
    endloop
  endfacet
  facet normal 0.958589 0.284794 0
    outer loop
      vertex 44.3096 -4.45293 0
      vertex 44.3357 -4.54078 3
      vertex 44.3357 -4.54078 0
    endloop
  endfacet
  facet normal 0.923737 -0.383026 0
    outer loop
      vertex 44.3662 -3.37286 3
      vertex 44.4013 -3.28821 0
      vertex 44.4013 -3.28821 3
    endloop
  endfacet
  facet normal 0.923737 -0.383026 0
    outer loop
      vertex 44.4013 -3.28821 0
      vertex 44.3662 -3.37286 3
      vertex 44.3662 -3.37286 0
    endloop
  endfacet
  facet normal 0.824074 -0.566482 0
    outer loop
      vertex 44.5323 -3.04688 3
      vertex 44.5842 -2.97138 0
      vertex 44.5842 -2.97138 3
    endloop
  endfacet
  facet normal 0.824074 -0.566482 0
    outer loop
      vertex 44.5842 -2.97138 0
      vertex 44.5323 -3.04688 3
      vertex 44.5323 -3.04688 0
    endloop
  endfacet
  facet normal 0.608661 0.793431 -0
    outer loop
      vertex 44.9714 -5.41578 0
      vertex 44.8987 -5.36001 3
      vertex 44.9714 -5.41578 3
    endloop
  endfacet
  facet normal 0.608661 0.793431 0
    outer loop
      vertex 44.8987 -5.36001 3
      vertex 44.9714 -5.41578 0
      vertex 44.8987 -5.36001 0
    endloop
  endfacet
  facet normal 0.566408 0.824125 -0
    outer loop
      vertex 45.0469 -5.46767 0
      vertex 44.9714 -5.41578 3
      vertex 45.0469 -5.46767 3
    endloop
  endfacet
  facet normal 0.566408 0.824125 0
    outer loop
      vertex 44.9714 -5.41578 3
      vertex 45.0469 -5.46767 0
      vertex 44.9714 -5.41578 0
    endloop
  endfacet
  facet normal 0.382554 0.923933 -0
    outer loop
      vertex 45.3729 -5.63377 0
      vertex 45.2882 -5.5987 3
      vertex 45.3729 -5.63377 3
    endloop
  endfacet
  facet normal 0.382554 0.923933 0
    outer loop
      vertex 45.2882 -5.5987 3
      vertex 45.3729 -5.63377 0
      vertex 45.2882 -5.5987 0
    endloop
  endfacet
  facet normal -0.996907 -0.0785912 0
    outer loop
      vertex 47.7476 4.09159 0
      vertex 47.7404 4.18292 3
      vertex 47.7404 4.18292 0
    endloop
  endfacet
  facet normal -0.996907 -0.0785912 0
    outer loop
      vertex 47.7404 4.18292 3
      vertex 47.7476 4.09159 0
      vertex 47.7476 4.09159 3
    endloop
  endfacet
  facet normal -0.999657 -0.0261947 0
    outer loop
      vertex 47.75 4 0
      vertex 47.7476 4.09159 3
      vertex 47.7476 4.09159 0
    endloop
  endfacet
  facet normal -0.999657 -0.0261947 0
    outer loop
      vertex 47.7476 4.09159 3
      vertex 47.75 4 0
      vertex 47.75 4 3
    endloop
  endfacet
  facet normal -0.991528 -0.12989 0
    outer loop
      vertex 47.7404 4.18292 0
      vertex 47.7285 4.27376 3
      vertex 47.7285 4.27376 0
    endloop
  endfacet
  facet normal -0.991528 -0.12989 0
    outer loop
      vertex 47.7285 4.27376 3
      vertex 47.7404 4.18292 0
      vertex 47.7404 4.18292 3
    endloop
  endfacet
  facet normal -0.983249 0.182265 0
    outer loop
      vertex 47.7118 3.63615 0
      vertex 47.7285 3.72624 3
      vertex 47.7285 3.72624 0
    endloop
  endfacet
  facet normal -0.983249 0.182265 0
    outer loop
      vertex 47.7285 3.72624 3
      vertex 47.7118 3.63615 0
      vertex 47.7118 3.63615 3
    endloop
  endfacet
  facet normal 0.760426 0.649424 0
    outer loop
      vertex 44.6995 2.82902 3
      vertex 44.64 2.89869 0
      vertex 44.64 2.89869 3
    endloop
  endfacet
  facet normal 0.760426 0.649424 0
    outer loop
      vertex 44.64 2.89869 0
      vertex 44.6995 2.82902 3
      vertex 44.6995 2.82902 0
    endloop
  endfacet
  facet normal 0.725201 0.688537 0
    outer loop
      vertex 44.7626 2.76256 3
      vertex 44.6995 2.82902 0
      vertex 44.6995 2.82902 3
    endloop
  endfacet
  facet normal 0.725201 0.688537 0
    outer loop
      vertex 44.6995 2.82902 0
      vertex 44.7626 2.76256 3
      vertex 44.7626 2.76256 0
    endloop
  endfacet
  facet normal -0.878445 0.477843 0
    outer loop
      vertex 47.5155 3.125 0
      vertex 47.5593 3.20552 3
      vertex 47.5593 3.20552 0
    endloop
  endfacet
  facet normal -0.878445 0.477843 0
    outer loop
      vertex 47.5593 3.20552 3
      vertex 47.5155 3.125 0
      vertex 47.5155 3.125 3
    endloop
  endfacet
  facet normal -0.130342 0.991469 0
    outer loop
      vertex 46.2738 2.27154 0
      vertex 46.1829 2.25959 3
      vertex 46.2738 2.27154 3
    endloop
  endfacet
  facet normal -0.130342 0.991469 0
    outer loop
      vertex 46.1829 2.25959 3
      vertex 46.2738 2.27154 0
      vertex 46.1829 2.25959 0
    endloop
  endfacet
  facet normal 0.688635 -0.725108 0
    outer loop
      vertex 44.7626 5.23744 0
      vertex 44.829 5.3005 3
      vertex 44.7626 5.23744 3
    endloop
  endfacet
  facet normal 0.688635 -0.725108 0
    outer loop
      vertex 44.829 5.3005 3
      vertex 44.7626 5.23744 0
      vertex 44.829 5.3005 0
    endloop
  endfacet
  facet normal -0.430459 -0.90261 0
    outer loop
      vertex 46.7118 5.5987 0
      vertex 46.7945 5.55926 3
      vertex 46.7118 5.5987 3
    endloop
  endfacet
  facet normal -0.430459 -0.90261 -0
    outer loop
      vertex 46.7945 5.55926 3
      vertex 46.7118 5.5987 0
      vertex 46.7945 5.55926 0
    endloop
  endfacet
  facet normal 0.130449 -0.991455 0
    outer loop
      vertex 45.7262 5.72845 0
      vertex 45.8171 5.74041 3
      vertex 45.7262 5.72845 3
    endloop
  endfacet
  facet normal 0.130449 -0.991455 0
    outer loop
      vertex 45.8171 5.74041 3
      vertex 45.7262 5.72845 0
      vertex 45.8171 5.74041 0
    endloop
  endfacet
  facet normal 0.999657 0.0261947 0
    outer loop
      vertex 44.2524 3.90841 3
      vertex 44.25 4 0
      vertex 44.25 4 3
    endloop
  endfacet
  facet normal 0.999657 0.0261947 0
    outer loop
      vertex 44.25 4 0
      vertex 44.2524 3.90841 3
      vertex 44.2524 3.90841 0
    endloop
  endfacet
  facet normal -0.972336 0.233588 0
    outer loop
      vertex 47.6904 3.54707 0
      vertex 47.7118 3.63615 3
      vertex 47.7118 3.63615 0
    endloop
  endfacet
  facet normal -0.972336 0.233588 0
    outer loop
      vertex 47.7118 3.63615 3
      vertex 47.6904 3.54707 0
      vertex 47.6904 3.54707 3
    endloop
  endfacet
  facet normal -0.130449 -0.991455 0
    outer loop
      vertex 46.1829 5.74041 0
      vertex 46.2738 5.72845 3
      vertex 46.1829 5.74041 3
    endloop
  endfacet
  facet normal -0.130449 -0.991455 -0
    outer loop
      vertex 46.2738 5.72845 3
      vertex 46.1829 5.74041 0
      vertex 46.2738 5.72845 0
    endloop
  endfacet
  facet normal -0.52258 0.85259 0
    outer loop
      vertex 46.9531 2.53233 0
      vertex 46.875 2.48446 3
      vertex 46.9531 2.53233 3
    endloop
  endfacet
  facet normal -0.52258 0.85259 0
    outer loop
      vertex 46.875 2.48446 3
      vertex 46.9531 2.53233 0
      vertex 46.875 2.48446 0
    endloop
  endfacet
  facet normal 0.130342 0.991469 -0
    outer loop
      vertex 45.8171 2.25959 0
      vertex 45.7262 2.27154 3
      vertex 45.8171 2.25959 3
    endloop
  endfacet
  facet normal 0.130342 0.991469 0
    outer loop
      vertex 45.7262 2.27154 3
      vertex 45.8171 2.25959 0
      vertex 45.7262 2.27154 0
    endloop
  endfacet
  facet normal -0.233435 -0.972372 0
    outer loop
      vertex 46.3638 5.71176 0
      vertex 46.4529 5.69037 3
      vertex 46.3638 5.71176 3
    endloop
  endfacet
  facet normal -0.233435 -0.972372 -0
    outer loop
      vertex 46.4529 5.69037 3
      vertex 46.3638 5.71176 0
      vertex 46.4529 5.69037 0
    endloop
  endfacet
  facet normal 0.90276 -0.430145 0
    outer loop
      vertex 44.4013 4.71179 3
      vertex 44.4407 4.79448 0
      vertex 44.4407 4.79448 3
    endloop
  endfacet
  facet normal 0.90276 -0.430145 0
    outer loop
      vertex 44.4407 4.79448 0
      vertex 44.4013 4.71179 3
      vertex 44.4013 4.71179 0
    endloop
  endfacet
  facet normal -0.0785083 0.996913 0
    outer loop
      vertex 46.1829 2.25959 0
      vertex 46.0916 2.2524 3
      vertex 46.1829 2.25959 3
    endloop
  endfacet
  facet normal -0.0785083 0.996913 0
    outer loop
      vertex 46.0916 2.2524 3
      vertex 46.1829 2.25959 0
      vertex 46.0916 2.2524 0
    endloop
  endfacet
  facet normal -0.333997 0.942574 0
    outer loop
      vertex 46.6271 2.36623 0
      vertex 46.5408 2.33565 3
      vertex 46.6271 2.36623 3
    endloop
  endfacet
  facet normal -0.333997 0.942574 0
    outer loop
      vertex 46.5408 2.33565 3
      vertex 46.6271 2.36623 0
      vertex 46.5408 2.33565 0
    endloop
  endfacet
  facet normal -0.760426 0.649424 0
    outer loop
      vertex 47.3005 2.82902 0
      vertex 47.36 2.89869 3
      vertex 47.36 2.89869 0
    endloop
  endfacet
  facet normal -0.760426 0.649424 0
    outer loop
      vertex 47.36 2.89869 3
      vertex 47.3005 2.82902 0
      vertex 47.3005 2.82902 3
    endloop
  endfacet
  facet normal -0.942922 -0.333014 0
    outer loop
      vertex 47.6643 4.54078 0
      vertex 47.6338 4.62714 3
      vertex 47.6338 4.62714 0
    endloop
  endfacet
  facet normal -0.942922 -0.333014 0
    outer loop
      vertex 47.6338 4.62714 3
      vertex 47.6643 4.54078 0
      vertex 47.6643 4.54078 3
    endloop
  endfacet
  facet normal -0.725201 0.688537 0
    outer loop
      vertex 47.2374 2.76256 0
      vertex 47.3005 2.82902 3
      vertex 47.3005 2.82902 0
    endloop
  endfacet
  facet normal -0.725201 0.688537 0
    outer loop
      vertex 47.3005 2.82902 3
      vertex 47.2374 2.76256 0
      vertex 47.2374 2.76256 3
    endloop
  endfacet
  facet normal -0.958589 0.284794 0
    outer loop
      vertex 47.6643 3.45922 0
      vertex 47.6904 3.54707 3
      vertex 47.6904 3.54707 0
    endloop
  endfacet
  facet normal -0.958589 0.284794 0
    outer loop
      vertex 47.6904 3.54707 3
      vertex 47.6643 3.45922 0
      vertex 47.6643 3.45922 3
    endloop
  endfacet
  facet normal 0.972336 0.233588 0
    outer loop
      vertex 44.3096 3.54707 3
      vertex 44.2882 3.63615 0
      vertex 44.2882 3.63615 3
    endloop
  endfacet
  facet normal 0.972336 0.233588 0
    outer loop
      vertex 44.2882 3.63615 0
      vertex 44.3096 3.54707 3
      vertex 44.3096 3.54707 0
    endloop
  endfacet
  facet normal -0.824074 -0.566482 0
    outer loop
      vertex 47.4677 4.95312 0
      vertex 47.4158 5.02862 3
      vertex 47.4158 5.02862 0
    endloop
  endfacet
  facet normal -0.824074 -0.566482 0
    outer loop
      vertex 47.4158 5.02862 3
      vertex 47.4677 4.95312 0
      vertex 47.4677 4.95312 3
    endloop
  endfacet
  facet normal 0.793232 -0.608919 0
    outer loop
      vertex 44.5842 5.02862 3
      vertex 44.64 5.10131 0
      vertex 44.64 5.10131 3
    endloop
  endfacet
  facet normal 0.793232 -0.608919 0
    outer loop
      vertex 44.64 5.10131 0
      vertex 44.5842 5.02862 3
      vertex 44.5842 5.02862 0
    endloop
  endfacet
  facet normal 0.233435 -0.972372 0
    outer loop
      vertex 45.5471 5.69037 0
      vertex 45.6362 5.71176 3
      vertex 45.5471 5.69037 3
    endloop
  endfacet
  facet normal 0.233435 -0.972372 0
    outer loop
      vertex 45.6362 5.71176 3
      vertex 45.5471 5.69037 0
      vertex 45.6362 5.71176 0
    endloop
  endfacet
  facet normal -0.996908 0.0785826 0
    outer loop
      vertex 47.7404 3.81707 0
      vertex 47.7476 3.90841 3
      vertex 47.7476 3.90841 0
    endloop
  endfacet
  facet normal -0.996908 0.0785826 0
    outer loop
      vertex 47.7476 3.90841 3
      vertex 47.7404 3.81707 0
      vertex 47.7404 3.81707 3
    endloop
  endfacet
  facet normal -0.333997 -0.942574 0
    outer loop
      vertex 46.5408 5.66435 0
      vertex 46.6271 5.63377 3
      vertex 46.5408 5.66435 3
    endloop
  endfacet
  facet normal -0.333997 -0.942574 -0
    outer loop
      vertex 46.6271 5.63377 3
      vertex 46.5408 5.66435 0
      vertex 46.6271 5.63377 0
    endloop
  endfacet
  facet normal 0.688635 0.725108 -0
    outer loop
      vertex 44.829 2.6995 0
      vertex 44.7626 2.76256 3
      vertex 44.829 2.6995 3
    endloop
  endfacet
  facet normal 0.688635 0.725108 0
    outer loop
      vertex 44.7626 2.76256 3
      vertex 44.829 2.6995 0
      vertex 44.7626 2.76256 0
    endloop
  endfacet
  facet normal -0.47726 -0.878762 0
    outer loop
      vertex 46.7945 5.55926 0
      vertex 46.875 5.51554 3
      vertex 46.7945 5.55926 3
    endloop
  endfacet
  facet normal -0.47726 -0.878762 -0
    outer loop
      vertex 46.875 5.51554 3
      vertex 46.7945 5.55926 0
      vertex 46.875 5.51554 0
    endloop
  endfacet
  facet normal -0.649325 -0.760511 0
    outer loop
      vertex 47.1013 5.36001 0
      vertex 47.171 5.3005 3
      vertex 47.1013 5.36001 3
    endloop
  endfacet
  facet normal -0.649325 -0.760511 -0
    outer loop
      vertex 47.171 5.3005 3
      vertex 47.1013 5.36001 0
      vertex 47.171 5.3005 0
    endloop
  endfacet
  facet normal -0.878445 -0.477843 0
    outer loop
      vertex 47.5593 4.79448 0
      vertex 47.5155 4.875 3
      vertex 47.5155 4.875 0
    endloop
  endfacet
  facet normal -0.878445 -0.477843 0
    outer loop
      vertex 47.5155 4.875 3
      vertex 47.5593 4.79448 0
      vertex 47.5593 4.79448 3
    endloop
  endfacet
  facet normal -0.793232 -0.608919 0
    outer loop
      vertex 47.4158 5.02862 0
      vertex 47.36 5.10131 3
      vertex 47.36 5.10131 0
    endloop
  endfacet
  facet normal -0.793232 -0.608919 0
    outer loop
      vertex 47.36 5.10131 3
      vertex 47.4158 5.02862 0
      vertex 47.4158 5.02862 3
    endloop
  endfacet
  facet normal -0.999657 0.0261947 0
    outer loop
      vertex 47.7476 3.90841 0
      vertex 47.75 4 3
      vertex 47.75 4 0
    endloop
  endfacet
  facet normal -0.999657 0.0261947 0
    outer loop
      vertex 47.75 4 3
      vertex 47.7476 3.90841 0
      vertex 47.7476 3.90841 3
    endloop
  endfacet
  facet normal 0.85299 -0.521927 0
    outer loop
      vertex 44.4845 4.875 3
      vertex 44.5323 4.95312 0
      vertex 44.5323 4.95312 3
    endloop
  endfacet
  facet normal 0.85299 -0.521927 0
    outer loop
      vertex 44.5323 4.95312 0
      vertex 44.4845 4.875 3
      vertex 44.4845 4.875 0
    endloop
  endfacet
  facet normal 0.85299 0.521927 0
    outer loop
      vertex 44.5323 3.04688 3
      vertex 44.4845 3.125 0
      vertex 44.4845 3.125 3
    endloop
  endfacet
  facet normal 0.85299 0.521927 0
    outer loop
      vertex 44.4845 3.125 0
      vertex 44.5323 3.04688 3
      vertex 44.5323 3.04688 0
    endloop
  endfacet
  facet normal 0.0785083 -0.996913 0
    outer loop
      vertex 45.8171 5.74041 0
      vertex 45.9084 5.7476 3
      vertex 45.8171 5.74041 3
    endloop
  endfacet
  facet normal 0.0785083 -0.996913 0
    outer loop
      vertex 45.9084 5.7476 3
      vertex 45.8171 5.74041 0
      vertex 45.9084 5.7476 0
    endloop
  endfacet
  facet normal 0.47726 -0.878762 0
    outer loop
      vertex 45.125 5.51554 0
      vertex 45.2055 5.55926 3
      vertex 45.125 5.51554 3
    endloop
  endfacet
  facet normal 0.47726 -0.878762 0
    outer loop
      vertex 45.2055 5.55926 3
      vertex 45.125 5.51554 0
      vertex 45.2055 5.55926 0
    endloop
  endfacet
  facet normal -0.85299 -0.521927 0
    outer loop
      vertex 47.5155 4.875 0
      vertex 47.4677 4.95312 3
      vertex 47.4677 4.95312 0
    endloop
  endfacet
  facet normal -0.85299 -0.521927 0
    outer loop
      vertex 47.4677 4.95312 3
      vertex 47.5155 4.875 0
      vertex 47.5155 4.875 3
    endloop
  endfacet
  facet normal -0.182441 0.983217 0
    outer loop
      vertex 46.3638 2.28824 0
      vertex 46.2738 2.27154 3
      vertex 46.3638 2.28824 3
    endloop
  endfacet
  facet normal -0.182441 0.983217 0
    outer loop
      vertex 46.2738 2.27154 3
      vertex 46.3638 2.28824 0
      vertex 46.2738 2.27154 0
    endloop
  endfacet
  facet normal -0.52258 -0.85259 0
    outer loop
      vertex 46.875 5.51554 0
      vertex 46.9531 5.46767 3
      vertex 46.875 5.51554 3
    endloop
  endfacet
  facet normal -0.52258 -0.85259 -0
    outer loop
      vertex 46.9531 5.46767 3
      vertex 46.875 5.51554 0
      vertex 46.9531 5.46767 0
    endloop
  endfacet
  facet normal 0.983249 0.182265 0
    outer loop
      vertex 44.2882 3.63615 3
      vertex 44.2715 3.72624 0
      vertex 44.2715 3.72624 3
    endloop
  endfacet
  facet normal 0.983249 0.182265 0
    outer loop
      vertex 44.2715 3.72624 0
      vertex 44.2882 3.63615 3
      vertex 44.2882 3.63615 0
    endloop
  endfacet
  facet normal 0.283843 0.958871 -0
    outer loop
      vertex 45.5471 2.30963 0
      vertex 45.4592 2.33565 3
      vertex 45.5471 2.30963 3
    endloop
  endfacet
  facet normal 0.283843 0.958871 0
    outer loop
      vertex 45.4592 2.33565 3
      vertex 45.5471 2.30963 0
      vertex 45.4592 2.33565 0
    endloop
  endfacet
  facet normal -0.430548 0.902568 0
    outer loop
      vertex 46.7945 2.44074 0
      vertex 46.7118 2.40129 3
      vertex 46.7945 2.44074 3
    endloop
  endfacet
  facet normal -0.430548 0.902568 0
    outer loop
      vertex 46.7118 2.40129 3
      vertex 46.7945 2.44074 0
      vertex 46.7118 2.40129 0
    endloop
  endfacet
  facet normal 0.923737 -0.383026 0
    outer loop
      vertex 44.3662 4.62714 3
      vertex 44.4013 4.71179 0
      vertex 44.4013 4.71179 3
    endloop
  endfacet
  facet normal 0.923737 -0.383026 0
    outer loop
      vertex 44.4013 4.71179 0
      vertex 44.3662 4.62714 3
      vertex 44.3662 4.62714 0
    endloop
  endfacet
  facet normal -0.991527 0.129904 0
    outer loop
      vertex 47.7285 3.72624 0
      vertex 47.7404 3.81707 3
      vertex 47.7404 3.81707 0
    endloop
  endfacet
  facet normal -0.991527 0.129904 0
    outer loop
      vertex 47.7404 3.81707 3
      vertex 47.7285 3.72624 0
      vertex 47.7285 3.72624 3
    endloop
  endfacet
  facet normal 0.649325 -0.760511 0
    outer loop
      vertex 44.829 5.3005 0
      vertex 44.8987 5.36001 3
      vertex 44.829 5.3005 3
    endloop
  endfacet
  facet normal 0.649325 -0.760511 0
    outer loop
      vertex 44.8987 5.36001 3
      vertex 44.829 5.3005 0
      vertex 44.8987 5.36001 0
    endloop
  endfacet
  facet normal 0.0785083 0.996913 -0
    outer loop
      vertex 45.9084 2.2524 0
      vertex 45.8171 2.25959 3
      vertex 45.9084 2.2524 3
    endloop
  endfacet
  facet normal 0.0785083 0.996913 0
    outer loop
      vertex 45.8171 2.25959 3
      vertex 45.9084 2.2524 0
      vertex 45.8171 2.25959 0
    endloop
  endfacet
  facet normal -0.90276 -0.430145 0
    outer loop
      vertex 47.5987 4.71179 0
      vertex 47.5593 4.79448 3
      vertex 47.5593 4.79448 0
    endloop
  endfacet
  facet normal -0.90276 -0.430145 0
    outer loop
      vertex 47.5593 4.79448 3
      vertex 47.5987 4.71179 0
      vertex 47.5987 4.71179 3
    endloop
  endfacet
  facet normal -0.760426 -0.649424 0
    outer loop
      vertex 47.36 5.10131 0
      vertex 47.3005 5.17098 3
      vertex 47.3005 5.17098 0
    endloop
  endfacet
  facet normal -0.760426 -0.649424 0
    outer loop
      vertex 47.3005 5.17098 3
      vertex 47.36 5.10131 0
      vertex 47.36 5.10131 3
    endloop
  endfacet
  facet normal -0.608661 0.793431 0
    outer loop
      vertex 47.1013 2.63999 0
      vertex 47.0286 2.58422 3
      vertex 47.1013 2.63999 3
    endloop
  endfacet
  facet normal -0.608661 0.793431 0
    outer loop
      vertex 47.0286 2.58422 3
      vertex 47.1013 2.63999 0
      vertex 47.0286 2.58422 0
    endloop
  endfacet
  facet normal 0.52258 0.85259 -0
    outer loop
      vertex 45.125 2.48446 0
      vertex 45.0469 2.53233 3
      vertex 45.125 2.48446 3
    endloop
  endfacet
  facet normal 0.52258 0.85259 0
    outer loop
      vertex 45.0469 2.53233 3
      vertex 45.125 2.48446 0
      vertex 45.0469 2.53233 0
    endloop
  endfacet
  facet normal -0.47726 0.878762 0
    outer loop
      vertex 46.875 2.48446 0
      vertex 46.7945 2.44074 3
      vertex 46.875 2.48446 3
    endloop
  endfacet
  facet normal -0.47726 0.878762 0
    outer loop
      vertex 46.7945 2.44074 3
      vertex 46.875 2.48446 0
      vertex 46.7945 2.44074 0
    endloop
  endfacet
  facet normal 0.793232 0.608919 0
    outer loop
      vertex 44.64 2.89869 3
      vertex 44.5842 2.97138 0
      vertex 44.5842 2.97138 3
    endloop
  endfacet
  facet normal 0.793232 0.608919 0
    outer loop
      vertex 44.5842 2.97138 0
      vertex 44.64 2.89869 3
      vertex 44.64 2.89869 0
    endloop
  endfacet
  facet normal 0.991528 -0.12989 0
    outer loop
      vertex 44.2596 4.18292 3
      vertex 44.2715 4.27376 0
      vertex 44.2715 4.27376 3
    endloop
  endfacet
  facet normal 0.991528 -0.12989 0
    outer loop
      vertex 44.2715 4.27376 0
      vertex 44.2596 4.18292 3
      vertex 44.2596 4.18292 0
    endloop
  endfacet
  facet normal -0.688635 -0.725108 0
    outer loop
      vertex 47.171 5.3005 0
      vertex 47.2374 5.23744 3
      vertex 47.171 5.3005 3
    endloop
  endfacet
  facet normal -0.688635 -0.725108 -0
    outer loop
      vertex 47.2374 5.23744 3
      vertex 47.171 5.3005 0
      vertex 47.2374 5.23744 0
    endloop
  endfacet
  facet normal -0.382554 -0.923933 0
    outer loop
      vertex 46.6271 5.63377 0
      vertex 46.7118 5.5987 3
      vertex 46.6271 5.63377 3
    endloop
  endfacet
  facet normal -0.382554 -0.923933 -0
    outer loop
      vertex 46.7118 5.5987 3
      vertex 46.6271 5.63377 0
      vertex 46.7118 5.5987 0
    endloop
  endfacet
  facet normal 0.182336 -0.983236 0
    outer loop
      vertex 45.6362 5.71176 0
      vertex 45.7262 5.72845 3
      vertex 45.6362 5.71176 3
    endloop
  endfacet
  facet normal 0.182336 -0.983236 0
    outer loop
      vertex 45.7262 5.72845 3
      vertex 45.6362 5.71176 0
      vertex 45.7262 5.72845 0
    endloop
  endfacet
  facet normal -0.649325 0.760511 0
    outer loop
      vertex 47.171 2.6995 0
      vertex 47.1013 2.63999 3
      vertex 47.171 2.6995 3
    endloop
  endfacet
  facet normal -0.649325 0.760511 0
    outer loop
      vertex 47.1013 2.63999 3
      vertex 47.171 2.6995 0
      vertex 47.1013 2.63999 0
    endloop
  endfacet
  facet normal 0.566408 -0.824125 0
    outer loop
      vertex 44.9714 5.41578 0
      vertex 45.0469 5.46767 3
      vertex 44.9714 5.41578 3
    endloop
  endfacet
  facet normal 0.566408 -0.824125 0
    outer loop
      vertex 45.0469 5.46767 3
      vertex 44.9714 5.41578 0
      vertex 45.0469 5.46767 0
    endloop
  endfacet
  facet normal 0.0261919 0.999657 -0
    outer loop
      vertex 46 2.25 0
      vertex 45.9084 2.2524 3
      vertex 46 2.25 3
    endloop
  endfacet
  facet normal 0.0261919 0.999657 0
    outer loop
      vertex 45.9084 2.2524 3
      vertex 46 2.25 0
      vertex 45.9084 2.2524 0
    endloop
  endfacet
  facet normal 0.430459 -0.90261 0
    outer loop
      vertex 45.2055 5.55926 0
      vertex 45.2882 5.5987 3
      vertex 45.2055 5.55926 3
    endloop
  endfacet
  facet normal 0.430459 -0.90261 0
    outer loop
      vertex 45.2882 5.5987 3
      vertex 45.2055 5.55926 0
      vertex 45.2882 5.5987 0
    endloop
  endfacet
  facet normal 0.382554 -0.923933 0
    outer loop
      vertex 45.2882 5.5987 0
      vertex 45.3729 5.63377 3
      vertex 45.2882 5.5987 3
    endloop
  endfacet
  facet normal 0.382554 -0.923933 0
    outer loop
      vertex 45.3729 5.63377 3
      vertex 45.2882 5.5987 0
      vertex 45.3729 5.63377 0
    endloop
  endfacet
  facet normal 0.0261919 -0.999657 0
    outer loop
      vertex 45.9084 5.7476 0
      vertex 46 5.75 3
      vertex 45.9084 5.7476 3
    endloop
  endfacet
  facet normal 0.0261919 -0.999657 0
    outer loop
      vertex 46 5.75 3
      vertex 45.9084 5.7476 0
      vertex 46 5.75 0
    endloop
  endfacet
  facet normal -0.0261919 0.999657 0
    outer loop
      vertex 46.0916 2.2524 0
      vertex 46 2.25 3
      vertex 46.0916 2.2524 3
    endloop
  endfacet
  facet normal -0.0261919 0.999657 0
    outer loop
      vertex 46 2.25 3
      vertex 46.0916 2.2524 0
      vertex 46 2.25 0
    endloop
  endfacet
  facet normal 0.233435 0.972372 -0
    outer loop
      vertex 45.6362 2.28824 0
      vertex 45.5471 2.30963 3
      vertex 45.6362 2.28824 3
    endloop
  endfacet
  facet normal 0.233435 0.972372 0
    outer loop
      vertex 45.5471 2.30963 3
      vertex 45.6362 2.28824 0
      vertex 45.5471 2.30963 0
    endloop
  endfacet
  facet normal 0.996907 -0.0785912 0
    outer loop
      vertex 44.2524 4.09159 3
      vertex 44.2596 4.18292 0
      vertex 44.2596 4.18292 3
    endloop
  endfacet
  facet normal 0.996907 -0.0785912 0
    outer loop
      vertex 44.2596 4.18292 0
      vertex 44.2524 4.09159 3
      vertex 44.2524 4.09159 0
    endloop
  endfacet
  facet normal -0.283843 0.958871 0
    outer loop
      vertex 46.5408 2.33565 0
      vertex 46.4529 2.30963 3
      vertex 46.5408 2.33565 3
    endloop
  endfacet
  facet normal -0.283843 0.958871 0
    outer loop
      vertex 46.4529 2.30963 3
      vertex 46.5408 2.33565 0
      vertex 46.4529 2.30963 0
    endloop
  endfacet
  facet normal -0.983246 -0.182285 0
    outer loop
      vertex 47.7285 4.27376 0
      vertex 47.7118 4.36384 3
      vertex 47.7118 4.36384 0
    endloop
  endfacet
  facet normal -0.983246 -0.182285 0
    outer loop
      vertex 47.7118 4.36384 3
      vertex 47.7285 4.27376 0
      vertex 47.7285 4.27376 3
    endloop
  endfacet
  facet normal -0.0785083 -0.996913 0
    outer loop
      vertex 46.0916 5.7476 0
      vertex 46.1829 5.74041 3
      vertex 46.0916 5.7476 3
    endloop
  endfacet
  facet normal -0.0785083 -0.996913 -0
    outer loop
      vertex 46.1829 5.74041 3
      vertex 46.0916 5.7476 0
      vertex 46.1829 5.74041 0
    endloop
  endfacet
  facet normal -0.942922 0.333014 0
    outer loop
      vertex 47.6338 3.37286 0
      vertex 47.6643 3.45922 3
      vertex 47.6643 3.45922 0
    endloop
  endfacet
  facet normal -0.942922 0.333014 0
    outer loop
      vertex 47.6643 3.45922 3
      vertex 47.6338 3.37286 0
      vertex 47.6338 3.37286 3
    endloop
  endfacet
  facet normal 0.566408 0.824125 -0
    outer loop
      vertex 45.0469 2.53233 0
      vertex 44.9714 2.58422 3
      vertex 45.0469 2.53233 3
    endloop
  endfacet
  facet normal 0.566408 0.824125 0
    outer loop
      vertex 44.9714 2.58422 3
      vertex 45.0469 2.53233 0
      vertex 44.9714 2.58422 0
    endloop
  endfacet
  facet normal -0.923737 -0.383026 0
    outer loop
      vertex 47.6338 4.62714 0
      vertex 47.5987 4.71179 3
      vertex 47.5987 4.71179 0
    endloop
  endfacet
  facet normal -0.923737 -0.383026 0
    outer loop
      vertex 47.5987 4.71179 3
      vertex 47.6338 4.62714 0
      vertex 47.6338 4.62714 3
    endloop
  endfacet
  facet normal -0.725201 -0.688537 0
    outer loop
      vertex 47.3005 5.17098 0
      vertex 47.2374 5.23744 3
      vertex 47.2374 5.23744 0
    endloop
  endfacet
  facet normal -0.725201 -0.688537 0
    outer loop
      vertex 47.2374 5.23744 3
      vertex 47.3005 5.17098 0
      vertex 47.3005 5.17098 3
    endloop
  endfacet
  facet normal -0.972342 -0.233563 0
    outer loop
      vertex 47.7118 4.36384 0
      vertex 47.6904 4.45293 3
      vertex 47.6904 4.45293 0
    endloop
  endfacet
  facet normal -0.972342 -0.233563 0
    outer loop
      vertex 47.6904 4.45293 3
      vertex 47.7118 4.36384 0
      vertex 47.7118 4.36384 3
    endloop
  endfacet
  facet normal -0.824074 0.566482 0
    outer loop
      vertex 47.4158 2.97138 0
      vertex 47.4677 3.04688 3
      vertex 47.4677 3.04688 0
    endloop
  endfacet
  facet normal -0.824074 0.566482 0
    outer loop
      vertex 47.4677 3.04688 3
      vertex 47.4158 2.97138 0
      vertex 47.4158 2.97138 3
    endloop
  endfacet
  facet normal -0.958589 -0.284794 0
    outer loop
      vertex 47.6904 4.45293 0
      vertex 47.6643 4.54078 3
      vertex 47.6643 4.54078 0
    endloop
  endfacet
  facet normal -0.958589 -0.284794 0
    outer loop
      vertex 47.6643 4.54078 3
      vertex 47.6904 4.45293 0
      vertex 47.6904 4.45293 3
    endloop
  endfacet
  facet normal -0.608661 -0.793431 0
    outer loop
      vertex 47.0286 5.41578 0
      vertex 47.1013 5.36001 3
      vertex 47.0286 5.41578 3
    endloop
  endfacet
  facet normal -0.608661 -0.793431 -0
    outer loop
      vertex 47.1013 5.36001 3
      vertex 47.0286 5.41578 0
      vertex 47.1013 5.36001 0
    endloop
  endfacet
  facet normal -0.382461 0.923972 0
    outer loop
      vertex 46.7118 2.40129 0
      vertex 46.6271 2.36623 3
      vertex 46.7118 2.40129 3
    endloop
  endfacet
  facet normal -0.382461 0.923972 0
    outer loop
      vertex 46.6271 2.36623 3
      vertex 46.7118 2.40129 0
      vertex 46.6271 2.36623 0
    endloop
  endfacet
  facet normal -0.566408 -0.824125 0
    outer loop
      vertex 46.9531 5.46767 0
      vertex 47.0286 5.41578 3
      vertex 46.9531 5.46767 3
    endloop
  endfacet
  facet normal -0.566408 -0.824125 -0
    outer loop
      vertex 47.0286 5.41578 3
      vertex 46.9531 5.46767 0
      vertex 47.0286 5.41578 0
    endloop
  endfacet
  facet normal 0.991527 0.129904 0
    outer loop
      vertex 44.2715 3.72624 3
      vertex 44.2596 3.81707 0
      vertex 44.2596 3.81707 3
    endloop
  endfacet
  facet normal 0.991527 0.129904 0
    outer loop
      vertex 44.2596 3.81707 0
      vertex 44.2715 3.72624 3
      vertex 44.2715 3.72624 0
    endloop
  endfacet
  facet normal 0.942922 0.333014 0
    outer loop
      vertex 44.3662 3.37286 3
      vertex 44.3357 3.45922 0
      vertex 44.3357 3.45922 3
    endloop
  endfacet
  facet normal 0.942922 0.333014 0
    outer loop
      vertex 44.3357 3.45922 0
      vertex 44.3662 3.37286 3
      vertex 44.3662 3.37286 0
    endloop
  endfacet
  facet normal 0.999657 -0.0261947 0
    outer loop
      vertex 44.25 4 3
      vertex 44.2524 4.09159 0
      vertex 44.2524 4.09159 3
    endloop
  endfacet
  facet normal 0.999657 -0.0261947 0
    outer loop
      vertex 44.2524 4.09159 0
      vertex 44.25 4 3
      vertex 44.25 4 0
    endloop
  endfacet
  facet normal 0.283843 -0.958871 0
    outer loop
      vertex 45.4592 5.66435 0
      vertex 45.5471 5.69037 3
      vertex 45.4592 5.66435 3
    endloop
  endfacet
  facet normal 0.283843 -0.958871 0
    outer loop
      vertex 45.5471 5.69037 3
      vertex 45.4592 5.66435 0
      vertex 45.5471 5.69037 0
    endloop
  endfacet
  facet normal 0.958589 0.284794 0
    outer loop
      vertex 44.3357 3.45922 3
      vertex 44.3096 3.54707 0
      vertex 44.3096 3.54707 3
    endloop
  endfacet
  facet normal 0.958589 0.284794 0
    outer loop
      vertex 44.3096 3.54707 0
      vertex 44.3357 3.45922 3
      vertex 44.3357 3.45922 0
    endloop
  endfacet
  facet normal -0.793232 0.608919 0
    outer loop
      vertex 47.36 2.89869 0
      vertex 47.4158 2.97138 3
      vertex 47.4158 2.97138 0
    endloop
  endfacet
  facet normal -0.793232 0.608919 0
    outer loop
      vertex 47.4158 2.97138 3
      vertex 47.36 2.89869 0
      vertex 47.36 2.89869 3
    endloop
  endfacet
  facet normal 0.725201 -0.688537 0
    outer loop
      vertex 44.6995 5.17098 3
      vertex 44.7626 5.23744 0
      vertex 44.7626 5.23744 3
    endloop
  endfacet
  facet normal 0.725201 -0.688537 0
    outer loop
      vertex 44.7626 5.23744 0
      vertex 44.6995 5.17098 3
      vertex 44.6995 5.17098 0
    endloop
  endfacet
  facet normal -0.233435 0.972372 0
    outer loop
      vertex 46.4529 2.30963 0
      vertex 46.3638 2.28824 3
      vertex 46.4529 2.30963 3
    endloop
  endfacet
  facet normal -0.233435 0.972372 0
    outer loop
      vertex 46.3638 2.28824 3
      vertex 46.4529 2.30963 0
      vertex 46.3638 2.28824 0
    endloop
  endfacet
  facet normal 0.983246 -0.182285 0
    outer loop
      vertex 44.2715 4.27376 3
      vertex 44.2882 4.36384 0
      vertex 44.2882 4.36384 3
    endloop
  endfacet
  facet normal 0.983246 -0.182285 0
    outer loop
      vertex 44.2882 4.36384 0
      vertex 44.2715 4.27376 3
      vertex 44.2715 4.27376 0
    endloop
  endfacet
  facet normal 0.649325 0.760511 -0
    outer loop
      vertex 44.8987 2.63999 0
      vertex 44.829 2.6995 3
      vertex 44.8987 2.63999 3
    endloop
  endfacet
  facet normal 0.649325 0.760511 0
    outer loop
      vertex 44.829 2.6995 3
      vertex 44.8987 2.63999 0
      vertex 44.829 2.6995 0
    endloop
  endfacet
  facet normal 0.996908 0.0785826 0
    outer loop
      vertex 44.2596 3.81707 3
      vertex 44.2524 3.90841 0
      vertex 44.2524 3.90841 3
    endloop
  endfacet
  facet normal 0.996908 0.0785826 0
    outer loop
      vertex 44.2524 3.90841 0
      vertex 44.2596 3.81707 3
      vertex 44.2596 3.81707 0
    endloop
  endfacet
  facet normal 0.52258 -0.85259 0
    outer loop
      vertex 45.0469 5.46767 0
      vertex 45.125 5.51554 3
      vertex 45.0469 5.46767 3
    endloop
  endfacet
  facet normal 0.52258 -0.85259 0
    outer loop
      vertex 45.125 5.51554 3
      vertex 45.0469 5.46767 0
      vertex 45.125 5.51554 0
    endloop
  endfacet
  facet normal 0.90276 0.430145 0
    outer loop
      vertex 44.4407 3.20552 3
      vertex 44.4013 3.28821 0
      vertex 44.4013 3.28821 3
    endloop
  endfacet
  facet normal 0.90276 0.430145 0
    outer loop
      vertex 44.4013 3.28821 0
      vertex 44.4407 3.20552 3
      vertex 44.4407 3.20552 0
    endloop
  endfacet
  facet normal 0.923737 0.383026 0
    outer loop
      vertex 44.4013 3.28821 3
      vertex 44.3662 3.37286 0
      vertex 44.3662 3.37286 3
    endloop
  endfacet
  facet normal 0.923737 0.383026 0
    outer loop
      vertex 44.3662 3.37286 0
      vertex 44.4013 3.28821 3
      vertex 44.4013 3.28821 0
    endloop
  endfacet
  facet normal 0.333997 -0.942574 0
    outer loop
      vertex 45.3729 5.63377 0
      vertex 45.4592 5.66435 3
      vertex 45.3729 5.63377 3
    endloop
  endfacet
  facet normal 0.333997 -0.942574 0
    outer loop
      vertex 45.4592 5.66435 3
      vertex 45.3729 5.63377 0
      vertex 45.4592 5.66435 0
    endloop
  endfacet
  facet normal 0.942922 -0.333014 0
    outer loop
      vertex 44.3357 4.54078 3
      vertex 44.3662 4.62714 0
      vertex 44.3662 4.62714 3
    endloop
  endfacet
  facet normal 0.942922 -0.333014 0
    outer loop
      vertex 44.3662 4.62714 0
      vertex 44.3357 4.54078 3
      vertex 44.3357 4.54078 0
    endloop
  endfacet
  facet normal 0.382461 0.923972 -0
    outer loop
      vertex 45.3729 2.36623 0
      vertex 45.2882 2.40129 3
      vertex 45.3729 2.36623 3
    endloop
  endfacet
  facet normal 0.382461 0.923972 0
    outer loop
      vertex 45.2882 2.40129 3
      vertex 45.3729 2.36623 0
      vertex 45.2882 2.40129 0
    endloop
  endfacet
  facet normal -0.85299 0.521927 0
    outer loop
      vertex 47.4677 3.04688 0
      vertex 47.5155 3.125 3
      vertex 47.5155 3.125 0
    endloop
  endfacet
  facet normal -0.85299 0.521927 0
    outer loop
      vertex 47.5155 3.125 3
      vertex 47.4677 3.04688 0
      vertex 47.4677 3.04688 3
    endloop
  endfacet
  facet normal -0.566408 0.824125 0
    outer loop
      vertex 47.0286 2.58422 0
      vertex 46.9531 2.53233 3
      vertex 47.0286 2.58422 3
    endloop
  endfacet
  facet normal -0.566408 0.824125 0
    outer loop
      vertex 46.9531 2.53233 3
      vertex 47.0286 2.58422 0
      vertex 46.9531 2.53233 0
    endloop
  endfacet
  facet normal 0.760426 -0.649424 0
    outer loop
      vertex 44.64 5.10131 3
      vertex 44.6995 5.17098 0
      vertex 44.6995 5.17098 3
    endloop
  endfacet
  facet normal 0.760426 -0.649424 0
    outer loop
      vertex 44.6995 5.17098 0
      vertex 44.64 5.10131 3
      vertex 44.64 5.10131 0
    endloop
  endfacet
  facet normal -0.923737 0.383026 0
    outer loop
      vertex 47.5987 3.28821 0
      vertex 47.6338 3.37286 3
      vertex 47.6338 3.37286 0
    endloop
  endfacet
  facet normal -0.923737 0.383026 0
    outer loop
      vertex 47.6338 3.37286 3
      vertex 47.5987 3.28821 0
      vertex 47.5987 3.28821 3
    endloop
  endfacet
  facet normal 0.972342 -0.233563 0
    outer loop
      vertex 44.2882 4.36384 3
      vertex 44.3096 4.45293 0
      vertex 44.3096 4.45293 3
    endloop
  endfacet
  facet normal 0.972342 -0.233563 0
    outer loop
      vertex 44.3096 4.45293 0
      vertex 44.2882 4.36384 3
      vertex 44.2882 4.36384 0
    endloop
  endfacet
  facet normal -0.283843 -0.958871 0
    outer loop
      vertex 46.4529 5.69037 0
      vertex 46.5408 5.66435 3
      vertex 46.4529 5.69037 3
    endloop
  endfacet
  facet normal -0.283843 -0.958871 -0
    outer loop
      vertex 46.5408 5.66435 3
      vertex 46.4529 5.69037 0
      vertex 46.5408 5.66435 0
    endloop
  endfacet
  facet normal 0.608661 -0.793431 0
    outer loop
      vertex 44.8987 5.36001 0
      vertex 44.9714 5.41578 3
      vertex 44.8987 5.36001 3
    endloop
  endfacet
  facet normal 0.608661 -0.793431 0
    outer loop
      vertex 44.9714 5.41578 3
      vertex 44.8987 5.36001 0
      vertex 44.9714 5.41578 0
    endloop
  endfacet
  facet normal 0.824074 -0.566482 0
    outer loop
      vertex 44.5323 4.95312 3
      vertex 44.5842 5.02862 0
      vertex 44.5842 5.02862 3
    endloop
  endfacet
  facet normal 0.824074 -0.566482 0
    outer loop
      vertex 44.5842 5.02862 0
      vertex 44.5323 4.95312 3
      vertex 44.5323 4.95312 0
    endloop
  endfacet
  facet normal -0.0261919 -0.999657 0
    outer loop
      vertex 46 5.75 0
      vertex 46.0916 5.7476 3
      vertex 46 5.75 3
    endloop
  endfacet
  facet normal -0.0261919 -0.999657 -0
    outer loop
      vertex 46.0916 5.7476 3
      vertex 46 5.75 0
      vertex 46.0916 5.7476 0
    endloop
  endfacet
  facet normal 0.333997 0.942574 -0
    outer loop
      vertex 45.4592 2.33565 0
      vertex 45.3729 2.36623 3
      vertex 45.4592 2.33565 3
    endloop
  endfacet
  facet normal 0.333997 0.942574 0
    outer loop
      vertex 45.3729 2.36623 3
      vertex 45.4592 2.33565 0
      vertex 45.3729 2.36623 0
    endloop
  endfacet
  facet normal 0.958589 -0.284794 0
    outer loop
      vertex 44.3096 4.45293 3
      vertex 44.3357 4.54078 0
      vertex 44.3357 4.54078 3
    endloop
  endfacet
  facet normal 0.958589 -0.284794 0
    outer loop
      vertex 44.3357 4.54078 0
      vertex 44.3096 4.45293 3
      vertex 44.3096 4.45293 0
    endloop
  endfacet
  facet normal 0.824074 0.566482 0
    outer loop
      vertex 44.5842 2.97138 3
      vertex 44.5323 3.04688 0
      vertex 44.5323 3.04688 3
    endloop
  endfacet
  facet normal 0.824074 0.566482 0
    outer loop
      vertex 44.5323 3.04688 0
      vertex 44.5842 2.97138 3
      vertex 44.5842 2.97138 0
    endloop
  endfacet
  facet normal -0.182336 -0.983236 0
    outer loop
      vertex 46.2738 5.72845 0
      vertex 46.3638 5.71176 3
      vertex 46.2738 5.72845 3
    endloop
  endfacet
  facet normal -0.182336 -0.983236 -0
    outer loop
      vertex 46.3638 5.71176 3
      vertex 46.2738 5.72845 0
      vertex 46.3638 5.71176 0
    endloop
  endfacet
  facet normal 0.608661 0.793431 -0
    outer loop
      vertex 44.9714 2.58422 0
      vertex 44.8987 2.63999 3
      vertex 44.9714 2.58422 3
    endloop
  endfacet
  facet normal 0.608661 0.793431 0
    outer loop
      vertex 44.8987 2.63999 3
      vertex 44.9714 2.58422 0
      vertex 44.8987 2.63999 0
    endloop
  endfacet
  facet normal -0.90276 0.430145 0
    outer loop
      vertex 47.5593 3.20552 0
      vertex 47.5987 3.28821 3
      vertex 47.5987 3.28821 0
    endloop
  endfacet
  facet normal -0.90276 0.430145 0
    outer loop
      vertex 47.5987 3.28821 3
      vertex 47.5593 3.20552 0
      vertex 47.5593 3.20552 3
    endloop
  endfacet
  facet normal 0.878445 -0.477843 0
    outer loop
      vertex 44.4407 4.79448 3
      vertex 44.4845 4.875 0
      vertex 44.4845 4.875 3
    endloop
  endfacet
  facet normal 0.878445 -0.477843 0
    outer loop
      vertex 44.4845 4.875 0
      vertex 44.4407 4.79448 3
      vertex 44.4407 4.79448 0
    endloop
  endfacet
  facet normal -0.688635 0.725108 0
    outer loop
      vertex 47.2374 2.76256 0
      vertex 47.171 2.6995 3
      vertex 47.2374 2.76256 3
    endloop
  endfacet
  facet normal -0.688635 0.725108 0
    outer loop
      vertex 47.171 2.6995 3
      vertex 47.2374 2.76256 0
      vertex 47.171 2.6995 0
    endloop
  endfacet
  facet normal 0.182441 0.983217 -0
    outer loop
      vertex 45.7262 2.27154 0
      vertex 45.6362 2.28824 3
      vertex 45.7262 2.27154 3
    endloop
  endfacet
  facet normal 0.182441 0.983217 0
    outer loop
      vertex 45.6362 2.28824 3
      vertex 45.7262 2.27154 0
      vertex 45.6362 2.28824 0
    endloop
  endfacet
  facet normal 0.878445 0.477843 0
    outer loop
      vertex 44.4845 3.125 3
      vertex 44.4407 3.20552 0
      vertex 44.4407 3.20552 3
    endloop
  endfacet
  facet normal 0.878445 0.477843 0
    outer loop
      vertex 44.4407 3.20552 0
      vertex 44.4845 3.125 3
      vertex 44.4845 3.125 0
    endloop
  endfacet
  facet normal 0.47726 0.878762 -0
    outer loop
      vertex 45.2055 2.44074 0
      vertex 45.125 2.48446 3
      vertex 45.2055 2.44074 3
    endloop
  endfacet
  facet normal 0.47726 0.878762 0
    outer loop
      vertex 45.125 2.48446 3
      vertex 45.2055 2.44074 0
      vertex 45.125 2.48446 0
    endloop
  endfacet
  facet normal 0.430548 0.902568 -0
    outer loop
      vertex 45.2882 2.40129 0
      vertex 45.2055 2.44074 3
      vertex 45.2882 2.40129 3
    endloop
  endfacet
  facet normal 0.430548 0.902568 0
    outer loop
      vertex 45.2055 2.44074 3
      vertex 45.2882 2.40129 0
      vertex 45.2055 2.44074 0
    endloop
  endfacet
  facet normal 0 -0.958828 0.283986
    outer loop
      vertex 51.6666 5.80423 6.76393
      vertex 54.6836 5.8637 6.96472
      vertex 51.6588 5.8637 6.96472
    endloop
  endfacet
  facet normal 0 -0.958828 0.283986
    outer loop
      vertex 54.6836 5.8637 6.96472
      vertex 51.6666 5.80423 6.76393
      vertex 54.6914 5.80423 6.76393
    endloop
  endfacet
  facet normal 0 -0.649438 0.760415
    outer loop
      vertex 54.7831 4.67652 5.02742
      vertex 51.7874 4.51728 4.89142
      vertex 54.7956 4.51728 4.89142
    endloop
  endfacet
  facet normal 0 -0.649438 0.760415
    outer loop
      vertex 51.7874 4.51728 4.89142
      vertex 54.7831 4.67652 5.02742
      vertex 51.7749 4.67652 5.02742
    endloop
  endfacet
  facet normal 0 -0.333794 -0.942646
    outer loop
      vertex 51.8882 3.23607 11.8042
      vertex 54.8809 3.43347 11.7343
      vertex 54.8965 3.23607 11.8042
    endloop
  endfacet
  facet normal -0 -0.333794 -0.942646
    outer loop
      vertex 54.8809 3.43347 11.7343
      vertex 51.8882 3.23607 11.8042
      vertex 51.8727 3.43347 11.7343
    endloop
  endfacet
  facet normal 0 -0.566403 0.824128
    outer loop
      vertex 54.8087 4.35114 4.76393
      vertex 51.8141 4.17856 4.64532
      vertex 54.8223 4.17856 4.64532
    endloop
  endfacet
  facet normal 0 -0.566403 0.824128
    outer loop
      vertex 51.8141 4.17856 4.64532
      vertex 54.8087 4.35114 4.76393
      vertex 51.8005 4.35114 4.76393
    endloop
  endfacet
  facet normal 0 0.942584 -0.333969
    outer loop
      vertex 54.6987 -5.74907 9.39184
      vertex 51.6758 -5.73432 9.43347
      vertex 54.6999 -5.73432 9.43347
    endloop
  endfacet
  facet normal 2.59417e-06 0.942643 -0.333801
    outer loop
      vertex 54.6914 -5.80423 9.23607
      vertex 51.6758 -5.73432 9.43347
      vertex 54.6987 -5.74907 9.39184
    endloop
  endfacet
  facet normal 0 0.942631 -0.333837
    outer loop
      vertex 51.6758 -5.73432 9.43347
      vertex 54.6914 -5.80423 9.23607
      vertex 51.6666 -5.80423 9.23607
    endloop
  endfacet
  facet normal 0 0.430693 -0.902498
    outer loop
      vertex 54.8508 -3.81596 11.564
      vertex 51.8575 -3.62695 11.6542
      vertex 54.8657 -3.62695 11.6542
    endloop
  endfacet
  facet normal 0 0.430693 -0.902498
    outer loop
      vertex 51.8575 -3.62695 11.6542
      vertex 54.8508 -3.81596 11.564
      vertex 51.8426 -3.81596 11.564
    endloop
  endfacet
  facet normal 0 0 1
    outer loop
      vertex 52 0 4
      vertex 55 0 4
      vertex 54.9476 2 4
    endloop
  endfacet
  facet normal 0 0 1
    outer loop
      vertex 55 0 4
      vertex 52 0 4
      vertex 54.9476 -2 4
    endloop
  endfacet
  facet normal 0 -0 1
    outer loop
      vertex 52 0 4
      vertex 54.9476 2 4
      vertex 51.9476 2 4
    endloop
  endfacet
  facet normal 0 0 1
    outer loop
      vertex 54.9476 -2 4
      vertex 52 0 4
      vertex 51.9476 -2 4
    endloop
  endfacet
  facet normal 0 -0.60878 0.793339
    outer loop
      vertex 54.7956 4.51728 4.89142
      vertex 51.8005 4.35114 4.76393
      vertex 54.8087 4.35114 4.76393
    endloop
  endfacet
  facet normal 0 -0.60878 0.793339
    outer loop
      vertex 51.8005 4.35114 4.76393
      vertex 54.7956 4.51728 4.89142
      vertex 51.7874 4.51728 4.89142
    endloop
  endfacet
  facet normal 0 0 -1
    outer loop
      vertex 52 0 12
      vertex 55 0 12
      vertex 54.9476 -2 12
    endloop
  endfacet
  facet normal 0 0 -1
    outer loop
      vertex 55 0 12
      vertex 52 0 12
      vertex 54.9476 2 12
    endloop
  endfacet
  facet normal 0 -0 -1
    outer loop
      vertex 52 0 12
      vertex 54.9476 -2 12
      vertex 51.9476 -2 12
    endloop
  endfacet
  facet normal -0 0 -1
    outer loop
      vertex 54.9476 2 12
      vertex 52 0 12
      vertex 51.9476 2 12
    endloop
  endfacet
  facet normal 0 -0.130362 -0.991466
    outer loop
      vertex 51.9367 2.41811 11.9781
      vertex 54.9312 2.62574 11.9508
      vertex 54.9367 2.41811 11.9781
    endloop
  endfacet
  facet normal -0 -0.130362 -0.991466
    outer loop
      vertex 54.9312 2.62574 11.9508
      vertex 51.9367 2.41811 11.9781
      vertex 51.9312 2.62574 11.9508
    endloop
  endfacet
  facet normal 0 0.902591 -0.430499
    outer loop
      vertex 54.7062 -5.65418 9.62695
      vertex 51.6982 -5.56403 9.81596
      vertex 54.7133 -5.56403 9.81596
    endloop
  endfacet
  facet normal 0 0.902591 -0.430499
    outer loop
      vertex 51.6982 -5.56403 9.81596
      vertex 54.7062 -5.65418 9.62695
      vertex 51.6863 -5.65418 9.62695
    endloop
  endfacet
  facet normal -0 0.878808 0.477175
    outer loop
      vertex 51.7114 -5.4641 6
      vertex 54.7133 -5.56403 6.18404
      vertex 54.7211 -5.4641 6
    endloop
  endfacet
  facet normal 0 0.878808 0.477175
    outer loop
      vertex 54.7133 -5.56403 6.18404
      vertex 51.7114 -5.4641 6
      vertex 51.6982 -5.56403 6.18404
    endloop
  endfacet
  facet normal 0 -0.284118 -0.958789
    outer loop
      vertex 51.904 3.03528 11.8637
      vertex 54.8965 3.23607 11.8042
      vertex 54.9123 3.03528 11.8637
    endloop
  endfacet
  facet normal -0 -0.284118 -0.958789
    outer loop
      vertex 54.8965 3.23607 11.8042
      vertex 51.904 3.03528 11.8637
      vertex 51.8882 3.23607 11.8042
    endloop
  endfacet
  facet normal -0 0.793339 0.60878
    outer loop
      vertex 51.7409 -5.10858 5.48272
      vertex 54.7391 -5.23607 5.64886
      vertex 54.7491 -5.10858 5.48272
    endloop
  endfacet
  facet normal 0 0.793339 0.60878
    outer loop
      vertex 54.7391 -5.23607 5.64886
      vertex 51.7409 -5.10858 5.48272
      vertex 51.7308 -5.23607 5.64886
    endloop
  endfacet
  facet normal -0 0.233389 0.972384
    outer loop
      vertex 51.9201 -2.83165 4.08741
      vertex 54.9246 -2.87848 4.09865
      vertex 54.9258 -2.83165 4.08741
    endloop
  endfacet
  facet normal 1.47911e-06 0.233478 0.972362
    outer loop
      vertex 54.9246 -2.87848 4.09865
      vertex 51.9201 -2.83165 4.08741
      vertex 54.9123 -3.03528 4.1363
    endloop
  endfacet
  facet normal 0 0.233458 0.972367
    outer loop
      vertex 54.9123 -3.03528 4.1363
      vertex 51.9201 -2.83165 4.08741
      vertex 51.904 -3.03528 4.1363
    endloop
  endfacet
  facet normal -0 0.333837 0.942631
    outer loop
      vertex 51.8882 -3.23607 4.19577
      vertex 54.8809 -3.43347 4.26568
      vertex 54.8965 -3.23607 4.19577
    endloop
  endfacet
  facet normal 0 0.333837 0.942631
    outer loop
      vertex 54.8809 -3.43347 4.26568
      vertex 51.8882 -3.23607 4.19577
      vertex 51.8727 -3.43347 4.26568
    endloop
  endfacet
  facet normal -0 0.60878 0.793339
    outer loop
      vertex 51.8005 -4.35114 4.76393
      vertex 54.7956 -4.51728 4.89142
      vertex 54.8087 -4.35114 4.76393
    endloop
  endfacet
  facet normal 0 0.60878 0.793339
    outer loop
      vertex 54.7956 -4.51728 4.89142
      vertex 51.8005 -4.35114 4.76393
      vertex 51.7874 -4.51728 4.89142
    endloop
  endfacet
  facet normal 0 -0.852672 0.522446
    outer loop
      vertex 51.7151 5.43548 5.95329
      vertex 54.7211 5.4641 6
      vertex 51.7114 5.4641 6
    endloop
  endfacet
  facet normal -1.33493e-06 -0.852634 0.522509
    outer loop
      vertex 51.7215 5.35468 5.82144
      vertex 54.7211 5.4641 6
      vertex 51.7151 5.43548 5.95329
    endloop
  endfacet
  facet normal 0 -0.852644 0.522493
    outer loop
      vertex 54.7211 5.4641 6
      vertex 51.7215 5.35468 5.82144
      vertex 54.7297 5.35468 5.82144
    endloop
  endfacet
  facet normal 0 -0.430693 -0.902498
    outer loop
      vertex 51.8575 3.62695 11.6542
      vertex 54.8508 3.81596 11.564
      vertex 54.8657 3.62695 11.6542
    endloop
  endfacet
  facet normal -0 -0.430693 -0.902498
    outer loop
      vertex 54.8508 3.81596 11.564
      vertex 51.8575 3.62695 11.6542
      vertex 51.8426 3.81596 11.564
    endloop
  endfacet
  facet normal -0 0.958828 0.283986
    outer loop
      vertex 51.6666 -5.80423 6.76393
      vertex 54.6836 -5.8637 6.96472
      vertex 54.6914 -5.80423 6.76393
    endloop
  endfacet
  facet normal 0 0.958828 0.283986
    outer loop
      vertex 54.6836 -5.8637 6.96472
      vertex 51.6666 -5.80423 6.76393
      vertex 51.6588 -5.8637 6.96472
    endloop
  endfacet
  facet normal 0 -0.972367 0.233458
    outer loop
      vertex 51.6588 5.8637 6.96472
      vertex 54.6772 5.91259 7.16835
      vertex 51.6523 5.91259 7.16835
    endloop
  endfacet
  facet normal 0 -0.972367 0.233458
    outer loop
      vertex 54.6772 5.91259 7.16835
      vertex 51.6588 5.8637 6.96472
      vertex 54.6836 5.8637 6.96472
    endloop
  endfacet
  facet normal 0 -0.60881 -0.793316
    outer loop
      vertex 51.8005 4.35114 11.2361
      vertex 54.7956 4.51728 11.1086
      vertex 54.8087 4.35114 11.2361
    endloop
  endfacet
  facet normal -0 -0.60881 -0.793316
    outer loop
      vertex 54.7956 4.51728 11.1086
      vertex 51.8005 4.35114 11.2361
      vertex 51.7874 4.51728 11.1086
    endloop
  endfacet
  facet normal 0 0.649438 -0.760415
    outer loop
      vertex 54.7831 -4.67652 10.9726
      vertex 51.7874 -4.51728 11.1086
      vertex 54.7956 -4.51728 11.1086
    endloop
  endfacet
  facet normal 0 0.649438 -0.760415
    outer loop
      vertex 51.7874 -4.51728 11.1086
      vertex 54.7831 -4.67652 10.9726
      vertex 51.7749 -4.67652 10.9726
    endloop
  endfacet
  facet normal 0 -0.0784565 0.996918
    outer loop
      vertex 54.9367 2.41811 4.02191
      vertex 51.9421 2.20934 4.00548
      vertex 54.9421 2.20934 4.00548
    endloop
  endfacet
  facet normal 0 -0.0784565 0.996918
    outer loop
      vertex 51.9421 2.20934 4.00548
      vertex 54.9367 2.41811 4.02191
      vertex 51.9367 2.41811 4.02191
    endloop
  endfacet
  facet normal 0 -0.0261685 0.999658
    outer loop
      vertex 54.9421 2.20934 4.00548
      vertex 51.9476 2 4
      vertex 54.9476 2 4
    endloop
  endfacet
  facet normal 0 -0.0261685 0.999658
    outer loop
      vertex 51.9476 2 4
      vertex 54.9421 2.20934 4.00548
      vertex 51.9421 2.20934 4.00548
    endloop
  endfacet
  facet normal 0 -0.026264 -0.999655
    outer loop
      vertex 51.9476 2 12
      vertex 54.9421 2.20934 11.9945
      vertex 54.9476 2 12
    endloop
  endfacet
  facet normal -0 -0.026264 -0.999655
    outer loop
      vertex 54.9421 2.20934 11.9945
      vertex 51.9476 2 12
      vertex 51.9421 2.20934 11.9945
    endloop
  endfacet
  facet normal 0 -0.234566 -0.9721
    outer loop
      vertex 51.9201 2.83165 11.9126
      vertex 54.9246 2.87848 11.9013
      vertex 54.9258 2.83165 11.9126
    endloop
  endfacet
  facet normal -2.27439e-05 -0.233187 -0.972432
    outer loop
      vertex 54.9246 2.87848 11.9013
      vertex 51.9201 2.83165 11.9126
      vertex 54.9123 3.03528 11.8637
    endloop
  endfacet
  facet normal -0 -0.233503 -0.972356
    outer loop
      vertex 54.9123 3.03528 11.8637
      vertex 51.9201 2.83165 11.9126
      vertex 51.904 3.03528 11.8637
    endloop
  endfacet
  facet normal 0 0.382512 -0.92395
    outer loop
      vertex 54.8657 -3.62695 11.6542
      vertex 51.8727 -3.43347 11.7343
      vertex 54.8809 -3.43347 11.7343
    endloop
  endfacet
  facet normal 0 0.382512 -0.92395
    outer loop
      vertex 51.8727 -3.43347 11.7343
      vertex 54.8657 -3.62695 11.6542
      vertex 51.8575 -3.62695 11.6542
    endloop
  endfacet
  facet normal 0 0.522423 -0.852686
    outer loop
      vertex 54.8223 -4.17856 11.3547
      vertex 51.8281 -4 11.4641
      vertex 54.8364 -4 11.4641
    endloop
  endfacet
  facet normal 0 0.522423 -0.852686
    outer loop
      vertex 51.8281 -4 11.4641
      vertex 54.8223 -4.17856 11.3547
      vertex 51.8141 -4.17856 11.3547
    endloop
  endfacet
  facet normal 0 0.824006 -0.566582
    outer loop
      vertex 54.7297 -5.35468 10.1786
      vertex 51.7308 -5.23607 10.3511
      vertex 54.7391 -5.23607 10.3511
    endloop
  endfacet
  facet normal 0 0.824006 -0.566582
    outer loop
      vertex 51.7308 -5.23607 10.3511
      vertex 54.7297 -5.35468 10.1786
      vertex 51.7215 -5.35468 10.1786
    endloop
  endfacet
  facet normal -0 0.991442 0.13055
    outer loop
      vertex 51.6473 -5.95075 7.37426
      vertex 54.6686 -5.97809 7.58189
      vertex 54.6721 -5.95075 7.37426
    endloop
  endfacet
  facet normal 0 0.991442 0.13055
    outer loop
      vertex 54.6686 -5.97809 7.58189
      vertex 51.6473 -5.95075 7.37426
      vertex 51.6437 -5.97809 7.58189
    endloop
  endfacet
  facet normal -0 0.182221 0.983258
    outer loop
      vertex 51.9312 -2.62574 4.04925
      vertex 54.9258 -2.83165 4.08741
      vertex 54.9312 -2.62574 4.04925
    endloop
  endfacet
  facet normal -7.30628e-07 0.182211 0.98326
    outer loop
      vertex 51.9287 -2.72147 4.06699
      vertex 54.9258 -2.83165 4.08741
      vertex 51.9312 -2.62574 4.04925
    endloop
  endfacet
  facet normal 0 0.18223 0.983256
    outer loop
      vertex 54.9258 -2.83165 4.08741
      vertex 51.9287 -2.72147 4.06699
      vertex 51.9201 -2.83165 4.08741
    endloop
  endfacet
  facet normal 0 -0.13055 0.991442
    outer loop
      vertex 54.9312 2.62574 4.04925
      vertex 51.9367 2.41811 4.02191
      vertex 54.9367 2.41811 4.02191
    endloop
  endfacet
  facet normal 0 -0.13055 0.991442
    outer loop
      vertex 51.9367 2.41811 4.02191
      vertex 54.9312 2.62574 4.04925
      vertex 51.9312 2.62574 4.04925
    endloop
  endfacet
  facet normal 0 0.760334 -0.649532
    outer loop
      vertex 54.7491 -5.10858 10.5173
      vertex 51.7516 -4.97258 10.6765
      vertex 54.7598 -4.97258 10.6765
    endloop
  endfacet
  facet normal 0 0.760334 -0.649532
    outer loop
      vertex 51.7516 -4.97258 10.6765
      vertex 54.7491 -5.10858 10.5173
      vertex 51.7409 -5.10858 10.5173
    endloop
  endfacet
  facet normal -0 -0.902591 -0.430499
    outer loop
      vertex 54.7062 5.65418 9.62695
      vertex 51.6982 5.56403 9.81596
      vertex 51.6863 5.65418 9.62695
    endloop
  endfacet
  facet normal 0 -0.902591 -0.430499
    outer loop
      vertex 51.6982 5.56403 9.81596
      vertex 54.7062 5.65418 9.62695
      vertex 54.7133 5.56403 9.81596
    endloop
  endfacet
  facet normal -0 -0.991442 -0.13055
    outer loop
      vertex 54.6686 5.97809 8.41811
      vertex 51.6473 5.95075 8.62574
      vertex 51.6437 5.97809 8.41811
    endloop
  endfacet
  facet normal 0 -0.991442 -0.13055
    outer loop
      vertex 51.6473 5.95075 8.62574
      vertex 54.6686 5.97809 8.41811
      vertex 54.6721 5.95075 8.62574
    endloop
  endfacet
  facet normal -0 0.430499 0.902591
    outer loop
      vertex 51.8575 -3.62695 4.34582
      vertex 54.8508 -3.81596 4.43597
      vertex 54.8657 -3.62695 4.34582
    endloop
  endfacet
  facet normal 0 0.430499 0.902591
    outer loop
      vertex 54.8508 -3.81596 4.43597
      vertex 51.8575 -3.62695 4.34582
      vertex 51.8426 -3.81596 4.43597
    endloop
  endfacet
  facet normal 0 0.923883 -0.382675
    outer loop
      vertex 54.6999 -5.73432 9.43347
      vertex 51.6863 -5.65418 9.62695
      vertex 54.7062 -5.65418 9.62695
    endloop
  endfacet
  facet normal 0 0.923883 -0.382675
    outer loop
      vertex 51.6863 -5.65418 9.62695
      vertex 54.6999 -5.73432 9.43347
      vertex 51.6758 -5.73432 9.43347
    endloop
  endfacet
  facet normal -0 -0.923883 -0.382675
    outer loop
      vertex 54.6999 5.73432 9.43347
      vertex 51.6863 5.65418 9.62695
      vertex 51.6758 5.73432 9.43347
    endloop
  endfacet
  facet normal 0 -0.923883 -0.382675
    outer loop
      vertex 51.6863 5.65418 9.62695
      vertex 54.6999 5.73432 9.43347
      vertex 54.7062 5.65418 9.62695
    endloop
  endfacet
  facet normal 0 -0.942584 -0.333969
    outer loop
      vertex 51.6758 5.73432 9.43347
      vertex 54.6987 5.74907 9.39184
      vertex 54.6999 5.73432 9.43347
    endloop
  endfacet
  facet normal -0 -0.942631 -0.333837
    outer loop
      vertex 54.6914 5.80423 9.23607
      vertex 51.6758 5.73432 9.43347
      vertex 51.6666 5.80423 9.23607
    endloop
  endfacet
  facet normal 2.59417e-06 -0.942643 -0.333801
    outer loop
      vertex 51.6758 5.73432 9.43347
      vertex 54.6914 5.80423 9.23607
      vertex 54.6987 5.74907 9.39184
    endloop
  endfacet
  facet normal 0 -0.182406 -0.983223
    outer loop
      vertex 51.9312 2.62574 11.9508
      vertex 54.9258 2.83165 11.9126
      vertex 54.9312 2.62574 11.9508
    endloop
  endfacet
  facet normal 2.8455e-05 -0.182806 -0.983149
    outer loop
      vertex 51.9287 2.72147 11.933
      vertex 54.9258 2.83165 11.9126
      vertex 51.9312 2.62574 11.9508
    endloop
  endfacet
  facet normal -0 -0.182057 -0.983288
    outer loop
      vertex 54.9258 2.83165 11.9126
      vertex 51.9287 2.72147 11.933
      vertex 51.9201 2.83165 11.9126
    endloop
  endfacet
  facet normal 0 -0.824128 0.566403
    outer loop
      vertex 51.7308 5.23607 5.64886
      vertex 54.7297 5.35468 5.82144
      vertex 51.7215 5.35468 5.82144
    endloop
  endfacet
  facet normal 0 -0.824128 0.566403
    outer loop
      vertex 54.7297 5.35468 5.82144
      vertex 51.7308 5.23607 5.64886
      vertex 54.7391 5.23607 5.64886
    endloop
  endfacet
  facet normal 3.47716e-06 -0.852722 -0.522365
    outer loop
      vertex 54.7211 5.4641 10
      vertex 51.7215 5.35468 10.1786
      vertex 51.7151 5.43548 10.0467
    endloop
  endfacet
  facet normal -0 -0.852622 -0.522528
    outer loop
      vertex 54.7211 5.4641 10
      vertex 51.7151 5.43548 10.0467
      vertex 51.7114 5.4641 10
    endloop
  endfacet
  facet normal 0 -0.852696 -0.522408
    outer loop
      vertex 51.7215 5.35468 10.1786
      vertex 54.7211 5.4641 10
      vertex 54.7297 5.35468 10.1786
    endloop
  endfacet
  facet normal -0 0.688336 0.725392
    outer loop
      vertex 51.7749 -4.67652 5.02742
      vertex 54.7712 -4.82843 5.17157
      vertex 54.7831 -4.67652 5.02742
    endloop
  endfacet
  facet normal 0 0.688336 0.725392
    outer loop
      vertex 54.7712 -4.82843 5.17157
      vertex 51.7749 -4.67652 5.02742
      vertex 51.7629 -4.82843 5.17157
    endloop
  endfacet
  facet normal 0 -0.477175 0.878808
    outer loop
      vertex 54.8364 4 4.5359
      vertex 51.8426 3.81596 4.43597
      vertex 54.8508 3.81596 4.43597
    endloop
  endfacet
  facet normal 0 -0.477175 0.878808
    outer loop
      vertex 51.8426 3.81596 4.43597
      vertex 54.8364 4 4.5359
      vertex 51.8281 4 4.5359
    endloop
  endfacet
  facet normal 0 -0.999658 -0.0261685
    outer loop
      vertex 51.6408 6 8
      vertex 54.6664 5.99452 8.20934
      vertex 51.6415 5.99452 8.20934
    endloop
  endfacet
  facet normal 0 -0.999658 -0.0261685
    outer loop
      vertex 54.6664 5.99452 8.20934
      vertex 51.6408 6 8
      vertex 54.6657 6 8
    endloop
  endfacet
  facet normal -0 0.725392 0.688336
    outer loop
      vertex 51.7629 -4.82843 5.17157
      vertex 54.7598 -4.97258 5.32348
      vertex 54.7712 -4.82843 5.17157
    endloop
  endfacet
  facet normal 0 0.725392 0.688336
    outer loop
      vertex 54.7598 -4.97258 5.32348
      vertex 51.7629 -4.82843 5.17157
      vertex 51.7516 -4.97258 5.32348
    endloop
  endfacet
  facet normal 0 0.477064 -0.878868
    outer loop
      vertex 54.8364 -4 11.4641
      vertex 51.8426 -3.81596 11.564
      vertex 54.8508 -3.81596 11.564
    endloop
  endfacet
  facet normal 0 0.477064 -0.878868
    outer loop
      vertex 51.8426 -3.81596 11.564
      vertex 54.8364 -4 11.4641
      vertex 51.8281 -4 11.4641
    endloop
  endfacet
  facet normal 0 0.60881 -0.793316
    outer loop
      vertex 54.7956 -4.51728 11.1086
      vertex 51.8005 -4.35114 11.2361
      vertex 54.8087 -4.35114 11.2361
    endloop
  endfacet
  facet normal 0 0.60881 -0.793316
    outer loop
      vertex 51.8005 -4.35114 11.2361
      vertex 54.7956 -4.51728 11.1086
      vertex 51.7874 -4.51728 11.1086
    endloop
  endfacet
  facet normal 0 0.852696 -0.522408
    outer loop
      vertex 54.7211 -5.4641 10
      vertex 51.7215 -5.35468 10.1786
      vertex 54.7297 -5.35468 10.1786
    endloop
  endfacet
  facet normal 3.47716e-06 0.852722 -0.522365
    outer loop
      vertex 51.7215 -5.35468 10.1786
      vertex 54.7211 -5.4641 10
      vertex 51.7151 -5.43548 10.0467
    endloop
  endfacet
  facet normal 0 0.852622 -0.522528
    outer loop
      vertex 51.7151 -5.43548 10.0467
      vertex 54.7211 -5.4641 10
      vertex 51.7114 -5.4641 10
    endloop
  endfacet
  facet normal 0 0.130362 -0.991466
    outer loop
      vertex 54.9312 -2.62574 11.9508
      vertex 51.9367 -2.41811 11.9781
      vertex 54.9367 -2.41811 11.9781
    endloop
  endfacet
  facet normal 0 0.130362 -0.991466
    outer loop
      vertex 51.9367 -2.41811 11.9781
      vertex 54.9312 -2.62574 11.9508
      vertex 51.9312 -2.62574 11.9508
    endloop
  endfacet
  facet normal 0 -0.0783141 -0.996929
    outer loop
      vertex 51.9421 2.20934 11.9945
      vertex 54.9367 2.41811 11.9781
      vertex 54.9421 2.20934 11.9945
    endloop
  endfacet
  facet normal -0 -0.0783141 -0.996929
    outer loop
      vertex 54.9367 2.41811 11.9781
      vertex 51.9421 2.20934 11.9945
      vertex 51.9367 2.41811 11.9781
    endloop
  endfacet
  facet normal 0 0.182406 -0.983223
    outer loop
      vertex 54.9258 -2.83165 11.9126
      vertex 51.9312 -2.62574 11.9508
      vertex 54.9312 -2.62574 11.9508
    endloop
  endfacet
  facet normal 2.8455e-05 0.182806 -0.983149
    outer loop
      vertex 54.9258 -2.83165 11.9126
      vertex 51.9287 -2.72147 11.933
      vertex 51.9312 -2.62574 11.9508
    endloop
  endfacet
  facet normal 0 0.182057 -0.983288
    outer loop
      vertex 51.9287 -2.72147 11.933
      vertex 54.9258 -2.83165 11.9126
      vertex 51.9201 -2.83165 11.9126
    endloop
  endfacet
  facet normal 0 -0.430499 0.902591
    outer loop
      vertex 54.8508 3.81596 4.43597
      vertex 51.8575 3.62695 4.34582
      vertex 54.8657 3.62695 4.34582
    endloop
  endfacet
  facet normal 0 -0.430499 0.902591
    outer loop
      vertex 51.8575 3.62695 4.34582
      vertex 54.8508 3.81596 4.43597
      vertex 51.8426 3.81596 4.43597
    endloop
  endfacet
  facet normal -0 0.0261685 0.999658
    outer loop
      vertex 51.9476 -2 4
      vertex 54.9421 -2.20934 4.00548
      vertex 54.9476 -2 4
    endloop
  endfacet
  facet normal 0 0.0261685 0.999658
    outer loop
      vertex 54.9421 -2.20934 4.00548
      vertex 51.9476 -2 4
      vertex 51.9421 -2.20934 4.00548
    endloop
  endfacet
  facet normal 0 0.333794 -0.942646
    outer loop
      vertex 54.8809 -3.43347 11.7343
      vertex 51.8882 -3.23607 11.8042
      vertex 54.8965 -3.23607 11.8042
    endloop
  endfacet
  facet normal 0 0.333794 -0.942646
    outer loop
      vertex 51.8882 -3.23607 11.8042
      vertex 54.8809 -3.43347 11.7343
      vertex 51.8727 -3.43347 11.7343
    endloop
  endfacet
  facet normal 0 -0.983258 0.182221
    outer loop
      vertex 51.6523 5.91259 7.16835
      vertex 54.6721 5.95075 7.37426
      vertex 51.6473 5.95075 7.37426
    endloop
  endfacet
  facet normal 0 -0.983258 0.182221
    outer loop
      vertex 54.6721 5.95075 7.37426
      vertex 51.6523 5.91259 7.16835
      vertex 54.6772 5.91259 7.16835
    endloop
  endfacet
  facet normal 0 -0.382512 -0.92395
    outer loop
      vertex 51.8727 3.43347 11.7343
      vertex 54.8657 3.62695 11.6542
      vertex 54.8809 3.43347 11.7343
    endloop
  endfacet
  facet normal -0 -0.382512 -0.92395
    outer loop
      vertex 54.8657 3.62695 11.6542
      vertex 51.8727 3.43347 11.7343
      vertex 51.8575 3.62695 11.6542
    endloop
  endfacet
  facet normal -2.27439e-05 0.233187 -0.972432
    outer loop
      vertex 51.9201 -2.83165 11.9126
      vertex 54.9246 -2.87848 11.9013
      vertex 54.9123 -3.03528 11.8637
    endloop
  endfacet
  facet normal 0 0.234566 -0.9721
    outer loop
      vertex 54.9246 -2.87848 11.9013
      vertex 51.9201 -2.83165 11.9126
      vertex 54.9258 -2.83165 11.9126
    endloop
  endfacet
  facet normal 0 0.233503 -0.972356
    outer loop
      vertex 51.9201 -2.83165 11.9126
      vertex 54.9123 -3.03528 11.8637
      vertex 51.904 -3.03528 11.8637
    endloop
  endfacet
  facet normal 0 0.999658 0.0261685
    outer loop
      vertex 54.6664 -5.99452 7.79066
      vertex 51.6408 -6 8
      vertex 54.6657 -6 8
    endloop
  endfacet
  facet normal 0 0.999658 0.0261685
    outer loop
      vertex 51.6408 -6 8
      vertex 54.6664 -5.99452 7.79066
      vertex 51.6415 -5.99452 7.79066
    endloop
  endfacet
  facet normal -0 -0.972367 -0.233458
    outer loop
      vertex 54.6772 5.91259 8.83165
      vertex 51.6588 5.8637 9.03528
      vertex 51.6523 5.91259 8.83165
    endloop
  endfacet
  facet normal 0 -0.972367 -0.233458
    outer loop
      vertex 51.6588 5.8637 9.03528
      vertex 54.6772 5.91259 8.83165
      vertex 54.6836 5.8637 9.03528
    endloop
  endfacet
  facet normal 0 0.284118 -0.958789
    outer loop
      vertex 54.8965 -3.23607 11.8042
      vertex 51.904 -3.03528 11.8637
      vertex 54.9123 -3.03528 11.8637
    endloop
  endfacet
  facet normal 0 0.284118 -0.958789
    outer loop
      vertex 51.904 -3.03528 11.8637
      vertex 54.8965 -3.23607 11.8042
      vertex 51.8882 -3.23607 11.8042
    endloop
  endfacet
  facet normal 0 0.566371 -0.824151
    outer loop
      vertex 54.8087 -4.35114 11.2361
      vertex 51.8141 -4.17856 11.3547
      vertex 54.8223 -4.17856 11.3547
    endloop
  endfacet
  facet normal 0 0.566371 -0.824151
    outer loop
      vertex 51.8141 -4.17856 11.3547
      vertex 54.8087 -4.35114 11.2361
      vertex 51.8005 -4.35114 11.2361
    endloop
  endfacet
  facet normal -0 -0.996918 -0.0784565
    outer loop
      vertex 54.6664 5.99452 8.20934
      vertex 51.6437 5.97809 8.41811
      vertex 51.6415 5.99452 8.20934
    endloop
  endfacet
  facet normal 0 -0.996918 -0.0784565
    outer loop
      vertex 51.6437 5.97809 8.41811
      vertex 54.6664 5.99452 8.20934
      vertex 54.6686 5.97809 8.41811
    endloop
  endfacet
  facet normal -0 0.566403 0.824128
    outer loop
      vertex 51.8141 -4.17856 4.64532
      vertex 54.8087 -4.35114 4.76393
      vertex 54.8223 -4.17856 4.64532
    endloop
  endfacet
  facet normal 0 0.566403 0.824128
    outer loop
      vertex 54.8087 -4.35114 4.76393
      vertex 51.8141 -4.17856 4.64532
      vertex 51.8005 -4.35114 4.76393
    endloop
  endfacet
  facet normal 0 -0.477064 -0.878868
    outer loop
      vertex 51.8426 3.81596 11.564
      vertex 54.8364 4 11.4641
      vertex 54.8508 3.81596 11.564
    endloop
  endfacet
  facet normal -0 -0.477064 -0.878868
    outer loop
      vertex 54.8364 4 11.4641
      vertex 51.8426 3.81596 11.564
      vertex 51.8281 4 11.4641
    endloop
  endfacet
  facet normal 0 -0.283986 0.958828
    outer loop
      vertex 54.8965 3.23607 4.19577
      vertex 51.904 3.03528 4.1363
      vertex 54.9123 3.03528 4.1363
    endloop
  endfacet
  facet normal 0 -0.283986 0.958828
    outer loop
      vertex 51.904 3.03528 4.1363
      vertex 54.8965 3.23607 4.19577
      vertex 51.8882 3.23607 4.19577
    endloop
  endfacet
  facet normal 0 0.0783141 -0.996929
    outer loop
      vertex 54.9367 -2.41811 11.9781
      vertex 51.9421 -2.20934 11.9945
      vertex 54.9421 -2.20934 11.9945
    endloop
  endfacet
  facet normal 0 0.0783141 -0.996929
    outer loop
      vertex 51.9421 -2.20934 11.9945
      vertex 54.9367 -2.41811 11.9781
      vertex 51.9367 -2.41811 11.9781
    endloop
  endfacet
  facet normal 2.59417e-06 0.942643 0.333801
    outer loop
      vertex 51.6758 -5.73432 6.56653
      vertex 54.6914 -5.80423 6.76393
      vertex 54.6987 -5.74907 6.60816
    endloop
  endfacet
  facet normal -0 0.942584 0.333969
    outer loop
      vertex 51.6758 -5.73432 6.56653
      vertex 54.6987 -5.74907 6.60816
      vertex 54.6999 -5.73432 6.56653
    endloop
  endfacet
  facet normal 0 0.942631 0.333837
    outer loop
      vertex 54.6914 -5.80423 6.76393
      vertex 51.6758 -5.73432 6.56653
      vertex 51.6666 -5.80423 6.76393
    endloop
  endfacet
  facet normal 0 0.026264 -0.999655
    outer loop
      vertex 54.9421 -2.20934 11.9945
      vertex 51.9476 -2 12
      vertex 54.9476 -2 12
    endloop
  endfacet
  facet normal 0 0.026264 -0.999655
    outer loop
      vertex 51.9476 -2 12
      vertex 54.9421 -2.20934 11.9945
      vertex 51.9421 -2.20934 11.9945
    endloop
  endfacet
  facet normal 0 -0.566371 -0.824151
    outer loop
      vertex 51.8141 4.17856 11.3547
      vertex 54.8087 4.35114 11.2361
      vertex 54.8223 4.17856 11.3547
    endloop
  endfacet
  facet normal -0 -0.566371 -0.824151
    outer loop
      vertex 54.8087 4.35114 11.2361
      vertex 51.8141 4.17856 11.3547
      vertex 51.8005 4.35114 11.2361
    endloop
  endfacet
  facet normal 0 -0.522423 -0.852686
    outer loop
      vertex 51.8281 4 11.4641
      vertex 54.8223 4.17856 11.3547
      vertex 54.8364 4 11.4641
    endloop
  endfacet
  facet normal -0 -0.522423 -0.852686
    outer loop
      vertex 54.8223 4.17856 11.3547
      vertex 51.8281 4 11.4641
      vertex 51.8141 4.17856 11.3547
    endloop
  endfacet
  facet normal 0 -0.333837 0.942631
    outer loop
      vertex 54.8809 3.43347 4.26568
      vertex 51.8882 3.23607 4.19577
      vertex 54.8965 3.23607 4.19577
    endloop
  endfacet
  facet normal 0 -0.333837 0.942631
    outer loop
      vertex 51.8882 3.23607 4.19577
      vertex 54.8809 3.43347 4.26568
      vertex 51.8727 3.43347 4.26568
    endloop
  endfacet
  facet normal 0 0.996918 -0.0784565
    outer loop
      vertex 54.6664 -5.99452 8.20934
      vertex 51.6437 -5.97809 8.41811
      vertex 54.6686 -5.97809 8.41811
    endloop
  endfacet
  facet normal 0 0.996918 -0.0784565
    outer loop
      vertex 51.6437 -5.97809 8.41811
      vertex 54.6664 -5.99452 8.20934
      vertex 51.6415 -5.99452 8.20934
    endloop
  endfacet
  facet normal -0 0.283986 0.958828
    outer loop
      vertex 51.904 -3.03528 4.1363
      vertex 54.8965 -3.23607 4.19577
      vertex 54.9123 -3.03528 4.1363
    endloop
  endfacet
  facet normal 0 0.283986 0.958828
    outer loop
      vertex 54.8965 -3.23607 4.19577
      vertex 51.904 -3.03528 4.1363
      vertex 51.8882 -3.23607 4.19577
    endloop
  endfacet
  facet normal -0 -0.878808 -0.477175
    outer loop
      vertex 54.7133 5.56403 9.81596
      vertex 51.7114 5.4641 10
      vertex 51.6982 5.56403 9.81596
    endloop
  endfacet
  facet normal 0 -0.878808 -0.477175
    outer loop
      vertex 51.7114 5.4641 10
      vertex 54.7133 5.56403 9.81596
      vertex 54.7211 5.4641 10
    endloop
  endfacet
  facet normal 0 -0.793339 0.60878
    outer loop
      vertex 51.7409 5.10858 5.48272
      vertex 54.7391 5.23607 5.64886
      vertex 51.7308 5.23607 5.64886
    endloop
  endfacet
  facet normal 0 -0.793339 0.60878
    outer loop
      vertex 54.7391 5.23607 5.64886
      vertex 51.7409 5.10858 5.48272
      vertex 54.7491 5.10858 5.48272
    endloop
  endfacet
  facet normal 0 -0.760415 0.649438
    outer loop
      vertex 51.7516 4.97258 5.32348
      vertex 54.7491 5.10858 5.48272
      vertex 51.7409 5.10858 5.48272
    endloop
  endfacet
  facet normal 0 -0.760415 0.649438
    outer loop
      vertex 54.7491 5.10858 5.48272
      vertex 51.7516 4.97258 5.32348
      vertex 54.7598 4.97258 5.32348
    endloop
  endfacet
  facet normal -0 -0.760334 -0.649532
    outer loop
      vertex 54.7491 5.10858 10.5173
      vertex 51.7516 4.97258 10.6765
      vertex 51.7409 5.10858 10.5173
    endloop
  endfacet
  facet normal 0 -0.760334 -0.649532
    outer loop
      vertex 51.7516 4.97258 10.6765
      vertex 54.7491 5.10858 10.5173
      vertex 54.7598 4.97258 10.6765
    endloop
  endfacet
  facet normal -0 -0.725369 -0.68836
    outer loop
      vertex 54.7598 4.97258 10.6765
      vertex 51.7629 4.82843 10.8284
      vertex 51.7516 4.97258 10.6765
    endloop
  endfacet
  facet normal 0 -0.725369 -0.68836
    outer loop
      vertex 51.7629 4.82843 10.8284
      vertex 54.7598 4.97258 10.6765
      vertex 54.7712 4.82843 10.8284
    endloop
  endfacet
  facet normal -0 -0.824006 -0.566582
    outer loop
      vertex 54.7297 5.35468 10.1786
      vertex 51.7308 5.23607 10.3511
      vertex 51.7215 5.35468 10.1786
    endloop
  endfacet
  facet normal 0 -0.824006 -0.566582
    outer loop
      vertex 51.7308 5.23607 10.3511
      vertex 54.7297 5.35468 10.1786
      vertex 54.7391 5.23607 10.3511
    endloop
  endfacet
  facet normal -0 0.760415 0.649438
    outer loop
      vertex 51.7516 -4.97258 5.32348
      vertex 54.7491 -5.10858 5.48272
      vertex 54.7598 -4.97258 5.32348
    endloop
  endfacet
  facet normal 0 0.760415 0.649438
    outer loop
      vertex 54.7491 -5.10858 5.48272
      vertex 51.7516 -4.97258 5.32348
      vertex 51.7409 -5.10858 5.48272
    endloop
  endfacet
  facet normal -0 -0.958828 -0.283986
    outer loop
      vertex 54.6836 5.8637 9.03528
      vertex 51.6666 5.80423 9.23607
      vertex 51.6588 5.8637 9.03528
    endloop
  endfacet
  facet normal 0 -0.958828 -0.283986
    outer loop
      vertex 51.6666 5.80423 9.23607
      vertex 54.6836 5.8637 9.03528
      vertex 54.6914 5.80423 9.23607
    endloop
  endfacet
  facet normal 0 -0.923883 0.382675
    outer loop
      vertex 51.6863 5.65418 6.37305
      vertex 54.6999 5.73432 6.56653
      vertex 51.6758 5.73432 6.56653
    endloop
  endfacet
  facet normal 0 -0.923883 0.382675
    outer loop
      vertex 54.6999 5.73432 6.56653
      vertex 51.6863 5.65418 6.37305
      vertex 54.7062 5.65418 6.37305
    endloop
  endfacet
  facet normal -0 -0.983258 -0.182221
    outer loop
      vertex 54.6721 5.95075 8.62574
      vertex 51.6523 5.91259 8.83165
      vertex 51.6473 5.95075 8.62574
    endloop
  endfacet
  facet normal 0 -0.983258 -0.182221
    outer loop
      vertex 51.6523 5.91259 8.83165
      vertex 54.6721 5.95075 8.62574
      vertex 54.6772 5.91259 8.83165
    endloop
  endfacet
  facet normal -0 0.522493 0.852644
    outer loop
      vertex 51.8281 -4 4.5359
      vertex 54.8223 -4.17856 4.64532
      vertex 54.8364 -4 4.5359
    endloop
  endfacet
  facet normal 0 0.522493 0.852644
    outer loop
      vertex 54.8223 -4.17856 4.64532
      vertex 51.8281 -4 4.5359
      vertex 51.8141 -4.17856 4.64532
    endloop
  endfacet
  facet normal 0 0.688462 -0.725272
    outer loop
      vertex 54.7712 -4.82843 10.8284
      vertex 51.7749 -4.67652 10.9726
      vertex 54.7831 -4.67652 10.9726
    endloop
  endfacet
  facet normal 0 0.688462 -0.725272
    outer loop
      vertex 51.7749 -4.67652 10.9726
      vertex 54.7712 -4.82843 10.8284
      vertex 51.7629 -4.82843 10.8284
    endloop
  endfacet
  facet normal 0 -0.688462 -0.725272
    outer loop
      vertex 51.7749 4.67652 10.9726
      vertex 54.7712 4.82843 10.8284
      vertex 54.7831 4.67652 10.9726
    endloop
  endfacet
  facet normal -0 -0.688462 -0.725272
    outer loop
      vertex 54.7712 4.82843 10.8284
      vertex 51.7749 4.67652 10.9726
      vertex 51.7629 4.82843 10.8284
    endloop
  endfacet
  facet normal 0 -0.649438 -0.760415
    outer loop
      vertex 51.7874 4.51728 11.1086
      vertex 54.7831 4.67652 10.9726
      vertex 54.7956 4.51728 11.1086
    endloop
  endfacet
  facet normal -0 -0.649438 -0.760415
    outer loop
      vertex 54.7831 4.67652 10.9726
      vertex 51.7874 4.51728 11.1086
      vertex 51.7749 4.67652 10.9726
    endloop
  endfacet
  facet normal -0 0.996918 0.0784565
    outer loop
      vertex 51.6437 -5.97809 7.58189
      vertex 54.6664 -5.99452 7.79066
      vertex 54.6686 -5.97809 7.58189
    endloop
  endfacet
  facet normal 0 0.996918 0.0784565
    outer loop
      vertex 54.6664 -5.99452 7.79066
      vertex 51.6437 -5.97809 7.58189
      vertex 51.6415 -5.99452 7.79066
    endloop
  endfacet
  facet normal 0 -0.688336 0.725392
    outer loop
      vertex 54.7712 4.82843 5.17157
      vertex 51.7749 4.67652 5.02742
      vertex 54.7831 4.67652 5.02742
    endloop
  endfacet
  facet normal 0 -0.688336 0.725392
    outer loop
      vertex 51.7749 4.67652 5.02742
      vertex 54.7712 4.82843 5.17157
      vertex 51.7629 4.82843 5.17157
    endloop
  endfacet
  facet normal 0 0.852672 0.522446
    outer loop
      vertex 54.7211 -5.4641 6
      vertex 51.7151 -5.43548 5.95329
      vertex 51.7114 -5.4641 6
    endloop
  endfacet
  facet normal -0 0.852644 0.522493
    outer loop
      vertex 51.7215 -5.35468 5.82144
      vertex 54.7211 -5.4641 6
      vertex 54.7297 -5.35468 5.82144
    endloop
  endfacet
  facet normal -1.33493e-06 0.852634 0.522509
    outer loop
      vertex 54.7211 -5.4641 6
      vertex 51.7215 -5.35468 5.82144
      vertex 51.7151 -5.43548 5.95329
    endloop
  endfacet
  facet normal 0 -0.725392 0.688336
    outer loop
      vertex 51.7629 4.82843 5.17157
      vertex 54.7598 4.97258 5.32348
      vertex 51.7516 4.97258 5.32348
    endloop
  endfacet
  facet normal 0 -0.725392 0.688336
    outer loop
      vertex 54.7598 4.97258 5.32348
      vertex 51.7629 4.82843 5.17157
      vertex 54.7712 4.82843 5.17157
    endloop
  endfacet
  facet normal 0 0.793445 -0.608642
    outer loop
      vertex 54.7391 -5.23607 10.3511
      vertex 51.7409 -5.10858 10.5173
      vertex 54.7491 -5.10858 10.5173
    endloop
  endfacet
  facet normal 0 0.793445 -0.608642
    outer loop
      vertex 51.7409 -5.10858 10.5173
      vertex 54.7391 -5.23607 10.3511
      vertex 51.7308 -5.23607 10.3511
    endloop
  endfacet
  facet normal -0 0.477175 0.878808
    outer loop
      vertex 51.8426 -3.81596 4.43597
      vertex 54.8364 -4 4.5359
      vertex 54.8508 -3.81596 4.43597
    endloop
  endfacet
  facet normal 0 0.477175 0.878808
    outer loop
      vertex 54.8364 -4 4.5359
      vertex 51.8426 -3.81596 4.43597
      vertex 51.8281 -4 4.5359
    endloop
  endfacet
  facet normal 0 -0.878808 0.477175
    outer loop
      vertex 51.7114 5.4641 6
      vertex 54.7133 5.56403 6.18404
      vertex 51.6982 5.56403 6.18404
    endloop
  endfacet
  facet normal 0 -0.878808 0.477175
    outer loop
      vertex 54.7133 5.56403 6.18404
      vertex 51.7114 5.4641 6
      vertex 54.7211 5.4641 6
    endloop
  endfacet
  facet normal -0 0.13055 0.991442
    outer loop
      vertex 51.9367 -2.41811 4.02191
      vertex 54.9312 -2.62574 4.04925
      vertex 54.9367 -2.41811 4.02191
    endloop
  endfacet
  facet normal 0 0.13055 0.991442
    outer loop
      vertex 54.9312 -2.62574 4.04925
      vertex 51.9367 -2.41811 4.02191
      vertex 51.9312 -2.62574 4.04925
    endloop
  endfacet
  facet normal 0 -0.996918 0.0784565
    outer loop
      vertex 51.6437 5.97809 7.58189
      vertex 54.6664 5.99452 7.79066
      vertex 51.6415 5.99452 7.79066
    endloop
  endfacet
  facet normal 0 -0.996918 0.0784565
    outer loop
      vertex 54.6664 5.99452 7.79066
      vertex 51.6437 5.97809 7.58189
      vertex 54.6686 5.97809 7.58189
    endloop
  endfacet
  facet normal 0 -0.942631 0.333837
    outer loop
      vertex 51.6758 5.73432 6.56653
      vertex 54.6914 5.80423 6.76393
      vertex 51.6666 5.80423 6.76393
    endloop
  endfacet
  facet normal 2.59417e-06 -0.942643 0.333801
    outer loop
      vertex 54.6914 5.80423 6.76393
      vertex 51.6758 5.73432 6.56653
      vertex 54.6987 5.74907 6.60816
    endloop
  endfacet
  facet normal 0 -0.942584 0.333969
    outer loop
      vertex 54.6987 5.74907 6.60816
      vertex 51.6758 5.73432 6.56653
      vertex 54.6999 5.73432 6.56653
    endloop
  endfacet
  facet normal 0 0.725369 -0.68836
    outer loop
      vertex 54.7598 -4.97258 10.6765
      vertex 51.7629 -4.82843 10.8284
      vertex 54.7712 -4.82843 10.8284
    endloop
  endfacet
  facet normal 0 0.725369 -0.68836
    outer loop
      vertex 51.7629 -4.82843 10.8284
      vertex 54.7598 -4.97258 10.6765
      vertex 51.7516 -4.97258 10.6765
    endloop
  endfacet
  facet normal 0 0.958828 -0.283986
    outer loop
      vertex 54.6836 -5.8637 9.03528
      vertex 51.6666 -5.80423 9.23607
      vertex 54.6914 -5.80423 9.23607
    endloop
  endfacet
  facet normal 0 0.958828 -0.283986
    outer loop
      vertex 51.6666 -5.80423 9.23607
      vertex 54.6836 -5.8637 9.03528
      vertex 51.6588 -5.8637 9.03528
    endloop
  endfacet
  facet normal -0 0.923883 0.382675
    outer loop
      vertex 51.6863 -5.65418 6.37305
      vertex 54.6999 -5.73432 6.56653
      vertex 54.7062 -5.65418 6.37305
    endloop
  endfacet
  facet normal 0 0.923883 0.382675
    outer loop
      vertex 54.6999 -5.73432 6.56653
      vertex 51.6863 -5.65418 6.37305
      vertex 51.6758 -5.73432 6.56653
    endloop
  endfacet
  facet normal 0 0.878808 -0.477175
    outer loop
      vertex 54.7133 -5.56403 9.81596
      vertex 51.7114 -5.4641 10
      vertex 54.7211 -5.4641 10
    endloop
  endfacet
  facet normal 0 0.878808 -0.477175
    outer loop
      vertex 51.7114 -5.4641 10
      vertex 54.7133 -5.56403 9.81596
      vertex 51.6982 -5.56403 9.81596
    endloop
  endfacet
  facet normal 0 0.972367 -0.233458
    outer loop
      vertex 54.6772 -5.91259 8.83165
      vertex 51.6588 -5.8637 9.03528
      vertex 54.6836 -5.8637 9.03528
    endloop
  endfacet
  facet normal 0 0.972367 -0.233458
    outer loop
      vertex 51.6588 -5.8637 9.03528
      vertex 54.6772 -5.91259 8.83165
      vertex 51.6523 -5.91259 8.83165
    endloop
  endfacet
  facet normal 0 -0.991442 0.13055
    outer loop
      vertex 51.6473 5.95075 7.37426
      vertex 54.6686 5.97809 7.58189
      vertex 51.6437 5.97809 7.58189
    endloop
  endfacet
  facet normal 0 -0.991442 0.13055
    outer loop
      vertex 54.6686 5.97809 7.58189
      vertex 51.6473 5.95075 7.37426
      vertex 54.6721 5.95075 7.37426
    endloop
  endfacet
  facet normal -0 -0.793445 -0.608642
    outer loop
      vertex 54.7391 5.23607 10.3511
      vertex 51.7409 5.10858 10.5173
      vertex 51.7308 5.23607 10.3511
    endloop
  endfacet
  facet normal 0 -0.793445 -0.608642
    outer loop
      vertex 51.7409 5.10858 10.5173
      vertex 54.7391 5.23607 10.3511
      vertex 54.7491 5.10858 10.5173
    endloop
  endfacet
  facet normal -0 0.972367 0.233458
    outer loop
      vertex 51.6588 -5.8637 6.96472
      vertex 54.6772 -5.91259 7.16835
      vertex 54.6836 -5.8637 6.96472
    endloop
  endfacet
  facet normal 0 0.972367 0.233458
    outer loop
      vertex 54.6772 -5.91259 7.16835
      vertex 51.6588 -5.8637 6.96472
      vertex 51.6523 -5.91259 7.16835
    endloop
  endfacet
  facet normal 0 -0.382675 0.923883
    outer loop
      vertex 54.8657 3.62695 4.34582
      vertex 51.8727 3.43347 4.26568
      vertex 54.8809 3.43347 4.26568
    endloop
  endfacet
  facet normal 0 -0.382675 0.923883
    outer loop
      vertex 51.8727 3.43347 4.26568
      vertex 54.8657 3.62695 4.34582
      vertex 51.8575 3.62695 4.34582
    endloop
  endfacet
  facet normal -0 0.983258 0.182221
    outer loop
      vertex 51.6523 -5.91259 7.16835
      vertex 54.6721 -5.95075 7.37426
      vertex 54.6772 -5.91259 7.16835
    endloop
  endfacet
  facet normal 0 0.983258 0.182221
    outer loop
      vertex 54.6721 -5.95075 7.37426
      vertex 51.6523 -5.91259 7.16835
      vertex 51.6473 -5.95075 7.37426
    endloop
  endfacet
  facet normal -0 0.824128 0.566403
    outer loop
      vertex 51.7308 -5.23607 5.64886
      vertex 54.7297 -5.35468 5.82144
      vertex 54.7391 -5.23607 5.64886
    endloop
  endfacet
  facet normal 0 0.824128 0.566403
    outer loop
      vertex 54.7297 -5.35468 5.82144
      vertex 51.7308 -5.23607 5.64886
      vertex 51.7215 -5.35468 5.82144
    endloop
  endfacet
  facet normal 0 -0.902591 0.430499
    outer loop
      vertex 51.6982 5.56403 6.18404
      vertex 54.7062 5.65418 6.37305
      vertex 51.6863 5.65418 6.37305
    endloop
  endfacet
  facet normal 0 -0.902591 0.430499
    outer loop
      vertex 54.7062 5.65418 6.37305
      vertex 51.6982 5.56403 6.18404
      vertex 54.7133 5.56403 6.18404
    endloop
  endfacet
  facet normal -0 0.649438 0.760415
    outer loop
      vertex 51.7874 -4.51728 4.89142
      vertex 54.7831 -4.67652 5.02742
      vertex 54.7956 -4.51728 4.89142
    endloop
  endfacet
  facet normal 0 0.649438 0.760415
    outer loop
      vertex 54.7831 -4.67652 5.02742
      vertex 51.7874 -4.51728 4.89142
      vertex 51.7749 -4.67652 5.02742
    endloop
  endfacet
  facet normal 0 -0.182221 0.983258
    outer loop
      vertex 54.9258 2.83165 4.08741
      vertex 51.9312 2.62574 4.04925
      vertex 54.9312 2.62574 4.04925
    endloop
  endfacet
  facet normal -7.30628e-07 -0.182211 0.98326
    outer loop
      vertex 54.9258 2.83165 4.08741
      vertex 51.9287 2.72147 4.06699
      vertex 51.9312 2.62574 4.04925
    endloop
  endfacet
  facet normal 0 -0.18223 0.983256
    outer loop
      vertex 51.9287 2.72147 4.06699
      vertex 54.9258 2.83165 4.08741
      vertex 51.9201 2.83165 4.08741
    endloop
  endfacet
  facet normal 0 -0.999658 0.0261685
    outer loop
      vertex 51.6415 5.99452 7.79066
      vertex 54.6657 6 8
      vertex 51.6408 6 8
    endloop
  endfacet
  facet normal 0 -0.999658 0.0261685
    outer loop
      vertex 54.6657 6 8
      vertex 51.6415 5.99452 7.79066
      vertex 54.6664 5.99452 7.79066
    endloop
  endfacet
  facet normal 0 -0.522493 0.852644
    outer loop
      vertex 54.8223 4.17856 4.64532
      vertex 51.8281 4 4.5359
      vertex 54.8364 4 4.5359
    endloop
  endfacet
  facet normal 0 -0.522493 0.852644
    outer loop
      vertex 51.8281 4 4.5359
      vertex 54.8223 4.17856 4.64532
      vertex 51.8141 4.17856 4.64532
    endloop
  endfacet
  facet normal 1.47911e-06 -0.233478 0.972362
    outer loop
      vertex 51.9201 2.83165 4.08741
      vertex 54.9246 2.87848 4.09865
      vertex 54.9123 3.03528 4.1363
    endloop
  endfacet
  facet normal 0 -0.233389 0.972384
    outer loop
      vertex 54.9246 2.87848 4.09865
      vertex 51.9201 2.83165 4.08741
      vertex 54.9258 2.83165 4.08741
    endloop
  endfacet
  facet normal 0 -0.233458 0.972367
    outer loop
      vertex 51.9201 2.83165 4.08741
      vertex 54.9123 3.03528 4.1363
      vertex 51.904 3.03528 4.1363
    endloop
  endfacet
  facet normal -0 0.382675 0.923883
    outer loop
      vertex 51.8727 -3.43347 4.26568
      vertex 54.8657 -3.62695 4.34582
      vertex 54.8809 -3.43347 4.26568
    endloop
  endfacet
  facet normal 0 0.382675 0.923883
    outer loop
      vertex 54.8657 -3.62695 4.34582
      vertex 51.8727 -3.43347 4.26568
      vertex 51.8575 -3.62695 4.34582
    endloop
  endfacet
  facet normal -0 0.0784565 0.996918
    outer loop
      vertex 51.9421 -2.20934 4.00548
      vertex 54.9367 -2.41811 4.02191
      vertex 54.9421 -2.20934 4.00548
    endloop
  endfacet
  facet normal 0 0.0784565 0.996918
    outer loop
      vertex 54.9367 -2.41811 4.02191
      vertex 51.9421 -2.20934 4.00548
      vertex 51.9367 -2.41811 4.02191
    endloop
  endfacet
  facet normal 0 0.991442 -0.13055
    outer loop
      vertex 54.6686 -5.97809 8.41811
      vertex 51.6473 -5.95075 8.62574
      vertex 54.6721 -5.95075 8.62574
    endloop
  endfacet
  facet normal 0 0.991442 -0.13055
    outer loop
      vertex 51.6473 -5.95075 8.62574
      vertex 54.6686 -5.97809 8.41811
      vertex 51.6437 -5.97809 8.41811
    endloop
  endfacet
  facet normal 0 0.983258 -0.182221
    outer loop
      vertex 54.6721 -5.95075 8.62574
      vertex 51.6523 -5.91259 8.83165
      vertex 54.6772 -5.91259 8.83165
    endloop
  endfacet
  facet normal 0 0.983258 -0.182221
    outer loop
      vertex 51.6523 -5.91259 8.83165
      vertex 54.6721 -5.95075 8.62574
      vertex 51.6473 -5.95075 8.62574
    endloop
  endfacet
  facet normal 0 0.999658 -0.0261685
    outer loop
      vertex 54.6657 -6 8
      vertex 51.6415 -5.99452 8.20934
      vertex 54.6664 -5.99452 8.20934
    endloop
  endfacet
  facet normal 0 0.999658 -0.0261685
    outer loop
      vertex 51.6415 -5.99452 8.20934
      vertex 54.6657 -6 8
      vertex 51.6408 -6 8
    endloop
  endfacet
  facet normal -0 0.902591 0.430499
    outer loop
      vertex 51.6982 -5.56403 6.18404
      vertex 54.7062 -5.65418 6.37305
      vertex 54.7133 -5.56403 6.18404
    endloop
  endfacet
  facet normal 0 0.902591 0.430499
    outer loop
      vertex 54.7062 -5.65418 6.37305
      vertex 51.6982 -5.56403 6.18404
      vertex 51.6863 -5.65418 6.37305
    endloop
  endfacet
endsolid OpenSCAD_Model
