solid OpenSCAD_Model
  facet normal -0.0261885 -0.999657 0
    outer loop
      vertex -1.66428 -31.7564 3
      vertex 0 -31.8 5
      vertex -1.66428 -31.7564 5
    endloop
  endfacet
  facet normal -0.0261885 -0.999657 -0
    outer loop
      vertex 0 -31.8 5
      vertex -1.66428 -31.7564 3
      vertex 0 -31.8 3
    endloop
  endfacet
  facet normal 0.996918 -0.078445 0
    outer loop
      vertex 31.6258 -3.32401 5
      vertex 31.7564 -1.66428 3
      vertex 31.7564 -1.66428 5
    endloop
  endfacet
  facet normal 0.996918 -0.078445 0
    outer loop
      vertex 31.7564 -1.66428 3
      vertex 31.6258 -3.32401 5
      vertex 31.6258 -3.32401 3
    endloop
  endfacet
  facet normal 0.999657 -0.0261885 0
    outer loop
      vertex 31.7564 -1.66428 5
      vertex 31.8 0 3
      vertex 31.8 0 5
    endloop
  endfacet
  facet normal 0.999657 -0.0261885 0
    outer loop
      vertex 31.8 0 3
      vertex 31.7564 -1.66428 5
      vertex 31.7564 -1.66428 3
    endloop
  endfacet
  facet normal 0.991445 -0.130522 0
    outer loop
      vertex 31.4085 -4.97462 5
      vertex 31.6258 -3.32401 3
      vertex 31.6258 -3.32401 5
    endloop
  endfacet
  facet normal 0.991445 -0.130522 0
    outer loop
      vertex 31.6258 -3.32401 3
      vertex 31.4085 -4.97462 5
      vertex 31.4085 -4.97462 3
    endloop
  endfacet
  facet normal -0.996918 0.078445 0
    outer loop
      vertex -31.7564 1.66428 3
      vertex -31.6258 3.32401 5
      vertex -31.6258 3.32401 3
    endloop
  endfacet
  facet normal -0.996918 0.078445 0
    outer loop
      vertex -31.6258 3.32401 5
      vertex -31.7564 1.66428 3
      vertex -31.7564 1.66428 5
    endloop
  endfacet
  facet normal 0.649425 -0.760426 0
    outer loop
      vertex 20.0124 -24.7132 3
      vertex 21.2784 -23.632 5
      vertex 20.0124 -24.7132 5
    endloop
  endfacet
  facet normal 0.649425 -0.760426 0
    outer loop
      vertex 21.2784 -23.632 5
      vertex 20.0124 -24.7132 3
      vertex 21.2784 -23.632 3
    endloop
  endfacet
  facet normal -0.991445 -0.130522 0
    outer loop
      vertex -31.4085 -4.97462 3
      vertex -31.6258 -3.32401 5
      vertex -31.6258 -3.32401 3
    endloop
  endfacet
  facet normal -0.991445 -0.130522 0
    outer loop
      vertex -31.6258 -3.32401 5
      vertex -31.4085 -4.97462 3
      vertex -31.4085 -4.97462 5
    endloop
  endfacet
  facet normal 0.923859 0.382734 0
    outer loop
      vertex 29.6879 11.3961 5
      vertex 29.0507 12.9342 3
      vertex 29.0507 12.9342 5
    endloop
  endfacet
  facet normal 0.923859 0.382734 0
    outer loop
      vertex 29.0507 12.9342 3
      vertex 29.6879 11.3961 5
      vertex 29.6879 11.3961 3
    endloop
  endfacet
  facet normal -0.972363 0.233473 0
    outer loop
      vertex -31.1051 6.61159 3
      vertex -30.7164 8.23044 5
      vertex -30.7164 8.23044 3
    endloop
  endfacet
  facet normal -0.972363 0.233473 0
    outer loop
      vertex -30.7164 8.23044 5
      vertex -31.1051 6.61159 3
      vertex -31.1051 6.61159 5
    endloop
  endfacet
  facet normal -0.430486 -0.902597 0
    outer loop
      vertex -14.4369 -28.334 3
      vertex -12.9342 -29.0507 5
      vertex -14.4369 -28.334 5
    endloop
  endfacet
  facet normal -0.430486 -0.902597 -0
    outer loop
      vertex -12.9342 -29.0507 5
      vertex -14.4369 -28.334 3
      vertex -12.9342 -29.0507 3
    endloop
  endfacet
  facet normal -0.793349 -0.608767 0
    outer loop
      vertex -24.7132 -20.0124 3
      vertex -25.7267 -18.6916 5
      vertex -25.7267 -18.6916 3
    endloop
  endfacet
  facet normal -0.793349 -0.608767 0
    outer loop
      vertex -25.7267 -18.6916 5
      vertex -24.7132 -20.0124 3
      vertex -24.7132 -20.0124 5
    endloop
  endfacet
  facet normal 0.972363 -0.233473 0
    outer loop
      vertex 30.7164 -8.23044 5
      vertex 31.1051 -6.61159 3
      vertex 31.1051 -6.61159 5
    endloop
  endfacet
  facet normal 0.972363 -0.233473 0
    outer loop
      vertex 31.1051 -6.61159 3
      vertex 30.7164 -8.23044 5
      vertex 30.7164 -8.23044 3
    endloop
  endfacet
  facet normal 0.566399 -0.824131 0
    outer loop
      vertex 17.3195 -26.6697 3
      vertex 18.6916 -25.7267 5
      vertex 17.3195 -26.6697 5
    endloop
  endfacet
  facet normal 0.566399 -0.824131 0
    outer loop
      vertex 18.6916 -25.7267 5
      vertex 17.3195 -26.6697 3
      vertex 18.6916 -25.7267 3
    endloop
  endfacet
  facet normal -0.923859 0.382734 0
    outer loop
      vertex -29.6879 11.3961 3
      vertex -29.0507 12.9342 5
      vertex -29.0507 12.9342 3
    endloop
  endfacet
  facet normal -0.923859 0.382734 0
    outer loop
      vertex -29.0507 12.9342 5
      vertex -29.6879 11.3961 3
      vertex -29.6879 11.3961 5
    endloop
  endfacet
  facet normal 0.477159 -0.878817 0
    outer loop
      vertex 14.4369 -28.334 3
      vertex 15.9 -27.5396 5
      vertex 14.4369 -28.334 5
    endloop
  endfacet
  facet normal 0.477159 -0.878817 0
    outer loop
      vertex 15.9 -27.5396 5
      vertex 14.4369 -28.334 3
      vertex 15.9 -27.5396 3
    endloop
  endfacet
  facet normal -0.972363 -0.233473 0
    outer loop
      vertex -30.7164 -8.23044 3
      vertex -31.1051 -6.61159 5
      vertex -31.1051 -6.61159 3
    endloop
  endfacet
  facet normal -0.972363 -0.233473 0
    outer loop
      vertex -31.1051 -6.61159 5
      vertex -30.7164 -8.23044 3
      vertex -30.7164 -8.23044 5
    endloop
  endfacet
  facet normal 0.999657 0.0261885 0
    outer loop
      vertex 31.8 0 5
      vertex 31.7564 1.66428 3
      vertex 31.7564 1.66428 5
    endloop
  endfacet
  facet normal 0.999657 0.0261885 0
    outer loop
      vertex 31.7564 1.66428 3
      vertex 31.8 0 5
      vertex 31.8 0 3
    endloop
  endfacet
  facet normal -0.233473 -0.972363 0
    outer loop
      vertex -8.23044 -30.7164 3
      vertex -6.61159 -31.1051 5
      vertex -8.23044 -30.7164 5
    endloop
  endfacet
  facet normal -0.233473 -0.972363 -0
    outer loop
      vertex -6.61159 -31.1051 5
      vertex -8.23044 -30.7164 3
      vertex -6.61159 -31.1051 3
    endloop
  endfacet
  facet normal -0.999657 0.0261885 0
    outer loop
      vertex -31.8 0 3
      vertex -31.7564 1.66428 5
      vertex -31.7564 1.66428 3
    endloop
  endfacet
  facet normal -0.999657 0.0261885 0
    outer loop
      vertex -31.7564 1.66428 5
      vertex -31.8 0 3
      vertex -31.8 0 5
    endloop
  endfacet
  facet normal -0.991445 0.130522 0
    outer loop
      vertex -31.6258 3.32401 3
      vertex -31.4085 4.97462 5
      vertex -31.4085 4.97462 3
    endloop
  endfacet
  facet normal -0.991445 0.130522 0
    outer loop
      vertex -31.4085 4.97462 5
      vertex -31.6258 3.32401 3
      vertex -31.6258 3.32401 5
    endloop
  endfacet
  facet normal -0.793349 0.608767 0
    outer loop
      vertex -25.7267 18.6916 3
      vertex -24.7132 20.0124 5
      vertex -24.7132 20.0124 3
    endloop
  endfacet
  facet normal -0.793349 0.608767 0
    outer loop
      vertex -24.7132 20.0124 5
      vertex -25.7267 18.6916 3
      vertex -25.7267 18.6916 5
    endloop
  endfacet
  facet normal 0.649425 0.760426 -0
    outer loop
      vertex 21.2784 23.632 3
      vertex 20.0124 24.7132 5
      vertex 21.2784 23.632 5
    endloop
  endfacet
  facet normal 0.649425 0.760426 0
    outer loop
      vertex 20.0124 24.7132 5
      vertex 21.2784 23.632 3
      vertex 20.0124 24.7132 3
    endloop
  endfacet
  facet normal 0.688364 -0.725365 0
    outer loop
      vertex 21.2784 -23.632 3
      vertex 22.486 -22.486 5
      vertex 21.2784 -23.632 5
    endloop
  endfacet
  facet normal 0.688364 -0.725365 0
    outer loop
      vertex 22.486 -22.486 5
      vertex 21.2784 -23.632 3
      vertex 22.486 -22.486 3
    endloop
  endfacet
  facet normal 0.996918 0.078445 0
    outer loop
      vertex 31.7564 1.66428 5
      vertex 31.6258 3.32401 3
      vertex 31.6258 3.32401 5
    endloop
  endfacet
  facet normal 0.996918 0.078445 0
    outer loop
      vertex 31.6258 3.32401 3
      vertex 31.7564 1.66428 5
      vertex 31.7564 1.66428 3
    endloop
  endfacet
  facet normal 0.333786 -0.942649 0
    outer loop
      vertex 9.82674 -30.2436 3
      vertex 11.3961 -29.6879 5
      vertex 9.82674 -30.2436 5
    endloop
  endfacet
  facet normal 0.333786 -0.942649 0
    outer loop
      vertex 11.3961 -29.6879 5
      vertex 9.82674 -30.2436 3
      vertex 11.3961 -29.6879 3
    endloop
  endfacet
  facet normal -0.688364 -0.725365 0
    outer loop
      vertex -22.486 -22.486 3
      vertex -21.2784 -23.632 5
      vertex -22.486 -22.486 5
    endloop
  endfacet
  facet normal -0.688364 -0.725365 -0
    outer loop
      vertex -21.2784 -23.632 5
      vertex -22.486 -22.486 3
      vertex -21.2784 -23.632 3
    endloop
  endfacet
  facet normal 0.0261885 0.999657 -0
    outer loop
      vertex 1.66428 31.7564 3
      vertex 0 31.8 5
      vertex 1.66428 31.7564 5
    endloop
  endfacet
  facet normal 0.0261885 0.999657 0
    outer loop
      vertex 0 31.8 5
      vertex 1.66428 31.7564 3
      vertex 0 31.8 3
    endloop
  endfacet
  facet normal -0.130522 -0.991445 0
    outer loop
      vertex -4.97462 -31.4085 3
      vertex -3.32401 -31.6258 5
      vertex -4.97462 -31.4085 5
    endloop
  endfacet
  facet normal -0.130522 -0.991445 -0
    outer loop
      vertex -3.32401 -31.6258 5
      vertex -4.97462 -31.4085 3
      vertex -3.32401 -31.6258 3
    endloop
  endfacet
  facet normal -0.760426 -0.649425 0
    outer loop
      vertex -23.632 -21.2784 3
      vertex -24.7132 -20.0124 5
      vertex -24.7132 -20.0124 3
    endloop
  endfacet
  facet normal -0.760426 -0.649425 0
    outer loop
      vertex -24.7132 -20.0124 5
      vertex -23.632 -21.2784 3
      vertex -23.632 -21.2784 5
    endloop
  endfacet
  facet normal 0.725365 0.688364 0
    outer loop
      vertex 23.632 21.2784 5
      vertex 22.486 22.486 3
      vertex 22.486 22.486 5
    endloop
  endfacet
  facet normal 0.725365 0.688364 0
    outer loop
      vertex 22.486 22.486 3
      vertex 23.632 21.2784 5
      vertex 23.632 21.2784 3
    endloop
  endfacet
  facet normal 0.942649 -0.333786 0
    outer loop
      vertex 29.6879 -11.3961 5
      vertex 30.2436 -9.82674 3
      vertex 30.2436 -9.82674 5
    endloop
  endfacet
  facet normal 0.942649 -0.333786 0
    outer loop
      vertex 30.2436 -9.82674 3
      vertex 29.6879 -11.3961 5
      vertex 29.6879 -11.3961 3
    endloop
  endfacet
  facet normal 0.824131 -0.566399 0
    outer loop
      vertex 25.7267 -18.6916 5
      vertex 26.6697 -17.3195 3
      vertex 26.6697 -17.3195 5
    endloop
  endfacet
  facet normal 0.824131 -0.566399 0
    outer loop
      vertex 26.6697 -17.3195 3
      vertex 25.7267 -18.6916 5
      vertex 25.7267 -18.6916 3
    endloop
  endfacet
  facet normal 0.902597 -0.430486 0
    outer loop
      vertex 28.334 -14.4369 5
      vertex 29.0507 -12.9342 3
      vertex 29.0507 -12.9342 5
    endloop
  endfacet
  facet normal 0.902597 -0.430486 0
    outer loop
      vertex 29.0507 -12.9342 3
      vertex 28.334 -14.4369 5
      vertex 28.334 -14.4369 3
    endloop
  endfacet
  facet normal -0.182239 -0.983254 0
    outer loop
      vertex -6.61159 -31.1051 3
      vertex -4.97462 -31.4085 5
      vertex -6.61159 -31.1051 5
    endloop
  endfacet
  facet normal -0.182239 -0.983254 -0
    outer loop
      vertex -4.97462 -31.4085 5
      vertex -6.61159 -31.1051 3
      vertex -4.97462 -31.4085 3
    endloop
  endfacet
  facet normal 0.430486 0.902597 -0
    outer loop
      vertex 14.4369 28.334 3
      vertex 12.9342 29.0507 5
      vertex 14.4369 28.334 5
    endloop
  endfacet
  facet normal 0.430486 0.902597 0
    outer loop
      vertex 12.9342 29.0507 5
      vertex 14.4369 28.334 3
      vertex 12.9342 29.0507 3
    endloop
  endfacet
  facet normal -0.333786 -0.942649 0
    outer loop
      vertex -11.3961 -29.6879 3
      vertex -9.82674 -30.2436 5
      vertex -11.3961 -29.6879 5
    endloop
  endfacet
  facet normal -0.333786 -0.942649 -0
    outer loop
      vertex -9.82674 -30.2436 5
      vertex -11.3961 -29.6879 3
      vertex -9.82674 -30.2436 3
    endloop
  endfacet
  facet normal -0.996918 -0.078445 0
    outer loop
      vertex -31.6258 -3.32401 3
      vertex -31.7564 -1.66428 5
      vertex -31.7564 -1.66428 3
    endloop
  endfacet
  facet normal -0.996918 -0.078445 0
    outer loop
      vertex -31.7564 -1.66428 5
      vertex -31.6258 -3.32401 3
      vertex -31.6258 -3.32401 5
    endloop
  endfacet
  facet normal 0.902597 0.430486 0
    outer loop
      vertex 29.0507 12.9342 5
      vertex 28.334 14.4369 3
      vertex 28.334 14.4369 5
    endloop
  endfacet
  facet normal 0.902597 0.430486 0
    outer loop
      vertex 28.334 14.4369 3
      vertex 29.0507 12.9342 5
      vertex 29.0507 12.9342 3
    endloop
  endfacet
  facet normal 0.608767 0.793349 -0
    outer loop
      vertex 20.0124 24.7132 3
      vertex 18.6916 25.7267 5
      vertex 20.0124 24.7132 5
    endloop
  endfacet
  facet normal 0.608767 0.793349 0
    outer loop
      vertex 18.6916 25.7267 5
      vertex 20.0124 24.7132 3
      vertex 18.6916 25.7267 3
    endloop
  endfacet
  facet normal -0.333786 0.942649 0
    outer loop
      vertex -9.82674 30.2436 3
      vertex -11.3961 29.6879 5
      vertex -9.82674 30.2436 5
    endloop
  endfacet
  facet normal -0.333786 0.942649 0
    outer loop
      vertex -11.3961 29.6879 5
      vertex -9.82674 30.2436 3
      vertex -11.3961 29.6879 3
    endloop
  endfacet
  facet normal -0.522511 -0.852632 0
    outer loop
      vertex -17.3195 -26.6697 3
      vertex -15.9 -27.5396 5
      vertex -17.3195 -26.6697 5
    endloop
  endfacet
  facet normal -0.522511 -0.852632 -0
    outer loop
      vertex -15.9 -27.5396 5
      vertex -17.3195 -26.6697 3
      vertex -15.9 -27.5396 3
    endloop
  endfacet
  facet normal -0.725365 0.688364 0
    outer loop
      vertex -23.632 21.2784 3
      vertex -22.486 22.486 5
      vertex -22.486 22.486 3
    endloop
  endfacet
  facet normal -0.725365 0.688364 0
    outer loop
      vertex -22.486 22.486 5
      vertex -23.632 21.2784 3
      vertex -23.632 21.2784 5
    endloop
  endfacet
  facet normal -0.233473 0.972363 0
    outer loop
      vertex -6.61159 31.1051 3
      vertex -8.23044 30.7164 5
      vertex -6.61159 31.1051 5
    endloop
  endfacet
  facet normal -0.233473 0.972363 0
    outer loop
      vertex -8.23044 30.7164 5
      vertex -6.61159 31.1051 3
      vertex -8.23044 30.7164 3
    endloop
  endfacet
  facet normal -0.852632 0.522511 0
    outer loop
      vertex -27.5396 15.9 3
      vertex -26.6697 17.3195 5
      vertex -26.6697 17.3195 3
    endloop
  endfacet
  facet normal -0.852632 0.522511 0
    outer loop
      vertex -26.6697 17.3195 5
      vertex -27.5396 15.9 3
      vertex -27.5396 15.9 5
    endloop
  endfacet
  facet normal 0.878817 0.477159 0
    outer loop
      vertex 28.334 14.4369 5
      vertex 27.5396 15.9 3
      vertex 27.5396 15.9 5
    endloop
  endfacet
  facet normal 0.878817 0.477159 0
    outer loop
      vertex 27.5396 15.9 3
      vertex 28.334 14.4369 5
      vertex 28.334 14.4369 3
    endloop
  endfacet
  facet normal -0.942649 0.333786 0
    outer loop
      vertex -30.2436 9.82674 3
      vertex -29.6879 11.3961 5
      vertex -29.6879 11.3961 3
    endloop
  endfacet
  facet normal -0.942649 0.333786 0
    outer loop
      vertex -29.6879 11.3961 5
      vertex -30.2436 9.82674 3
      vertex -30.2436 9.82674 5
    endloop
  endfacet
  facet normal 0.793349 0.608767 0
    outer loop
      vertex 25.7267 18.6916 5
      vertex 24.7132 20.0124 3
      vertex 24.7132 20.0124 5
    endloop
  endfacet
  facet normal 0.793349 0.608767 0
    outer loop
      vertex 24.7132 20.0124 3
      vertex 25.7267 18.6916 5
      vertex 25.7267 18.6916 3
    endloop
  endfacet
  facet normal 0.608767 -0.793349 0
    outer loop
      vertex 18.6916 -25.7267 3
      vertex 20.0124 -24.7132 5
      vertex 18.6916 -25.7267 5
    endloop
  endfacet
  facet normal 0.608767 -0.793349 0
    outer loop
      vertex 20.0124 -24.7132 5
      vertex 18.6916 -25.7267 3
      vertex 20.0124 -24.7132 3
    endloop
  endfacet
  facet normal -0.28399 -0.958827 0
    outer loop
      vertex -9.82674 -30.2436 3
      vertex -8.23044 -30.7164 5
      vertex -9.82674 -30.2436 5
    endloop
  endfacet
  facet normal -0.28399 -0.958827 -0
    outer loop
      vertex -8.23044 -30.7164 5
      vertex -9.82674 -30.2436 3
      vertex -8.23044 -30.7164 3
    endloop
  endfacet
  facet normal 0.983254 -0.182239 0
    outer loop
      vertex 31.1051 -6.61159 5
      vertex 31.4085 -4.97462 3
      vertex 31.4085 -4.97462 5
    endloop
  endfacet
  facet normal 0.983254 -0.182239 0
    outer loop
      vertex 31.4085 -4.97462 3
      vertex 31.1051 -6.61159 5
      vertex 31.1051 -6.61159 3
    endloop
  endfacet
  facet normal 0.477159 0.878817 -0
    outer loop
      vertex 15.9 27.5396 3
      vertex 14.4369 28.334 5
      vertex 15.9 27.5396 5
    endloop
  endfacet
  facet normal 0.477159 0.878817 0
    outer loop
      vertex 14.4369 28.334 5
      vertex 15.9 27.5396 3
      vertex 14.4369 28.334 3
    endloop
  endfacet
  facet normal 0.333786 0.942649 -0
    outer loop
      vertex 11.3961 29.6879 3
      vertex 9.82674 30.2436 5
      vertex 11.3961 29.6879 5
    endloop
  endfacet
  facet normal 0.333786 0.942649 0
    outer loop
      vertex 9.82674 30.2436 5
      vertex 11.3961 29.6879 3
      vertex 9.82674 30.2436 3
    endloop
  endfacet
  facet normal 0.078445 -0.996918 0
    outer loop
      vertex 1.66428 -31.7564 3
      vertex 3.32401 -31.6258 5
      vertex 1.66428 -31.7564 5
    endloop
  endfacet
  facet normal 0.078445 -0.996918 0
    outer loop
      vertex 3.32401 -31.6258 5
      vertex 1.66428 -31.7564 3
      vertex 3.32401 -31.6258 3
    endloop
  endfacet
  facet normal 0.991445 0.130522 0
    outer loop
      vertex 31.6258 3.32401 5
      vertex 31.4085 4.97462 3
      vertex 31.4085 4.97462 5
    endloop
  endfacet
  facet normal 0.991445 0.130522 0
    outer loop
      vertex 31.4085 4.97462 3
      vertex 31.6258 3.32401 5
      vertex 31.6258 3.32401 3
    endloop
  endfacet
  facet normal 0.958827 0.28399 0
    outer loop
      vertex 30.7164 8.23044 5
      vertex 30.2436 9.82674 3
      vertex 30.2436 9.82674 5
    endloop
  endfacet
  facet normal 0.958827 0.28399 0
    outer loop
      vertex 30.2436 9.82674 3
      vertex 30.7164 8.23044 5
      vertex 30.7164 8.23044 3
    endloop
  endfacet
  facet normal 0.130522 0.991445 -0
    outer loop
      vertex 4.97462 31.4085 3
      vertex 3.32401 31.6258 5
      vertex 4.97462 31.4085 5
    endloop
  endfacet
  facet normal 0.130522 0.991445 0
    outer loop
      vertex 3.32401 31.6258 5
      vertex 4.97462 31.4085 3
      vertex 3.32401 31.6258 3
    endloop
  endfacet
  facet normal 0.972363 0.233473 0
    outer loop
      vertex 31.1051 6.61159 5
      vertex 30.7164 8.23044 3
      vertex 30.7164 8.23044 5
    endloop
  endfacet
  facet normal 0.972363 0.233473 0
    outer loop
      vertex 30.7164 8.23044 3
      vertex 31.1051 6.61159 5
      vertex 31.1051 6.61159 3
    endloop
  endfacet
  facet normal 0.28399 -0.958827 0
    outer loop
      vertex 8.23044 -30.7164 3
      vertex 9.82674 -30.2436 5
      vertex 8.23044 -30.7164 5
    endloop
  endfacet
  facet normal 0.28399 -0.958827 0
    outer loop
      vertex 9.82674 -30.2436 5
      vertex 8.23044 -30.7164 3
      vertex 9.82674 -30.2436 3
    endloop
  endfacet
  facet normal -0.130522 0.991445 0
    outer loop
      vertex -3.32401 31.6258 3
      vertex -4.97462 31.4085 5
      vertex -3.32401 31.6258 5
    endloop
  endfacet
  facet normal -0.130522 0.991445 0
    outer loop
      vertex -4.97462 31.4085 5
      vertex -3.32401 31.6258 3
      vertex -4.97462 31.4085 3
    endloop
  endfacet
  facet normal 0.852632 -0.522511 0
    outer loop
      vertex 26.6697 -17.3195 5
      vertex 27.5396 -15.9 3
      vertex 27.5396 -15.9 5
    endloop
  endfacet
  facet normal 0.852632 -0.522511 0
    outer loop
      vertex 27.5396 -15.9 3
      vertex 26.6697 -17.3195 5
      vertex 26.6697 -17.3195 3
    endloop
  endfacet
  facet normal 0.130522 -0.991445 0
    outer loop
      vertex 3.32401 -31.6258 3
      vertex 4.97462 -31.4085 5
      vertex 3.32401 -31.6258 5
    endloop
  endfacet
  facet normal 0.130522 -0.991445 0
    outer loop
      vertex 4.97462 -31.4085 5
      vertex 3.32401 -31.6258 3
      vertex 4.97462 -31.4085 3
    endloop
  endfacet
  facet normal -0.0261885 0.999657 0
    outer loop
      vertex 0 31.8 3
      vertex -1.66428 31.7564 5
      vertex 0 31.8 5
    endloop
  endfacet
  facet normal -0.0261885 0.999657 0
    outer loop
      vertex -1.66428 31.7564 5
      vertex 0 31.8 3
      vertex -1.66428 31.7564 3
    endloop
  endfacet
  facet normal 0.522511 -0.852632 0
    outer loop
      vertex 15.9 -27.5396 3
      vertex 17.3195 -26.6697 5
      vertex 15.9 -27.5396 5
    endloop
  endfacet
  facet normal 0.522511 -0.852632 0
    outer loop
      vertex 17.3195 -26.6697 5
      vertex 15.9 -27.5396 3
      vertex 17.3195 -26.6697 3
    endloop
  endfacet
  facet normal 0.0261885 -0.999657 0
    outer loop
      vertex 0 -31.8 3
      vertex 1.66428 -31.7564 5
      vertex 0 -31.8 5
    endloop
  endfacet
  facet normal 0.0261885 -0.999657 0
    outer loop
      vertex 1.66428 -31.7564 5
      vertex 0 -31.8 3
      vertex 1.66428 -31.7564 3
    endloop
  endfacet
  facet normal 0 0 1
    outer loop
      vertex 31.8 0 3
      vertex 35 0 3
      vertex 34.952 1.83176 3
    endloop
  endfacet
  facet normal 0 0 1
    outer loop
      vertex 31.7564 1.66428 3
      vertex 34.952 1.83176 3
      vertex 34.8083 3.6585 3
    endloop
  endfacet
  facet normal 0 0 1
    outer loop
      vertex 35 0 3
      vertex 31.8 0 3
      vertex 34.952 -1.83176 3
    endloop
  endfacet
  facet normal 0 0 1
    outer loop
      vertex 31.6258 3.32401 3
      vertex 34.8083 3.6585 3
      vertex 34.5691 5.47521 3
    endloop
  endfacet
  facet normal -0 0 1
    outer loop
      vertex 31.7564 -1.66428 3
      vertex 34.952 -1.83176 3
      vertex 31.8 0 3
    endloop
  endfacet
  facet normal 0 0 1
    outer loop
      vertex 31.4085 4.97462 3
      vertex 34.5691 5.47521 3
      vertex 34.2352 7.27691 3
    endloop
  endfacet
  facet normal 0 0 1
    outer loop
      vertex 34.952 -1.83176 3
      vertex 31.7564 -1.66428 3
      vertex 34.8083 -3.6585 3
    endloop
  endfacet
  facet normal 0 0 1
    outer loop
      vertex 31.1051 6.61159 3
      vertex 34.2352 7.27691 3
      vertex 33.8074 9.05867 3
    endloop
  endfacet
  facet normal -0 0 1
    outer loop
      vertex 31.6258 -3.32401 3
      vertex 34.8083 -3.6585 3
      vertex 31.7564 -1.66428 3
    endloop
  endfacet
  facet normal 0 0 1
    outer loop
      vertex 30.7164 8.23044 3
      vertex 33.8074 9.05867 3
      vertex 33.287 10.8156 3
    endloop
  endfacet
  facet normal 0 0 1
    outer loop
      vertex 34.8083 -3.6585 3
      vertex 31.6258 -3.32401 3
      vertex 34.5691 -5.47521 3
    endloop
  endfacet
  facet normal 0 0 1
    outer loop
      vertex 30.2436 9.82674 3
      vertex 33.287 10.8156 3
      vertex 32.6753 12.5429 3
    endloop
  endfacet
  facet normal -0 0 1
    outer loop
      vertex 31.4085 -4.97462 3
      vertex 34.5691 -5.47521 3
      vertex 31.6258 -3.32401 3
    endloop
  endfacet
  facet normal 0 0 1
    outer loop
      vertex 29.6879 11.3961 3
      vertex 32.6753 12.5429 3
      vertex 31.9741 14.2358 3
    endloop
  endfacet
  facet normal 0 0 1
    outer loop
      vertex 34.5691 -5.47521 3
      vertex 31.4085 -4.97462 3
      vertex 34.2352 -7.27691 3
    endloop
  endfacet
  facet normal -0 0 1
    outer loop
      vertex 31.1051 -6.61159 3
      vertex 34.2352 -7.27691 3
      vertex 31.4085 -4.97462 3
    endloop
  endfacet
  facet normal 0 0 1
    outer loop
      vertex 34.952 1.83176 3
      vertex 31.7564 1.66428 3
      vertex 31.8 0 3
    endloop
  endfacet
  facet normal 0 0 1
    outer loop
      vertex 34.8083 3.6585 3
      vertex 31.6258 3.32401 3
      vertex 31.7564 1.66428 3
    endloop
  endfacet
  facet normal 0 0 1
    outer loop
      vertex 34.5691 5.47521 3
      vertex 31.4085 4.97462 3
      vertex 31.6258 3.32401 3
    endloop
  endfacet
  facet normal 0 0 1
    outer loop
      vertex 29.0507 12.9342 3
      vertex 31.9741 14.2358 3
      vertex 31.1852 15.8897 3
    endloop
  endfacet
  facet normal 0 0 1
    outer loop
      vertex 34.2352 7.27691 3
      vertex 31.1051 6.61159 3
      vertex 31.4085 4.97462 3
    endloop
  endfacet
  facet normal 0 0 1
    outer loop
      vertex 33.8074 9.05867 3
      vertex 30.7164 8.23044 3
      vertex 31.1051 6.61159 3
    endloop
  endfacet
  facet normal 0 0 1
    outer loop
      vertex 28.334 14.4369 3
      vertex 31.1852 15.8897 3
      vertex 30.3109 17.5 3
    endloop
  endfacet
  facet normal 0 0 1
    outer loop
      vertex 33.287 10.8156 3
      vertex 30.2436 9.82674 3
      vertex 30.7164 8.23044 3
    endloop
  endfacet
  facet normal 0 0 1
    outer loop
      vertex 32.6753 12.5429 3
      vertex 29.6879 11.3961 3
      vertex 30.2436 9.82674 3
    endloop
  endfacet
  facet normal 0 0 1
    outer loop
      vertex 27.5396 15.9 3
      vertex 30.3109 17.5 3
      vertex 29.3535 19.0624 3
    endloop
  endfacet
  facet normal 0 0 1
    outer loop
      vertex 31.9741 14.2358 3
      vertex 29.0507 12.9342 3
      vertex 29.6879 11.3961 3
    endloop
  endfacet
  facet normal 0 0 1
    outer loop
      vertex 31.1852 15.8897 3
      vertex 28.334 14.4369 3
      vertex 29.0507 12.9342 3
    endloop
  endfacet
  facet normal 0 0 1
    outer loop
      vertex 26.6697 17.3195 3
      vertex 29.3535 19.0624 3
      vertex 28.3156 20.5725 3
    endloop
  endfacet
  facet normal 0 0 1
    outer loop
      vertex 30.3109 17.5 3
      vertex 27.5396 15.9 3
      vertex 28.334 14.4369 3
    endloop
  endfacet
  facet normal 0 0 1
    outer loop
      vertex 25.7267 18.6916 3
      vertex 28.3156 20.5725 3
      vertex 27.2001 22.0262 3
    endloop
  endfacet
  facet normal 0 0 1
    outer loop
      vertex 29.3535 19.0624 3
      vertex 26.6697 17.3195 3
      vertex 27.5396 15.9 3
    endloop
  endfacet
  facet normal 0 0 1
    outer loop
      vertex 24.7132 20.0124 3
      vertex 27.2001 22.0262 3
      vertex 26.0101 23.4196 3
    endloop
  endfacet
  facet normal 0 0 1
    outer loop
      vertex 28.3156 20.5725 3
      vertex 25.7267 18.6916 3
      vertex 26.6697 17.3195 3
    endloop
  endfacet
  facet normal 0 0 1
    outer loop
      vertex 23.632 21.2784 3
      vertex 26.0101 23.4196 3
      vertex 24.7487 24.7487 3
    endloop
  endfacet
  facet normal 0 0 1
    outer loop
      vertex 27.2001 22.0262 3
      vertex 24.7132 20.0124 3
      vertex 25.7267 18.6916 3
    endloop
  endfacet
  facet normal 0 0 1
    outer loop
      vertex 26.0101 23.4196 3
      vertex 23.632 21.2784 3
      vertex 24.7132 20.0124 3
    endloop
  endfacet
  facet normal 0 0 1
    outer loop
      vertex 22.486 22.486 3
      vertex 24.7487 24.7487 3
      vertex 23.4196 26.0101 3
    endloop
  endfacet
  facet normal 0 0 1
    outer loop
      vertex 24.7487 24.7487 3
      vertex 22.486 22.486 3
      vertex 23.632 21.2784 3
    endloop
  endfacet
  facet normal 0 0 1
    outer loop
      vertex 21.2784 23.632 3
      vertex 23.4196 26.0101 3
      vertex 22.0262 27.2001 3
    endloop
  endfacet
  facet normal 0 0 1
    outer loop
      vertex 23.4196 26.0101 3
      vertex 21.2784 23.632 3
      vertex 22.486 22.486 3
    endloop
  endfacet
  facet normal 0 0 1
    outer loop
      vertex 20.0124 24.7132 3
      vertex 22.0262 27.2001 3
      vertex 20.5725 28.3156 3
    endloop
  endfacet
  facet normal 0 0 1
    outer loop
      vertex 22.0262 27.2001 3
      vertex 20.0124 24.7132 3
      vertex 21.2784 23.632 3
    endloop
  endfacet
  facet normal 0 0 1
    outer loop
      vertex 18.6916 25.7267 3
      vertex 20.5725 28.3156 3
      vertex 19.0624 29.3535 3
    endloop
  endfacet
  facet normal 0 0 1
    outer loop
      vertex 20.5725 28.3156 3
      vertex 18.6916 25.7267 3
      vertex 20.0124 24.7132 3
    endloop
  endfacet
  facet normal 0 0 1
    outer loop
      vertex 17.3195 26.6697 3
      vertex 19.0624 29.3535 3
      vertex 17.5 30.3109 3
    endloop
  endfacet
  facet normal 0 0 1
    outer loop
      vertex 19.0624 29.3535 3
      vertex 17.3195 26.6697 3
      vertex 18.6916 25.7267 3
    endloop
  endfacet
  facet normal 0 0 1
    outer loop
      vertex 17.5 30.3109 3
      vertex 15.9 27.5396 3
      vertex 17.3195 26.6697 3
    endloop
  endfacet
  facet normal 0 0 1
    outer loop
      vertex 15.8897 31.1852 3
      vertex 15.9 27.5396 3
      vertex 17.5 30.3109 3
    endloop
  endfacet
  facet normal 0 0 1
    outer loop
      vertex 15.8897 31.1852 3
      vertex 14.4369 28.334 3
      vertex 15.9 27.5396 3
    endloop
  endfacet
  facet normal 0 0 1
    outer loop
      vertex 14.2358 31.9741 3
      vertex 14.4369 28.334 3
      vertex 15.8897 31.1852 3
    endloop
  endfacet
  facet normal 0 0 1
    outer loop
      vertex 14.2358 31.9741 3
      vertex 12.9342 29.0507 3
      vertex 14.4369 28.334 3
    endloop
  endfacet
  facet normal 0 0 1
    outer loop
      vertex 12.5429 32.6753 3
      vertex 12.9342 29.0507 3
      vertex 14.2358 31.9741 3
    endloop
  endfacet
  facet normal 0 0 1
    outer loop
      vertex 12.5429 32.6753 3
      vertex 11.3961 29.6879 3
      vertex 12.9342 29.0507 3
    endloop
  endfacet
  facet normal 0 0 1
    outer loop
      vertex 10.8156 33.287 3
      vertex 11.3961 29.6879 3
      vertex 12.5429 32.6753 3
    endloop
  endfacet
  facet normal 0 0 1
    outer loop
      vertex 10.8156 33.287 3
      vertex 9.82674 30.2436 3
      vertex 11.3961 29.6879 3
    endloop
  endfacet
  facet normal 0 0 1
    outer loop
      vertex 9.05867 33.8074 3
      vertex 9.82674 30.2436 3
      vertex 10.8156 33.287 3
    endloop
  endfacet
  facet normal 0 0 1
    outer loop
      vertex 9.05867 33.8074 3
      vertex 8.23044 30.7164 3
      vertex 9.82674 30.2436 3
    endloop
  endfacet
  facet normal 0 0 1
    outer loop
      vertex 7.27691 34.2352 3
      vertex 8.23044 30.7164 3
      vertex 9.05867 33.8074 3
    endloop
  endfacet
  facet normal 0 0 1
    outer loop
      vertex 7.27691 34.2352 3
      vertex 6.61159 31.1051 3
      vertex 8.23044 30.7164 3
    endloop
  endfacet
  facet normal 0 0 1
    outer loop
      vertex 5.47521 34.5691 3
      vertex 6.61159 31.1051 3
      vertex 7.27691 34.2352 3
    endloop
  endfacet
  facet normal 0 0 1
    outer loop
      vertex 5.47521 34.5691 3
      vertex 4.97462 31.4085 3
      vertex 6.61159 31.1051 3
    endloop
  endfacet
  facet normal 0 0 1
    outer loop
      vertex 3.6585 34.8083 3
      vertex 4.97462 31.4085 3
      vertex 5.47521 34.5691 3
    endloop
  endfacet
  facet normal 0 0 1
    outer loop
      vertex 3.6585 34.8083 3
      vertex 3.32401 31.6258 3
      vertex 4.97462 31.4085 3
    endloop
  endfacet
  facet normal 0 0 1
    outer loop
      vertex 1.83176 34.952 3
      vertex 3.32401 31.6258 3
      vertex 3.6585 34.8083 3
    endloop
  endfacet
  facet normal 0 0 1
    outer loop
      vertex 1.83176 34.952 3
      vertex 1.66428 31.7564 3
      vertex 3.32401 31.6258 3
    endloop
  endfacet
  facet normal 0 0 1
    outer loop
      vertex 0 35 3
      vertex 1.66428 31.7564 3
      vertex 1.83176 34.952 3
    endloop
  endfacet
  facet normal 0 0 1
    outer loop
      vertex 0 35 3
      vertex 0 31.8 3
      vertex 1.66428 31.7564 3
    endloop
  endfacet
  facet normal 0 0 1
    outer loop
      vertex 0 35 3
      vertex -1.66428 31.7564 3
      vertex 0 31.8 3
    endloop
  endfacet
  facet normal -0 0 1
    outer loop
      vertex -1.83176 34.952 3
      vertex -1.66428 31.7564 3
      vertex 0 35 3
    endloop
  endfacet
  facet normal 0 0 1
    outer loop
      vertex -1.83176 34.952 3
      vertex -3.32401 31.6258 3
      vertex -1.66428 31.7564 3
    endloop
  endfacet
  facet normal -0 0 1
    outer loop
      vertex -3.6585 34.8083 3
      vertex -3.32401 31.6258 3
      vertex -1.83176 34.952 3
    endloop
  endfacet
  facet normal 0 0 1
    outer loop
      vertex -3.6585 34.8083 3
      vertex -4.97462 31.4085 3
      vertex -3.32401 31.6258 3
    endloop
  endfacet
  facet normal -0 0 1
    outer loop
      vertex -5.47521 34.5691 3
      vertex -4.97462 31.4085 3
      vertex -3.6585 34.8083 3
    endloop
  endfacet
  facet normal 0 0 1
    outer loop
      vertex -5.47521 34.5691 3
      vertex -6.61159 31.1051 3
      vertex -4.97462 31.4085 3
    endloop
  endfacet
  facet normal -0 0 1
    outer loop
      vertex -7.27691 34.2352 3
      vertex -6.61159 31.1051 3
      vertex -5.47521 34.5691 3
    endloop
  endfacet
  facet normal 0 0 1
    outer loop
      vertex -7.27691 34.2352 3
      vertex -8.23044 30.7164 3
      vertex -6.61159 31.1051 3
    endloop
  endfacet
  facet normal -0 0 1
    outer loop
      vertex -9.05867 33.8074 3
      vertex -8.23044 30.7164 3
      vertex -7.27691 34.2352 3
    endloop
  endfacet
  facet normal 0 0 1
    outer loop
      vertex -9.05867 33.8074 3
      vertex -9.82674 30.2436 3
      vertex -8.23044 30.7164 3
    endloop
  endfacet
  facet normal -0 0 1
    outer loop
      vertex -10.8156 33.287 3
      vertex -9.82674 30.2436 3
      vertex -9.05867 33.8074 3
    endloop
  endfacet
  facet normal 0 0 1
    outer loop
      vertex -10.8156 33.287 3
      vertex -11.3961 29.6879 3
      vertex -9.82674 30.2436 3
    endloop
  endfacet
  facet normal -0 0 1
    outer loop
      vertex -12.5429 32.6753 3
      vertex -11.3961 29.6879 3
      vertex -10.8156 33.287 3
    endloop
  endfacet
  facet normal 0 0 1
    outer loop
      vertex -12.5429 32.6753 3
      vertex -12.9342 29.0507 3
      vertex -11.3961 29.6879 3
    endloop
  endfacet
  facet normal -0 0 1
    outer loop
      vertex -14.2358 31.9741 3
      vertex -12.9342 29.0507 3
      vertex -12.5429 32.6753 3
    endloop
  endfacet
  facet normal 0 0 1
    outer loop
      vertex -14.2358 31.9741 3
      vertex -14.4369 28.334 3
      vertex -12.9342 29.0507 3
    endloop
  endfacet
  facet normal -0 0 1
    outer loop
      vertex -15.8897 31.1852 3
      vertex -14.4369 28.334 3
      vertex -14.2358 31.9741 3
    endloop
  endfacet
  facet normal 0 0 1
    outer loop
      vertex -15.8897 31.1852 3
      vertex -15.9 27.5396 3
      vertex -14.4369 28.334 3
    endloop
  endfacet
  facet normal -0 0 1
    outer loop
      vertex -17.5 30.3109 3
      vertex -15.9 27.5396 3
      vertex -15.8897 31.1852 3
    endloop
  endfacet
  facet normal 0 0 1
    outer loop
      vertex -15.9 27.5396 3
      vertex -17.5 30.3109 3
      vertex -17.3195 26.6697 3
    endloop
  endfacet
  facet normal -0 0 1
    outer loop
      vertex -19.0624 29.3535 3
      vertex -17.3195 26.6697 3
      vertex -17.5 30.3109 3
    endloop
  endfacet
  facet normal 0 0 1
    outer loop
      vertex -17.3195 26.6697 3
      vertex -19.0624 29.3535 3
      vertex -18.6916 25.7267 3
    endloop
  endfacet
  facet normal -0 0 1
    outer loop
      vertex -20.5725 28.3156 3
      vertex -18.6916 25.7267 3
      vertex -19.0624 29.3535 3
    endloop
  endfacet
  facet normal 0 0 1
    outer loop
      vertex -18.6916 25.7267 3
      vertex -20.5725 28.3156 3
      vertex -20.0124 24.7132 3
    endloop
  endfacet
  facet normal -0 0 1
    outer loop
      vertex -22.0262 27.2001 3
      vertex -20.0124 24.7132 3
      vertex -20.5725 28.3156 3
    endloop
  endfacet
  facet normal 0 0 1
    outer loop
      vertex -20.0124 24.7132 3
      vertex -22.0262 27.2001 3
      vertex -21.2784 23.632 3
    endloop
  endfacet
  facet normal -0 0 1
    outer loop
      vertex -23.4196 26.0101 3
      vertex -21.2784 23.632 3
      vertex -22.0262 27.2001 3
    endloop
  endfacet
  facet normal 0 0 1
    outer loop
      vertex -21.2784 23.632 3
      vertex -23.4196 26.0101 3
      vertex -22.486 22.486 3
    endloop
  endfacet
  facet normal -0 0 1
    outer loop
      vertex -24.7487 24.7487 3
      vertex -22.486 22.486 3
      vertex -23.4196 26.0101 3
    endloop
  endfacet
  facet normal 0 0 1
    outer loop
      vertex -22.486 22.486 3
      vertex -24.7487 24.7487 3
      vertex -23.632 21.2784 3
    endloop
  endfacet
  facet normal -0 0 1
    outer loop
      vertex -26.0101 23.4196 3
      vertex -23.632 21.2784 3
      vertex -24.7487 24.7487 3
    endloop
  endfacet
  facet normal 0 0 1
    outer loop
      vertex -23.632 21.2784 3
      vertex -26.0101 23.4196 3
      vertex -24.7132 20.0124 3
    endloop
  endfacet
  facet normal -0 0 1
    outer loop
      vertex -27.2001 22.0262 3
      vertex -24.7132 20.0124 3
      vertex -26.0101 23.4196 3
    endloop
  endfacet
  facet normal 0 0 1
    outer loop
      vertex -24.7132 20.0124 3
      vertex -27.2001 22.0262 3
      vertex -25.7267 18.6916 3
    endloop
  endfacet
  facet normal -0 0 1
    outer loop
      vertex -28.3156 20.5725 3
      vertex -25.7267 18.6916 3
      vertex -27.2001 22.0262 3
    endloop
  endfacet
  facet normal 0 0 1
    outer loop
      vertex -25.7267 18.6916 3
      vertex -28.3156 20.5725 3
      vertex -26.6697 17.3195 3
    endloop
  endfacet
  facet normal -0 0 1
    outer loop
      vertex -29.3535 19.0624 3
      vertex -26.6697 17.3195 3
      vertex -28.3156 20.5725 3
    endloop
  endfacet
  facet normal 0 0 1
    outer loop
      vertex -26.6697 17.3195 3
      vertex -29.3535 19.0624 3
      vertex -27.5396 15.9 3
    endloop
  endfacet
  facet normal -0 0 1
    outer loop
      vertex -30.3109 17.5 3
      vertex -27.5396 15.9 3
      vertex -29.3535 19.0624 3
    endloop
  endfacet
  facet normal 0 0 1
    outer loop
      vertex -27.5396 15.9 3
      vertex -30.3109 17.5 3
      vertex -28.334 14.4369 3
    endloop
  endfacet
  facet normal -0 0 1
    outer loop
      vertex -31.1852 15.8897 3
      vertex -28.334 14.4369 3
      vertex -30.3109 17.5 3
    endloop
  endfacet
  facet normal 0 0 1
    outer loop
      vertex -28.334 14.4369 3
      vertex -31.1852 15.8897 3
      vertex -29.0507 12.9342 3
    endloop
  endfacet
  facet normal -0 0 1
    outer loop
      vertex -31.9741 14.2358 3
      vertex -29.0507 12.9342 3
      vertex -31.1852 15.8897 3
    endloop
  endfacet
  facet normal 0 0 1
    outer loop
      vertex -29.0507 12.9342 3
      vertex -31.9741 14.2358 3
      vertex -29.6879 11.3961 3
    endloop
  endfacet
  facet normal -0 0 1
    outer loop
      vertex -32.6753 12.5429 3
      vertex -29.6879 11.3961 3
      vertex -31.9741 14.2358 3
    endloop
  endfacet
  facet normal 0 0 1
    outer loop
      vertex -29.6879 11.3961 3
      vertex -32.6753 12.5429 3
      vertex -30.2436 9.82674 3
    endloop
  endfacet
  facet normal -0 0 1
    outer loop
      vertex -33.287 10.8156 3
      vertex -30.2436 9.82674 3
      vertex -32.6753 12.5429 3
    endloop
  endfacet
  facet normal 0 0 1
    outer loop
      vertex -30.2436 9.82674 3
      vertex -33.287 10.8156 3
      vertex -30.7164 8.23044 3
    endloop
  endfacet
  facet normal -0 0 1
    outer loop
      vertex -33.8074 9.05867 3
      vertex -30.7164 8.23044 3
      vertex -33.287 10.8156 3
    endloop
  endfacet
  facet normal -0 0 1
    outer loop
      vertex -34.2352 7.27691 3
      vertex -31.1051 6.61159 3
      vertex -33.8074 9.05867 3
    endloop
  endfacet
  facet normal 0 0 1
    outer loop
      vertex -30.7164 8.23044 3
      vertex -33.8074 9.05867 3
      vertex -31.1051 6.61159 3
    endloop
  endfacet
  facet normal 0 0 1
    outer loop
      vertex 34.2352 -7.27691 3
      vertex 31.1051 -6.61159 3
      vertex 33.8074 -9.05867 3
    endloop
  endfacet
  facet normal -0 0 1
    outer loop
      vertex 30.7164 -8.23044 3
      vertex 33.8074 -9.05867 3
      vertex 31.1051 -6.61159 3
    endloop
  endfacet
  facet normal 0 0 1
    outer loop
      vertex 33.8074 -9.05867 3
      vertex 30.7164 -8.23044 3
      vertex 33.287 -10.8156 3
    endloop
  endfacet
  facet normal -0 0 1
    outer loop
      vertex 30.2436 -9.82674 3
      vertex 33.287 -10.8156 3
      vertex 30.7164 -8.23044 3
    endloop
  endfacet
  facet normal 0 0 1
    outer loop
      vertex 33.287 -10.8156 3
      vertex 30.2436 -9.82674 3
      vertex 32.6753 -12.5429 3
    endloop
  endfacet
  facet normal -0 0 1
    outer loop
      vertex 29.6879 -11.3961 3
      vertex 32.6753 -12.5429 3
      vertex 30.2436 -9.82674 3
    endloop
  endfacet
  facet normal 0 0 1
    outer loop
      vertex 32.6753 -12.5429 3
      vertex 29.6879 -11.3961 3
      vertex 31.9741 -14.2358 3
    endloop
  endfacet
  facet normal -0 0 1
    outer loop
      vertex 29.0507 -12.9342 3
      vertex 31.9741 -14.2358 3
      vertex 29.6879 -11.3961 3
    endloop
  endfacet
  facet normal 0 0 1
    outer loop
      vertex 31.9741 -14.2358 3
      vertex 29.0507 -12.9342 3
      vertex 31.1852 -15.8897 3
    endloop
  endfacet
  facet normal -0 0 1
    outer loop
      vertex 28.334 -14.4369 3
      vertex 31.1852 -15.8897 3
      vertex 29.0507 -12.9342 3
    endloop
  endfacet
  facet normal 0 0 1
    outer loop
      vertex 31.1852 -15.8897 3
      vertex 28.334 -14.4369 3
      vertex 30.3109 -17.5 3
    endloop
  endfacet
  facet normal -0 0 1
    outer loop
      vertex 27.5396 -15.9 3
      vertex 30.3109 -17.5 3
      vertex 28.334 -14.4369 3
    endloop
  endfacet
  facet normal 0 0 1
    outer loop
      vertex 30.3109 -17.5 3
      vertex 27.5396 -15.9 3
      vertex 29.3535 -19.0624 3
    endloop
  endfacet
  facet normal -0 0 1
    outer loop
      vertex 26.6697 -17.3195 3
      vertex 29.3535 -19.0624 3
      vertex 27.5396 -15.9 3
    endloop
  endfacet
  facet normal 0 0 1
    outer loop
      vertex 29.3535 -19.0624 3
      vertex 26.6697 -17.3195 3
      vertex 28.3156 -20.5725 3
    endloop
  endfacet
  facet normal -0 0 1
    outer loop
      vertex 25.7267 -18.6916 3
      vertex 28.3156 -20.5725 3
      vertex 26.6697 -17.3195 3
    endloop
  endfacet
  facet normal 0 0 1
    outer loop
      vertex 28.3156 -20.5725 3
      vertex 25.7267 -18.6916 3
      vertex 27.2001 -22.0262 3
    endloop
  endfacet
  facet normal -0 0 1
    outer loop
      vertex 24.7132 -20.0124 3
      vertex 27.2001 -22.0262 3
      vertex 25.7267 -18.6916 3
    endloop
  endfacet
  facet normal 0 0 1
    outer loop
      vertex 27.2001 -22.0262 3
      vertex 24.7132 -20.0124 3
      vertex 26.0101 -23.4196 3
    endloop
  endfacet
  facet normal -0 0 1
    outer loop
      vertex 23.632 -21.2784 3
      vertex 26.0101 -23.4196 3
      vertex 24.7132 -20.0124 3
    endloop
  endfacet
  facet normal 0 0 1
    outer loop
      vertex 26.0101 -23.4196 3
      vertex 23.632 -21.2784 3
      vertex 24.7487 -24.7487 3
    endloop
  endfacet
  facet normal -0 0 1
    outer loop
      vertex 22.486 -22.486 3
      vertex 24.7487 -24.7487 3
      vertex 23.632 -21.2784 3
    endloop
  endfacet
  facet normal 0 0 1
    outer loop
      vertex 24.7487 -24.7487 3
      vertex 22.486 -22.486 3
      vertex 23.4196 -26.0101 3
    endloop
  endfacet
  facet normal -0 0 1
    outer loop
      vertex 21.2784 -23.632 3
      vertex 23.4196 -26.0101 3
      vertex 22.486 -22.486 3
    endloop
  endfacet
  facet normal 0 0 1
    outer loop
      vertex 23.4196 -26.0101 3
      vertex 21.2784 -23.632 3
      vertex 22.0262 -27.2001 3
    endloop
  endfacet
  facet normal -0 0 1
    outer loop
      vertex 20.0124 -24.7132 3
      vertex 22.0262 -27.2001 3
      vertex 21.2784 -23.632 3
    endloop
  endfacet
  facet normal 0 0 1
    outer loop
      vertex 22.0262 -27.2001 3
      vertex 20.0124 -24.7132 3
      vertex 20.5725 -28.3156 3
    endloop
  endfacet
  facet normal -0 0 1
    outer loop
      vertex 18.6916 -25.7267 3
      vertex 20.5725 -28.3156 3
      vertex 20.0124 -24.7132 3
    endloop
  endfacet
  facet normal 0 0 1
    outer loop
      vertex 20.5725 -28.3156 3
      vertex 18.6916 -25.7267 3
      vertex 19.0624 -29.3535 3
    endloop
  endfacet
  facet normal -0 0 1
    outer loop
      vertex 17.3195 -26.6697 3
      vertex 19.0624 -29.3535 3
      vertex 18.6916 -25.7267 3
    endloop
  endfacet
  facet normal 0 0 1
    outer loop
      vertex 19.0624 -29.3535 3
      vertex 17.3195 -26.6697 3
      vertex 17.5 -30.3109 3
    endloop
  endfacet
  facet normal -0 0 1
    outer loop
      vertex 15.9 -27.5396 3
      vertex 17.5 -30.3109 3
      vertex 17.3195 -26.6697 3
    endloop
  endfacet
  facet normal 0 0 1
    outer loop
      vertex 15.9 -27.5396 3
      vertex 15.8897 -31.1852 3
      vertex 17.5 -30.3109 3
    endloop
  endfacet
  facet normal -0 0 1
    outer loop
      vertex 14.4369 -28.334 3
      vertex 15.8897 -31.1852 3
      vertex 15.9 -27.5396 3
    endloop
  endfacet
  facet normal 0 0 1
    outer loop
      vertex 14.4369 -28.334 3
      vertex 14.2358 -31.9741 3
      vertex 15.8897 -31.1852 3
    endloop
  endfacet
  facet normal -0 0 1
    outer loop
      vertex 12.9342 -29.0507 3
      vertex 14.2358 -31.9741 3
      vertex 14.4369 -28.334 3
    endloop
  endfacet
  facet normal 0 0 1
    outer loop
      vertex 12.9342 -29.0507 3
      vertex 12.5429 -32.6753 3
      vertex 14.2358 -31.9741 3
    endloop
  endfacet
  facet normal -0 0 1
    outer loop
      vertex 11.3961 -29.6879 3
      vertex 12.5429 -32.6753 3
      vertex 12.9342 -29.0507 3
    endloop
  endfacet
  facet normal 0 0 1
    outer loop
      vertex 11.3961 -29.6879 3
      vertex 10.8156 -33.287 3
      vertex 12.5429 -32.6753 3
    endloop
  endfacet
  facet normal -0 0 1
    outer loop
      vertex 9.82674 -30.2436 3
      vertex 10.8156 -33.287 3
      vertex 11.3961 -29.6879 3
    endloop
  endfacet
  facet normal 0 0 1
    outer loop
      vertex 9.82674 -30.2436 3
      vertex 9.05867 -33.8074 3
      vertex 10.8156 -33.287 3
    endloop
  endfacet
  facet normal -0 0 1
    outer loop
      vertex 8.23044 -30.7164 3
      vertex 9.05867 -33.8074 3
      vertex 9.82674 -30.2436 3
    endloop
  endfacet
  facet normal 0 0 1
    outer loop
      vertex 8.23044 -30.7164 3
      vertex 7.27691 -34.2352 3
      vertex 9.05867 -33.8074 3
    endloop
  endfacet
  facet normal -0 0 1
    outer loop
      vertex 6.61159 -31.1051 3
      vertex 7.27691 -34.2352 3
      vertex 8.23044 -30.7164 3
    endloop
  endfacet
  facet normal 0 0 1
    outer loop
      vertex 6.61159 -31.1051 3
      vertex 5.47521 -34.5691 3
      vertex 7.27691 -34.2352 3
    endloop
  endfacet
  facet normal -0 0 1
    outer loop
      vertex 4.97462 -31.4085 3
      vertex 5.47521 -34.5691 3
      vertex 6.61159 -31.1051 3
    endloop
  endfacet
  facet normal 0 0 1
    outer loop
      vertex 4.97462 -31.4085 3
      vertex 3.6585 -34.8083 3
      vertex 5.47521 -34.5691 3
    endloop
  endfacet
  facet normal -0 0 1
    outer loop
      vertex 3.32401 -31.6258 3
      vertex 3.6585 -34.8083 3
      vertex 4.97462 -31.4085 3
    endloop
  endfacet
  facet normal 0 0 1
    outer loop
      vertex 3.32401 -31.6258 3
      vertex 1.83176 -34.952 3
      vertex 3.6585 -34.8083 3
    endloop
  endfacet
  facet normal -0 0 1
    outer loop
      vertex 1.66428 -31.7564 3
      vertex 1.83176 -34.952 3
      vertex 3.32401 -31.6258 3
    endloop
  endfacet
  facet normal -0 0 1
    outer loop
      vertex 0 -31.8 3
      vertex 1.83176 -34.952 3
      vertex 1.66428 -31.7564 3
    endloop
  endfacet
  facet normal 0 0 1
    outer loop
      vertex 0 -31.8 3
      vertex 0 -35 3
      vertex 1.83176 -34.952 3
    endloop
  endfacet
  facet normal 0 0 1
    outer loop
      vertex -1.66428 -31.7564 3
      vertex 0 -35 3
      vertex 0 -31.8 3
    endloop
  endfacet
  facet normal 0 0 1
    outer loop
      vertex -1.66428 -31.7564 3
      vertex -1.83176 -34.952 3
      vertex 0 -35 3
    endloop
  endfacet
  facet normal 0 0 1
    outer loop
      vertex -3.32401 -31.6258 3
      vertex -1.83176 -34.952 3
      vertex -1.66428 -31.7564 3
    endloop
  endfacet
  facet normal 0 0 1
    outer loop
      vertex -3.32401 -31.6258 3
      vertex -3.6585 -34.8083 3
      vertex -1.83176 -34.952 3
    endloop
  endfacet
  facet normal 0 0 1
    outer loop
      vertex -4.97462 -31.4085 3
      vertex -3.6585 -34.8083 3
      vertex -3.32401 -31.6258 3
    endloop
  endfacet
  facet normal 0 0 1
    outer loop
      vertex -4.97462 -31.4085 3
      vertex -5.47521 -34.5691 3
      vertex -3.6585 -34.8083 3
    endloop
  endfacet
  facet normal 0 0 1
    outer loop
      vertex -6.61159 -31.1051 3
      vertex -5.47521 -34.5691 3
      vertex -4.97462 -31.4085 3
    endloop
  endfacet
  facet normal 0 0 1
    outer loop
      vertex -6.61159 -31.1051 3
      vertex -7.27691 -34.2352 3
      vertex -5.47521 -34.5691 3
    endloop
  endfacet
  facet normal 0 0 1
    outer loop
      vertex -8.23044 -30.7164 3
      vertex -7.27691 -34.2352 3
      vertex -6.61159 -31.1051 3
    endloop
  endfacet
  facet normal 0 0 1
    outer loop
      vertex -8.23044 -30.7164 3
      vertex -9.05867 -33.8074 3
      vertex -7.27691 -34.2352 3
    endloop
  endfacet
  facet normal 0 0 1
    outer loop
      vertex -9.82674 -30.2436 3
      vertex -9.05867 -33.8074 3
      vertex -8.23044 -30.7164 3
    endloop
  endfacet
  facet normal 0 0 1
    outer loop
      vertex -9.82674 -30.2436 3
      vertex -10.8156 -33.287 3
      vertex -9.05867 -33.8074 3
    endloop
  endfacet
  facet normal 0 0 1
    outer loop
      vertex -11.3961 -29.6879 3
      vertex -10.8156 -33.287 3
      vertex -9.82674 -30.2436 3
    endloop
  endfacet
  facet normal 0 0 1
    outer loop
      vertex -11.3961 -29.6879 3
      vertex -12.5429 -32.6753 3
      vertex -10.8156 -33.287 3
    endloop
  endfacet
  facet normal 0 0 1
    outer loop
      vertex -12.9342 -29.0507 3
      vertex -12.5429 -32.6753 3
      vertex -11.3961 -29.6879 3
    endloop
  endfacet
  facet normal 0 0 1
    outer loop
      vertex -12.9342 -29.0507 3
      vertex -14.2358 -31.9741 3
      vertex -12.5429 -32.6753 3
    endloop
  endfacet
  facet normal 0 0 1
    outer loop
      vertex -14.4369 -28.334 3
      vertex -14.2358 -31.9741 3
      vertex -12.9342 -29.0507 3
    endloop
  endfacet
  facet normal 0 0 1
    outer loop
      vertex -14.4369 -28.334 3
      vertex -15.8897 -31.1852 3
      vertex -14.2358 -31.9741 3
    endloop
  endfacet
  facet normal 0 0 1
    outer loop
      vertex -15.9 -27.5396 3
      vertex -15.8897 -31.1852 3
      vertex -14.4369 -28.334 3
    endloop
  endfacet
  facet normal 0 0 1
    outer loop
      vertex -17.5 -30.3109 3
      vertex -15.9 -27.5396 3
      vertex -17.3195 -26.6697 3
    endloop
  endfacet
  facet normal 0 0 1
    outer loop
      vertex -15.9 -27.5396 3
      vertex -17.5 -30.3109 3
      vertex -15.8897 -31.1852 3
    endloop
  endfacet
  facet normal 0 0 1
    outer loop
      vertex -19.0624 -29.3535 3
      vertex -17.3195 -26.6697 3
      vertex -18.6916 -25.7267 3
    endloop
  endfacet
  facet normal 0 0 1
    outer loop
      vertex -17.3195 -26.6697 3
      vertex -19.0624 -29.3535 3
      vertex -17.5 -30.3109 3
    endloop
  endfacet
  facet normal 0 0 1
    outer loop
      vertex -20.5725 -28.3156 3
      vertex -18.6916 -25.7267 3
      vertex -20.0124 -24.7132 3
    endloop
  endfacet
  facet normal 0 0 1
    outer loop
      vertex -18.6916 -25.7267 3
      vertex -20.5725 -28.3156 3
      vertex -19.0624 -29.3535 3
    endloop
  endfacet
  facet normal 0 0 1
    outer loop
      vertex -22.0262 -27.2001 3
      vertex -20.0124 -24.7132 3
      vertex -21.2784 -23.632 3
    endloop
  endfacet
  facet normal 0 0 1
    outer loop
      vertex -20.0124 -24.7132 3
      vertex -22.0262 -27.2001 3
      vertex -20.5725 -28.3156 3
    endloop
  endfacet
  facet normal 0 0 1
    outer loop
      vertex -23.4196 -26.0101 3
      vertex -21.2784 -23.632 3
      vertex -22.486 -22.486 3
    endloop
  endfacet
  facet normal 0 0 1
    outer loop
      vertex -21.2784 -23.632 3
      vertex -23.4196 -26.0101 3
      vertex -22.0262 -27.2001 3
    endloop
  endfacet
  facet normal 0 0 1
    outer loop
      vertex -24.7487 -24.7487 3
      vertex -22.486 -22.486 3
      vertex -23.632 -21.2784 3
    endloop
  endfacet
  facet normal 0 0 1
    outer loop
      vertex -26.0101 -23.4196 3
      vertex -23.632 -21.2784 3
      vertex -24.7132 -20.0124 3
    endloop
  endfacet
  facet normal 0 0 1
    outer loop
      vertex -22.486 -22.486 3
      vertex -24.7487 -24.7487 3
      vertex -23.4196 -26.0101 3
    endloop
  endfacet
  facet normal 0 0 1
    outer loop
      vertex -27.2001 -22.0262 3
      vertex -24.7132 -20.0124 3
      vertex -25.7267 -18.6916 3
    endloop
  endfacet
  facet normal 0 0 1
    outer loop
      vertex -23.632 -21.2784 3
      vertex -26.0101 -23.4196 3
      vertex -24.7487 -24.7487 3
    endloop
  endfacet
  facet normal 0 0 1
    outer loop
      vertex -28.3156 -20.5725 3
      vertex -25.7267 -18.6916 3
      vertex -26.6697 -17.3195 3
    endloop
  endfacet
  facet normal 0 0 1
    outer loop
      vertex -24.7132 -20.0124 3
      vertex -27.2001 -22.0262 3
      vertex -26.0101 -23.4196 3
    endloop
  endfacet
  facet normal 0 0 1
    outer loop
      vertex -29.3535 -19.0624 3
      vertex -26.6697 -17.3195 3
      vertex -27.5396 -15.9 3
    endloop
  endfacet
  facet normal 0 0 1
    outer loop
      vertex -25.7267 -18.6916 3
      vertex -28.3156 -20.5725 3
      vertex -27.2001 -22.0262 3
    endloop
  endfacet
  facet normal 0 0 1
    outer loop
      vertex -30.3109 -17.5 3
      vertex -27.5396 -15.9 3
      vertex -28.334 -14.4369 3
    endloop
  endfacet
  facet normal 0 0 1
    outer loop
      vertex -31.1852 -15.8897 3
      vertex -28.334 -14.4369 3
      vertex -29.0507 -12.9342 3
    endloop
  endfacet
  facet normal 0 0 1
    outer loop
      vertex -26.6697 -17.3195 3
      vertex -29.3535 -19.0624 3
      vertex -28.3156 -20.5725 3
    endloop
  endfacet
  facet normal 0 0 1
    outer loop
      vertex -31.9741 -14.2358 3
      vertex -29.0507 -12.9342 3
      vertex -29.6879 -11.3961 3
    endloop
  endfacet
  facet normal 0 0 1
    outer loop
      vertex -32.6753 -12.5429 3
      vertex -29.6879 -11.3961 3
      vertex -30.2436 -9.82674 3
    endloop
  endfacet
  facet normal 0 0 1
    outer loop
      vertex -27.5396 -15.9 3
      vertex -30.3109 -17.5 3
      vertex -29.3535 -19.0624 3
    endloop
  endfacet
  facet normal 0 0 1
    outer loop
      vertex -33.287 -10.8156 3
      vertex -30.2436 -9.82674 3
      vertex -30.7164 -8.23044 3
    endloop
  endfacet
  facet normal 0 0 1
    outer loop
      vertex -33.8074 -9.05867 3
      vertex -30.7164 -8.23044 3
      vertex -31.1051 -6.61159 3
    endloop
  endfacet
  facet normal 0 0 1
    outer loop
      vertex -28.334 -14.4369 3
      vertex -31.1852 -15.8897 3
      vertex -30.3109 -17.5 3
    endloop
  endfacet
  facet normal 0 0 1
    outer loop
      vertex -34.2352 -7.27691 3
      vertex -31.1051 -6.61159 3
      vertex -31.4085 -4.97462 3
    endloop
  endfacet
  facet normal 0 0 1
    outer loop
      vertex -34.5691 -5.47521 3
      vertex -31.4085 -4.97462 3
      vertex -31.6258 -3.32401 3
    endloop
  endfacet
  facet normal 0 0 1
    outer loop
      vertex -34.8083 -3.6585 3
      vertex -31.6258 -3.32401 3
      vertex -31.7564 -1.66428 3
    endloop
  endfacet
  facet normal 0 0 1
    outer loop
      vertex -29.0507 -12.9342 3
      vertex -31.9741 -14.2358 3
      vertex -31.1852 -15.8897 3
    endloop
  endfacet
  facet normal 0 0 1
    outer loop
      vertex -34.952 -1.83176 3
      vertex -31.7564 -1.66428 3
      vertex -31.8 0 3
    endloop
  endfacet
  facet normal 0 0 1
    outer loop
      vertex -31.1051 6.61159 3
      vertex -34.2352 7.27691 3
      vertex -31.4085 4.97462 3
    endloop
  endfacet
  facet normal -0 0 1
    outer loop
      vertex -34.5691 5.47521 3
      vertex -31.4085 4.97462 3
      vertex -34.2352 7.27691 3
    endloop
  endfacet
  facet normal 0 0 1
    outer loop
      vertex -29.6879 -11.3961 3
      vertex -32.6753 -12.5429 3
      vertex -31.9741 -14.2358 3
    endloop
  endfacet
  facet normal 0 0 1
    outer loop
      vertex -31.4085 4.97462 3
      vertex -34.5691 5.47521 3
      vertex -31.6258 3.32401 3
    endloop
  endfacet
  facet normal 0 0 1
    outer loop
      vertex -30.2436 -9.82674 3
      vertex -33.287 -10.8156 3
      vertex -32.6753 -12.5429 3
    endloop
  endfacet
  facet normal -0 0 1
    outer loop
      vertex -34.8083 3.6585 3
      vertex -31.6258 3.32401 3
      vertex -34.5691 5.47521 3
    endloop
  endfacet
  facet normal 0 0 1
    outer loop
      vertex -30.7164 -8.23044 3
      vertex -33.8074 -9.05867 3
      vertex -33.287 -10.8156 3
    endloop
  endfacet
  facet normal 0 0 1
    outer loop
      vertex -31.6258 3.32401 3
      vertex -34.8083 3.6585 3
      vertex -31.7564 1.66428 3
    endloop
  endfacet
  facet normal 0 0 1
    outer loop
      vertex -31.1051 -6.61159 3
      vertex -34.2352 -7.27691 3
      vertex -33.8074 -9.05867 3
    endloop
  endfacet
  facet normal -0 0 1
    outer loop
      vertex -34.952 1.83176 3
      vertex -31.7564 1.66428 3
      vertex -34.8083 3.6585 3
    endloop
  endfacet
  facet normal 0 0 1
    outer loop
      vertex -31.4085 -4.97462 3
      vertex -34.5691 -5.47521 3
      vertex -34.2352 -7.27691 3
    endloop
  endfacet
  facet normal 0 0 1
    outer loop
      vertex -31.7564 1.66428 3
      vertex -34.952 1.83176 3
      vertex -31.8 0 3
    endloop
  endfacet
  facet normal 0 0 1
    outer loop
      vertex -31.6258 -3.32401 3
      vertex -34.8083 -3.6585 3
      vertex -34.5691 -5.47521 3
    endloop
  endfacet
  facet normal 0 0 1
    outer loop
      vertex -35 0 3
      vertex -31.8 0 3
      vertex -34.952 1.83176 3
    endloop
  endfacet
  facet normal 0 0 1
    outer loop
      vertex -31.7564 -1.66428 3
      vertex -34.952 -1.83176 3
      vertex -34.8083 -3.6585 3
    endloop
  endfacet
  facet normal 0 0 1
    outer loop
      vertex -31.8 0 3
      vertex -35 0 3
      vertex -34.952 -1.83176 3
    endloop
  endfacet
  facet normal 0.382734 0.923859 -0
    outer loop
      vertex 12.9342 29.0507 3
      vertex 11.3961 29.6879 5
      vertex 12.9342 29.0507 5
    endloop
  endfacet
  facet normal 0.382734 0.923859 0
    outer loop
      vertex 11.3961 29.6879 5
      vertex 12.9342 29.0507 3
      vertex 11.3961 29.6879 3
    endloop
  endfacet
  facet normal -0.430486 0.902597 0
    outer loop
      vertex -12.9342 29.0507 3
      vertex -14.4369 28.334 5
      vertex -12.9342 29.0507 5
    endloop
  endfacet
  facet normal -0.430486 0.902597 0
    outer loop
      vertex -14.4369 28.334 5
      vertex -12.9342 29.0507 3
      vertex -14.4369 28.334 3
    endloop
  endfacet
  facet normal 0.878817 -0.477159 0
    outer loop
      vertex 27.5396 -15.9 5
      vertex 28.334 -14.4369 3
      vertex 28.334 -14.4369 5
    endloop
  endfacet
  facet normal 0.878817 -0.477159 0
    outer loop
      vertex 28.334 -14.4369 3
      vertex 27.5396 -15.9 5
      vertex 27.5396 -15.9 3
    endloop
  endfacet
  facet normal 0.430486 -0.902597 0
    outer loop
      vertex 12.9342 -29.0507 3
      vertex 14.4369 -28.334 5
      vertex 12.9342 -29.0507 5
    endloop
  endfacet
  facet normal 0.430486 -0.902597 0
    outer loop
      vertex 14.4369 -28.334 5
      vertex 12.9342 -29.0507 3
      vertex 14.4369 -28.334 3
    endloop
  endfacet
  facet normal -0.902597 0.430486 0
    outer loop
      vertex -29.0507 12.9342 3
      vertex -28.334 14.4369 5
      vertex -28.334 14.4369 3
    endloop
  endfacet
  facet normal -0.902597 0.430486 0
    outer loop
      vertex -28.334 14.4369 5
      vertex -29.0507 12.9342 3
      vertex -29.0507 12.9342 5
    endloop
  endfacet
  facet normal -0.382734 -0.923859 0
    outer loop
      vertex -12.9342 -29.0507 3
      vertex -11.3961 -29.6879 5
      vertex -12.9342 -29.0507 5
    endloop
  endfacet
  facet normal -0.382734 -0.923859 -0
    outer loop
      vertex -11.3961 -29.6879 5
      vertex -12.9342 -29.0507 3
      vertex -11.3961 -29.6879 3
    endloop
  endfacet
  facet normal 0.923859 -0.382734 0
    outer loop
      vertex 29.0507 -12.9342 5
      vertex 29.6879 -11.3961 3
      vertex 29.6879 -11.3961 5
    endloop
  endfacet
  facet normal 0.923859 -0.382734 0
    outer loop
      vertex 29.6879 -11.3961 3
      vertex 29.0507 -12.9342 5
      vertex 29.0507 -12.9342 3
    endloop
  endfacet
  facet normal 0.382734 -0.923859 0
    outer loop
      vertex 11.3961 -29.6879 3
      vertex 12.9342 -29.0507 5
      vertex 11.3961 -29.6879 5
    endloop
  endfacet
  facet normal 0.382734 -0.923859 0
    outer loop
      vertex 12.9342 -29.0507 5
      vertex 11.3961 -29.6879 3
      vertex 12.9342 -29.0507 3
    endloop
  endfacet
  facet normal 0.942649 0.333786 0
    outer loop
      vertex 30.2436 9.82674 5
      vertex 29.6879 11.3961 3
      vertex 29.6879 11.3961 5
    endloop
  endfacet
  facet normal 0.942649 0.333786 0
    outer loop
      vertex 29.6879 11.3961 3
      vertex 30.2436 9.82674 5
      vertex 30.2436 9.82674 3
    endloop
  endfacet
  facet normal -0.28399 0.958827 0
    outer loop
      vertex -8.23044 30.7164 3
      vertex -9.82674 30.2436 5
      vertex -8.23044 30.7164 5
    endloop
  endfacet
  facet normal -0.28399 0.958827 0
    outer loop
      vertex -9.82674 30.2436 5
      vertex -8.23044 30.7164 3
      vertex -9.82674 30.2436 3
    endloop
  endfacet
  facet normal 0.958827 -0.28399 0
    outer loop
      vertex 30.2436 -9.82674 5
      vertex 30.7164 -8.23044 3
      vertex 30.7164 -8.23044 5
    endloop
  endfacet
  facet normal 0.958827 -0.28399 0
    outer loop
      vertex 30.7164 -8.23044 3
      vertex 30.2436 -9.82674 5
      vertex 30.2436 -9.82674 3
    endloop
  endfacet
  facet normal 0.852632 0.522511 0
    outer loop
      vertex 27.5396 15.9 5
      vertex 26.6697 17.3195 3
      vertex 26.6697 17.3195 5
    endloop
  endfacet
  facet normal 0.852632 0.522511 0
    outer loop
      vertex 26.6697 17.3195 3
      vertex 27.5396 15.9 5
      vertex 27.5396 15.9 3
    endloop
  endfacet
  facet normal 0.793349 -0.608767 0
    outer loop
      vertex 24.7132 -20.0124 5
      vertex 25.7267 -18.6916 3
      vertex 25.7267 -18.6916 5
    endloop
  endfacet
  facet normal 0.793349 -0.608767 0
    outer loop
      vertex 25.7267 -18.6916 3
      vertex 24.7132 -20.0124 5
      vertex 24.7132 -20.0124 3
    endloop
  endfacet
  facet normal 0.182239 -0.983254 0
    outer loop
      vertex 4.97462 -31.4085 3
      vertex 6.61159 -31.1051 5
      vertex 4.97462 -31.4085 5
    endloop
  endfacet
  facet normal 0.182239 -0.983254 0
    outer loop
      vertex 6.61159 -31.1051 5
      vertex 4.97462 -31.4085 3
      vertex 6.61159 -31.1051 3
    endloop
  endfacet
  facet normal -0.942649 -0.333786 0
    outer loop
      vertex -29.6879 -11.3961 3
      vertex -30.2436 -9.82674 5
      vertex -30.2436 -9.82674 3
    endloop
  endfacet
  facet normal -0.942649 -0.333786 0
    outer loop
      vertex -30.2436 -9.82674 5
      vertex -29.6879 -11.3961 3
      vertex -29.6879 -11.3961 5
    endloop
  endfacet
  facet normal -0.566399 -0.824131 0
    outer loop
      vertex -18.6916 -25.7267 3
      vertex -17.3195 -26.6697 5
      vertex -18.6916 -25.7267 5
    endloop
  endfacet
  facet normal -0.566399 -0.824131 -0
    outer loop
      vertex -17.3195 -26.6697 5
      vertex -18.6916 -25.7267 3
      vertex -17.3195 -26.6697 3
    endloop
  endfacet
  facet normal -0.608767 -0.793349 0
    outer loop
      vertex -20.0124 -24.7132 3
      vertex -18.6916 -25.7267 5
      vertex -20.0124 -24.7132 5
    endloop
  endfacet
  facet normal -0.608767 -0.793349 -0
    outer loop
      vertex -18.6916 -25.7267 5
      vertex -20.0124 -24.7132 3
      vertex -18.6916 -25.7267 3
    endloop
  endfacet
  facet normal -0.824131 -0.566399 0
    outer loop
      vertex -25.7267 -18.6916 3
      vertex -26.6697 -17.3195 5
      vertex -26.6697 -17.3195 3
    endloop
  endfacet
  facet normal -0.824131 -0.566399 0
    outer loop
      vertex -26.6697 -17.3195 5
      vertex -25.7267 -18.6916 3
      vertex -25.7267 -18.6916 5
    endloop
  endfacet
  facet normal -0.477159 -0.878817 0
    outer loop
      vertex -15.9 -27.5396 3
      vertex -14.4369 -28.334 5
      vertex -15.9 -27.5396 5
    endloop
  endfacet
  facet normal -0.477159 -0.878817 -0
    outer loop
      vertex -14.4369 -28.334 5
      vertex -15.9 -27.5396 3
      vertex -14.4369 -28.334 3
    endloop
  endfacet
  facet normal -0.999657 -0.0261885 0
    outer loop
      vertex -31.7564 -1.66428 3
      vertex -31.8 0 5
      vertex -31.8 0 3
    endloop
  endfacet
  facet normal -0.999657 -0.0261885 0
    outer loop
      vertex -31.8 0 5
      vertex -31.7564 -1.66428 3
      vertex -31.7564 -1.66428 5
    endloop
  endfacet
  facet normal -0.983254 -0.182239 0
    outer loop
      vertex -31.1051 -6.61159 3
      vertex -31.4085 -4.97462 5
      vertex -31.4085 -4.97462 3
    endloop
  endfacet
  facet normal -0.983254 -0.182239 0
    outer loop
      vertex -31.4085 -4.97462 5
      vertex -31.1051 -6.61159 3
      vertex -31.1051 -6.61159 5
    endloop
  endfacet
  facet normal -0.852632 -0.522511 0
    outer loop
      vertex -26.6697 -17.3195 3
      vertex -27.5396 -15.9 5
      vertex -27.5396 -15.9 3
    endloop
  endfacet
  facet normal -0.852632 -0.522511 0
    outer loop
      vertex -27.5396 -15.9 5
      vertex -26.6697 -17.3195 3
      vertex -26.6697 -17.3195 5
    endloop
  endfacet
  facet normal -0.649425 -0.760426 0
    outer loop
      vertex -21.2784 -23.632 3
      vertex -20.0124 -24.7132 5
      vertex -21.2784 -23.632 5
    endloop
  endfacet
  facet normal -0.649425 -0.760426 -0
    outer loop
      vertex -20.0124 -24.7132 5
      vertex -21.2784 -23.632 3
      vertex -20.0124 -24.7132 3
    endloop
  endfacet
  facet normal 0.760426 0.649425 0
    outer loop
      vertex 24.7132 20.0124 5
      vertex 23.632 21.2784 3
      vertex 23.632 21.2784 5
    endloop
  endfacet
  facet normal 0.760426 0.649425 0
    outer loop
      vertex 23.632 21.2784 3
      vertex 24.7132 20.0124 5
      vertex 24.7132 20.0124 3
    endloop
  endfacet
  facet normal -0.078445 -0.996918 0
    outer loop
      vertex -3.32401 -31.6258 3
      vertex -1.66428 -31.7564 5
      vertex -3.32401 -31.6258 5
    endloop
  endfacet
  facet normal -0.078445 -0.996918 -0
    outer loop
      vertex -1.66428 -31.7564 5
      vertex -3.32401 -31.6258 3
      vertex -1.66428 -31.7564 3
    endloop
  endfacet
  facet normal 0.725365 -0.688364 0
    outer loop
      vertex 22.486 -22.486 5
      vertex 23.632 -21.2784 3
      vertex 23.632 -21.2784 5
    endloop
  endfacet
  facet normal 0.725365 -0.688364 0
    outer loop
      vertex 23.632 -21.2784 3
      vertex 22.486 -22.486 5
      vertex 22.486 -22.486 3
    endloop
  endfacet
  facet normal 0.566399 0.824131 -0
    outer loop
      vertex 18.6916 25.7267 3
      vertex 17.3195 26.6697 5
      vertex 18.6916 25.7267 5
    endloop
  endfacet
  facet normal 0.566399 0.824131 0
    outer loop
      vertex 17.3195 26.6697 5
      vertex 18.6916 25.7267 3
      vertex 17.3195 26.6697 3
    endloop
  endfacet
  facet normal -0.958827 -0.28399 0
    outer loop
      vertex -30.2436 -9.82674 3
      vertex -30.7164 -8.23044 5
      vertex -30.7164 -8.23044 3
    endloop
  endfacet
  facet normal -0.958827 -0.28399 0
    outer loop
      vertex -30.7164 -8.23044 5
      vertex -30.2436 -9.82674 3
      vertex -30.2436 -9.82674 5
    endloop
  endfacet
  facet normal 0.28399 0.958827 -0
    outer loop
      vertex 9.82674 30.2436 3
      vertex 8.23044 30.7164 5
      vertex 9.82674 30.2436 5
    endloop
  endfacet
  facet normal 0.28399 0.958827 0
    outer loop
      vertex 8.23044 30.7164 5
      vertex 9.82674 30.2436 3
      vertex 8.23044 30.7164 3
    endloop
  endfacet
  facet normal 0.078445 0.996918 -0
    outer loop
      vertex 3.32401 31.6258 3
      vertex 1.66428 31.7564 5
      vertex 3.32401 31.6258 5
    endloop
  endfacet
  facet normal 0.078445 0.996918 0
    outer loop
      vertex 1.66428 31.7564 5
      vertex 3.32401 31.6258 3
      vertex 1.66428 31.7564 3
    endloop
  endfacet
  facet normal -0.760426 0.649425 0
    outer loop
      vertex -24.7132 20.0124 3
      vertex -23.632 21.2784 5
      vertex -23.632 21.2784 3
    endloop
  endfacet
  facet normal -0.760426 0.649425 0
    outer loop
      vertex -23.632 21.2784 5
      vertex -24.7132 20.0124 3
      vertex -24.7132 20.0124 5
    endloop
  endfacet
  facet normal 0.182239 0.983254 -0
    outer loop
      vertex 6.61159 31.1051 3
      vertex 4.97462 31.4085 5
      vertex 6.61159 31.1051 5
    endloop
  endfacet
  facet normal 0.182239 0.983254 0
    outer loop
      vertex 4.97462 31.4085 5
      vertex 6.61159 31.1051 3
      vertex 4.97462 31.4085 3
    endloop
  endfacet
  facet normal 0.233473 0.972363 -0
    outer loop
      vertex 8.23044 30.7164 3
      vertex 6.61159 31.1051 5
      vertex 8.23044 30.7164 5
    endloop
  endfacet
  facet normal 0.233473 0.972363 0
    outer loop
      vertex 6.61159 31.1051 5
      vertex 8.23044 30.7164 3
      vertex 6.61159 31.1051 3
    endloop
  endfacet
  facet normal -0.382734 0.923859 0
    outer loop
      vertex -11.3961 29.6879 3
      vertex -12.9342 29.0507 5
      vertex -11.3961 29.6879 5
    endloop
  endfacet
  facet normal -0.382734 0.923859 0
    outer loop
      vertex -12.9342 29.0507 5
      vertex -11.3961 29.6879 3
      vertex -12.9342 29.0507 3
    endloop
  endfacet
  facet normal 0.824131 0.566399 0
    outer loop
      vertex 26.6697 17.3195 5
      vertex 25.7267 18.6916 3
      vertex 25.7267 18.6916 5
    endloop
  endfacet
  facet normal 0.824131 0.566399 0
    outer loop
      vertex 25.7267 18.6916 3
      vertex 26.6697 17.3195 5
      vertex 26.6697 17.3195 3
    endloop
  endfacet
  facet normal 0.760426 -0.649425 0
    outer loop
      vertex 23.632 -21.2784 5
      vertex 24.7132 -20.0124 3
      vertex 24.7132 -20.0124 5
    endloop
  endfacet
  facet normal 0.760426 -0.649425 0
    outer loop
      vertex 24.7132 -20.0124 3
      vertex 23.632 -21.2784 5
      vertex 23.632 -21.2784 3
    endloop
  endfacet
  facet normal -0.878817 0.477159 0
    outer loop
      vertex -28.334 14.4369 3
      vertex -27.5396 15.9 5
      vertex -27.5396 15.9 3
    endloop
  endfacet
  facet normal -0.878817 0.477159 0
    outer loop
      vertex -27.5396 15.9 5
      vertex -28.334 14.4369 3
      vertex -28.334 14.4369 5
    endloop
  endfacet
  facet normal -0.983254 0.182239 0
    outer loop
      vertex -31.4085 4.97462 3
      vertex -31.1051 6.61159 5
      vertex -31.1051 6.61159 3
    endloop
  endfacet
  facet normal -0.983254 0.182239 0
    outer loop
      vertex -31.1051 6.61159 5
      vertex -31.4085 4.97462 3
      vertex -31.4085 4.97462 5
    endloop
  endfacet
  facet normal 0.983254 0.182239 0
    outer loop
      vertex 31.4085 4.97462 5
      vertex 31.1051 6.61159 3
      vertex 31.1051 6.61159 5
    endloop
  endfacet
  facet normal 0.983254 0.182239 0
    outer loop
      vertex 31.1051 6.61159 3
      vertex 31.4085 4.97462 5
      vertex 31.4085 4.97462 3
    endloop
  endfacet
  facet normal -0.566399 0.824131 0
    outer loop
      vertex -17.3195 26.6697 3
      vertex -18.6916 25.7267 5
      vertex -17.3195 26.6697 5
    endloop
  endfacet
  facet normal -0.566399 0.824131 0
    outer loop
      vertex -18.6916 25.7267 5
      vertex -17.3195 26.6697 3
      vertex -18.6916 25.7267 3
    endloop
  endfacet
  facet normal -0.878817 -0.477159 0
    outer loop
      vertex -27.5396 -15.9 3
      vertex -28.334 -14.4369 5
      vertex -28.334 -14.4369 3
    endloop
  endfacet
  facet normal -0.878817 -0.477159 0
    outer loop
      vertex -28.334 -14.4369 5
      vertex -27.5396 -15.9 3
      vertex -27.5396 -15.9 5
    endloop
  endfacet
  facet normal -0.522511 0.852632 0
    outer loop
      vertex -15.9 27.5396 3
      vertex -17.3195 26.6697 5
      vertex -15.9 27.5396 5
    endloop
  endfacet
  facet normal -0.522511 0.852632 0
    outer loop
      vertex -17.3195 26.6697 5
      vertex -15.9 27.5396 3
      vertex -17.3195 26.6697 3
    endloop
  endfacet
  facet normal -0.923859 -0.382734 0
    outer loop
      vertex -29.0507 -12.9342 3
      vertex -29.6879 -11.3961 5
      vertex -29.6879 -11.3961 3
    endloop
  endfacet
  facet normal -0.923859 -0.382734 0
    outer loop
      vertex -29.6879 -11.3961 5
      vertex -29.0507 -12.9342 3
      vertex -29.0507 -12.9342 5
    endloop
  endfacet
  facet normal -0.958827 0.28399 0
    outer loop
      vertex -30.7164 8.23044 3
      vertex -30.2436 9.82674 5
      vertex -30.2436 9.82674 3
    endloop
  endfacet
  facet normal -0.958827 0.28399 0
    outer loop
      vertex -30.2436 9.82674 5
      vertex -30.7164 8.23044 3
      vertex -30.7164 8.23044 5
    endloop
  endfacet
  facet normal 0.233473 -0.972363 0
    outer loop
      vertex 6.61159 -31.1051 3
      vertex 8.23044 -30.7164 5
      vertex 6.61159 -31.1051 5
    endloop
  endfacet
  facet normal 0.233473 -0.972363 0
    outer loop
      vertex 8.23044 -30.7164 5
      vertex 6.61159 -31.1051 3
      vertex 8.23044 -30.7164 3
    endloop
  endfacet
  facet normal 0.522511 0.852632 -0
    outer loop
      vertex 17.3195 26.6697 3
      vertex 15.9 27.5396 5
      vertex 17.3195 26.6697 5
    endloop
  endfacet
  facet normal 0.522511 0.852632 0
    outer loop
      vertex 15.9 27.5396 5
      vertex 17.3195 26.6697 3
      vertex 15.9 27.5396 3
    endloop
  endfacet
  facet normal -0.824131 0.566399 0
    outer loop
      vertex -26.6697 17.3195 3
      vertex -25.7267 18.6916 5
      vertex -25.7267 18.6916 3
    endloop
  endfacet
  facet normal -0.824131 0.566399 0
    outer loop
      vertex -25.7267 18.6916 5
      vertex -26.6697 17.3195 3
      vertex -26.6697 17.3195 5
    endloop
  endfacet
  facet normal -0.902597 -0.430486 0
    outer loop
      vertex -28.334 -14.4369 3
      vertex -29.0507 -12.9342 5
      vertex -29.0507 -12.9342 3
    endloop
  endfacet
  facet normal -0.902597 -0.430486 0
    outer loop
      vertex -29.0507 -12.9342 5
      vertex -28.334 -14.4369 3
      vertex -28.334 -14.4369 5
    endloop
  endfacet
  facet normal -0.649425 0.760426 0
    outer loop
      vertex -20.0124 24.7132 3
      vertex -21.2784 23.632 5
      vertex -20.0124 24.7132 5
    endloop
  endfacet
  facet normal -0.649425 0.760426 0
    outer loop
      vertex -21.2784 23.632 5
      vertex -20.0124 24.7132 3
      vertex -21.2784 23.632 3
    endloop
  endfacet
  facet normal -0.608767 0.793349 0
    outer loop
      vertex -18.6916 25.7267 3
      vertex -20.0124 24.7132 5
      vertex -18.6916 25.7267 5
    endloop
  endfacet
  facet normal -0.608767 0.793349 0
    outer loop
      vertex -20.0124 24.7132 5
      vertex -18.6916 25.7267 3
      vertex -20.0124 24.7132 3
    endloop
  endfacet
  facet normal -0.688364 0.725365 0
    outer loop
      vertex -21.2784 23.632 3
      vertex -22.486 22.486 5
      vertex -21.2784 23.632 5
    endloop
  endfacet
  facet normal -0.688364 0.725365 0
    outer loop
      vertex -22.486 22.486 5
      vertex -21.2784 23.632 3
      vertex -22.486 22.486 3
    endloop
  endfacet
  facet normal -0.725365 -0.688364 0
    outer loop
      vertex -22.486 -22.486 3
      vertex -23.632 -21.2784 5
      vertex -23.632 -21.2784 3
    endloop
  endfacet
  facet normal -0.725365 -0.688364 0
    outer loop
      vertex -23.632 -21.2784 5
      vertex -22.486 -22.486 3
      vertex -22.486 -22.486 5
    endloop
  endfacet
  facet normal -0.078445 0.996918 0
    outer loop
      vertex -1.66428 31.7564 3
      vertex -3.32401 31.6258 5
      vertex -1.66428 31.7564 5
    endloop
  endfacet
  facet normal -0.078445 0.996918 0
    outer loop
      vertex -3.32401 31.6258 5
      vertex -1.66428 31.7564 3
      vertex -3.32401 31.6258 3
    endloop
  endfacet
  facet normal -0.182239 0.983254 0
    outer loop
      vertex -4.97462 31.4085 3
      vertex -6.61159 31.1051 5
      vertex -4.97462 31.4085 5
    endloop
  endfacet
  facet normal -0.182239 0.983254 0
    outer loop
      vertex -6.61159 31.1051 5
      vertex -4.97462 31.4085 3
      vertex -6.61159 31.1051 3
    endloop
  endfacet
  facet normal 0.688364 0.725365 -0
    outer loop
      vertex 22.486 22.486 3
      vertex 21.2784 23.632 5
      vertex 22.486 22.486 5
    endloop
  endfacet
  facet normal 0.688364 0.725365 0
    outer loop
      vertex 21.2784 23.632 5
      vertex 22.486 22.486 3
      vertex 21.2784 23.632 3
    endloop
  endfacet
  facet normal 0 0 1
    outer loop
      vertex -4.49948 -0.956393 5
      vertex -28.3579 -0.439992 5
      vertex -4.44326 -1.19057 5
    endloop
  endfacet
  facet normal -0 0 1
    outer loop
      vertex -28.3832 -0.525329 5
      vertex -4.44326 -1.19057 5
      vertex -28.3579 -0.439992 5
    endloop
  endfacet
  facet normal 0 0 1
    outer loop
      vertex -4.44326 -1.19057 5
      vertex -28.3832 -0.525329 5
      vertex -4.37486 -1.42148 5
    endloop
  endfacet
  facet normal -0 0 1
    outer loop
      vertex -28.4129 -0.609225 5
      vertex -4.37486 -1.42148 5
      vertex -28.3832 -0.525329 5
    endloop
  endfacet
  facet normal -0 0 1
    outer loop
      vertex -28.447 -0.691452 5
      vertex -4.37486 -1.42148 5
      vertex -28.4129 -0.609225 5
    endloop
  endfacet
  facet normal 0 0 1
    outer loop
      vertex -4.37486 -1.42148 5
      vertex -28.447 -0.691452 5
      vertex -4.29447 -1.64849 5
    endloop
  endfacet
  facet normal -0 0 1
    outer loop
      vertex -28.4853 -0.771784 5
      vertex -4.29447 -1.64849 5
      vertex -28.447 -0.691452 5
    endloop
  endfacet
  facet normal 0 0 1
    outer loop
      vertex -4.29447 -1.64849 5
      vertex -28.4853 -0.771784 5
      vertex -4.20231 -1.87099 5
    endloop
  endfacet
  facet normal 0 0 1
    outer loop
      vertex -4.20231 -1.87099 5
      vertex -28.334 -14.4369 5
      vertex -27.5396 -15.9 5
    endloop
  endfacet
  facet normal 0 0 1
    outer loop
      vertex -29.0507 -12.9342 5
      vertex -4.20231 -1.87099 5
      vertex -28.4853 -0.771784 5
    endloop
  endfacet
  facet normal 0 0 1
    outer loop
      vertex -29.0507 -12.9342 5
      vertex -28.4853 -0.771784 5
      vertex -28.5278 -0.849999 5
    endloop
  endfacet
  facet normal 0 0 1
    outer loop
      vertex -29.0507 -12.9342 5
      vertex -28.5278 -0.849999 5
      vertex -28.5743 -0.925886 5
    endloop
  endfacet
  facet normal 0 0 1
    outer loop
      vertex -29.6879 -11.3961 5
      vertex -28.5743 -0.925886 5
      vertex -28.6247 -0.999234 5
    endloop
  endfacet
  facet normal 0 0 1
    outer loop
      vertex -30.2436 -9.82674 5
      vertex -28.6247 -0.999234 5
      vertex -28.6789 -1.06984 5
    endloop
  endfacet
  facet normal 0 0 1
    outer loop
      vertex -30.2436 -9.82674 5
      vertex -28.6789 -1.06984 5
      vertex -28.7367 -1.13752 5
    endloop
  endfacet
  facet normal 0 0 1
    outer loop
      vertex -30.7164 -8.23044 5
      vertex -28.7367 -1.13752 5
      vertex -28.7979 -1.20208 5
    endloop
  endfacet
  facet normal 0 0 1
    outer loop
      vertex -30.7164 -8.23044 5
      vertex -28.7979 -1.20208 5
      vertex -28.8625 -1.26335 5
    endloop
  endfacet
  facet normal 0 0 1
    outer loop
      vertex -30.7164 -8.23044 5
      vertex -28.8625 -1.26335 5
      vertex -28.9302 -1.32115 5
    endloop
  endfacet
  facet normal 0 0 1
    outer loop
      vertex -31.1051 -6.61159 5
      vertex -28.9302 -1.32115 5
      vertex -29.0008 -1.37533 5
    endloop
  endfacet
  facet normal 0 0 1
    outer loop
      vertex -4.20231 -1.87099 5
      vertex -29.0507 -12.9342 5
      vertex -28.334 -14.4369 5
    endloop
  endfacet
  facet normal 0 0 1
    outer loop
      vertex -31.1051 -6.61159 5
      vertex -29.0008 -1.37533 5
      vertex -29.0741 -1.42574 5
    endloop
  endfacet
  facet normal 0 0 1
    outer loop
      vertex -31.1051 -6.61159 5
      vertex -29.0741 -1.42574 5
      vertex -29.15 -1.47224 5
    endloop
  endfacet
  facet normal 0 0 1
    outer loop
      vertex -31.1051 -6.61159 5
      vertex -29.15 -1.47224 5
      vertex -29.2282 -1.51471 5
    endloop
  endfacet
  facet normal 0 0 1
    outer loop
      vertex -31.4085 -4.97462 5
      vertex -29.2282 -1.51471 5
      vertex -29.3085 -1.55303 5
    endloop
  endfacet
  facet normal 0 0 1
    outer loop
      vertex -31.4085 -4.97462 5
      vertex -29.3085 -1.55303 5
      vertex -29.3908 -1.58709 5
    endloop
  endfacet
  facet normal 0 0 1
    outer loop
      vertex -31.4085 -4.97462 5
      vertex -29.3908 -1.58709 5
      vertex -29.4747 -1.6168 5
    endloop
  endfacet
  facet normal 0 0 1
    outer loop
      vertex -31.4085 -4.97462 5
      vertex -29.4747 -1.6168 5
      vertex -29.56 -1.64207 5
    endloop
  endfacet
  facet normal 0 0 1
    outer loop
      vertex -31.4085 -4.97462 5
      vertex -29.56 -1.64207 5
      vertex -29.6465 -1.66285 5
    endloop
  endfacet
  facet normal 0 0 1
    outer loop
      vertex -28.5743 -0.925886 5
      vertex -29.6879 -11.3961 5
      vertex -29.0507 -12.9342 5
    endloop
  endfacet
  facet normal 0 0 1
    outer loop
      vertex -31.4085 -4.97462 5
      vertex -29.6465 -1.66285 5
      vertex -29.7341 -1.67907 5
    endloop
  endfacet
  facet normal 0 0 1
    outer loop
      vertex -31.4085 -4.97462 5
      vertex -29.7341 -1.67907 5
      vertex -29.8223 -1.69069 5
    endloop
  endfacet
  facet normal 0 0 1
    outer loop
      vertex -31.6258 -3.32401 5
      vertex -29.8223 -1.69069 5
      vertex -29.911 -1.69767 5
    endloop
  endfacet
  facet normal 0 0 1
    outer loop
      vertex -31.6258 -3.32401 5
      vertex -29.911 -1.69767 5
      vertex -30 -1.7 5
    endloop
  endfacet
  facet normal 0 0 1
    outer loop
      vertex -31.6258 -3.32401 5
      vertex -30 -1.7 5
      vertex -30.089 -1.69767 5
    endloop
  endfacet
  facet normal 0 0 1
    outer loop
      vertex -31.6258 -3.32401 5
      vertex -30.089 -1.69767 5
      vertex -30.1777 -1.69069 5
    endloop
  endfacet
  facet normal 0 0 1
    outer loop
      vertex -28.6247 -0.999234 5
      vertex -30.2436 -9.82674 5
      vertex -29.6879 -11.3961 5
    endloop
  endfacet
  facet normal 0 0 1
    outer loop
      vertex -31.6258 -3.32401 5
      vertex -30.1777 -1.69069 5
      vertex -30.2659 -1.67907 5
    endloop
  endfacet
  facet normal 0 0 1
    outer loop
      vertex -31.6258 -3.32401 5
      vertex -30.2659 -1.67907 5
      vertex -30.3535 -1.66285 5
    endloop
  endfacet
  facet normal 0 0 1
    outer loop
      vertex -31.6258 -3.32401 5
      vertex -30.3535 -1.66285 5
      vertex -30.44 -1.64207 5
    endloop
  endfacet
  facet normal 0 0 1
    outer loop
      vertex -31.6258 -3.32401 5
      vertex -30.44 -1.64207 5
      vertex -30.5253 -1.6168 5
    endloop
  endfacet
  facet normal 0 0 1
    outer loop
      vertex -31.6258 -3.32401 5
      vertex -30.5253 -1.6168 5
      vertex -30.6092 -1.58709 5
    endloop
  endfacet
  facet normal 0 0 1
    outer loop
      vertex -31.6258 -3.32401 5
      vertex -30.6092 -1.58709 5
      vertex -30.6915 -1.55303 5
    endloop
  endfacet
  facet normal 0 0 1
    outer loop
      vertex -28.7367 -1.13752 5
      vertex -30.7164 -8.23044 5
      vertex -30.2436 -9.82674 5
    endloop
  endfacet
  facet normal 0 0 1
    outer loop
      vertex -31.7564 -1.66428 5
      vertex -30.6915 -1.55303 5
      vertex -30.7718 -1.51471 5
    endloop
  endfacet
  facet normal 0 0 1
    outer loop
      vertex -31.7564 -1.66428 5
      vertex -30.7718 -1.51471 5
      vertex -30.85 -1.47224 5
    endloop
  endfacet
  facet normal 0 0 1
    outer loop
      vertex -31.7564 -1.66428 5
      vertex -30.85 -1.47224 5
      vertex -30.9259 -1.42574 5
    endloop
  endfacet
  facet normal 0 0 1
    outer loop
      vertex -31.7564 -1.66428 5
      vertex -30.9259 -1.42574 5
      vertex -30.9992 -1.37533 5
    endloop
  endfacet
  facet normal 0 0 1
    outer loop
      vertex -31.7564 -1.66428 5
      vertex -30.9992 -1.37533 5
      vertex -31.0698 -1.32115 5
    endloop
  endfacet
  facet normal 0 0 1
    outer loop
      vertex -28.9302 -1.32115 5
      vertex -31.1051 -6.61159 5
      vertex -30.7164 -8.23044 5
    endloop
  endfacet
  facet normal 0 0 1
    outer loop
      vertex -31.7564 -1.66428 5
      vertex -31.0698 -1.32115 5
      vertex -31.1375 -1.26335 5
    endloop
  endfacet
  facet normal 0 0 1
    outer loop
      vertex -31.7564 -1.66428 5
      vertex -31.1375 -1.26335 5
      vertex -31.2021 -1.20208 5
    endloop
  endfacet
  facet normal 0 0 1
    outer loop
      vertex -31.7564 -1.66428 5
      vertex -31.2021 -1.20208 5
      vertex -31.2633 -1.13752 5
    endloop
  endfacet
  facet normal 0 0 1
    outer loop
      vertex -31.7564 -1.66428 5
      vertex -31.2633 -1.13752 5
      vertex -31.3211 -1.06984 5
    endloop
  endfacet
  facet normal 0 0 1
    outer loop
      vertex -31.7564 -1.66428 5
      vertex -31.3211 -1.06984 5
      vertex -31.3753 -0.999234 5
    endloop
  endfacet
  facet normal 0 0 1
    outer loop
      vertex -29.2282 -1.51471 5
      vertex -31.4085 -4.97462 5
      vertex -31.1051 -6.61159 5
    endloop
  endfacet
  facet normal 0 0 1
    outer loop
      vertex -31.7564 -1.66428 5
      vertex -31.3753 -0.999234 5
      vertex -31.4257 -0.925886 5
    endloop
  endfacet
  facet normal 0 0 1
    outer loop
      vertex -31.7564 -1.66428 5
      vertex -31.4257 -0.925886 5
      vertex -31.4722 -0.849999 5
    endloop
  endfacet
  facet normal 0 0 1
    outer loop
      vertex -31.7564 -1.66428 5
      vertex -31.4722 -0.849999 5
      vertex -31.5147 -0.771784 5
    endloop
  endfacet
  facet normal 0 0 1
    outer loop
      vertex -31.7564 -1.66428 5
      vertex -31.5147 -0.771784 5
      vertex -31.553 -0.691452 5
    endloop
  endfacet
  facet normal 0 0 1
    outer loop
      vertex -31.7564 -1.66428 5
      vertex -31.553 -0.691452 5
      vertex -31.5871 -0.609225 5
    endloop
  endfacet
  facet normal 0 0 1
    outer loop
      vertex -31.7564 -1.66428 5
      vertex -31.5871 -0.609225 5
      vertex -31.6168 -0.525329 5
    endloop
  endfacet
  facet normal 0 0 1
    outer loop
      vertex -29.8223 -1.69069 5
      vertex -31.6258 -3.32401 5
      vertex -31.4085 -4.97462 5
    endloop
  endfacet
  facet normal 0 0 1
    outer loop
      vertex -31.7564 -1.66428 5
      vertex -31.6168 -0.525329 5
      vertex -31.6421 -0.439992 5
    endloop
  endfacet
  facet normal 0 0 1
    outer loop
      vertex -31.8 0 5
      vertex -31.6421 -0.439992 5
      vertex -31.6628 -0.35345 5
    endloop
  endfacet
  facet normal 0 0 1
    outer loop
      vertex -31.8 0 5
      vertex -31.6628 -0.35345 5
      vertex -31.6791 -0.265938 5
    endloop
  endfacet
  facet normal 0 0 1
    outer loop
      vertex -31.8 0 5
      vertex -31.6791 -0.265938 5
      vertex -31.6907 -0.177698 5
    endloop
  endfacet
  facet normal 0 0 1
    outer loop
      vertex -31.8 0 5
      vertex -31.6907 -0.177698 5
      vertex -31.6977 -0.0889702 5
    endloop
  endfacet
  facet normal -0 0 1
    outer loop
      vertex -31.8 0 5
      vertex -31.6977 -0.0889702 5
      vertex -31.7 0 5
    endloop
  endfacet
  facet normal 0 0 1
    outer loop
      vertex -31.6977 0.0889702 5
      vertex -31.8 0 5
      vertex -31.7 0 5
    endloop
  endfacet
  facet normal 0 0 1
    outer loop
      vertex -30.6915 -1.55303 5
      vertex -31.7564 -1.66428 5
      vertex -31.6258 -3.32401 5
    endloop
  endfacet
  facet normal 0 0 1
    outer loop
      vertex -31.6421 -0.439992 5
      vertex -31.8 0 5
      vertex -31.7564 -1.66428 5
    endloop
  endfacet
  facet normal -0 0 1
    outer loop
      vertex 0.956393 -4.49948 5
      vertex 1.1 -5.9 5
      vertex 1.19057 -4.44326 5
    endloop
  endfacet
  facet normal -0 0 1
    outer loop
      vertex 0.719598 -4.54337 5
      vertex 1.1 -5.9 5
      vertex 0.956393 -4.49948 5
    endloop
  endfacet
  facet normal -0 0 1
    outer loop
      vertex 0.48083 -4.5748 5
      vertex 1.1 -5.9 5
      vertex 0.719598 -4.54337 5
    endloop
  endfacet
  facet normal -0 0 1
    outer loop
      vertex 0.240745 -4.5937 5
      vertex 1.1 -5.9 5
      vertex 0.48083 -4.5748 5
    endloop
  endfacet
  facet normal -0 0 1
    outer loop
      vertex 0 -4.6 5
      vertex 1.1 -5.9 5
      vertex 0.240745 -4.5937 5
    endloop
  endfacet
  facet normal 0 0 1
    outer loop
      vertex -1.1 -5.9 5
      vertex 0 -4.6 5
      vertex -0.240745 -4.5937 5
    endloop
  endfacet
  facet normal 0 0 1
    outer loop
      vertex -1.1 -5.9 5
      vertex -0.240745 -4.5937 5
      vertex -0.48083 -4.5748 5
    endloop
  endfacet
  facet normal 0 0 1
    outer loop
      vertex -1.1 -5.9 5
      vertex -0.48083 -4.5748 5
      vertex -0.719598 -4.54337 5
    endloop
  endfacet
  facet normal 0 0 1
    outer loop
      vertex -1.1 -5.9 5
      vertex -0.719598 -4.54337 5
      vertex -0.956393 -4.49948 5
    endloop
  endfacet
  facet normal 0 0 1
    outer loop
      vertex 0 -4.6 5
      vertex -1.1 -5.9 5
      vertex 1.1 -5.9 5
    endloop
  endfacet
  facet normal 0 0 1
    outer loop
      vertex -1.42148 -4.37486 5
      vertex -1.1 -5.9 5
      vertex -1.19057 -4.44326 5
    endloop
  endfacet
  facet normal 0 0 1
    outer loop
      vertex -1.19057 -4.44326 5
      vertex -1.1 -5.9 5
      vertex -0.956393 -4.49948 5
    endloop
  endfacet
  facet normal 0 0 1
    outer loop
      vertex 14.3908 -24.3937 5
      vertex 1.1 -9.1 5
      vertex 14.3085 -24.4277 5
    endloop
  endfacet
  facet normal 0 0 1
    outer loop
      vertex 14.3085 -24.4277 5
      vertex 1.1 -9.1 5
      vertex 14.2282 -24.466 5
    endloop
  endfacet
  facet normal 0 0 1
    outer loop
      vertex 14.2282 -24.466 5
      vertex 1.1 -9.1 5
      vertex 14.15 -24.5085 5
    endloop
  endfacet
  facet normal 0 0 1
    outer loop
      vertex 14.15 -24.5085 5
      vertex 1.1 -9.1 5
      vertex 14.0741 -24.555 5
    endloop
  endfacet
  facet normal 0 0 1
    outer loop
      vertex 14.0741 -24.555 5
      vertex 1.1 -9.1 5
      vertex 14.0008 -24.6054 5
    endloop
  endfacet
  facet normal 0 0 1
    outer loop
      vertex 14.0008 -24.6054 5
      vertex 1.1 -9.1 5
      vertex 13.9302 -24.6596 5
    endloop
  endfacet
  facet normal 0 0 1
    outer loop
      vertex 13.9302 -24.6596 5
      vertex 1.1 -9.1 5
      vertex 13.8625 -24.7174 5
    endloop
  endfacet
  facet normal 0 0 1
    outer loop
      vertex 13.8625 -24.7174 5
      vertex 1.1 -9.1 5
      vertex 13.7979 -24.7787 5
    endloop
  endfacet
  facet normal 0 0 1
    outer loop
      vertex 13.7979 -24.7787 5
      vertex 1.1 -9.1 5
      vertex 13.7367 -24.8432 5
    endloop
  endfacet
  facet normal 0 0 1
    outer loop
      vertex 13.7367 -24.8432 5
      vertex 1.1 -9.1 5
      vertex 13.6789 -24.9109 5
    endloop
  endfacet
  facet normal 0 0 1
    outer loop
      vertex 13.6789 -24.9109 5
      vertex 1.1 -9.1 5
      vertex 13.6247 -24.9815 5
    endloop
  endfacet
  facet normal 0 0 1
    outer loop
      vertex 13.6247 -24.9815 5
      vertex 1.1 -9.1 5
      vertex 13.5743 -25.0549 5
    endloop
  endfacet
  facet normal 0 0 1
    outer loop
      vertex 1.1 -9.1 5
      vertex 3.72148 -2.70381 5
      vertex 3.57487 -2.89487 5
    endloop
  endfacet
  facet normal 0 0 1
    outer loop
      vertex 1.1 -9.1 5
      vertex 3.57487 -2.89487 5
      vertex 3.41847 -3.078 5
    endloop
  endfacet
  facet normal 0 0 1
    outer loop
      vertex 13.5743 -25.0549 5
      vertex 1.1 -9.1 5
      vertex 4.97462 -31.4085 5
    endloop
  endfacet
  facet normal 0 0 1
    outer loop
      vertex 1.1 -9.1 5
      vertex 3.41847 -3.078 5
      vertex 3.25269 -3.25269 5
    endloop
  endfacet
  facet normal 0 0 1
    outer loop
      vertex 1.1 -9.1 5
      vertex 3.25269 -3.25269 5
      vertex 3.078 -3.41847 5
    endloop
  endfacet
  facet normal 0 0 1
    outer loop
      vertex 1.1 -9.1 5
      vertex 3.078 -3.41847 5
      vertex 2.89487 -3.57487 5
    endloop
  endfacet
  facet normal 0 0 1
    outer loop
      vertex 1.1 -9.1 5
      vertex 2.89487 -3.57487 5
      vertex 2.70381 -3.72148 5
    endloop
  endfacet
  facet normal 0 0 1
    outer loop
      vertex 1.1 -5.9 5
      vertex 2.70381 -3.72148 5
      vertex 2.50534 -3.85788 5
    endloop
  endfacet
  facet normal 0 0 1
    outer loop
      vertex 1.1 -5.9 5
      vertex 2.50534 -3.85788 5
      vertex 2.3 -3.98372 5
    endloop
  endfacet
  facet normal 0 0 1
    outer loop
      vertex 1.1 -5.9 5
      vertex 2.3 -3.98372 5
      vertex 2.08836 -4.09863 5
    endloop
  endfacet
  facet normal 0 0 1
    outer loop
      vertex 1.1 -5.9 5
      vertex 2.08836 -4.09863 5
      vertex 1.87099 -4.20231 5
    endloop
  endfacet
  facet normal 0 0 1
    outer loop
      vertex 4.97462 -31.4085 5
      vertex 1.1 -9.1 5
      vertex 3.32401 -31.6258 5
    endloop
  endfacet
  facet normal 0 0 1
    outer loop
      vertex 1.1 -5.9 5
      vertex 1.87099 -4.20231 5
      vertex 1.64849 -4.29447 5
    endloop
  endfacet
  facet normal 0 0 1
    outer loop
      vertex 1.1 -5.9 5
      vertex 1.64849 -4.29447 5
      vertex 1.42148 -4.37486 5
    endloop
  endfacet
  facet normal 0 0 1
    outer loop
      vertex 1.1 -5.9 5
      vertex 1.42148 -4.37486 5
      vertex 1.19057 -4.44326 5
    endloop
  endfacet
  facet normal 0 0 1
    outer loop
      vertex 2.70381 -3.72148 5
      vertex 1.1 -5.9 5
      vertex 1.1 -9.1 5
    endloop
  endfacet
  facet normal 0 0 1
    outer loop
      vertex 3.32401 -31.6258 5
      vertex 1.1 -9.1 5
      vertex 1.66428 -31.7564 5
    endloop
  endfacet
  facet normal 0 0 1
    outer loop
      vertex 1.1 -9.1 5
      vertex 0 -31.8 5
      vertex 1.66428 -31.7564 5
    endloop
  endfacet
  facet normal -0 0 1
    outer loop
      vertex -1.1 -9.1 5
      vertex 0 -31.8 5
      vertex 1.1 -9.1 5
    endloop
  endfacet
  facet normal 0 0 1
    outer loop
      vertex -1.64849 -4.29447 5
      vertex -1.1 -5.9 5
      vertex -1.42148 -4.37486 5
    endloop
  endfacet
  facet normal 0 0 1
    outer loop
      vertex -1.87099 -4.20231 5
      vertex -1.1 -5.9 5
      vertex -1.64849 -4.29447 5
    endloop
  endfacet
  facet normal 0 0 1
    outer loop
      vertex -2.08836 -4.09863 5
      vertex -1.1 -5.9 5
      vertex -1.87099 -4.20231 5
    endloop
  endfacet
  facet normal 0 0 1
    outer loop
      vertex -1.1 -9.1 5
      vertex -1.66428 -31.7564 5
      vertex 0 -31.8 5
    endloop
  endfacet
  facet normal 0 0 1
    outer loop
      vertex -2.3 -3.98372 5
      vertex -1.1 -5.9 5
      vertex -2.08836 -4.09863 5
    endloop
  endfacet
  facet normal 0 0 1
    outer loop
      vertex -2.50534 -3.85788 5
      vertex -1.1 -5.9 5
      vertex -2.3 -3.98372 5
    endloop
  endfacet
  facet normal 0 0 1
    outer loop
      vertex -2.70381 -3.72148 5
      vertex -1.1 -5.9 5
      vertex -2.50534 -3.85788 5
    endloop
  endfacet
  facet normal 0 0 1
    outer loop
      vertex -1.1 -5.9 5
      vertex -2.70381 -3.72148 5
      vertex -1.1 -9.1 5
    endloop
  endfacet
  facet normal 0 0 1
    outer loop
      vertex -2.89487 -3.57487 5
      vertex -1.1 -9.1 5
      vertex -2.70381 -3.72148 5
    endloop
  endfacet
  facet normal 0 0 1
    outer loop
      vertex -3.078 -3.41847 5
      vertex -1.1 -9.1 5
      vertex -2.89487 -3.57487 5
    endloop
  endfacet
  facet normal 0 0 1
    outer loop
      vertex -3.25269 -3.25269 5
      vertex -1.1 -9.1 5
      vertex -3.078 -3.41847 5
    endloop
  endfacet
  facet normal 0 0 1
    outer loop
      vertex -3.41847 -3.078 5
      vertex -1.1 -9.1 5
      vertex -3.25269 -3.25269 5
    endloop
  endfacet
  facet normal 0 0 1
    outer loop
      vertex -1.1 -9.1 5
      vertex -3.32401 -31.6258 5
      vertex -1.66428 -31.7564 5
    endloop
  endfacet
  facet normal 0 0 1
    outer loop
      vertex -3.57487 -2.89487 5
      vertex -1.1 -9.1 5
      vertex -3.41847 -3.078 5
    endloop
  endfacet
  facet normal 0 0 1
    outer loop
      vertex -3.72148 -2.70381 5
      vertex -1.1 -9.1 5
      vertex -3.57487 -2.89487 5
    endloop
  endfacet
  facet normal 0 0 1
    outer loop
      vertex -25.7267 -18.6916 5
      vertex -1.1 -9.1 5
      vertex -3.72148 -2.70381 5
    endloop
  endfacet
  facet normal 0 0 1
    outer loop
      vertex -25.7267 -18.6916 5
      vertex -3.72148 -2.70381 5
      vertex -3.85788 -2.50534 5
    endloop
  endfacet
  facet normal 0 0 1
    outer loop
      vertex -26.6697 -17.3195 5
      vertex -3.85788 -2.50534 5
      vertex -3.98372 -2.3 5
    endloop
  endfacet
  facet normal 0 0 1
    outer loop
      vertex -27.5396 -15.9 5
      vertex -3.98372 -2.3 5
      vertex -4.09863 -2.08836 5
    endloop
  endfacet
  facet normal 0 0 1
    outer loop
      vertex -27.5396 -15.9 5
      vertex -4.09863 -2.08836 5
      vertex -4.20231 -1.87099 5
    endloop
  endfacet
  facet normal 0 0 1
    outer loop
      vertex -4.54337 -0.719598 5
      vertex -28.3371 -0.35345 5
      vertex -4.49948 -0.956393 5
    endloop
  endfacet
  facet normal -0 0 1
    outer loop
      vertex -28.3371 -0.35345 5
      vertex -4.54337 -0.719598 5
      vertex -28.3209 -0.265938 5
    endloop
  endfacet
  facet normal 0 0 1
    outer loop
      vertex -4.5748 -0.48083 5
      vertex -28.3209 -0.265938 5
      vertex -4.54337 -0.719598 5
    endloop
  endfacet
  facet normal -0 0 1
    outer loop
      vertex -28.3209 -0.265938 5
      vertex -4.5748 -0.48083 5
      vertex -28.3093 -0.177698 5
    endloop
  endfacet
  facet normal 0 0 1
    outer loop
      vertex -4.5937 -0.240745 5
      vertex -28.3093 -0.177698 5
      vertex -4.5748 -0.48083 5
    endloop
  endfacet
  facet normal -0 0 1
    outer loop
      vertex -28.3093 -0.177698 5
      vertex -4.5937 -0.240745 5
      vertex -28.3023 -0.0889702 5
    endloop
  endfacet
  facet normal -0 0 1
    outer loop
      vertex -28.3023 -0.0889702 5
      vertex -4.5937 -0.240745 5
      vertex -28.3 0 5
    endloop
  endfacet
  facet normal 0 0 1
    outer loop
      vertex -1.1 -9.1 5
      vertex -4.97462 -31.4085 5
      vertex -3.32401 -31.6258 5
    endloop
  endfacet
  facet normal -0 0 1
    outer loop
      vertex -28.3 0 5
      vertex -4.5937 -0.240745 5
      vertex -4.6 0 5
    endloop
  endfacet
  facet normal -0 0 1
    outer loop
      vertex -24.7132 20.0124 5
      vertex -3.57487 2.89487 5
      vertex -23.632 21.2784 5
    endloop
  endfacet
  facet normal 0 0 1
    outer loop
      vertex -3.57487 2.89487 5
      vertex -24.7132 20.0124 5
      vertex -3.72148 2.70381 5
    endloop
  endfacet
  facet normal -0 0 1
    outer loop
      vertex -28.3579 -0.439992 5
      vertex -4.49948 -0.956393 5
      vertex -28.3371 -0.35345 5
    endloop
  endfacet
  facet normal -0 0 1
    outer loop
      vertex -25.7267 18.6916 5
      vertex -3.72148 2.70381 5
      vertex -24.7132 20.0124 5
    endloop
  endfacet
  facet normal 0 0 1
    outer loop
      vertex -1.1 -9.1 5
      vertex -6.61159 -31.1051 5
      vertex -4.97462 -31.4085 5
    endloop
  endfacet
  facet normal 0 0 1
    outer loop
      vertex -3.72148 2.70381 5
      vertex -25.7267 18.6916 5
      vertex -3.85788 2.50534 5
    endloop
  endfacet
  facet normal 0 0 1
    outer loop
      vertex -1.1 -9.1 5
      vertex -8.23044 -30.7164 5
      vertex -6.61159 -31.1051 5
    endloop
  endfacet
  facet normal -0 0 1
    outer loop
      vertex -26.6697 17.3195 5
      vertex -3.85788 2.50534 5
      vertex -25.7267 18.6916 5
    endloop
  endfacet
  facet normal 0 0 1
    outer loop
      vertex -1.1 -9.1 5
      vertex -9.82674 -30.2436 5
      vertex -8.23044 -30.7164 5
    endloop
  endfacet
  facet normal 0 0 1
    outer loop
      vertex -3.85788 2.50534 5
      vertex -26.6697 17.3195 5
      vertex -3.98372 2.3 5
    endloop
  endfacet
  facet normal 0 0 1
    outer loop
      vertex -1.1 -9.1 5
      vertex -11.3961 -29.6879 5
      vertex -9.82674 -30.2436 5
    endloop
  endfacet
  facet normal -0 0 1
    outer loop
      vertex -27.5396 15.9 5
      vertex -3.98372 2.3 5
      vertex -26.6697 17.3195 5
    endloop
  endfacet
  facet normal 0 0 1
    outer loop
      vertex -1.1 -9.1 5
      vertex -12.9342 -29.0507 5
      vertex -11.3961 -29.6879 5
    endloop
  endfacet
  facet normal 0 0 1
    outer loop
      vertex -3.98372 2.3 5
      vertex -27.5396 15.9 5
      vertex -4.09863 2.08836 5
    endloop
  endfacet
  facet normal 0 0 1
    outer loop
      vertex -1.1 -9.1 5
      vertex -14.4369 -28.334 5
      vertex -12.9342 -29.0507 5
    endloop
  endfacet
  facet normal -0 0 1
    outer loop
      vertex -28.334 14.4369 5
      vertex -4.09863 2.08836 5
      vertex -27.5396 15.9 5
    endloop
  endfacet
  facet normal 0 0 1
    outer loop
      vertex -1.1 -9.1 5
      vertex -15.9 -27.5396 5
      vertex -14.4369 -28.334 5
    endloop
  endfacet
  facet normal 0 0 1
    outer loop
      vertex -4.09863 2.08836 5
      vertex -28.334 14.4369 5
      vertex -4.20231 1.87099 5
    endloop
  endfacet
  facet normal 0 0 1
    outer loop
      vertex -1.1 -9.1 5
      vertex -17.3195 -26.6697 5
      vertex -15.9 -27.5396 5
    endloop
  endfacet
  facet normal -0 0 1
    outer loop
      vertex -29.0507 12.9342 5
      vertex -4.20231 1.87099 5
      vertex -28.334 14.4369 5
    endloop
  endfacet
  facet normal 0 0 1
    outer loop
      vertex -1.1 -9.1 5
      vertex -18.6916 -25.7267 5
      vertex -17.3195 -26.6697 5
    endloop
  endfacet
  facet normal 0 -0 1
    outer loop
      vertex -28.4853 0.771784 5
      vertex -4.20231 1.87099 5
      vertex -29.0507 12.9342 5
    endloop
  endfacet
  facet normal 0 0 1
    outer loop
      vertex -1.1 -9.1 5
      vertex -20.0124 -24.7132 5
      vertex -18.6916 -25.7267 5
    endloop
  endfacet
  facet normal 0 0 1
    outer loop
      vertex -4.20231 1.87099 5
      vertex -28.4853 0.771784 5
      vertex -4.29447 1.64849 5
    endloop
  endfacet
  facet normal 0 0 1
    outer loop
      vertex -1.1 -9.1 5
      vertex -21.2784 -23.632 5
      vertex -20.0124 -24.7132 5
    endloop
  endfacet
  facet normal 0 -0 1
    outer loop
      vertex -28.447 0.691452 5
      vertex -4.29447 1.64849 5
      vertex -28.4853 0.771784 5
    endloop
  endfacet
  facet normal 0 0 1
    outer loop
      vertex -1.1 -9.1 5
      vertex -22.486 -22.486 5
      vertex -21.2784 -23.632 5
    endloop
  endfacet
  facet normal 0 0 1
    outer loop
      vertex -4.29447 1.64849 5
      vertex -28.447 0.691452 5
      vertex -4.37486 1.42148 5
    endloop
  endfacet
  facet normal 0 0 1
    outer loop
      vertex -1.1 -9.1 5
      vertex -23.632 -21.2784 5
      vertex -22.486 -22.486 5
    endloop
  endfacet
  facet normal 0 -0 1
    outer loop
      vertex -28.4129 0.609225 5
      vertex -4.37486 1.42148 5
      vertex -28.447 0.691452 5
    endloop
  endfacet
  facet normal 0 0 1
    outer loop
      vertex -1.1 -9.1 5
      vertex -24.7132 -20.0124 5
      vertex -23.632 -21.2784 5
    endloop
  endfacet
  facet normal 0 0 1
    outer loop
      vertex -4.37486 1.42148 5
      vertex -28.4129 0.609225 5
      vertex -4.44326 1.19057 5
    endloop
  endfacet
  facet normal 0 0 1
    outer loop
      vertex -1.1 -9.1 5
      vertex -25.7267 -18.6916 5
      vertex -24.7132 -20.0124 5
    endloop
  endfacet
  facet normal 0 -0 1
    outer loop
      vertex -28.3832 0.525329 5
      vertex -4.44326 1.19057 5
      vertex -28.4129 0.609225 5
    endloop
  endfacet
  facet normal 0 0 1
    outer loop
      vertex -3.85788 -2.50534 5
      vertex -26.6697 -17.3195 5
      vertex -25.7267 -18.6916 5
    endloop
  endfacet
  facet normal 0 0 1
    outer loop
      vertex -3.98372 -2.3 5
      vertex -27.5396 -15.9 5
      vertex -26.6697 -17.3195 5
    endloop
  endfacet
  facet normal 0 0 1
    outer loop
      vertex -4.6 0 5
      vertex -28.3023 0.0889702 5
      vertex -28.3 0 5
    endloop
  endfacet
  facet normal 0 0 1
    outer loop
      vertex -4.5937 0.240745 5
      vertex -28.3023 0.0889702 5
      vertex -4.6 0 5
    endloop
  endfacet
  facet normal 0 -0 1
    outer loop
      vertex -28.3023 0.0889702 5
      vertex -4.5937 0.240745 5
      vertex -28.3093 0.177698 5
    endloop
  endfacet
  facet normal 0 0 1
    outer loop
      vertex -4.44326 1.19057 5
      vertex -28.3832 0.525329 5
      vertex -4.49948 0.956393 5
    endloop
  endfacet
  facet normal 0 0 1
    outer loop
      vertex -4.5748 0.48083 5
      vertex -28.3093 0.177698 5
      vertex -4.5937 0.240745 5
    endloop
  endfacet
  facet normal 0 -0 1
    outer loop
      vertex -28.3093 0.177698 5
      vertex -4.5748 0.48083 5
      vertex -28.3209 0.265938 5
    endloop
  endfacet
  facet normal 0 0 1
    outer loop
      vertex -4.54337 0.719598 5
      vertex -28.3209 0.265938 5
      vertex -4.5748 0.48083 5
    endloop
  endfacet
  facet normal 0 -0 1
    outer loop
      vertex -28.3209 0.265938 5
      vertex -4.54337 0.719598 5
      vertex -28.3371 0.35345 5
    endloop
  endfacet
  facet normal 0 0 1
    outer loop
      vertex -4.49948 0.956393 5
      vertex -28.3371 0.35345 5
      vertex -4.54337 0.719598 5
    endloop
  endfacet
  facet normal 0 -0 1
    outer loop
      vertex -28.3371 0.35345 5
      vertex -4.49948 0.956393 5
      vertex -28.3579 0.439992 5
    endloop
  endfacet
  facet normal 0 -0 1
    outer loop
      vertex -28.3579 0.439992 5
      vertex -4.49948 0.956393 5
      vertex -28.3832 0.525329 5
    endloop
  endfacet
  facet normal 0 0 1
    outer loop
      vertex -28.4853 0.771784 5
      vertex -29.0507 12.9342 5
      vertex -28.5278 0.849999 5
    endloop
  endfacet
  facet normal 0 0 1
    outer loop
      vertex -28.5278 0.849999 5
      vertex -29.0507 12.9342 5
      vertex -28.5743 0.925886 5
    endloop
  endfacet
  facet normal -0 0 1
    outer loop
      vertex -29.6879 11.3961 5
      vertex -28.5743 0.925886 5
      vertex -29.0507 12.9342 5
    endloop
  endfacet
  facet normal 0 0 1
    outer loop
      vertex -28.5743 0.925886 5
      vertex -29.6879 11.3961 5
      vertex -28.6247 0.999234 5
    endloop
  endfacet
  facet normal -0 0 1
    outer loop
      vertex -30.2436 9.82674 5
      vertex -28.6247 0.999234 5
      vertex -29.6879 11.3961 5
    endloop
  endfacet
  facet normal 0 0 1
    outer loop
      vertex -28.6247 0.999234 5
      vertex -30.2436 9.82674 5
      vertex -28.6789 1.06984 5
    endloop
  endfacet
  facet normal 0 0 1
    outer loop
      vertex -28.6789 1.06984 5
      vertex -30.2436 9.82674 5
      vertex -28.7367 1.13752 5
    endloop
  endfacet
  facet normal -0 0 1
    outer loop
      vertex -30.7164 8.23044 5
      vertex -28.7367 1.13752 5
      vertex -30.2436 9.82674 5
    endloop
  endfacet
  facet normal 0 0 1
    outer loop
      vertex -28.7367 1.13752 5
      vertex -30.7164 8.23044 5
      vertex -28.7979 1.20208 5
    endloop
  endfacet
  facet normal 0 0 1
    outer loop
      vertex -28.7979 1.20208 5
      vertex -30.7164 8.23044 5
      vertex -28.8625 1.26335 5
    endloop
  endfacet
  facet normal 0 0 1
    outer loop
      vertex -28.8625 1.26335 5
      vertex -30.7164 8.23044 5
      vertex -28.9302 1.32115 5
    endloop
  endfacet
  facet normal -0 0 1
    outer loop
      vertex -31.1051 6.61159 5
      vertex -28.9302 1.32115 5
      vertex -30.7164 8.23044 5
    endloop
  endfacet
  facet normal 0 0 1
    outer loop
      vertex -28.9302 1.32115 5
      vertex -31.1051 6.61159 5
      vertex -29.0008 1.37533 5
    endloop
  endfacet
  facet normal 0 0 1
    outer loop
      vertex -29.0008 1.37533 5
      vertex -31.1051 6.61159 5
      vertex -29.0741 1.42574 5
    endloop
  endfacet
  facet normal 0 0 1
    outer loop
      vertex -29.0741 1.42574 5
      vertex -31.1051 6.61159 5
      vertex -29.15 1.47224 5
    endloop
  endfacet
  facet normal 0 0 1
    outer loop
      vertex -29.15 1.47224 5
      vertex -31.1051 6.61159 5
      vertex -29.2282 1.51471 5
    endloop
  endfacet
  facet normal -0 0 1
    outer loop
      vertex -31.4085 4.97462 5
      vertex -29.2282 1.51471 5
      vertex -31.1051 6.61159 5
    endloop
  endfacet
  facet normal 0 0 1
    outer loop
      vertex -29.2282 1.51471 5
      vertex -31.4085 4.97462 5
      vertex -29.3085 1.55303 5
    endloop
  endfacet
  facet normal 0 0 1
    outer loop
      vertex -29.3085 1.55303 5
      vertex -31.4085 4.97462 5
      vertex -29.3908 1.58709 5
    endloop
  endfacet
  facet normal 0 0 1
    outer loop
      vertex -29.3908 1.58709 5
      vertex -31.4085 4.97462 5
      vertex -29.4747 1.6168 5
    endloop
  endfacet
  facet normal 0 0 1
    outer loop
      vertex -29.4747 1.6168 5
      vertex -31.4085 4.97462 5
      vertex -29.56 1.64207 5
    endloop
  endfacet
  facet normal 0 0 1
    outer loop
      vertex -29.56 1.64207 5
      vertex -31.4085 4.97462 5
      vertex -29.6465 1.66285 5
    endloop
  endfacet
  facet normal 0 0 1
    outer loop
      vertex -29.6465 1.66285 5
      vertex -31.4085 4.97462 5
      vertex -29.7341 1.67907 5
    endloop
  endfacet
  facet normal 0 0 1
    outer loop
      vertex -29.7341 1.67907 5
      vertex -31.4085 4.97462 5
      vertex -29.8223 1.69069 5
    endloop
  endfacet
  facet normal -0 0 1
    outer loop
      vertex -31.6258 3.32401 5
      vertex -29.8223 1.69069 5
      vertex -31.4085 4.97462 5
    endloop
  endfacet
  facet normal 0 0 1
    outer loop
      vertex -29.8223 1.69069 5
      vertex -31.6258 3.32401 5
      vertex -29.911 1.69767 5
    endloop
  endfacet
  facet normal 0 0 1
    outer loop
      vertex -29.911 1.69767 5
      vertex -31.6258 3.32401 5
      vertex -30 1.7 5
    endloop
  endfacet
  facet normal 0 0 1
    outer loop
      vertex -30 1.7 5
      vertex -31.6258 3.32401 5
      vertex -30.089 1.69767 5
    endloop
  endfacet
  facet normal 0 0 1
    outer loop
      vertex -30.089 1.69767 5
      vertex -31.6258 3.32401 5
      vertex -30.1777 1.69069 5
    endloop
  endfacet
  facet normal 0 0 1
    outer loop
      vertex -30.1777 1.69069 5
      vertex -31.6258 3.32401 5
      vertex -30.2659 1.67907 5
    endloop
  endfacet
  facet normal 0 0 1
    outer loop
      vertex -30.2659 1.67907 5
      vertex -31.6258 3.32401 5
      vertex -30.3535 1.66285 5
    endloop
  endfacet
  facet normal 0 0 1
    outer loop
      vertex -30.3535 1.66285 5
      vertex -31.6258 3.32401 5
      vertex -30.44 1.64207 5
    endloop
  endfacet
  facet normal 0 0 1
    outer loop
      vertex -30.44 1.64207 5
      vertex -31.6258 3.32401 5
      vertex -30.5253 1.6168 5
    endloop
  endfacet
  facet normal 0 0 1
    outer loop
      vertex -30.5253 1.6168 5
      vertex -31.6258 3.32401 5
      vertex -30.6092 1.58709 5
    endloop
  endfacet
  facet normal 0 0 1
    outer loop
      vertex -30.6092 1.58709 5
      vertex -31.6258 3.32401 5
      vertex -30.6915 1.55303 5
    endloop
  endfacet
  facet normal -0 0 1
    outer loop
      vertex -31.7564 1.66428 5
      vertex -30.6915 1.55303 5
      vertex -31.6258 3.32401 5
    endloop
  endfacet
  facet normal 0 0 1
    outer loop
      vertex -30.6915 1.55303 5
      vertex -31.7564 1.66428 5
      vertex -30.7718 1.51471 5
    endloop
  endfacet
  facet normal 0 0 1
    outer loop
      vertex -30.7718 1.51471 5
      vertex -31.7564 1.66428 5
      vertex -30.85 1.47224 5
    endloop
  endfacet
  facet normal 0 0 1
    outer loop
      vertex -30.85 1.47224 5
      vertex -31.7564 1.66428 5
      vertex -30.9259 1.42574 5
    endloop
  endfacet
  facet normal 0 0 1
    outer loop
      vertex -30.9259 1.42574 5
      vertex -31.7564 1.66428 5
      vertex -30.9992 1.37533 5
    endloop
  endfacet
  facet normal 0 0 1
    outer loop
      vertex -30.9992 1.37533 5
      vertex -31.7564 1.66428 5
      vertex -31.0698 1.32115 5
    endloop
  endfacet
  facet normal 0 0 1
    outer loop
      vertex -31.0698 1.32115 5
      vertex -31.7564 1.66428 5
      vertex -31.1375 1.26335 5
    endloop
  endfacet
  facet normal 0 0 1
    outer loop
      vertex -31.1375 1.26335 5
      vertex -31.7564 1.66428 5
      vertex -31.2021 1.20208 5
    endloop
  endfacet
  facet normal 0 0 1
    outer loop
      vertex -31.2021 1.20208 5
      vertex -31.7564 1.66428 5
      vertex -31.2633 1.13752 5
    endloop
  endfacet
  facet normal 0 0 1
    outer loop
      vertex -31.2633 1.13752 5
      vertex -31.7564 1.66428 5
      vertex -31.3211 1.06984 5
    endloop
  endfacet
  facet normal 0 0 1
    outer loop
      vertex -31.3211 1.06984 5
      vertex -31.7564 1.66428 5
      vertex -31.3753 0.999234 5
    endloop
  endfacet
  facet normal 0 0 1
    outer loop
      vertex -31.3753 0.999234 5
      vertex -31.7564 1.66428 5
      vertex -31.4257 0.925886 5
    endloop
  endfacet
  facet normal 0 0 1
    outer loop
      vertex -31.4257 0.925886 5
      vertex -31.7564 1.66428 5
      vertex -31.4722 0.849999 5
    endloop
  endfacet
  facet normal 0 0 1
    outer loop
      vertex -31.4722 0.849999 5
      vertex -31.7564 1.66428 5
      vertex -31.5147 0.771784 5
    endloop
  endfacet
  facet normal 0 0 1
    outer loop
      vertex -31.5147 0.771784 5
      vertex -31.7564 1.66428 5
      vertex -31.553 0.691452 5
    endloop
  endfacet
  facet normal 0 0 1
    outer loop
      vertex -31.553 0.691452 5
      vertex -31.7564 1.66428 5
      vertex -31.5871 0.609225 5
    endloop
  endfacet
  facet normal 0 0 1
    outer loop
      vertex -31.5871 0.609225 5
      vertex -31.7564 1.66428 5
      vertex -31.6168 0.525329 5
    endloop
  endfacet
  facet normal 0 0 1
    outer loop
      vertex -31.6168 0.525329 5
      vertex -31.7564 1.66428 5
      vertex -31.6421 0.439992 5
    endloop
  endfacet
  facet normal 0 0 1
    outer loop
      vertex -31.8 0 5
      vertex -31.6421 0.439992 5
      vertex -31.7564 1.66428 5
    endloop
  endfacet
  facet normal 0 0 1
    outer loop
      vertex -31.6421 0.439992 5
      vertex -31.8 0 5
      vertex -31.6628 0.35345 5
    endloop
  endfacet
  facet normal 0 0 1
    outer loop
      vertex -31.6628 0.35345 5
      vertex -31.8 0 5
      vertex -31.6791 0.265938 5
    endloop
  endfacet
  facet normal 0 0 1
    outer loop
      vertex -31.6791 0.265938 5
      vertex -31.8 0 5
      vertex -31.6907 0.177698 5
    endloop
  endfacet
  facet normal 0 0 1
    outer loop
      vertex -31.6907 0.177698 5
      vertex -31.8 0 5
      vertex -31.6977 0.0889702 5
    endloop
  endfacet
  facet normal 0 0 1
    outer loop
      vertex 15.9259 24.555 5
      vertex 20.0124 24.7132 5
      vertex 15.9992 24.6054 5
    endloop
  endfacet
  facet normal 0 0 1
    outer loop
      vertex 31.4085 -4.97462 5
      vertex 16.6977 -25.8918 5
      vertex 16.7 -25.9808 5
    endloop
  endfacet
  facet normal 0 0 1
    outer loop
      vertex 20.0124 24.7132 5
      vertex 15.9259 24.555 5
      vertex 21.2784 23.632 5
    endloop
  endfacet
  facet normal 0 0 1
    outer loop
      vertex 31.4085 -4.97462 5
      vertex 16.6907 -25.8031 5
      vertex 16.6977 -25.8918 5
    endloop
  endfacet
  facet normal -0 0 1
    outer loop
      vertex 15.85 24.5085 5
      vertex 21.2784 23.632 5
      vertex 15.9259 24.555 5
    endloop
  endfacet
  facet normal 0 0 1
    outer loop
      vertex 31.4085 -4.97462 5
      vertex 16.6791 -25.7148 5
      vertex 16.6907 -25.8031 5
    endloop
  endfacet
  facet normal -0 0 1
    outer loop
      vertex 15.7718 24.466 5
      vertex 21.2784 23.632 5
      vertex 15.85 24.5085 5
    endloop
  endfacet
  facet normal 0 0 1
    outer loop
      vertex 31.4085 -4.97462 5
      vertex 16.6628 -25.6273 5
      vertex 16.6791 -25.7148 5
    endloop
  endfacet
  facet normal -0 0 1
    outer loop
      vertex 15.6915 24.4277 5
      vertex 21.2784 23.632 5
      vertex 15.7718 24.466 5
    endloop
  endfacet
  facet normal 0 0 1
    outer loop
      vertex 31.4085 -4.97462 5
      vertex 16.6421 -25.5408 5
      vertex 16.6628 -25.6273 5
    endloop
  endfacet
  facet normal -0 0 1
    outer loop
      vertex 15.6092 24.3937 5
      vertex 21.2784 23.632 5
      vertex 15.6915 24.4277 5
    endloop
  endfacet
  facet normal 0 0 1
    outer loop
      vertex 31.4085 -4.97462 5
      vertex 16.6168 -25.4554 5
      vertex 16.6421 -25.5408 5
    endloop
  endfacet
  facet normal 0 0 1
    outer loop
      vertex 21.2784 23.632 5
      vertex 15.6092 24.3937 5
      vertex 22.486 22.486 5
    endloop
  endfacet
  facet normal 0 0 1
    outer loop
      vertex 31.4085 -4.97462 5
      vertex 16.5871 -25.3715 5
      vertex 16.6168 -25.4554 5
    endloop
  endfacet
  facet normal -0 0 1
    outer loop
      vertex 15.5253 24.364 5
      vertex 22.486 22.486 5
      vertex 15.6092 24.3937 5
    endloop
  endfacet
  facet normal 0 0 1
    outer loop
      vertex 31.4085 -4.97462 5
      vertex 16.553 -25.2893 5
      vertex 16.5871 -25.3715 5
    endloop
  endfacet
  facet normal -0 0 1
    outer loop
      vertex 15.44 24.3387 5
      vertex 22.486 22.486 5
      vertex 15.5253 24.364 5
    endloop
  endfacet
  facet normal 0 0 1
    outer loop
      vertex 31.4085 -4.97462 5
      vertex 16.5147 -25.209 5
      vertex 16.553 -25.2893 5
    endloop
  endfacet
  facet normal -0 0 1
    outer loop
      vertex 15.3534 24.3179 5
      vertex 22.486 22.486 5
      vertex 15.44 24.3387 5
    endloop
  endfacet
  facet normal 0 0 1
    outer loop
      vertex 31.4085 -4.97462 5
      vertex 16.4722 -25.1308 5
      vertex 16.5147 -25.209 5
    endloop
  endfacet
  facet normal 0 0 1
    outer loop
      vertex 22.486 22.486 5
      vertex 15.3534 24.3179 5
      vertex 23.632 21.2784 5
    endloop
  endfacet
  facet normal 0 0 1
    outer loop
      vertex 31.4085 -4.97462 5
      vertex 16.4257 -25.0549 5
      vertex 16.4722 -25.1308 5
    endloop
  endfacet
  facet normal -0 0 1
    outer loop
      vertex 15.2659 24.3017 5
      vertex 23.632 21.2784 5
      vertex 15.3534 24.3179 5
    endloop
  endfacet
  facet normal 0 0 1
    outer loop
      vertex 31.4085 -4.97462 5
      vertex 16.3753 -24.9815 5
      vertex 16.4257 -25.0549 5
    endloop
  endfacet
  facet normal -0 0 1
    outer loop
      vertex 15.1777 24.2901 5
      vertex 23.632 21.2784 5
      vertex 15.2659 24.3017 5
    endloop
  endfacet
  facet normal 0 0 1
    outer loop
      vertex 31.4085 -4.97462 5
      vertex 16.3211 -24.9109 5
      vertex 16.3753 -24.9815 5
    endloop
  endfacet
  facet normal 0 0 1
    outer loop
      vertex 23.632 21.2784 5
      vertex 15.1777 24.2901 5
      vertex 24.7132 20.0124 5
    endloop
  endfacet
  facet normal 0 0 1
    outer loop
      vertex 31.4085 -4.97462 5
      vertex 16.2633 -24.8432 5
      vertex 16.3211 -24.9109 5
    endloop
  endfacet
  facet normal -0 0 1
    outer loop
      vertex 15.089 24.2831 5
      vertex 24.7132 20.0124 5
      vertex 15.1777 24.2901 5
    endloop
  endfacet
  facet normal 0 0 1
    outer loop
      vertex 31.4085 -4.97462 5
      vertex 16.2021 -24.7787 5
      vertex 16.2633 -24.8432 5
    endloop
  endfacet
  facet normal 0 0 1
    outer loop
      vertex 24.7132 20.0124 5
      vertex 15.089 24.2831 5
      vertex 25.7267 18.6916 5
    endloop
  endfacet
  facet normal 0 0 1
    outer loop
      vertex 31.4085 -4.97462 5
      vertex 16.1375 -24.7174 5
      vertex 16.2021 -24.7787 5
    endloop
  endfacet
  facet normal -0 0 1
    outer loop
      vertex 15 24.2808 5
      vertex 25.7267 18.6916 5
      vertex 15.089 24.2831 5
    endloop
  endfacet
  facet normal 0 0 1
    outer loop
      vertex 31.4085 -4.97462 5
      vertex 16.0698 -24.6596 5
      vertex 16.1375 -24.7174 5
    endloop
  endfacet
  facet normal 0 0 1
    outer loop
      vertex 3.72148 2.70381 5
      vertex 25.7267 18.6916 5
      vertex 15 24.2808 5
    endloop
  endfacet
  facet normal -0 0 1
    outer loop
      vertex 4.5748 -0.48083 5
      vertex 31.6258 -3.32401 5
      vertex 4.5937 -0.240745 5
    endloop
  endfacet
  facet normal 0 0 1
    outer loop
      vertex 25.7267 18.6916 5
      vertex 3.72148 2.70381 5
      vertex 26.6697 17.3195 5
    endloop
  endfacet
  facet normal 0 0 1
    outer loop
      vertex 31.4085 -4.97462 5
      vertex 15.9992 -24.6054 5
      vertex 16.0698 -24.6596 5
    endloop
  endfacet
  facet normal 0 -0 1
    outer loop
      vertex 3.85788 2.50534 5
      vertex 26.6697 17.3195 5
      vertex 3.72148 2.70381 5
    endloop
  endfacet
  facet normal 0 0 1
    outer loop
      vertex 31.4085 -4.97462 5
      vertex 15.9259 -24.555 5
      vertex 15.9992 -24.6054 5
    endloop
  endfacet
  facet normal 0 0 1
    outer loop
      vertex 27.5396 15.9 5
      vertex 3.98372 2.3 5
      vertex 28.334 14.4369 5
    endloop
  endfacet
  facet normal 0 0 1
    outer loop
      vertex 31.4085 -4.97462 5
      vertex 15.85 -24.5085 5
      vertex 15.9259 -24.555 5
    endloop
  endfacet
  facet normal 0 -0 1
    outer loop
      vertex 4.09863 2.08836 5
      vertex 28.334 14.4369 5
      vertex 3.98372 2.3 5
    endloop
  endfacet
  facet normal 0 0 1
    outer loop
      vertex 31.4085 -4.97462 5
      vertex 15.7718 -24.466 5
      vertex 15.85 -24.5085 5
    endloop
  endfacet
  facet normal 0 0 1
    outer loop
      vertex 29.0507 12.9342 5
      vertex 4.20231 1.87099 5
      vertex 29.6879 11.3961 5
    endloop
  endfacet
  facet normal 0 0 1
    outer loop
      vertex 31.4085 -4.97462 5
      vertex 15.6915 -24.4277 5
      vertex 15.7718 -24.466 5
    endloop
  endfacet
  facet normal 0 0 1
    outer loop
      vertex 31.1051 6.61159 5
      vertex 4.49948 0.956393 5
      vertex 31.4085 4.97462 5
    endloop
  endfacet
  facet normal 0 0 1
    outer loop
      vertex 31.4085 -4.97462 5
      vertex 15.6092 -24.3937 5
      vertex 15.6915 -24.4277 5
    endloop
  endfacet
  facet normal 0 -0 1
    outer loop
      vertex 4.49948 0.956393 5
      vertex 31.1051 6.61159 5
      vertex 4.44326 1.19057 5
    endloop
  endfacet
  facet normal 0 0 1
    outer loop
      vertex 31.4085 -4.97462 5
      vertex 15.5253 -24.364 5
      vertex 15.6092 -24.3937 5
    endloop
  endfacet
  facet normal 0 -0 1
    outer loop
      vertex 4.37486 1.42148 5
      vertex 30.2436 9.82674 5
      vertex 4.29447 1.64849 5
    endloop
  endfacet
  facet normal 0 0 1
    outer loop
      vertex 31.4085 -4.97462 5
      vertex 15.44 -24.3387 5
      vertex 15.5253 -24.364 5
    endloop
  endfacet
  facet normal 0 0 1
    outer loop
      vertex 30.2436 9.82674 5
      vertex 4.37486 1.42148 5
      vertex 30.7164 8.23044 5
    endloop
  endfacet
  facet normal 0 0 1
    outer loop
      vertex 31.4085 -4.97462 5
      vertex 15.3534 -24.3179 5
      vertex 15.44 -24.3387 5
    endloop
  endfacet
  facet normal 0 -0 1
    outer loop
      vertex 4.29447 1.64849 5
      vertex 29.6879 11.3961 5
      vertex 4.20231 1.87099 5
    endloop
  endfacet
  facet normal 0 0 1
    outer loop
      vertex 31.4085 -4.97462 5
      vertex 15.2659 -24.3017 5
      vertex 15.3534 -24.3179 5
    endloop
  endfacet
  facet normal 0 0 1
    outer loop
      vertex 28.334 14.4369 5
      vertex 4.09863 2.08836 5
      vertex 29.0507 12.9342 5
    endloop
  endfacet
  facet normal 0 0 1
    outer loop
      vertex 31.4085 -4.97462 5
      vertex 15.1777 -24.2901 5
      vertex 15.2659 -24.3017 5
    endloop
  endfacet
  facet normal 0 -0 1
    outer loop
      vertex 3.98372 2.3 5
      vertex 27.5396 15.9 5
      vertex 3.85788 2.50534 5
    endloop
  endfacet
  facet normal 0 0 1
    outer loop
      vertex 31.6258 -3.32401 5
      vertex 4.5748 -0.48083 5
      vertex 31.4085 -4.97462 5
    endloop
  endfacet
  facet normal 0 0 1
    outer loop
      vertex 3.72148 2.70381 5
      vertex 15 24.2808 5
      vertex 14.911 24.2831 5
    endloop
  endfacet
  facet normal -0 0 1
    outer loop
      vertex 4.54337 -0.719598 5
      vertex 31.4085 -4.97462 5
      vertex 4.5748 -0.48083 5
    endloop
  endfacet
  facet normal 0 0 1
    outer loop
      vertex 3.57487 2.89487 5
      vertex 14.911 24.2831 5
      vertex 14.8223 24.2901 5
    endloop
  endfacet
  facet normal -0 0 1
    outer loop
      vertex 4.49948 -0.956393 5
      vertex 31.4085 -4.97462 5
      vertex 4.54337 -0.719598 5
    endloop
  endfacet
  facet normal 0 0 1
    outer loop
      vertex 3.41847 3.078 5
      vertex 14.8223 24.2901 5
      vertex 14.7341 24.3017 5
    endloop
  endfacet
  facet normal -0 0 1
    outer loop
      vertex 4.44326 -1.19057 5
      vertex 31.4085 -4.97462 5
      vertex 4.49948 -0.956393 5
    endloop
  endfacet
  facet normal 0 0 1
    outer loop
      vertex 3.41847 3.078 5
      vertex 14.7341 24.3017 5
      vertex 14.6465 24.3179 5
    endloop
  endfacet
  facet normal -0 0 1
    outer loop
      vertex 4.37486 -1.42148 5
      vertex 31.4085 -4.97462 5
      vertex 4.44326 -1.19057 5
    endloop
  endfacet
  facet normal 0 0 1
    outer loop
      vertex 3.25269 3.25269 5
      vertex 14.6465 24.3179 5
      vertex 14.56 24.3387 5
    endloop
  endfacet
  facet normal -0 0 1
    outer loop
      vertex 4.29447 -1.64849 5
      vertex 31.4085 -4.97462 5
      vertex 4.37486 -1.42148 5
    endloop
  endfacet
  facet normal 0 0 1
    outer loop
      vertex 3.078 3.41847 5
      vertex 14.56 24.3387 5
      vertex 14.4747 24.364 5
    endloop
  endfacet
  facet normal -0 0 1
    outer loop
      vertex 4.20231 -1.87099 5
      vertex 31.4085 -4.97462 5
      vertex 4.29447 -1.64849 5
    endloop
  endfacet
  facet normal 0 0 1
    outer loop
      vertex 2.89487 3.57487 5
      vertex 14.4747 24.364 5
      vertex 14.3908 24.3937 5
    endloop
  endfacet
  facet normal -0 0 1
    outer loop
      vertex 4.09863 -2.08836 5
      vertex 31.4085 -4.97462 5
      vertex 4.20231 -1.87099 5
    endloop
  endfacet
  facet normal 0 0 1
    outer loop
      vertex 2.70381 3.72148 5
      vertex 14.3908 24.3937 5
      vertex 14.3085 24.4277 5
    endloop
  endfacet
  facet normal 0 0 1
    outer loop
      vertex 31.4085 -4.97462 5
      vertex 4.09863 -2.08836 5
      vertex 15.1777 -24.2901 5
    endloop
  endfacet
  facet normal 0 0 1
    outer loop
      vertex 2.50534 3.85788 5
      vertex 14.3085 24.4277 5
      vertex 14.2282 24.466 5
    endloop
  endfacet
  facet normal -0 0 1
    outer loop
      vertex 3.98372 -2.3 5
      vertex 15.1777 -24.2901 5
      vertex 4.09863 -2.08836 5
    endloop
  endfacet
  facet normal 0 0 1
    outer loop
      vertex 2.50534 3.85788 5
      vertex 14.2282 24.466 5
      vertex 14.15 24.5085 5
    endloop
  endfacet
  facet normal 0 0 1
    outer loop
      vertex 15.1777 -24.2901 5
      vertex 3.98372 -2.3 5
      vertex 15.089 -24.2831 5
    endloop
  endfacet
  facet normal 0 0 1
    outer loop
      vertex 2.3 3.98372 5
      vertex 14.15 24.5085 5
      vertex 14.0741 24.555 5
    endloop
  endfacet
  facet normal -0 0 1
    outer loop
      vertex 3.85788 -2.50534 5
      vertex 15.089 -24.2831 5
      vertex 3.98372 -2.3 5
    endloop
  endfacet
  facet normal 0 0 1
    outer loop
      vertex 2.08836 4.09863 5
      vertex 14.0741 24.555 5
      vertex 14.0008 24.6054 5
    endloop
  endfacet
  facet normal 0 0 1
    outer loop
      vertex 15.089 -24.2831 5
      vertex 3.85788 -2.50534 5
      vertex 15 -24.2808 5
    endloop
  endfacet
  facet normal 0 0 1
    outer loop
      vertex 1.87099 4.20231 5
      vertex 14.0008 24.6054 5
      vertex 13.9302 24.6596 5
    endloop
  endfacet
  facet normal -0 0 1
    outer loop
      vertex 3.72148 -2.70381 5
      vertex 15 -24.2808 5
      vertex 3.85788 -2.50534 5
    endloop
  endfacet
  facet normal 0 0 1
    outer loop
      vertex 1.64849 4.29447 5
      vertex 13.9302 24.6596 5
      vertex 13.8625 24.7174 5
    endloop
  endfacet
  facet normal 0 0 1
    outer loop
      vertex 15 -24.2808 5
      vertex 3.72148 -2.70381 5
      vertex 14.911 -24.2831 5
    endloop
  endfacet
  facet normal 0 0 1
    outer loop
      vertex 1.42148 4.37486 5
      vertex 13.8625 24.7174 5
      vertex 13.7979 24.7787 5
    endloop
  endfacet
  facet normal -0 0 1
    outer loop
      vertex 1.1 -9.1 5
      vertex 14.911 -24.2831 5
      vertex 3.72148 -2.70381 5
    endloop
  endfacet
  facet normal 0 0 1
    outer loop
      vertex 1.42148 4.37486 5
      vertex 13.7979 24.7787 5
      vertex 13.7367 24.8432 5
    endloop
  endfacet
  facet normal 0 0 1
    outer loop
      vertex 14.911 -24.2831 5
      vertex 1.1 -9.1 5
      vertex 14.8223 -24.2901 5
    endloop
  endfacet
  facet normal 0 0 1
    outer loop
      vertex 1.19057 4.44326 5
      vertex 13.7367 24.8432 5
      vertex 13.6789 24.9109 5
    endloop
  endfacet
  facet normal 0 0 1
    outer loop
      vertex 14.8223 -24.2901 5
      vertex 1.1 -9.1 5
      vertex 14.7341 -24.3017 5
    endloop
  endfacet
  facet normal 0 0 1
    outer loop
      vertex 0.956393 4.49948 5
      vertex 13.6789 24.9109 5
      vertex 13.6247 24.9815 5
    endloop
  endfacet
  facet normal 0 0 1
    outer loop
      vertex 14.7341 -24.3017 5
      vertex 1.1 -9.1 5
      vertex 14.6465 -24.3179 5
    endloop
  endfacet
  facet normal 0 0 1
    outer loop
      vertex 0.719598 4.54337 5
      vertex 13.6247 24.9815 5
      vertex 13.5743 25.0549 5
    endloop
  endfacet
  facet normal 0 0 1
    outer loop
      vertex 14.6465 -24.3179 5
      vertex 1.1 -9.1 5
      vertex 14.56 -24.3387 5
    endloop
  endfacet
  facet normal 0 0 1
    outer loop
      vertex 0.48083 4.5748 5
      vertex 13.5743 25.0549 5
      vertex 13.5278 25.1308 5
    endloop
  endfacet
  facet normal 0 0 1
    outer loop
      vertex 14.56 -24.3387 5
      vertex 1.1 -9.1 5
      vertex 14.4747 -24.364 5
    endloop
  endfacet
  facet normal 0 0 1
    outer loop
      vertex 3.32401 31.6258 5
      vertex 13.5278 25.1308 5
      vertex 13.4853 25.209 5
    endloop
  endfacet
  facet normal 0 0 1
    outer loop
      vertex 14.4747 -24.364 5
      vertex 1.1 -9.1 5
      vertex 14.3908 -24.3937 5
    endloop
  endfacet
  facet normal 0 0 1
    outer loop
      vertex 4.97462 31.4085 5
      vertex 13.4853 25.209 5
      vertex 13.447 25.2893 5
    endloop
  endfacet
  facet normal 0 0 1
    outer loop
      vertex 13.5743 -25.0549 5
      vertex 4.97462 -31.4085 5
      vertex 13.5278 -25.1308 5
    endloop
  endfacet
  facet normal 0 0 1
    outer loop
      vertex 6.61159 31.1051 5
      vertex 13.447 25.2893 5
      vertex 13.4129 25.3715 5
    endloop
  endfacet
  facet normal 0 0 1
    outer loop
      vertex 13.5278 -25.1308 5
      vertex 4.97462 -31.4085 5
      vertex 13.4853 -25.209 5
    endloop
  endfacet
  facet normal 0 0 1
    outer loop
      vertex 6.61159 31.1051 5
      vertex 13.4129 25.3715 5
      vertex 13.3832 25.4554 5
    endloop
  endfacet
  facet normal 0 0 1
    outer loop
      vertex 13.4853 -25.209 5
      vertex 4.97462 -31.4085 5
      vertex 13.447 -25.2893 5
    endloop
  endfacet
  facet normal 0 0 1
    outer loop
      vertex 8.23044 30.7164 5
      vertex 13.3832 25.4554 5
      vertex 13.3579 25.5408 5
    endloop
  endfacet
  facet normal 0 -0 1
    outer loop
      vertex 6.61159 -31.1051 5
      vertex 13.447 -25.2893 5
      vertex 4.97462 -31.4085 5
    endloop
  endfacet
  facet normal 0 0 1
    outer loop
      vertex 8.23044 30.7164 5
      vertex 13.3579 25.5408 5
      vertex 13.3371 25.6273 5
    endloop
  endfacet
  facet normal 0 0 1
    outer loop
      vertex 13.447 -25.2893 5
      vertex 6.61159 -31.1051 5
      vertex 13.4129 -25.3715 5
    endloop
  endfacet
  facet normal 0 0 1
    outer loop
      vertex 8.23044 30.7164 5
      vertex 13.3371 25.6273 5
      vertex 13.3209 25.7148 5
    endloop
  endfacet
  facet normal 0 0 1
    outer loop
      vertex 13.4129 -25.3715 5
      vertex 6.61159 -31.1051 5
      vertex 13.3832 -25.4554 5
    endloop
  endfacet
  facet normal 0 0 1
    outer loop
      vertex 9.82674 30.2436 5
      vertex 13.3209 25.7148 5
      vertex 13.3093 25.8031 5
    endloop
  endfacet
  facet normal 0 -0 1
    outer loop
      vertex 8.23044 -30.7164 5
      vertex 13.3832 -25.4554 5
      vertex 6.61159 -31.1051 5
    endloop
  endfacet
  facet normal 0 0 1
    outer loop
      vertex 9.82674 30.2436 5
      vertex 13.3093 25.8031 5
      vertex 13.3023 25.8918 5
    endloop
  endfacet
  facet normal 0 0 1
    outer loop
      vertex 13.3832 -25.4554 5
      vertex 8.23044 -30.7164 5
      vertex 13.3579 -25.5408 5
    endloop
  endfacet
  facet normal 0 0 1
    outer loop
      vertex 9.82674 30.2436 5
      vertex 13.3023 25.8918 5
      vertex 13.3 25.9808 5
    endloop
  endfacet
  facet normal 0 0 1
    outer loop
      vertex 13.3579 -25.5408 5
      vertex 8.23044 -30.7164 5
      vertex 13.3371 -25.6273 5
    endloop
  endfacet
  facet normal 0 0 1
    outer loop
      vertex 31.7564 1.66428 5
      vertex 31.7564 -1.66428 5
      vertex 31.8 0 5
    endloop
  endfacet
  facet normal 0 0 1
    outer loop
      vertex 31.6258 3.32401 5
      vertex 31.7564 -1.66428 5
      vertex 31.7564 1.66428 5
    endloop
  endfacet
  facet normal 0 0 1
    outer loop
      vertex 31.6258 3.32401 5
      vertex 31.6258 -3.32401 5
      vertex 31.7564 -1.66428 5
    endloop
  endfacet
  facet normal 0 0 1
    outer loop
      vertex 16.0698 24.6596 5
      vertex 20.0124 24.7132 5
      vertex 16.1375 24.7174 5
    endloop
  endfacet
  facet normal -0 0 1
    outer loop
      vertex 16.2021 24.7787 5
      vertex 20.0124 24.7132 5
      vertex 16.2633 24.8432 5
    endloop
  endfacet
  facet normal -0 0 1
    outer loop
      vertex 16.2633 24.8432 5
      vertex 20.0124 24.7132 5
      vertex 16.3211 24.9109 5
    endloop
  endfacet
  facet normal -0 0 1
    outer loop
      vertex 16.1375 24.7174 5
      vertex 20.0124 24.7132 5
      vertex 16.2021 24.7787 5
    endloop
  endfacet
  facet normal -0 0 1
    outer loop
      vertex 16.3211 24.9109 5
      vertex 20.0124 24.7132 5
      vertex 16.3753 24.9815 5
    endloop
  endfacet
  facet normal 0 0 1
    outer loop
      vertex 15.9992 24.6054 5
      vertex 20.0124 24.7132 5
      vertex 16.0698 24.6596 5
    endloop
  endfacet
  facet normal 0 0 1
    outer loop
      vertex 18.6916 25.7267 5
      vertex 16.3753 24.9815 5
      vertex 20.0124 24.7132 5
    endloop
  endfacet
  facet normal 0 0 1
    outer loop
      vertex 31.4085 -4.97462 5
      vertex 16.7 -25.9808 5
      vertex 31.1051 -6.61159 5
    endloop
  endfacet
  facet normal 0 0 1
    outer loop
      vertex 16.3753 24.9815 5
      vertex 18.6916 25.7267 5
      vertex 16.4257 25.0549 5
    endloop
  endfacet
  facet normal 0 0 1
    outer loop
      vertex 31.1051 -6.61159 5
      vertex 16.7 -25.9808 5
      vertex 30.7164 -8.23044 5
    endloop
  endfacet
  facet normal 0 0 1
    outer loop
      vertex 16.4257 25.0549 5
      vertex 18.6916 25.7267 5
      vertex 16.4722 25.1308 5
    endloop
  endfacet
  facet normal 0 0 1
    outer loop
      vertex 30.7164 -8.23044 5
      vertex 16.7 -25.9808 5
      vertex 30.2436 -9.82674 5
    endloop
  endfacet
  facet normal 0 0 1
    outer loop
      vertex 16.4722 25.1308 5
      vertex 18.6916 25.7267 5
      vertex 16.5147 25.209 5
    endloop
  endfacet
  facet normal 0 0 1
    outer loop
      vertex 30.2436 -9.82674 5
      vertex 16.7 -25.9808 5
      vertex 29.6879 -11.3961 5
    endloop
  endfacet
  facet normal 0 0 1
    outer loop
      vertex 16.5147 25.209 5
      vertex 18.6916 25.7267 5
      vertex 16.553 25.2893 5
    endloop
  endfacet
  facet normal 0 0 1
    outer loop
      vertex 29.6879 -11.3961 5
      vertex 16.7 -25.9808 5
      vertex 29.0507 -12.9342 5
    endloop
  endfacet
  facet normal 0 0 1
    outer loop
      vertex 16.553 25.2893 5
      vertex 18.6916 25.7267 5
      vertex 16.5871 25.3715 5
    endloop
  endfacet
  facet normal 0 0 1
    outer loop
      vertex 29.0507 -12.9342 5
      vertex 16.7 -25.9808 5
      vertex 28.334 -14.4369 5
    endloop
  endfacet
  facet normal 0 0 1
    outer loop
      vertex 16.5871 25.3715 5
      vertex 18.6916 25.7267 5
      vertex 16.6168 25.4554 5
    endloop
  endfacet
  facet normal 0 0 1
    outer loop
      vertex 28.334 -14.4369 5
      vertex 16.7 -25.9808 5
      vertex 27.5396 -15.9 5
    endloop
  endfacet
  facet normal 0 0 1
    outer loop
      vertex 16.6168 25.4554 5
      vertex 18.6916 25.7267 5
      vertex 16.6421 25.5408 5
    endloop
  endfacet
  facet normal 0 0 1
    outer loop
      vertex 27.5396 -15.9 5
      vertex 16.7 -25.9808 5
      vertex 26.6697 -17.3195 5
    endloop
  endfacet
  facet normal 0 0 1
    outer loop
      vertex 16.6421 25.5408 5
      vertex 18.6916 25.7267 5
      vertex 16.6628 25.6273 5
    endloop
  endfacet
  facet normal 0 0 1
    outer loop
      vertex 26.6697 -17.3195 5
      vertex 16.7 -25.9808 5
      vertex 25.7267 -18.6916 5
    endloop
  endfacet
  facet normal 0 0 1
    outer loop
      vertex 16.6628 25.6273 5
      vertex 18.6916 25.7267 5
      vertex 16.6791 25.7148 5
    endloop
  endfacet
  facet normal 0 0 1
    outer loop
      vertex 25.7267 -18.6916 5
      vertex 16.7 -25.9808 5
      vertex 24.7132 -20.0124 5
    endloop
  endfacet
  facet normal 0 0 1
    outer loop
      vertex 16.6791 25.7148 5
      vertex 18.6916 25.7267 5
      vertex 16.6907 25.8031 5
    endloop
  endfacet
  facet normal 0 0 1
    outer loop
      vertex 24.7132 -20.0124 5
      vertex 16.7 -25.9808 5
      vertex 23.632 -21.2784 5
    endloop
  endfacet
  facet normal 0 0 1
    outer loop
      vertex 17.3195 26.6697 5
      vertex 16.6907 25.8031 5
      vertex 18.6916 25.7267 5
    endloop
  endfacet
  facet normal 0 0 1
    outer loop
      vertex 23.632 -21.2784 5
      vertex 16.7 -25.9808 5
      vertex 22.486 -22.486 5
    endloop
  endfacet
  facet normal 0 0 1
    outer loop
      vertex 16.6907 25.8031 5
      vertex 17.3195 26.6697 5
      vertex 16.6977 25.8918 5
    endloop
  endfacet
  facet normal 0 0 1
    outer loop
      vertex 22.486 -22.486 5
      vertex 16.7 -25.9808 5
      vertex 21.2784 -23.632 5
    endloop
  endfacet
  facet normal 0 0 1
    outer loop
      vertex 16.6977 25.8918 5
      vertex 17.3195 26.6697 5
      vertex 16.7 25.9808 5
    endloop
  endfacet
  facet normal 0 0 1
    outer loop
      vertex 21.2784 -23.632 5
      vertex 16.7 -25.9808 5
      vertex 20.0124 -24.7132 5
    endloop
  endfacet
  facet normal 0 0 1
    outer loop
      vertex 20.0124 -24.7132 5
      vertex 16.7 -25.9808 5
      vertex 18.6916 -25.7267 5
    endloop
  endfacet
  facet normal 0 0 1
    outer loop
      vertex 17.3195 26.6697 5
      vertex 16.6977 26.0697 5
      vertex 16.7 25.9808 5
    endloop
  endfacet
  facet normal 0 0 1
    outer loop
      vertex 17.3195 26.6697 5
      vertex 16.6907 26.1585 5
      vertex 16.6977 26.0697 5
    endloop
  endfacet
  facet normal 0 0 1
    outer loop
      vertex 17.3195 26.6697 5
      vertex 16.6791 26.2467 5
      vertex 16.6907 26.1585 5
    endloop
  endfacet
  facet normal 0 0 1
    outer loop
      vertex 17.3195 26.6697 5
      vertex 16.6628 26.3342 5
      vertex 16.6791 26.2467 5
    endloop
  endfacet
  facet normal 0 0 1
    outer loop
      vertex 17.3195 26.6697 5
      vertex 16.6421 26.4208 5
      vertex 16.6628 26.3342 5
    endloop
  endfacet
  facet normal 0 0 1
    outer loop
      vertex 17.3195 26.6697 5
      vertex 16.6168 26.5061 5
      vertex 16.6421 26.4208 5
    endloop
  endfacet
  facet normal 0 0 1
    outer loop
      vertex 17.3195 26.6697 5
      vertex 16.5871 26.59 5
      vertex 16.6168 26.5061 5
    endloop
  endfacet
  facet normal 0 0 1
    outer loop
      vertex 17.3195 26.6697 5
      vertex 16.553 26.6722 5
      vertex 16.5871 26.59 5
    endloop
  endfacet
  facet normal 0 0 1
    outer loop
      vertex 17.3195 26.6697 5
      vertex 16.5147 26.7525 5
      vertex 16.553 26.6722 5
    endloop
  endfacet
  facet normal 0 0 1
    outer loop
      vertex 17.3195 26.6697 5
      vertex 16.4722 26.8308 5
      vertex 16.5147 26.7525 5
    endloop
  endfacet
  facet normal 0 0 1
    outer loop
      vertex 17.3195 26.6697 5
      vertex 16.4257 26.9066 5
      vertex 16.4722 26.8308 5
    endloop
  endfacet
  facet normal 0 0 1
    outer loop
      vertex 17.3195 26.6697 5
      vertex 16.3753 26.98 5
      vertex 16.4257 26.9066 5
    endloop
  endfacet
  facet normal 0 0 1
    outer loop
      vertex 17.3195 26.6697 5
      vertex 16.3211 27.0506 5
      vertex 16.3753 26.98 5
    endloop
  endfacet
  facet normal 0 0 1
    outer loop
      vertex 17.3195 26.6697 5
      vertex 16.2633 27.1183 5
      vertex 16.3211 27.0506 5
    endloop
  endfacet
  facet normal 0 0 1
    outer loop
      vertex 17.3195 26.6697 5
      vertex 16.2021 27.1828 5
      vertex 16.2633 27.1183 5
    endloop
  endfacet
  facet normal 0 0 1
    outer loop
      vertex 15.9 27.5396 5
      vertex 16.2021 27.1828 5
      vertex 17.3195 26.6697 5
    endloop
  endfacet
  facet normal 0 0 1
    outer loop
      vertex 16.2021 27.1828 5
      vertex 15.9 27.5396 5
      vertex 16.1375 27.2441 5
    endloop
  endfacet
  facet normal 0 0 1
    outer loop
      vertex 16.1375 27.2441 5
      vertex 15.9 27.5396 5
      vertex 16.0698 27.3019 5
    endloop
  endfacet
  facet normal 0 0 1
    outer loop
      vertex 16.0698 27.3019 5
      vertex 15.9 27.5396 5
      vertex 15.9992 27.3561 5
    endloop
  endfacet
  facet normal 0 0 1
    outer loop
      vertex 15.9992 27.3561 5
      vertex 15.9 27.5396 5
      vertex 15.9259 27.4065 5
    endloop
  endfacet
  facet normal 0 0 1
    outer loop
      vertex 15.9 27.5396 5
      vertex 15.85 27.453 5
      vertex 15.9259 27.4065 5
    endloop
  endfacet
  facet normal 0 0 1
    outer loop
      vertex 15.9 27.5396 5
      vertex 15.7718 27.4955 5
      vertex 15.85 27.453 5
    endloop
  endfacet
  facet normal 0 0 1
    outer loop
      vertex 15.9 27.5396 5
      vertex 15.6915 27.5338 5
      vertex 15.7718 27.4955 5
    endloop
  endfacet
  facet normal 0 0 1
    outer loop
      vertex 15.9 27.5396 5
      vertex 15.6092 27.5678 5
      vertex 15.6915 27.5338 5
    endloop
  endfacet
  facet normal 0 0 1
    outer loop
      vertex 15.9 27.5396 5
      vertex 15.5253 27.5976 5
      vertex 15.6092 27.5678 5
    endloop
  endfacet
  facet normal 0 0 1
    outer loop
      vertex 15.9 27.5396 5
      vertex 15.44 27.6228 5
      vertex 15.5253 27.5976 5
    endloop
  endfacet
  facet normal 0 0 1
    outer loop
      vertex 14.4369 28.334 5
      vertex 15.44 27.6228 5
      vertex 15.9 27.5396 5
    endloop
  endfacet
  facet normal 0 0 1
    outer loop
      vertex 15.44 27.6228 5
      vertex 14.4369 28.334 5
      vertex 15.3534 27.6436 5
    endloop
  endfacet
  facet normal 0 0 1
    outer loop
      vertex 14.4369 28.334 5
      vertex 15.2659 27.6598 5
      vertex 15.3534 27.6436 5
    endloop
  endfacet
  facet normal 0 0 1
    outer loop
      vertex 14.4369 28.334 5
      vertex 15.1777 27.6714 5
      vertex 15.2659 27.6598 5
    endloop
  endfacet
  facet normal 0 0 1
    outer loop
      vertex 14.4369 28.334 5
      vertex 15.089 27.6784 5
      vertex 15.1777 27.6714 5
    endloop
  endfacet
  facet normal 0 0 1
    outer loop
      vertex 14.4369 28.334 5
      vertex 15 27.6808 5
      vertex 15.089 27.6784 5
    endloop
  endfacet
  facet normal 0 0 1
    outer loop
      vertex 14.4369 28.334 5
      vertex 14.911 27.6784 5
      vertex 15 27.6808 5
    endloop
  endfacet
  facet normal 0 0 1
    outer loop
      vertex 14.4369 28.334 5
      vertex 14.8223 27.6714 5
      vertex 14.911 27.6784 5
    endloop
  endfacet
  facet normal 0 0 1
    outer loop
      vertex 14.4369 28.334 5
      vertex 14.7341 27.6598 5
      vertex 14.8223 27.6714 5
    endloop
  endfacet
  facet normal 0 0 1
    outer loop
      vertex 14.4369 28.334 5
      vertex 14.6465 27.6436 5
      vertex 14.7341 27.6598 5
    endloop
  endfacet
  facet normal 0 0 1
    outer loop
      vertex 14.4369 28.334 5
      vertex 14.56 27.6228 5
      vertex 14.6465 27.6436 5
    endloop
  endfacet
  facet normal 0 0 1
    outer loop
      vertex 14.4369 28.334 5
      vertex 14.4747 27.5976 5
      vertex 14.56 27.6228 5
    endloop
  endfacet
  facet normal 0 0 1
    outer loop
      vertex 14.4369 28.334 5
      vertex 14.3908 27.5678 5
      vertex 14.4747 27.5976 5
    endloop
  endfacet
  facet normal 0 0 1
    outer loop
      vertex 14.4369 28.334 5
      vertex 14.3085 27.5338 5
      vertex 14.3908 27.5678 5
    endloop
  endfacet
  facet normal 0 0 1
    outer loop
      vertex 14.4369 28.334 5
      vertex 14.2282 27.4955 5
      vertex 14.3085 27.5338 5
    endloop
  endfacet
  facet normal 0 0 1
    outer loop
      vertex 14.4369 28.334 5
      vertex 14.15 27.453 5
      vertex 14.2282 27.4955 5
    endloop
  endfacet
  facet normal 0 0 1
    outer loop
      vertex 14.4369 28.334 5
      vertex 14.0741 27.4065 5
      vertex 14.15 27.453 5
    endloop
  endfacet
  facet normal 0 0 1
    outer loop
      vertex 14.4369 28.334 5
      vertex 14.0008 27.3561 5
      vertex 14.0741 27.4065 5
    endloop
  endfacet
  facet normal 0 0 1
    outer loop
      vertex 12.9342 29.0507 5
      vertex 14.0008 27.3561 5
      vertex 14.4369 28.334 5
    endloop
  endfacet
  facet normal 0 0 1
    outer loop
      vertex 14.0008 27.3561 5
      vertex 12.9342 29.0507 5
      vertex 13.9302 27.3019 5
    endloop
  endfacet
  facet normal 0 0 1
    outer loop
      vertex 13.9302 27.3019 5
      vertex 12.9342 29.0507 5
      vertex 13.8625 27.2441 5
    endloop
  endfacet
  facet normal 0 0 1
    outer loop
      vertex 13.8625 27.2441 5
      vertex 12.9342 29.0507 5
      vertex 13.7979 27.1828 5
    endloop
  endfacet
  facet normal 0 0 1
    outer loop
      vertex 13.7979 27.1828 5
      vertex 12.9342 29.0507 5
      vertex 13.7367 27.1183 5
    endloop
  endfacet
  facet normal 0 0 1
    outer loop
      vertex 13.7367 27.1183 5
      vertex 12.9342 29.0507 5
      vertex 13.6789 27.0506 5
    endloop
  endfacet
  facet normal 0 0 1
    outer loop
      vertex 13.6789 27.0506 5
      vertex 12.9342 29.0507 5
      vertex 13.6247 26.98 5
    endloop
  endfacet
  facet normal 0 0 1
    outer loop
      vertex 13.6247 26.98 5
      vertex 12.9342 29.0507 5
      vertex 13.5743 26.9066 5
    endloop
  endfacet
  facet normal 0 0 1
    outer loop
      vertex 9.82674 30.2436 5
      vertex 13.3023 26.0697 5
      vertex 11.3961 29.6879 5
    endloop
  endfacet
  facet normal 0 0 1
    outer loop
      vertex 13.3093 26.1585 5
      vertex 11.3961 29.6879 5
      vertex 13.3023 26.0697 5
    endloop
  endfacet
  facet normal 0 0 1
    outer loop
      vertex 13.3209 26.2467 5
      vertex 11.3961 29.6879 5
      vertex 13.3093 26.1585 5
    endloop
  endfacet
  facet normal 0 0 1
    outer loop
      vertex 13.3371 26.3342 5
      vertex 11.3961 29.6879 5
      vertex 13.3209 26.2467 5
    endloop
  endfacet
  facet normal 0 0 1
    outer loop
      vertex 13.3579 26.4208 5
      vertex 11.3961 29.6879 5
      vertex 13.3371 26.3342 5
    endloop
  endfacet
  facet normal 0 0 1
    outer loop
      vertex 13.3832 26.5061 5
      vertex 11.3961 29.6879 5
      vertex 13.3579 26.4208 5
    endloop
  endfacet
  facet normal 0 0 1
    outer loop
      vertex 13.4129 26.59 5
      vertex 11.3961 29.6879 5
      vertex 13.3832 26.5061 5
    endloop
  endfacet
  facet normal 0 0 1
    outer loop
      vertex 11.3961 29.6879 5
      vertex 13.4129 26.59 5
      vertex 12.9342 29.0507 5
    endloop
  endfacet
  facet normal 0 0 1
    outer loop
      vertex 13.447 26.6722 5
      vertex 12.9342 29.0507 5
      vertex 13.4129 26.59 5
    endloop
  endfacet
  facet normal 0 0 1
    outer loop
      vertex 13.4853 26.7525 5
      vertex 12.9342 29.0507 5
      vertex 13.447 26.6722 5
    endloop
  endfacet
  facet normal 0 0 1
    outer loop
      vertex 13.5278 26.8308 5
      vertex 12.9342 29.0507 5
      vertex 13.4853 26.7525 5
    endloop
  endfacet
  facet normal 0 0 1
    outer loop
      vertex 13.5743 26.9066 5
      vertex 12.9342 29.0507 5
      vertex 13.5278 26.8308 5
    endloop
  endfacet
  facet normal 0 0 1
    outer loop
      vertex 18.6916 -25.7267 5
      vertex 16.7 -25.9808 5
      vertex 17.3195 -26.6697 5
    endloop
  endfacet
  facet normal -0 0 1
    outer loop
      vertex 16.6977 -26.0697 5
      vertex 17.3195 -26.6697 5
      vertex 16.7 -25.9808 5
    endloop
  endfacet
  facet normal -0 0 1
    outer loop
      vertex 16.6907 -26.1585 5
      vertex 17.3195 -26.6697 5
      vertex 16.6977 -26.0697 5
    endloop
  endfacet
  facet normal -0 0 1
    outer loop
      vertex 16.6791 -26.2467 5
      vertex 17.3195 -26.6697 5
      vertex 16.6907 -26.1585 5
    endloop
  endfacet
  facet normal -0 0 1
    outer loop
      vertex 16.6628 -26.3342 5
      vertex 17.3195 -26.6697 5
      vertex 16.6791 -26.2467 5
    endloop
  endfacet
  facet normal -0 0 1
    outer loop
      vertex 16.6421 -26.4208 5
      vertex 17.3195 -26.6697 5
      vertex 16.6628 -26.3342 5
    endloop
  endfacet
  facet normal -0 0 1
    outer loop
      vertex 16.6168 -26.5061 5
      vertex 17.3195 -26.6697 5
      vertex 16.6421 -26.4208 5
    endloop
  endfacet
  facet normal -0 0 1
    outer loop
      vertex 16.5871 -26.59 5
      vertex 17.3195 -26.6697 5
      vertex 16.6168 -26.5061 5
    endloop
  endfacet
  facet normal 0 0 1
    outer loop
      vertex 16.553 -26.6722 5
      vertex 17.3195 -26.6697 5
      vertex 16.5871 -26.59 5
    endloop
  endfacet
  facet normal 0 0 1
    outer loop
      vertex 16.5147 -26.7525 5
      vertex 17.3195 -26.6697 5
      vertex 16.553 -26.6722 5
    endloop
  endfacet
  facet normal 0 0 1
    outer loop
      vertex 16.4722 -26.8308 5
      vertex 17.3195 -26.6697 5
      vertex 16.5147 -26.7525 5
    endloop
  endfacet
  facet normal 0 0 1
    outer loop
      vertex 16.4257 -26.9066 5
      vertex 17.3195 -26.6697 5
      vertex 16.4722 -26.8308 5
    endloop
  endfacet
  facet normal 0 0 1
    outer loop
      vertex 16.3753 -26.98 5
      vertex 17.3195 -26.6697 5
      vertex 16.4257 -26.9066 5
    endloop
  endfacet
  facet normal 0 0 1
    outer loop
      vertex 16.3211 -27.0506 5
      vertex 17.3195 -26.6697 5
      vertex 16.3753 -26.98 5
    endloop
  endfacet
  facet normal 0 0 1
    outer loop
      vertex 16.2633 -27.1183 5
      vertex 17.3195 -26.6697 5
      vertex 16.3211 -27.0506 5
    endloop
  endfacet
  facet normal 0 0 1
    outer loop
      vertex 16.2021 -27.1828 5
      vertex 17.3195 -26.6697 5
      vertex 16.2633 -27.1183 5
    endloop
  endfacet
  facet normal 0 0 1
    outer loop
      vertex 15.9 -27.5396 5
      vertex 16.2021 -27.1828 5
      vertex 16.1375 -27.2441 5
    endloop
  endfacet
  facet normal 0 0 1
    outer loop
      vertex 15.9 -27.5396 5
      vertex 16.1375 -27.2441 5
      vertex 16.0698 -27.3019 5
    endloop
  endfacet
  facet normal 0 0 1
    outer loop
      vertex 15.9 -27.5396 5
      vertex 16.0698 -27.3019 5
      vertex 15.9992 -27.3561 5
    endloop
  endfacet
  facet normal 0 0 1
    outer loop
      vertex 15.9 -27.5396 5
      vertex 15.9992 -27.3561 5
      vertex 15.9259 -27.4065 5
    endloop
  endfacet
  facet normal -0 0 1
    outer loop
      vertex 16.2021 -27.1828 5
      vertex 15.9 -27.5396 5
      vertex 17.3195 -26.6697 5
    endloop
  endfacet
  facet normal -0 0 1
    outer loop
      vertex 15.85 -27.453 5
      vertex 15.9 -27.5396 5
      vertex 15.9259 -27.4065 5
    endloop
  endfacet
  facet normal -0 0 1
    outer loop
      vertex 15.7718 -27.4955 5
      vertex 15.9 -27.5396 5
      vertex 15.85 -27.453 5
    endloop
  endfacet
  facet normal -0 0 1
    outer loop
      vertex 15.6915 -27.5338 5
      vertex 15.9 -27.5396 5
      vertex 15.7718 -27.4955 5
    endloop
  endfacet
  facet normal 0 0 1
    outer loop
      vertex 15.6092 -27.5678 5
      vertex 15.9 -27.5396 5
      vertex 15.6915 -27.5338 5
    endloop
  endfacet
  facet normal 0 0 1
    outer loop
      vertex 15.5253 -27.5976 5
      vertex 15.9 -27.5396 5
      vertex 15.6092 -27.5678 5
    endloop
  endfacet
  facet normal 0 0 1
    outer loop
      vertex 15.44 -27.6228 5
      vertex 15.9 -27.5396 5
      vertex 15.5253 -27.5976 5
    endloop
  endfacet
  facet normal 0 0 1
    outer loop
      vertex 14.4369 -28.334 5
      vertex 15.44 -27.6228 5
      vertex 15.3534 -27.6436 5
    endloop
  endfacet
  facet normal -0 0 1
    outer loop
      vertex 15.44 -27.6228 5
      vertex 14.4369 -28.334 5
      vertex 15.9 -27.5396 5
    endloop
  endfacet
  facet normal -0 0 1
    outer loop
      vertex 15.2659 -27.6598 5
      vertex 14.4369 -28.334 5
      vertex 15.3534 -27.6436 5
    endloop
  endfacet
  facet normal -0 0 1
    outer loop
      vertex 15.1777 -27.6714 5
      vertex 14.4369 -28.334 5
      vertex 15.2659 -27.6598 5
    endloop
  endfacet
  facet normal -0 0 1
    outer loop
      vertex 15.089 -27.6784 5
      vertex 14.4369 -28.334 5
      vertex 15.1777 -27.6714 5
    endloop
  endfacet
  facet normal -0 0 1
    outer loop
      vertex 15 -27.6808 5
      vertex 14.4369 -28.334 5
      vertex 15.089 -27.6784 5
    endloop
  endfacet
  facet normal 0 0 1
    outer loop
      vertex 14.911 -27.6784 5
      vertex 14.4369 -28.334 5
      vertex 15 -27.6808 5
    endloop
  endfacet
  facet normal 0 0 1
    outer loop
      vertex 14.8223 -27.6714 5
      vertex 14.4369 -28.334 5
      vertex 14.911 -27.6784 5
    endloop
  endfacet
  facet normal 0 0 1
    outer loop
      vertex 14.7341 -27.6598 5
      vertex 14.4369 -28.334 5
      vertex 14.8223 -27.6714 5
    endloop
  endfacet
  facet normal 0 0 1
    outer loop
      vertex 14.6465 -27.6436 5
      vertex 14.4369 -28.334 5
      vertex 14.7341 -27.6598 5
    endloop
  endfacet
  facet normal 0 0 1
    outer loop
      vertex 14.56 -27.6228 5
      vertex 14.4369 -28.334 5
      vertex 14.6465 -27.6436 5
    endloop
  endfacet
  facet normal 0 0 1
    outer loop
      vertex 14.4747 -27.5976 5
      vertex 14.4369 -28.334 5
      vertex 14.56 -27.6228 5
    endloop
  endfacet
  facet normal 0 0 1
    outer loop
      vertex 14.3908 -27.5678 5
      vertex 14.4369 -28.334 5
      vertex 14.4747 -27.5976 5
    endloop
  endfacet
  facet normal 0 0 1
    outer loop
      vertex 14.3085 -27.5338 5
      vertex 14.4369 -28.334 5
      vertex 14.3908 -27.5678 5
    endloop
  endfacet
  facet normal 0 0 1
    outer loop
      vertex 14.2282 -27.4955 5
      vertex 14.4369 -28.334 5
      vertex 14.3085 -27.5338 5
    endloop
  endfacet
  facet normal 0 0 1
    outer loop
      vertex 14.15 -27.453 5
      vertex 14.4369 -28.334 5
      vertex 14.2282 -27.4955 5
    endloop
  endfacet
  facet normal 0 0 1
    outer loop
      vertex 14.0741 -27.4065 5
      vertex 14.4369 -28.334 5
      vertex 14.15 -27.453 5
    endloop
  endfacet
  facet normal 0 0 1
    outer loop
      vertex 14.0008 -27.3561 5
      vertex 14.4369 -28.334 5
      vertex 14.0741 -27.4065 5
    endloop
  endfacet
  facet normal 0 0 1
    outer loop
      vertex 12.9342 -29.0507 5
      vertex 14.0008 -27.3561 5
      vertex 13.9302 -27.3019 5
    endloop
  endfacet
  facet normal 0 0 1
    outer loop
      vertex 12.9342 -29.0507 5
      vertex 13.9302 -27.3019 5
      vertex 13.8625 -27.2441 5
    endloop
  endfacet
  facet normal 0 0 1
    outer loop
      vertex 12.9342 -29.0507 5
      vertex 13.8625 -27.2441 5
      vertex 13.7979 -27.1828 5
    endloop
  endfacet
  facet normal 0 0 1
    outer loop
      vertex 12.9342 -29.0507 5
      vertex 13.7979 -27.1828 5
      vertex 13.7367 -27.1183 5
    endloop
  endfacet
  facet normal 0 0 1
    outer loop
      vertex 12.9342 -29.0507 5
      vertex 13.7367 -27.1183 5
      vertex 13.6789 -27.0506 5
    endloop
  endfacet
  facet normal 0 0 1
    outer loop
      vertex 12.9342 -29.0507 5
      vertex 13.6789 -27.0506 5
      vertex 13.6247 -26.98 5
    endloop
  endfacet
  facet normal 0 0 1
    outer loop
      vertex 12.9342 -29.0507 5
      vertex 13.6247 -26.98 5
      vertex 13.5743 -26.9066 5
    endloop
  endfacet
  facet normal 0 0 1
    outer loop
      vertex 12.9342 -29.0507 5
      vertex 13.5743 -26.9066 5
      vertex 13.5278 -26.8308 5
    endloop
  endfacet
  facet normal 0 0 1
    outer loop
      vertex 14.0008 -27.3561 5
      vertex 12.9342 -29.0507 5
      vertex 14.4369 -28.334 5
    endloop
  endfacet
  facet normal 0 0 1
    outer loop
      vertex 13.4853 -26.7525 5
      vertex 12.9342 -29.0507 5
      vertex 13.5278 -26.8308 5
    endloop
  endfacet
  facet normal 0 0 1
    outer loop
      vertex 13.447 -26.6722 5
      vertex 12.9342 -29.0507 5
      vertex 13.4853 -26.7525 5
    endloop
  endfacet
  facet normal 0 0 1
    outer loop
      vertex 13.4129 -26.59 5
      vertex 12.9342 -29.0507 5
      vertex 13.447 -26.6722 5
    endloop
  endfacet
  facet normal 0 0 1
    outer loop
      vertex 11.3961 -29.6879 5
      vertex 13.4129 -26.59 5
      vertex 13.3832 -26.5061 5
    endloop
  endfacet
  facet normal 0 0 1
    outer loop
      vertex 11.3961 -29.6879 5
      vertex 13.3832 -26.5061 5
      vertex 13.3579 -26.4208 5
    endloop
  endfacet
  facet normal 0 0 1
    outer loop
      vertex 11.3961 -29.6879 5
      vertex 13.3579 -26.4208 5
      vertex 13.3371 -26.3342 5
    endloop
  endfacet
  facet normal 0 0 1
    outer loop
      vertex 11.3961 -29.6879 5
      vertex 13.3371 -26.3342 5
      vertex 13.3209 -26.2467 5
    endloop
  endfacet
  facet normal 0 0 1
    outer loop
      vertex 11.3961 -29.6879 5
      vertex 13.3209 -26.2467 5
      vertex 13.3093 -26.1585 5
    endloop
  endfacet
  facet normal 0 0 1
    outer loop
      vertex 11.3961 -29.6879 5
      vertex 13.3093 -26.1585 5
      vertex 13.3023 -26.0697 5
    endloop
  endfacet
  facet normal 0 0 1
    outer loop
      vertex 9.82674 -30.2436 5
      vertex 13.3023 -26.0697 5
      vertex 13.3 -25.9808 5
    endloop
  endfacet
  facet normal 0 0 1
    outer loop
      vertex 13.3371 -25.6273 5
      vertex 8.23044 -30.7164 5
      vertex 13.3209 -25.7148 5
    endloop
  endfacet
  facet normal 0 0 1
    outer loop
      vertex 13.3023 26.0697 5
      vertex 9.82674 30.2436 5
      vertex 13.3 25.9808 5
    endloop
  endfacet
  facet normal 0 -0 1
    outer loop
      vertex 9.82674 -30.2436 5
      vertex 13.3209 -25.7148 5
      vertex 8.23044 -30.7164 5
    endloop
  endfacet
  facet normal 0 0 1
    outer loop
      vertex 13.3209 25.7148 5
      vertex 9.82674 30.2436 5
      vertex 8.23044 30.7164 5
    endloop
  endfacet
  facet normal 0 0 1
    outer loop
      vertex 13.4129 -26.59 5
      vertex 11.3961 -29.6879 5
      vertex 12.9342 -29.0507 5
    endloop
  endfacet
  facet normal 0 0 1
    outer loop
      vertex 13.3832 25.4554 5
      vertex 8.23044 30.7164 5
      vertex 6.61159 31.1051 5
    endloop
  endfacet
  facet normal 0 0 1
    outer loop
      vertex 13.3023 -26.0697 5
      vertex 9.82674 -30.2436 5
      vertex 11.3961 -29.6879 5
    endloop
  endfacet
  facet normal 0 0 1
    outer loop
      vertex 13.447 25.2893 5
      vertex 6.61159 31.1051 5
      vertex 4.97462 31.4085 5
    endloop
  endfacet
  facet normal 0 0 1
    outer loop
      vertex 13.3023 -25.8918 5
      vertex 9.82674 -30.2436 5
      vertex 13.3 -25.9808 5
    endloop
  endfacet
  facet normal 0 0 1
    outer loop
      vertex 13.4853 25.209 5
      vertex 4.97462 31.4085 5
      vertex 3.32401 31.6258 5
    endloop
  endfacet
  facet normal 0 0 1
    outer loop
      vertex 13.3093 -25.8031 5
      vertex 9.82674 -30.2436 5
      vertex 13.3023 -25.8918 5
    endloop
  endfacet
  facet normal 0 0 1
    outer loop
      vertex 13.3209 -25.7148 5
      vertex 9.82674 -30.2436 5
      vertex 13.3093 -25.8031 5
    endloop
  endfacet
  facet normal -0 0 1
    outer loop
      vertex 4.5937 -0.240745 5
      vertex 31.6258 -3.32401 5
      vertex 4.6 0 5
    endloop
  endfacet
  facet normal 0 0 1
    outer loop
      vertex 31.6258 3.32401 5
      vertex 4.6 0 5
      vertex 31.6258 -3.32401 5
    endloop
  endfacet
  facet normal 0 -0 1
    outer loop
      vertex 4.6 0 5
      vertex 31.6258 3.32401 5
      vertex 4.5937 0.240745 5
    endloop
  endfacet
  facet normal 0 -0 1
    outer loop
      vertex 4.5937 0.240745 5
      vertex 31.6258 3.32401 5
      vertex 4.5748 0.48083 5
    endloop
  endfacet
  facet normal 0 -0 1
    outer loop
      vertex 4.5748 0.48083 5
      vertex 31.6258 3.32401 5
      vertex 4.54337 0.719598 5
    endloop
  endfacet
  facet normal 0 0 1
    outer loop
      vertex 31.4085 4.97462 5
      vertex 4.54337 0.719598 5
      vertex 31.6258 3.32401 5
    endloop
  endfacet
  facet normal 0 -0 1
    outer loop
      vertex 4.54337 0.719598 5
      vertex 31.4085 4.97462 5
      vertex 4.49948 0.956393 5
    endloop
  endfacet
  facet normal 0 0 1
    outer loop
      vertex 30.7164 8.23044 5
      vertex 4.44326 1.19057 5
      vertex 31.1051 6.61159 5
    endloop
  endfacet
  facet normal 0 -0 1
    outer loop
      vertex 4.44326 1.19057 5
      vertex 30.7164 8.23044 5
      vertex 4.37486 1.42148 5
    endloop
  endfacet
  facet normal 0 0 1
    outer loop
      vertex 29.6879 11.3961 5
      vertex 4.29447 1.64849 5
      vertex 30.2436 9.82674 5
    endloop
  endfacet
  facet normal 0 -0 1
    outer loop
      vertex 4.20231 1.87099 5
      vertex 29.0507 12.9342 5
      vertex 4.09863 2.08836 5
    endloop
  endfacet
  facet normal 0 0 1
    outer loop
      vertex 26.6697 17.3195 5
      vertex 3.85788 2.50534 5
      vertex 27.5396 15.9 5
    endloop
  endfacet
  facet normal 0 0 1
    outer loop
      vertex 14.911 24.2831 5
      vertex 3.57487 2.89487 5
      vertex 3.72148 2.70381 5
    endloop
  endfacet
  facet normal 0 0 1
    outer loop
      vertex 14.8223 24.2901 5
      vertex 3.41847 3.078 5
      vertex 3.57487 2.89487 5
    endloop
  endfacet
  facet normal 0 0 1
    outer loop
      vertex 13.5278 25.1308 5
      vertex 3.32401 31.6258 5
      vertex 0.48083 4.5748 5
    endloop
  endfacet
  facet normal 0 0 1
    outer loop
      vertex 14.6465 24.3179 5
      vertex 3.25269 3.25269 5
      vertex 3.41847 3.078 5
    endloop
  endfacet
  facet normal 0 0 1
    outer loop
      vertex 14.56 24.3387 5
      vertex 3.078 3.41847 5
      vertex 3.25269 3.25269 5
    endloop
  endfacet
  facet normal 0 0 1
    outer loop
      vertex 14.4747 24.364 5
      vertex 2.89487 3.57487 5
      vertex 3.078 3.41847 5
    endloop
  endfacet
  facet normal 0 0 1
    outer loop
      vertex 14.3908 24.3937 5
      vertex 2.70381 3.72148 5
      vertex 2.89487 3.57487 5
    endloop
  endfacet
  facet normal 0 0 1
    outer loop
      vertex 14.3085 24.4277 5
      vertex 2.50534 3.85788 5
      vertex 2.70381 3.72148 5
    endloop
  endfacet
  facet normal 0 0 1
    outer loop
      vertex 14.15 24.5085 5
      vertex 2.3 3.98372 5
      vertex 2.50534 3.85788 5
    endloop
  endfacet
  facet normal 0 0 1
    outer loop
      vertex 14.0741 24.555 5
      vertex 2.08836 4.09863 5
      vertex 2.3 3.98372 5
    endloop
  endfacet
  facet normal 0 0 1
    outer loop
      vertex 14.0008 24.6054 5
      vertex 1.87099 4.20231 5
      vertex 2.08836 4.09863 5
    endloop
  endfacet
  facet normal 0 0 1
    outer loop
      vertex 0.48083 4.5748 5
      vertex 3.32401 31.6258 5
      vertex 1.66428 31.7564 5
    endloop
  endfacet
  facet normal 0 0 1
    outer loop
      vertex 13.9302 24.6596 5
      vertex 1.64849 4.29447 5
      vertex 1.87099 4.20231 5
    endloop
  endfacet
  facet normal 0 0 1
    outer loop
      vertex 13.8625 24.7174 5
      vertex 1.42148 4.37486 5
      vertex 1.64849 4.29447 5
    endloop
  endfacet
  facet normal 0 0 1
    outer loop
      vertex 13.7367 24.8432 5
      vertex 1.19057 4.44326 5
      vertex 1.42148 4.37486 5
    endloop
  endfacet
  facet normal 0 0 1
    outer loop
      vertex 13.6789 24.9109 5
      vertex 0.956393 4.49948 5
      vertex 1.19057 4.44326 5
    endloop
  endfacet
  facet normal 0 0 1
    outer loop
      vertex 13.6247 24.9815 5
      vertex 0.719598 4.54337 5
      vertex 0.956393 4.49948 5
    endloop
  endfacet
  facet normal 0 0 1
    outer loop
      vertex 13.5743 25.0549 5
      vertex 0.48083 4.5748 5
      vertex 0.719598 4.54337 5
    endloop
  endfacet
  facet normal 0 0 1
    outer loop
      vertex 1.66428 31.7564 5
      vertex 0.240745 4.5937 5
      vertex 0.48083 4.5748 5
    endloop
  endfacet
  facet normal 0 0 1
    outer loop
      vertex 0 31.8 5
      vertex 0.240745 4.5937 5
      vertex 1.66428 31.7564 5
    endloop
  endfacet
  facet normal 0 0 1
    outer loop
      vertex 0 31.8 5
      vertex 0 4.6 5
      vertex 0.240745 4.5937 5
    endloop
  endfacet
  facet normal 0 0 1
    outer loop
      vertex 0 31.8 5
      vertex -0.240745 4.5937 5
      vertex 0 4.6 5
    endloop
  endfacet
  facet normal -0 0 1
    outer loop
      vertex -1.66428 31.7564 5
      vertex -0.240745 4.5937 5
      vertex 0 31.8 5
    endloop
  endfacet
  facet normal 0 0 1
    outer loop
      vertex -0.240745 4.5937 5
      vertex -1.66428 31.7564 5
      vertex -0.48083 4.5748 5
    endloop
  endfacet
  facet normal -0 0 1
    outer loop
      vertex -3.32401 31.6258 5
      vertex -0.48083 4.5748 5
      vertex -1.66428 31.7564 5
    endloop
  endfacet
  facet normal 0 0 1
    outer loop
      vertex -0.48083 4.5748 5
      vertex -3.32401 31.6258 5
      vertex -0.719598 4.54337 5
    endloop
  endfacet
  facet normal -0 0 1
    outer loop
      vertex -4.97462 31.4085 5
      vertex -0.719598 4.54337 5
      vertex -3.32401 31.6258 5
    endloop
  endfacet
  facet normal 0 0 1
    outer loop
      vertex -0.719598 4.54337 5
      vertex -4.97462 31.4085 5
      vertex -0.956393 4.49948 5
    endloop
  endfacet
  facet normal -0 0 1
    outer loop
      vertex -6.61159 31.1051 5
      vertex -0.956393 4.49948 5
      vertex -4.97462 31.4085 5
    endloop
  endfacet
  facet normal 0 0 1
    outer loop
      vertex -0.956393 4.49948 5
      vertex -6.61159 31.1051 5
      vertex -1.19057 4.44326 5
    endloop
  endfacet
  facet normal -0 0 1
    outer loop
      vertex -8.23044 30.7164 5
      vertex -1.19057 4.44326 5
      vertex -6.61159 31.1051 5
    endloop
  endfacet
  facet normal 0 0 1
    outer loop
      vertex -1.19057 4.44326 5
      vertex -8.23044 30.7164 5
      vertex -1.42148 4.37486 5
    endloop
  endfacet
  facet normal -0 0 1
    outer loop
      vertex -9.82674 30.2436 5
      vertex -1.42148 4.37486 5
      vertex -8.23044 30.7164 5
    endloop
  endfacet
  facet normal 0 0 1
    outer loop
      vertex -1.42148 4.37486 5
      vertex -9.82674 30.2436 5
      vertex -1.64849 4.29447 5
    endloop
  endfacet
  facet normal -0 0 1
    outer loop
      vertex -11.3961 29.6879 5
      vertex -1.64849 4.29447 5
      vertex -9.82674 30.2436 5
    endloop
  endfacet
  facet normal 0 0 1
    outer loop
      vertex -1.64849 4.29447 5
      vertex -11.3961 29.6879 5
      vertex -1.87099 4.20231 5
    endloop
  endfacet
  facet normal -0 0 1
    outer loop
      vertex -12.9342 29.0507 5
      vertex -1.87099 4.20231 5
      vertex -11.3961 29.6879 5
    endloop
  endfacet
  facet normal 0 0 1
    outer loop
      vertex -1.87099 4.20231 5
      vertex -12.9342 29.0507 5
      vertex -2.08836 4.09863 5
    endloop
  endfacet
  facet normal -0 0 1
    outer loop
      vertex -14.4369 28.334 5
      vertex -2.08836 4.09863 5
      vertex -12.9342 29.0507 5
    endloop
  endfacet
  facet normal 0 0 1
    outer loop
      vertex -2.08836 4.09863 5
      vertex -14.4369 28.334 5
      vertex -2.3 3.98372 5
    endloop
  endfacet
  facet normal -0 0 1
    outer loop
      vertex -15.9 27.5396 5
      vertex -2.3 3.98372 5
      vertex -14.4369 28.334 5
    endloop
  endfacet
  facet normal 0 0 1
    outer loop
      vertex -2.3 3.98372 5
      vertex -15.9 27.5396 5
      vertex -2.50534 3.85788 5
    endloop
  endfacet
  facet normal -0 0 1
    outer loop
      vertex -17.3195 26.6697 5
      vertex -2.50534 3.85788 5
      vertex -15.9 27.5396 5
    endloop
  endfacet
  facet normal 0 0 1
    outer loop
      vertex -2.50534 3.85788 5
      vertex -17.3195 26.6697 5
      vertex -2.70381 3.72148 5
    endloop
  endfacet
  facet normal -0 0 1
    outer loop
      vertex -18.6916 25.7267 5
      vertex -2.70381 3.72148 5
      vertex -17.3195 26.6697 5
    endloop
  endfacet
  facet normal 0 0 1
    outer loop
      vertex -2.70381 3.72148 5
      vertex -18.6916 25.7267 5
      vertex -2.89487 3.57487 5
    endloop
  endfacet
  facet normal -0 0 1
    outer loop
      vertex -20.0124 24.7132 5
      vertex -2.89487 3.57487 5
      vertex -18.6916 25.7267 5
    endloop
  endfacet
  facet normal 0 0 1
    outer loop
      vertex -2.89487 3.57487 5
      vertex -20.0124 24.7132 5
      vertex -3.078 3.41847 5
    endloop
  endfacet
  facet normal -0 0 1
    outer loop
      vertex -21.2784 23.632 5
      vertex -3.078 3.41847 5
      vertex -20.0124 24.7132 5
    endloop
  endfacet
  facet normal 0 0 1
    outer loop
      vertex -3.078 3.41847 5
      vertex -21.2784 23.632 5
      vertex -3.25269 3.25269 5
    endloop
  endfacet
  facet normal -0 0 1
    outer loop
      vertex -22.486 22.486 5
      vertex -3.25269 3.25269 5
      vertex -21.2784 23.632 5
    endloop
  endfacet
  facet normal 0 0 1
    outer loop
      vertex -3.25269 3.25269 5
      vertex -22.486 22.486 5
      vertex -3.41847 3.078 5
    endloop
  endfacet
  facet normal 0 0 1
    outer loop
      vertex -3.41847 3.078 5
      vertex -23.632 21.2784 5
      vertex -3.57487 2.89487 5
    endloop
  endfacet
  facet normal -0 0 1
    outer loop
      vertex -23.632 21.2784 5
      vertex -3.41847 3.078 5
      vertex -22.486 22.486 5
    endloop
  endfacet
  facet normal -0.477159 0.878817 0
    outer loop
      vertex -14.4369 28.334 3
      vertex -15.9 27.5396 5
      vertex -14.4369 28.334 5
    endloop
  endfacet
  facet normal -0.477159 0.878817 0
    outer loop
      vertex -15.9 27.5396 5
      vertex -14.4369 28.334 3
      vertex -15.9 27.5396 3
    endloop
  endfacet
  facet normal 0.99692 -0.0784225 0
    outer loop
      vertex 34.8083 -3.6585 3
      vertex 34.952 -1.83176 0
      vertex 34.952 -1.83176 3
    endloop
  endfacet
  facet normal 0.99692 -0.0784225 0
    outer loop
      vertex 34.952 -1.83176 0
      vertex 34.8083 -3.6585 3
      vertex 34.8083 -3.6585 0
    endloop
  endfacet
  facet normal 0.999657 -0.0261953 0
    outer loop
      vertex 34.952 -1.83176 3
      vertex 35 0 0
      vertex 35 0 3
    endloop
  endfacet
  facet normal 0.999657 -0.0261953 0
    outer loop
      vertex 35 0 0
      vertex 34.952 -1.83176 3
      vertex 34.952 -1.83176 0
    endloop
  endfacet
  facet normal 0.991443 -0.13054 0
    outer loop
      vertex 34.5691 -5.47521 3
      vertex 34.8083 -3.6585 0
      vertex 34.8083 -3.6585 3
    endloop
  endfacet
  facet normal 0.991443 -0.13054 0
    outer loop
      vertex 34.8083 -3.6585 0
      vertex 34.5691 -5.47521 3
      vertex 34.5691 -5.47521 0
    endloop
  endfacet
  facet normal 0.56642 0.824117 -0
    outer loop
      vertex 20.5725 28.3156 0
      vertex 19.0624 29.3535 3
      vertex 20.5725 28.3156 3
    endloop
  endfacet
  facet normal 0.56642 0.824117 0
    outer loop
      vertex 19.0624 29.3535 3
      vertex 20.5725 28.3156 0
      vertex 19.0624 29.3535 0
    endloop
  endfacet
  facet normal -0.942636 0.333822 0
    outer loop
      vertex -33.287 10.8156 0
      vertex -32.6753 12.5429 3
      vertex -32.6753 12.5429 0
    endloop
  endfacet
  facet normal -0.942636 0.333822 0
    outer loop
      vertex -32.6753 12.5429 3
      vertex -33.287 10.8156 0
      vertex -33.287 10.8156 3
    endloop
  endfacet
  facet normal -0.99692 -0.0784225 0
    outer loop
      vertex -34.8083 -3.6585 0
      vertex -34.952 -1.83176 3
      vertex -34.952 -1.83176 0
    endloop
  endfacet
  facet normal -0.99692 -0.0784225 0
    outer loop
      vertex -34.952 -1.83176 3
      vertex -34.8083 -3.6585 0
      vertex -34.8083 -3.6585 3
    endloop
  endfacet
  facet normal 0.85265 -0.522483 0
    outer loop
      vertex 29.3535 -19.0624 3
      vertex 30.3109 -17.5 0
      vertex 30.3109 -17.5 3
    endloop
  endfacet
  facet normal 0.85265 -0.522483 0
    outer loop
      vertex 30.3109 -17.5 0
      vertex 29.3535 -19.0624 3
      vertex 29.3535 -19.0624 0
    endloop
  endfacet
  facet normal -0.983257 -0.182222 0
    outer loop
      vertex -34.2352 -7.27691 0
      vertex -34.5691 -5.47521 3
      vertex -34.5691 -5.47521 0
    endloop
  endfacet
  facet normal -0.983257 -0.182222 0
    outer loop
      vertex -34.5691 -5.47521 3
      vertex -34.2352 -7.27691 0
      vertex -34.2352 -7.27691 3
    endloop
  endfacet
  facet normal 0.430525 -0.902579 0
    outer loop
      vertex 14.2358 -31.9741 0
      vertex 15.8897 -31.1852 3
      vertex 14.2358 -31.9741 3
    endloop
  endfacet
  facet normal 0.430525 -0.902579 0
    outer loop
      vertex 15.8897 -31.1852 3
      vertex 14.2358 -31.9741 0
      vertex 15.8897 -31.1852 0
    endloop
  endfacet
  facet normal 0.13054 -0.991443 0
    outer loop
      vertex 3.6585 -34.8083 0
      vertex 5.47521 -34.5691 3
      vertex 3.6585 -34.8083 3
    endloop
  endfacet
  facet normal 0.13054 -0.991443 0
    outer loop
      vertex 5.47521 -34.5691 3
      vertex 3.6585 -34.8083 0
      vertex 5.47521 -34.5691 0
    endloop
  endfacet
  facet normal -0.972365 -0.233465 0
    outer loop
      vertex -33.8074 -9.05867 0
      vertex -34.2352 -7.27691 3
      vertex -34.2352 -7.27691 0
    endloop
  endfacet
  facet normal -0.972365 -0.233465 0
    outer loop
      vertex -34.2352 -7.27691 3
      vertex -33.8074 -9.05867 0
      vertex -33.8074 -9.05867 3
    endloop
  endfacet
  facet normal 0.902579 -0.430525 0
    outer loop
      vertex 31.1852 -15.8897 3
      vertex 31.9741 -14.2358 0
      vertex 31.9741 -14.2358 3
    endloop
  endfacet
  facet normal 0.902579 -0.430525 0
    outer loop
      vertex 31.9741 -14.2358 0
      vertex 31.1852 -15.8897 3
      vertex 31.1852 -15.8897 0
    endloop
  endfacet
  facet normal 0.0261953 -0.999657 0
    outer loop
      vertex 0 -35 0
      vertex 1.83176 -34.952 3
      vertex 0 -35 3
    endloop
  endfacet
  facet normal 0.0261953 -0.999657 0
    outer loop
      vertex 1.83176 -34.952 3
      vertex 0 -35 0
      vertex 1.83176 -34.952 0
    endloop
  endfacet
  facet normal -0.522483 -0.85265 0
    outer loop
      vertex -19.0624 -29.3535 0
      vertex -17.5 -30.3109 3
      vertex -19.0624 -29.3535 3
    endloop
  endfacet
  facet normal -0.522483 -0.85265 -0
    outer loop
      vertex -17.5 -30.3109 3
      vertex -19.0624 -29.3535 0
      vertex -17.5 -30.3109 0
    endloop
  endfacet
  facet normal 0.13054 0.991443 -0
    outer loop
      vertex 5.47521 34.5691 0
      vertex 3.6585 34.8083 3
      vertex 5.47521 34.5691 3
    endloop
  endfacet
  facet normal 0.13054 0.991443 0
    outer loop
      vertex 3.6585 34.8083 3
      vertex 5.47521 34.5691 0
      vertex 3.6585 34.8083 0
    endloop
  endfacet
  facet normal 0.972365 0.233465 0
    outer loop
      vertex 34.2352 7.27691 3
      vertex 33.8074 9.05867 0
      vertex 33.8074 9.05867 3
    endloop
  endfacet
  facet normal 0.972365 0.233465 0
    outer loop
      vertex 33.8074 9.05867 0
      vertex 34.2352 7.27691 3
      vertex 34.2352 7.27691 0
    endloop
  endfacet
  facet normal 0.47715 -0.878822 0
    outer loop
      vertex 15.8897 -31.1852 0
      vertex 17.5 -30.3109 3
      vertex 15.8897 -31.1852 3
    endloop
  endfacet
  facet normal 0.47715 -0.878822 0
    outer loop
      vertex 17.5 -30.3109 3
      vertex 15.8897 -31.1852 0
      vertex 17.5 -30.3109 0
    endloop
  endfacet
  facet normal 0.522483 -0.85265 0
    outer loop
      vertex 17.5 -30.3109 0
      vertex 19.0624 -29.3535 3
      vertex 17.5 -30.3109 3
    endloop
  endfacet
  facet normal 0.522483 -0.85265 0
    outer loop
      vertex 19.0624 -29.3535 3
      vertex 17.5 -30.3109 0
      vertex 19.0624 -29.3535 0
    endloop
  endfacet
  facet normal 0.608774 -0.793344 0
    outer loop
      vertex 20.5725 -28.3156 0
      vertex 22.0262 -27.2001 3
      vertex 20.5725 -28.3156 3
    endloop
  endfacet
  facet normal 0.608774 -0.793344 0
    outer loop
      vertex 22.0262 -27.2001 3
      vertex 20.5725 -28.3156 0
      vertex 22.0262 -27.2001 0
    endloop
  endfacet
  facet normal 0 0 -1
    outer loop
      vertex -27.5271 0.558112 0
      vertex -4.49948 0.956393 0
      vertex -27.5197 0.527204 0
    endloop
  endfacet
  facet normal 0 0 -1
    outer loop
      vertex -27.5507 0.656291 0
      vertex -4.49948 0.956393 0
      vertex -27.5271 0.558112 0
    endloop
  endfacet
  facet normal -0 0 -1
    outer loop
      vertex -4.49948 0.956393 0
      vertex -27.5507 0.656291 0
      vertex -4.44326 1.19057 0
    endloop
  endfacet
  facet normal 0 0 -1
    outer loop
      vertex -27.5794 0.753101 0
      vertex -4.44326 1.19057 0
      vertex -27.5507 0.656291 0
    endloop
  endfacet
  facet normal 0 0 -1
    outer loop
      vertex -27.5884 0.783578 0
      vertex -4.44326 1.19057 0
      vertex -27.5794 0.753101 0
    endloop
  endfacet
  facet normal -0 0 -1
    outer loop
      vertex -4.44326 1.19057 0
      vertex -27.5884 0.783578 0
      vertex -4.37486 1.42148 0
    endloop
  endfacet
  facet normal 0 0 -1
    outer loop
      vertex -27.599 0.813542 0
      vertex -4.37486 1.42148 0
      vertex -27.5884 0.783578 0
    endloop
  endfacet
  facet normal 0 0 -1
    outer loop
      vertex -27.6327 0.908719 0
      vertex -4.37486 1.42148 0
      vertex -27.599 0.813542 0
    endloop
  endfacet
  facet normal -0 0 -1
    outer loop
      vertex -4.37486 1.42148 0
      vertex -27.6327 0.908719 0
      vertex -4.29447 1.64849 0
    endloop
  endfacet
  facet normal 0 0 -1
    outer loop
      vertex -27.6449 0.938085 0
      vertex -4.29447 1.64849 0
      vertex -27.6327 0.908719 0
    endloop
  endfacet
  facet normal 0 0 -1
    outer loop
      vertex -27.6835 1.03137 0
      vertex -4.29447 1.64849 0
      vertex -27.6449 0.938085 0
    endloop
  endfacet
  facet normal -0 0 -1
    outer loop
      vertex -4.29447 1.64849 0
      vertex -27.6835 1.03137 0
      vertex -4.20231 1.87099 0
    endloop
  endfacet
  facet normal 0 0 -1
    outer loop
      vertex -27.727 1.1225 0
      vertex -4.20231 1.87099 0
      vertex -27.6835 1.03137 0
    endloop
  endfacet
  facet normal 0 0 -1
    outer loop
      vertex -27.7407 1.15119 0
      vertex -4.20231 1.87099 0
      vertex -27.727 1.1225 0
    endloop
  endfacet
  facet normal 0 0 -1
    outer loop
      vertex -27.7888 1.23992 0
      vertex -4.20231 1.87099 0
      vertex -27.7407 1.15119 0
    endloop
  endfacet
  facet normal -0 0 -1
    outer loop
      vertex -4.20231 1.87099 0
      vertex -27.7888 1.23992 0
      vertex -4.09863 2.08836 0
    endloop
  endfacet
  facet normal 0 0 -1
    outer loop
      vertex -27.804 1.26786 0
      vertex -4.09863 2.08836 0
      vertex -27.7888 1.23992 0
    endloop
  endfacet
  facet normal 0 0 -1
    outer loop
      vertex -27.8206 1.29496 0
      vertex -4.09863 2.08836 0
      vertex -27.804 1.26786 0
    endloop
  endfacet
  facet normal 0 0 -1
    outer loop
      vertex -27.8734 1.38105 0
      vertex -4.09863 2.08836 0
      vertex -27.8206 1.29496 0
    endloop
  endfacet
  facet normal -0 0 -1
    outer loop
      vertex -4.09863 2.08836 0
      vertex -27.8734 1.38105 0
      vertex -3.98372 2.3 0
    endloop
  endfacet
  facet normal 0 0 -1
    outer loop
      vertex -27.9306 1.46426 0
      vertex -3.98372 2.3 0
      vertex -27.8734 1.38105 0
    endloop
  endfacet
  facet normal 0 0 -1
    outer loop
      vertex -27.9486 1.49045 0
      vertex -3.98372 2.3 0
      vertex -27.9306 1.46426 0
    endloop
  endfacet
  facet normal -0 0 -1
    outer loop
      vertex -3.98372 2.3 0
      vertex -27.9486 1.49045 0
      vertex -3.85788 2.50534 0
    endloop
  endfacet
  facet normal 0 0 -1
    outer loop
      vertex -27.9679 1.51567 0
      vertex -3.85788 2.50534 0
      vertex -27.9486 1.49045 0
    endloop
  endfacet
  facet normal 0 0 -1
    outer loop
      vertex -28.0294 1.59578 0
      vertex -3.85788 2.50534 0
      vertex -27.9679 1.51567 0
    endloop
  endfacet
  facet normal -0 0 -1
    outer loop
      vertex -3.85788 2.50534 0
      vertex -28.0294 1.59578 0
      vertex -28.3156 20.5725 0
    endloop
  endfacet
  facet normal 0 0 -1
    outer loop
      vertex -29.3535 19.0624 0
      vertex -28.0294 1.59578 0
      vertex -28.095 1.67255 0
    endloop
  endfacet
  facet normal 0 0 -1
    outer loop
      vertex -29.3535 19.0624 0
      vertex -28.095 1.67255 0
      vertex -28.1156 1.69672 0
    endloop
  endfacet
  facet normal 0 0 -1
    outer loop
      vertex -29.3535 19.0624 0
      vertex -28.1156 1.69672 0
      vertex -28.1851 1.76996 0
    endloop
  endfacet
  facet normal 0 0 -1
    outer loop
      vertex -29.3535 19.0624 0
      vertex -28.1851 1.76996 0
      vertex -28.207 1.79302 0
    endloop
  endfacet
  facet normal 0 0 -1
    outer loop
      vertex -30.3109 17.5 0
      vertex -28.207 1.79302 0
      vertex -28.23 1.8149 0
    endloop
  endfacet
  facet normal 0 0 -1
    outer loop
      vertex -30.3109 17.5 0
      vertex -28.23 1.8149 0
      vertex -28.3033 1.8844 0
    endloop
  endfacet
  facet normal 0 0 -1
    outer loop
      vertex -3.85788 2.50534 0
      vertex -28.3156 20.5725 0
      vertex -27.2001 22.0262 0
    endloop
  endfacet
  facet normal 0 0 -1
    outer loop
      vertex -31.1852 15.8897 0
      vertex -28.3033 1.8844 0
      vertex -28.3274 1.90505 0
    endloop
  endfacet
  facet normal 0 0 -1
    outer loop
      vertex -31.1852 15.8897 0
      vertex -28.3274 1.90505 0
      vertex -28.4042 1.97062 0
    endloop
  endfacet
  facet normal 0 0 -1
    outer loop
      vertex -31.1852 15.8897 0
      vertex -28.4042 1.97062 0
      vertex -28.4843 2.03209 0
    endloop
  endfacet
  facet normal 0 0 -1
    outer loop
      vertex -31.1852 15.8897 0
      vertex -28.4843 2.03209 0
      vertex -28.5095 2.05144 0
    endloop
  endfacet
  facet normal 0 0 -1
    outer loop
      vertex -31.9741 14.2358 0
      vertex -28.5095 2.05144 0
      vertex -28.5357 2.06944 0
    endloop
  endfacet
  facet normal 0 0 -1
    outer loop
      vertex -31.9741 14.2358 0
      vertex -28.5357 2.06944 0
      vertex -28.6189 2.12663 0
    endloop
  endfacet
  facet normal 0 0 -1
    outer loop
      vertex -31.9741 14.2358 0
      vertex -28.6189 2.12663 0
      vertex -28.705 2.17938 0
    endloop
  endfacet
  facet normal 0 0 -1
    outer loop
      vertex -31.9741 14.2358 0
      vertex -28.705 2.17938 0
      vertex -28.7321 2.19599 0
    endloop
  endfacet
  facet normal 0 0 -1
    outer loop
      vertex -32.6753 12.5429 0
      vertex -28.7321 2.19599 0
      vertex -28.7601 2.21116 0
    endloop
  endfacet
  facet normal 0 0 -1
    outer loop
      vertex -32.6753 12.5429 0
      vertex -28.7601 2.21116 0
      vertex -28.8488 2.25934 0
    endloop
  endfacet
  facet normal 0 0 -1
    outer loop
      vertex -32.6753 12.5429 0
      vertex -28.8488 2.25934 0
      vertex -28.8775 2.27302 0
    endloop
  endfacet
  facet normal 0 0 -1
    outer loop
      vertex -32.6753 12.5429 0
      vertex -28.8775 2.27302 0
      vertex -28.9686 2.31649 0
    endloop
  endfacet
  facet normal 0 0 -1
    outer loop
      vertex -33.287 10.8156 0
      vertex -28.9686 2.31649 0
      vertex -29.0619 2.35513 0
    endloop
  endfacet
  facet normal 0 0 -1
    outer loop
      vertex -33.287 10.8156 0
      vertex -29.0619 2.35513 0
      vertex -29.0913 2.36729 0
    endloop
  endfacet
  facet normal 0 0 -1
    outer loop
      vertex -33.287 10.8156 0
      vertex -29.0913 2.36729 0
      vertex -29.1865 2.401 0
    endloop
  endfacet
  facet normal 0 0 -1
    outer loop
      vertex -33.287 10.8156 0
      vertex -29.1865 2.401 0
      vertex -29.2164 2.41161 0
    endloop
  endfacet
  facet normal 0 0 -1
    outer loop
      vertex -33.287 10.8156 0
      vertex -29.2164 2.41161 0
      vertex -29.2469 2.42064 0
    endloop
  endfacet
  facet normal 0 0 -1
    outer loop
      vertex -33.287 10.8156 0
      vertex -29.2469 2.42064 0
      vertex -29.3437 2.44931 0
    endloop
  endfacet
  facet normal 0 0 -1
    outer loop
      vertex -28.0294 1.59578 0
      vertex -29.3535 19.0624 0
      vertex -28.3156 20.5725 0
    endloop
  endfacet
  facet normal 0 0 -1
    outer loop
      vertex -33.8074 9.05867 0
      vertex -29.3437 2.44931 0
      vertex -29.4419 2.47288 0
    endloop
  endfacet
  facet normal 0 0 -1
    outer loop
      vertex -33.8074 9.05867 0
      vertex -29.4419 2.47288 0
      vertex -29.4728 2.4803 0
    endloop
  endfacet
  facet normal 0 0 -1
    outer loop
      vertex -33.8074 9.05867 0
      vertex -29.4728 2.4803 0
      vertex -29.504 2.48609 0
    endloop
  endfacet
  facet normal 0 0 -1
    outer loop
      vertex -33.8074 9.05867 0
      vertex -29.504 2.48609 0
      vertex -29.6033 2.50449 0
    endloop
  endfacet
  facet normal 0 0 -1
    outer loop
      vertex -33.8074 9.05867 0
      vertex -29.6033 2.50449 0
      vertex -29.6348 2.50864 0
    endloop
  endfacet
  facet normal 0 0 -1
    outer loop
      vertex -33.8074 9.05867 0
      vertex -29.6348 2.50864 0
      vertex -29.7349 2.52182 0
    endloop
  endfacet
  facet normal 0 0 -1
    outer loop
      vertex -33.8074 9.05867 0
      vertex -29.7349 2.52182 0
      vertex -29.7666 2.52432 0
    endloop
  endfacet
  facet normal 0 0 -1
    outer loop
      vertex -33.8074 9.05867 0
      vertex -29.7666 2.52432 0
      vertex -29.8673 2.53224 0
    endloop
  endfacet
  facet normal 0 0 -1
    outer loop
      vertex -34.2352 7.27691 0
      vertex -29.8673 2.53224 0
      vertex -29.9682 2.53488 0
    endloop
  endfacet
  facet normal 0 0 -1
    outer loop
      vertex -34.2352 7.27691 0
      vertex -29.9682 2.53488 0
      vertex -30 2.53571 0
    endloop
  endfacet
  facet normal 0 0 -1
    outer loop
      vertex -34.2352 7.27691 0
      vertex -30 2.53571 0
      vertex -30.0318 2.53488 0
    endloop
  endfacet
  facet normal 0 0 -1
    outer loop
      vertex -34.2352 7.27691 0
      vertex -30.0318 2.53488 0
      vertex -30.1327 2.53224 0
    endloop
  endfacet
  facet normal 0 0 -1
    outer loop
      vertex -34.2352 7.27691 0
      vertex -30.1327 2.53224 0
      vertex -30.2334 2.52432 0
    endloop
  endfacet
  facet normal 0 0 -1
    outer loop
      vertex -34.2352 7.27691 0
      vertex -30.2334 2.52432 0
      vertex -30.2651 2.52182 0
    endloop
  endfacet
  facet normal 0 0 -1
    outer loop
      vertex -28.207 1.79302 0
      vertex -30.3109 17.5 0
      vertex -29.3535 19.0624 0
    endloop
  endfacet
  facet normal 0 0 -1
    outer loop
      vertex -34.2352 7.27691 0
      vertex -30.2651 2.52182 0
      vertex -30.3652 2.50864 0
    endloop
  endfacet
  facet normal 0 0 -1
    outer loop
      vertex -34.2352 7.27691 0
      vertex -30.3652 2.50864 0
      vertex -30.3967 2.50449 0
    endloop
  endfacet
  facet normal 0 0 -1
    outer loop
      vertex -34.2352 7.27691 0
      vertex -30.3967 2.50449 0
      vertex -30.496 2.48609 0
    endloop
  endfacet
  facet normal 0 0 -1
    outer loop
      vertex -34.2352 7.27691 0
      vertex -30.496 2.48609 0
      vertex -30.5272 2.4803 0
    endloop
  endfacet
  facet normal 0 0 -1
    outer loop
      vertex -34.5691 5.47521 0
      vertex -30.5272 2.4803 0
      vertex -30.5581 2.47288 0
    endloop
  endfacet
  facet normal 0 0 -1
    outer loop
      vertex -34.5691 5.47521 0
      vertex -30.5581 2.47288 0
      vertex -30.6563 2.44931 0
    endloop
  endfacet
  facet normal 0 0 -1
    outer loop
      vertex -34.5691 5.47521 0
      vertex -30.6563 2.44931 0
      vertex -30.7531 2.42064 0
    endloop
  endfacet
  facet normal 0 0 -1
    outer loop
      vertex -34.5691 5.47521 0
      vertex -30.7531 2.42064 0
      vertex -30.7836 2.41161 0
    endloop
  endfacet
  facet normal 0 0 -1
    outer loop
      vertex -34.5691 5.47521 0
      vertex -30.7836 2.41161 0
      vertex -30.8135 2.401 0
    endloop
  endfacet
  facet normal 0 0 -1
    outer loop
      vertex -34.5691 5.47521 0
      vertex -30.8135 2.401 0
      vertex -30.9087 2.36729 0
    endloop
  endfacet
  facet normal 0 0 -1
    outer loop
      vertex -34.5691 5.47521 0
      vertex -30.9087 2.36729 0
      vertex -30.9381 2.35513 0
    endloop
  endfacet
  facet normal 0 0 -1
    outer loop
      vertex -34.5691 5.47521 0
      vertex -30.9381 2.35513 0
      vertex -31.0314 2.31649 0
    endloop
  endfacet
  facet normal 0 0 -1
    outer loop
      vertex -34.5691 5.47521 0
      vertex -31.0314 2.31649 0
      vertex -31.1225 2.27302 0
    endloop
  endfacet
  facet normal 0 0 -1
    outer loop
      vertex -34.5691 5.47521 0
      vertex -31.1225 2.27302 0
      vertex -31.1512 2.25934 0
    endloop
  endfacet
  facet normal 0 0 -1
    outer loop
      vertex -28.3033 1.8844 0
      vertex -31.1852 15.8897 0
      vertex -30.3109 17.5 0
    endloop
  endfacet
  facet normal 0 0 -1
    outer loop
      vertex -34.5691 5.47521 0
      vertex -31.1512 2.25934 0
      vertex -31.2399 2.21116 0
    endloop
  endfacet
  facet normal 0 0 -1
    outer loop
      vertex -34.5691 5.47521 0
      vertex -31.2399 2.21116 0
      vertex -31.2679 2.19599 0
    endloop
  endfacet
  facet normal 0 0 -1
    outer loop
      vertex -34.8083 3.6585 0
      vertex -31.2679 2.19599 0
      vertex -31.295 2.17938 0
    endloop
  endfacet
  facet normal 0 0 -1
    outer loop
      vertex -34.8083 3.6585 0
      vertex -31.295 2.17938 0
      vertex -31.381 2.12663 0
    endloop
  endfacet
  facet normal 0 0 -1
    outer loop
      vertex -34.8083 3.6585 0
      vertex -31.381 2.12663 0
      vertex -31.4643 2.06944 0
    endloop
  endfacet
  facet normal 0 0 -1
    outer loop
      vertex -34.8083 3.6585 0
      vertex -31.4643 2.06944 0
      vertex -31.4905 2.05144 0
    endloop
  endfacet
  facet normal 0 0 -1
    outer loop
      vertex -34.8083 3.6585 0
      vertex -31.4905 2.05144 0
      vertex -31.5157 2.03209 0
    endloop
  endfacet
  facet normal 0 0 -1
    outer loop
      vertex -34.8083 3.6585 0
      vertex -31.5157 2.03209 0
      vertex -31.5958 1.97062 0
    endloop
  endfacet
  facet normal 0 0 -1
    outer loop
      vertex -34.8083 3.6585 0
      vertex -31.5958 1.97062 0
      vertex -31.6726 1.90505 0
    endloop
  endfacet
  facet normal 0 0 -1
    outer loop
      vertex -34.8083 3.6585 0
      vertex -31.6726 1.90505 0
      vertex -31.6967 1.8844 0
    endloop
  endfacet
  facet normal 0 0 -1
    outer loop
      vertex -34.8083 3.6585 0
      vertex -31.6967 1.8844 0
      vertex -31.77 1.8149 0
    endloop
  endfacet
  facet normal 0 0 -1
    outer loop
      vertex -34.8083 3.6585 0
      vertex -31.77 1.8149 0
      vertex -31.793 1.79302 0
    endloop
  endfacet
  facet normal 0 0 -1
    outer loop
      vertex -34.8083 3.6585 0
      vertex -31.793 1.79302 0
      vertex -31.8149 1.76996 0
    endloop
  endfacet
  facet normal 0 0 -1
    outer loop
      vertex -34.8083 3.6585 0
      vertex -31.8149 1.76996 0
      vertex -31.8844 1.69672 0
    endloop
  endfacet
  facet normal 0 0 -1
    outer loop
      vertex -34.8083 3.6585 0
      vertex -31.8844 1.69672 0
      vertex -31.905 1.67255 0
    endloop
  endfacet
  facet normal 0 0 -1
    outer loop
      vertex -34.8083 3.6585 0
      vertex -31.905 1.67255 0
      vertex -31.9706 1.59578 0
    endloop
  endfacet
  facet normal 0 0 -1
    outer loop
      vertex -28.5095 2.05144 0
      vertex -31.9741 14.2358 0
      vertex -31.1852 15.8897 0
    endloop
  endfacet
  facet normal 0 0 -1
    outer loop
      vertex -34.8083 3.6585 0
      vertex -31.9706 1.59578 0
      vertex -32.0321 1.51567 0
    endloop
  endfacet
  facet normal 0 0 -1
    outer loop
      vertex -34.952 1.83176 0
      vertex -32.0321 1.51567 0
      vertex -32.0514 1.49045 0
    endloop
  endfacet
  facet normal 0 0 -1
    outer loop
      vertex -34.952 1.83176 0
      vertex -32.0514 1.49045 0
      vertex -32.0694 1.46426 0
    endloop
  endfacet
  facet normal 0 0 -1
    outer loop
      vertex -34.952 1.83176 0
      vertex -32.0694 1.46426 0
      vertex -32.1266 1.38105 0
    endloop
  endfacet
  facet normal 0 0 -1
    outer loop
      vertex -34.952 1.83176 0
      vertex -32.1266 1.38105 0
      vertex -32.1794 1.29496 0
    endloop
  endfacet
  facet normal 0 0 -1
    outer loop
      vertex -34.952 1.83176 0
      vertex -32.1794 1.29496 0
      vertex -32.196 1.26786 0
    endloop
  endfacet
  facet normal 0 0 -1
    outer loop
      vertex -34.952 1.83176 0
      vertex -32.196 1.26786 0
      vertex -32.2112 1.23992 0
    endloop
  endfacet
  facet normal 0 0 -1
    outer loop
      vertex -34.952 1.83176 0
      vertex -32.2112 1.23992 0
      vertex -32.2593 1.15119 0
    endloop
  endfacet
  facet normal 0 0 -1
    outer loop
      vertex -34.952 1.83176 0
      vertex -32.2593 1.15119 0
      vertex -32.273 1.1225 0
    endloop
  endfacet
  facet normal 0 0 -1
    outer loop
      vertex -34.952 1.83176 0
      vertex -32.273 1.1225 0
      vertex -32.3165 1.03137 0
    endloop
  endfacet
  facet normal 0 0 -1
    outer loop
      vertex -34.952 1.83176 0
      vertex -32.3165 1.03137 0
      vertex -32.3551 0.938085 0
    endloop
  endfacet
  facet normal 0 0 -1
    outer loop
      vertex -34.952 1.83176 0
      vertex -32.3551 0.938085 0
      vertex -32.3673 0.908719 0
    endloop
  endfacet
  facet normal 0 0 -1
    outer loop
      vertex -34.952 1.83176 0
      vertex -32.3673 0.908719 0
      vertex -32.401 0.813542 0
    endloop
  endfacet
  facet normal 0 0 -1
    outer loop
      vertex -34.952 1.83176 0
      vertex -32.401 0.813542 0
      vertex -32.4116 0.783578 0
    endloop
  endfacet
  facet normal 0 0 -1
    outer loop
      vertex -34.952 1.83176 0
      vertex -32.4116 0.783578 0
      vertex -32.4206 0.753101 0
    endloop
  endfacet
  facet normal 0 0 -1
    outer loop
      vertex -34.952 1.83176 0
      vertex -32.4206 0.753101 0
      vertex -32.4493 0.656291 0
    endloop
  endfacet
  facet normal 0 0 -1
    outer loop
      vertex -34.952 1.83176 0
      vertex -32.4493 0.656291 0
      vertex -32.4729 0.558112 0
    endloop
  endfacet
  facet normal 0 0 -1
    outer loop
      vertex -34.952 1.83176 0
      vertex -32.4729 0.558112 0
      vertex -32.4803 0.527204 0
    endloop
  endfacet
  facet normal 0 0 -1
    outer loop
      vertex -35 0 0
      vertex -32.4803 0.527204 0
      vertex -32.4861 0.49595 0
    endloop
  endfacet
  facet normal 0 0 -1
    outer loop
      vertex -35 0 0
      vertex -32.4861 0.49595 0
      vertex -32.5045 0.396673 0
    endloop
  endfacet
  facet normal 0 0 -1
    outer loop
      vertex -35 0 0
      vertex -32.5045 0.396673 0
      vertex -32.5086 0.365158 0
    endloop
  endfacet
  facet normal 0 0 -1
    outer loop
      vertex -35 0 0
      vertex -32.5086 0.365158 0
      vertex -32.5218 0.265054 0
    endloop
  endfacet
  facet normal 0 0 -1
    outer loop
      vertex -35 0 0
      vertex -32.5218 0.265054 0
      vertex -32.5243 0.233366 0
    endloop
  endfacet
  facet normal 0 0 -1
    outer loop
      vertex -35 0 0
      vertex -32.5243 0.233366 0
      vertex -32.5322 0.132708 0
    endloop
  endfacet
  facet normal 0 0 -1
    outer loop
      vertex -28.7321 2.19599 0
      vertex -32.6753 12.5429 0
      vertex -31.9741 14.2358 0
    endloop
  endfacet
  facet normal 0 0 -1
    outer loop
      vertex -35 0 0
      vertex -32.5322 0.132708 0
      vertex -32.5349 0.0317751 0
    endloop
  endfacet
  facet normal 0 0 -1
    outer loop
      vertex -35 0 0
      vertex -32.5349 0.0317751 0
      vertex -32.5357 0 0
    endloop
  endfacet
  facet normal 0 0 -1
    outer loop
      vertex -32.4861 -0.49595 0
      vertex -35 0 0
      vertex -32.5045 -0.396673 0
    endloop
  endfacet
  facet normal 0 0 -1
    outer loop
      vertex -32.5045 -0.396673 0
      vertex -35 0 0
      vertex -32.5086 -0.365158 0
    endloop
  endfacet
  facet normal 0 0 -1
    outer loop
      vertex -28.9686 2.31649 0
      vertex -33.287 10.8156 0
      vertex -32.6753 12.5429 0
    endloop
  endfacet
  facet normal 0 0 -1
    outer loop
      vertex -32.5086 -0.365158 0
      vertex -35 0 0
      vertex -32.5218 -0.265054 0
    endloop
  endfacet
  facet normal 0 0 -1
    outer loop
      vertex -29.3437 2.44931 0
      vertex -33.8074 9.05867 0
      vertex -33.287 10.8156 0
    endloop
  endfacet
  facet normal 0 0 -1
    outer loop
      vertex -32.5218 -0.265054 0
      vertex -35 0 0
      vertex -32.5243 -0.233366 0
    endloop
  endfacet
  facet normal 0 0 -1
    outer loop
      vertex -29.8673 2.53224 0
      vertex -34.2352 7.27691 0
      vertex -33.8074 9.05867 0
    endloop
  endfacet
  facet normal 0 0 -1
    outer loop
      vertex -32.5243 -0.233366 0
      vertex -35 0 0
      vertex -32.5322 -0.132708 0
    endloop
  endfacet
  facet normal 0 0 -1
    outer loop
      vertex -30.5272 2.4803 0
      vertex -34.5691 5.47521 0
      vertex -34.2352 7.27691 0
    endloop
  endfacet
  facet normal 0 0 -1
    outer loop
      vertex -32.5322 -0.132708 0
      vertex -35 0 0
      vertex -32.5349 -0.0317751 0
    endloop
  endfacet
  facet normal 0 0 -1
    outer loop
      vertex -31.2679 2.19599 0
      vertex -34.8083 3.6585 0
      vertex -34.5691 5.47521 0
    endloop
  endfacet
  facet normal 0 0 -1
    outer loop
      vertex -32.5349 -0.0317751 0
      vertex -35 0 0
      vertex -32.5357 0 0
    endloop
  endfacet
  facet normal 0 0 -1
    outer loop
      vertex -32.0321 1.51567 0
      vertex -34.952 1.83176 0
      vertex -34.8083 3.6585 0
    endloop
  endfacet
  facet normal -0 0 -1
    outer loop
      vertex -32.4803 0.527204 0
      vertex -35 0 0
      vertex -34.952 1.83176 0
    endloop
  endfacet
  facet normal -0 0 -1
    outer loop
      vertex 13.4294 23.9908 0
      vertex 1.87099 4.20231 0
      vertex 13.4042 24.0101 0
    endloop
  endfacet
  facet normal 0 0 -1
    outer loop
      vertex 1.64849 4.29447 0
      vertex 13.4042 24.0101 0
      vertex 1.87099 4.20231 0
    endloop
  endfacet
  facet normal -0 0 -1
    outer loop
      vertex 13.4042 24.0101 0
      vertex 1.64849 4.29447 0
      vertex 13.3801 24.0308 0
    endloop
  endfacet
  facet normal -0 0 -1
    outer loop
      vertex 13.3801 24.0308 0
      vertex 1.64849 4.29447 0
      vertex 13.3033 24.0964 0
    endloop
  endfacet
  facet normal 0 0 -1
    outer loop
      vertex 1.42148 4.37486 0
      vertex 13.3033 24.0964 0
      vertex 1.64849 4.29447 0
    endloop
  endfacet
  facet normal -0 0 -1
    outer loop
      vertex 13.3033 24.0964 0
      vertex 1.42148 4.37486 0
      vertex 13.2802 24.1182 0
    endloop
  endfacet
  facet normal -0 0 -1
    outer loop
      vertex 13.2802 24.1182 0
      vertex 1.42148 4.37486 0
      vertex 13.207 24.1877 0
    endloop
  endfacet
  facet normal 0 0 -1
    outer loop
      vertex 1.19057 4.44326 0
      vertex 13.207 24.1877 0
      vertex 1.42148 4.37486 0
    endloop
  endfacet
  facet normal -0 0 -1
    outer loop
      vertex 13.207 24.1877 0
      vertex 1.19057 4.44326 0
      vertex 13.1375 24.261 0
    endloop
  endfacet
  facet normal -0 0 -1
    outer loop
      vertex 13.1375 24.261 0
      vertex 1.19057 4.44326 0
      vertex 13.1156 24.284 0
    endloop
  endfacet
  facet normal -0 0 -1
    outer loop
      vertex 13.1156 24.284 0
      vertex 1.19057 4.44326 0
      vertex 13.095 24.3082 0
    endloop
  endfacet
  facet normal 0 0 -1
    outer loop
      vertex 0.956393 4.49948 0
      vertex 13.095 24.3082 0
      vertex 1.19057 4.44326 0
    endloop
  endfacet
  facet normal -0 0 -1
    outer loop
      vertex 13.095 24.3082 0
      vertex 0.956393 4.49948 0
      vertex 13.0294 24.385 0
    endloop
  endfacet
  facet normal -0 0 -1
    outer loop
      vertex 13.0294 24.385 0
      vertex 0.956393 4.49948 0
      vertex 12.9679 24.4651 0
    endloop
  endfacet
  facet normal -0 0 -1
    outer loop
      vertex 12.9679 24.4651 0
      vertex 0.956393 4.49948 0
      vertex 12.9486 24.4903 0
    endloop
  endfacet
  facet normal 0 0 -1
    outer loop
      vertex 0.719598 4.54337 0
      vertex 12.9486 24.4903 0
      vertex 0.956393 4.49948 0
    endloop
  endfacet
  facet normal -0 0 -1
    outer loop
      vertex 12.9486 24.4903 0
      vertex 0.719598 4.54337 0
      vertex 12.8914 24.5735 0
    endloop
  endfacet
  facet normal -0 0 -1
    outer loop
      vertex 12.8914 24.5735 0
      vertex 0.719598 4.54337 0
      vertex 12.8734 24.5997 0
    endloop
  endfacet
  facet normal 0 0 -1
    outer loop
      vertex 0.48083 4.5748 0
      vertex 12.8734 24.5997 0
      vertex 0.719598 4.54337 0
    endloop
  endfacet
  facet normal -0 0 -1
    outer loop
      vertex 12.8734 24.5997 0
      vertex 0.48083 4.5748 0
      vertex 12.8206 24.6858 0
    endloop
  endfacet
  facet normal -0 0 -1
    outer loop
      vertex 12.8206 24.6858 0
      vertex 0.48083 4.5748 0
      vertex 12.804 24.7129 0
    endloop
  endfacet
  facet normal 0 0 -1
    outer loop
      vertex 0.240745 4.5937 0
      vertex 12.804 24.7129 0
      vertex 0.48083 4.5748 0
    endloop
  endfacet
  facet normal -0 0 -1
    outer loop
      vertex 12.804 24.7129 0
      vertex 0.240745 4.5937 0
      vertex 12.7888 24.7408 0
    endloop
  endfacet
  facet normal -0 0 -1
    outer loop
      vertex 12.7888 24.7408 0
      vertex 0.240745 4.5937 0
      vertex 12.7407 24.8296 0
    endloop
  endfacet
  facet normal 0 0 -1
    outer loop
      vertex 0 4.6 0
      vertex 12.7407 24.8296 0
      vertex 0.240745 4.5937 0
    endloop
  endfacet
  facet normal -0 0 -1
    outer loop
      vertex 12.7407 24.8296 0
      vertex 0 4.6 0
      vertex 12.727 24.8583 0
    endloop
  endfacet
  facet normal -0 0 -1
    outer loop
      vertex 12.727 24.8583 0
      vertex 0 4.6 0
      vertex 12.6835 24.9494 0
    endloop
  endfacet
  facet normal 0 0 -1
    outer loop
      vertex 12.6327 25.072 0
      vertex 3.6585 34.8083 0
      vertex 5.47521 34.5691 0
    endloop
  endfacet
  facet normal 0 0 -1
    outer loop
      vertex -0.240745 4.5937 0
      vertex 12.6835 24.9494 0
      vertex 0 4.6 0
    endloop
  endfacet
  facet normal 0 0 -1
    outer loop
      vertex 12.6327 25.072 0
      vertex 1.83176 34.952 0
      vertex 3.6585 34.8083 0
    endloop
  endfacet
  facet normal -0 0 -1
    outer loop
      vertex 12.6835 24.9494 0
      vertex -0.240745 4.5937 0
      vertex 12.6449 25.0427 0
    endloop
  endfacet
  facet normal -0 0 -1
    outer loop
      vertex 12.6449 25.0427 0
      vertex -0.240745 4.5937 0
      vertex 12.6327 25.072 0
    endloop
  endfacet
  facet normal 0 0 -1
    outer loop
      vertex 12.6327 25.072 0
      vertex 0 35 0
      vertex 1.83176 34.952 0
    endloop
  endfacet
  facet normal 0 0 -1
    outer loop
      vertex -1.83176 34.952 0
      vertex 12.6327 25.072 0
      vertex -0.240745 4.5937 0
    endloop
  endfacet
  facet normal 0 0 -1
    outer loop
      vertex -1.83176 34.952 0
      vertex -0.240745 4.5937 0
      vertex -0.48083 4.5748 0
    endloop
  endfacet
  facet normal 0 0 -1
    outer loop
      vertex -3.6585 34.8083 0
      vertex -0.48083 4.5748 0
      vertex -0.719598 4.54337 0
    endloop
  endfacet
  facet normal 0 0 -1
    outer loop
      vertex -5.47521 34.5691 0
      vertex -0.719598 4.54337 0
      vertex -0.956393 4.49948 0
    endloop
  endfacet
  facet normal 0 0 -1
    outer loop
      vertex -7.27691 34.2352 0
      vertex -0.956393 4.49948 0
      vertex -1.19057 4.44326 0
    endloop
  endfacet
  facet normal 0 0 -1
    outer loop
      vertex -9.05867 33.8074 0
      vertex -1.19057 4.44326 0
      vertex -1.42148 4.37486 0
    endloop
  endfacet
  facet normal 0 0 -1
    outer loop
      vertex -10.8156 33.287 0
      vertex -1.42148 4.37486 0
      vertex -1.64849 4.29447 0
    endloop
  endfacet
  facet normal 0 0 -1
    outer loop
      vertex 12.6327 25.072 0
      vertex -1.83176 34.952 0
      vertex 0 35 0
    endloop
  endfacet
  facet normal 0 0 -1
    outer loop
      vertex -12.5429 32.6753 0
      vertex -1.64849 4.29447 0
      vertex -1.87099 4.20231 0
    endloop
  endfacet
  facet normal 0 0 -1
    outer loop
      vertex -14.2358 31.9741 0
      vertex -1.87099 4.20231 0
      vertex -2.08836 4.09863 0
    endloop
  endfacet
  facet normal 0 0 -1
    outer loop
      vertex -15.8897 31.1852 0
      vertex -2.08836 4.09863 0
      vertex -2.3 3.98372 0
    endloop
  endfacet
  facet normal 0 0 -1
    outer loop
      vertex -17.5 30.3109 0
      vertex -2.3 3.98372 0
      vertex -2.50534 3.85788 0
    endloop
  endfacet
  facet normal 0 0 -1
    outer loop
      vertex -19.0624 29.3535 0
      vertex -2.50534 3.85788 0
      vertex -2.70381 3.72148 0
    endloop
  endfacet
  facet normal 0 0 -1
    outer loop
      vertex -20.5725 28.3156 0
      vertex -2.70381 3.72148 0
      vertex -2.89487 3.57487 0
    endloop
  endfacet
  facet normal 0 0 -1
    outer loop
      vertex -22.0262 27.2001 0
      vertex -2.89487 3.57487 0
      vertex -3.078 3.41847 0
    endloop
  endfacet
  facet normal 0 0 -1
    outer loop
      vertex -23.4196 26.0101 0
      vertex -3.078 3.41847 0
      vertex -3.25269 3.25269 0
    endloop
  endfacet
  facet normal 0 0 -1
    outer loop
      vertex -24.7487 24.7487 0
      vertex -3.25269 3.25269 0
      vertex -3.41847 3.078 0
    endloop
  endfacet
  facet normal 0 0 -1
    outer loop
      vertex -26.0101 23.4196 0
      vertex -3.41847 3.078 0
      vertex -3.57487 2.89487 0
    endloop
  endfacet
  facet normal 0 0 -1
    outer loop
      vertex -0.48083 4.5748 0
      vertex -3.6585 34.8083 0
      vertex -1.83176 34.952 0
    endloop
  endfacet
  facet normal 0 0 -1
    outer loop
      vertex -27.2001 22.0262 0
      vertex -3.57487 2.89487 0
      vertex -3.72148 2.70381 0
    endloop
  endfacet
  facet normal 0 0 -1
    outer loop
      vertex -27.2001 22.0262 0
      vertex -3.72148 2.70381 0
      vertex -3.85788 2.50534 0
    endloop
  endfacet
  facet normal 0 0 -1
    outer loop
      vertex -27.5197 0.527204 0
      vertex -4.54337 0.719598 0
      vertex -27.5139 0.49595 0
    endloop
  endfacet
  facet normal 0 0 -1
    outer loop
      vertex -27.5139 0.49595 0
      vertex -4.54337 0.719598 0
      vertex -27.4955 0.396673 0
    endloop
  endfacet
  facet normal -0 0 -1
    outer loop
      vertex -4.5748 0.48083 0
      vertex -27.4955 0.396673 0
      vertex -4.54337 0.719598 0
    endloop
  endfacet
  facet normal 0 0 -1
    outer loop
      vertex -27.4955 0.396673 0
      vertex -4.5748 0.48083 0
      vertex -27.4914 0.365158 0
    endloop
  endfacet
  facet normal 0 0 -1
    outer loop
      vertex -27.4914 0.365158 0
      vertex -4.5748 0.48083 0
      vertex -27.4782 0.265054 0
    endloop
  endfacet
  facet normal 0 0 -1
    outer loop
      vertex -27.4782 0.265054 0
      vertex -4.5748 0.48083 0
      vertex -27.4757 0.233366 0
    endloop
  endfacet
  facet normal -0 0 -1
    outer loop
      vertex -4.5937 0.240745 0
      vertex -27.4757 0.233366 0
      vertex -4.5748 0.48083 0
    endloop
  endfacet
  facet normal 0 0 -1
    outer loop
      vertex -27.4757 0.233366 0
      vertex -4.5937 0.240745 0
      vertex -27.4678 0.132708 0
    endloop
  endfacet
  facet normal 0 0 -1
    outer loop
      vertex -27.4678 0.132708 0
      vertex -4.5937 0.240745 0
      vertex -27.4669 0.100933 0
    endloop
  endfacet
  facet normal 0 0 -1
    outer loop
      vertex -27.4669 0.100933 0
      vertex -4.5937 0.240745 0
      vertex -27.4643 0 0
    endloop
  endfacet
  facet normal 0 0 -1
    outer loop
      vertex -0.719598 4.54337 0
      vertex -5.47521 34.5691 0
      vertex -3.6585 34.8083 0
    endloop
  endfacet
  facet normal 0 0 -1
    outer loop
      vertex -27.4643 0 0
      vertex -4.5937 0.240745 0
      vertex -4.6 0 0
    endloop
  endfacet
  facet normal 0 0 -1
    outer loop
      vertex -27.2001 -22.0262 0
      vertex -3.57487 -2.89487 0
      vertex -26.0101 -23.4196 0
    endloop
  endfacet
  facet normal -0 0 -1
    outer loop
      vertex -3.57487 -2.89487 0
      vertex -27.2001 -22.0262 0
      vertex -3.72148 -2.70381 0
    endloop
  endfacet
  facet normal -0 0 -1
    outer loop
      vertex -4.54337 0.719598 0
      vertex -27.5197 0.527204 0
      vertex -4.49948 0.956393 0
    endloop
  endfacet
  facet normal 0 0 -1
    outer loop
      vertex -28.3156 -20.5725 0
      vertex -3.72148 -2.70381 0
      vertex -27.2001 -22.0262 0
    endloop
  endfacet
  facet normal 0 0 -1
    outer loop
      vertex -0.956393 4.49948 0
      vertex -7.27691 34.2352 0
      vertex -5.47521 34.5691 0
    endloop
  endfacet
  facet normal -0 0 -1
    outer loop
      vertex -3.72148 -2.70381 0
      vertex -28.3156 -20.5725 0
      vertex -3.85788 -2.50534 0
    endloop
  endfacet
  facet normal 0 0 -1
    outer loop
      vertex -1.19057 4.44326 0
      vertex -9.05867 33.8074 0
      vertex -7.27691 34.2352 0
    endloop
  endfacet
  facet normal 0 -0 -1
    outer loop
      vertex -28.0294 -1.59578 0
      vertex -3.85788 -2.50534 0
      vertex -28.3156 -20.5725 0
    endloop
  endfacet
  facet normal 0 0 -1
    outer loop
      vertex -1.42148 4.37486 0
      vertex -10.8156 33.287 0
      vertex -9.05867 33.8074 0
    endloop
  endfacet
  facet normal 0 -0 -1
    outer loop
      vertex -27.9679 -1.51567 0
      vertex -3.85788 -2.50534 0
      vertex -28.0294 -1.59578 0
    endloop
  endfacet
  facet normal 0 0 -1
    outer loop
      vertex -1.64849 4.29447 0
      vertex -12.5429 32.6753 0
      vertex -10.8156 33.287 0
    endloop
  endfacet
  facet normal 0 -0 -1
    outer loop
      vertex -27.9486 -1.49045 0
      vertex -3.85788 -2.50534 0
      vertex -27.9679 -1.51567 0
    endloop
  endfacet
  facet normal 0 0 -1
    outer loop
      vertex -1.87099 4.20231 0
      vertex -14.2358 31.9741 0
      vertex -12.5429 32.6753 0
    endloop
  endfacet
  facet normal 0 0 -1
    outer loop
      vertex -3.85788 -2.50534 0
      vertex -27.9486 -1.49045 0
      vertex -3.98372 -2.3 0
    endloop
  endfacet
  facet normal 0 0 -1
    outer loop
      vertex -2.08836 4.09863 0
      vertex -15.8897 31.1852 0
      vertex -14.2358 31.9741 0
    endloop
  endfacet
  facet normal 0 -0 -1
    outer loop
      vertex -27.9306 -1.46426 0
      vertex -3.98372 -2.3 0
      vertex -27.9486 -1.49045 0
    endloop
  endfacet
  facet normal 0 0 -1
    outer loop
      vertex -2.3 3.98372 0
      vertex -17.5 30.3109 0
      vertex -15.8897 31.1852 0
    endloop
  endfacet
  facet normal 0 -0 -1
    outer loop
      vertex -27.8734 -1.38105 0
      vertex -3.98372 -2.3 0
      vertex -27.9306 -1.46426 0
    endloop
  endfacet
  facet normal 0 0 -1
    outer loop
      vertex -2.50534 3.85788 0
      vertex -19.0624 29.3535 0
      vertex -17.5 30.3109 0
    endloop
  endfacet
  facet normal 0 0 -1
    outer loop
      vertex -3.98372 -2.3 0
      vertex -27.8734 -1.38105 0
      vertex -4.09863 -2.08836 0
    endloop
  endfacet
  facet normal 0 0 -1
    outer loop
      vertex -2.70381 3.72148 0
      vertex -20.5725 28.3156 0
      vertex -19.0624 29.3535 0
    endloop
  endfacet
  facet normal 0 -0 -1
    outer loop
      vertex -27.8206 -1.29496 0
      vertex -4.09863 -2.08836 0
      vertex -27.8734 -1.38105 0
    endloop
  endfacet
  facet normal 0 0 -1
    outer loop
      vertex -2.89487 3.57487 0
      vertex -22.0262 27.2001 0
      vertex -20.5725 28.3156 0
    endloop
  endfacet
  facet normal 0 -0 -1
    outer loop
      vertex -27.804 -1.26786 0
      vertex -4.09863 -2.08836 0
      vertex -27.8206 -1.29496 0
    endloop
  endfacet
  facet normal 0 0 -1
    outer loop
      vertex -3.078 3.41847 0
      vertex -23.4196 26.0101 0
      vertex -22.0262 27.2001 0
    endloop
  endfacet
  facet normal 0 0 -1
    outer loop
      vertex -4.09863 -2.08836 0
      vertex -27.804 -1.26786 0
      vertex -4.20231 -1.87099 0
    endloop
  endfacet
  facet normal 0 0 -1
    outer loop
      vertex -3.25269 3.25269 0
      vertex -24.7487 24.7487 0
      vertex -23.4196 26.0101 0
    endloop
  endfacet
  facet normal 0 -0 -1
    outer loop
      vertex -27.7888 -1.23992 0
      vertex -4.20231 -1.87099 0
      vertex -27.804 -1.26786 0
    endloop
  endfacet
  facet normal 0 0 -1
    outer loop
      vertex -3.41847 3.078 0
      vertex -26.0101 23.4196 0
      vertex -24.7487 24.7487 0
    endloop
  endfacet
  facet normal 0 0 -1
    outer loop
      vertex -3.57487 2.89487 0
      vertex -27.2001 22.0262 0
      vertex -26.0101 23.4196 0
    endloop
  endfacet
  facet normal -0 0 -1
    outer loop
      vertex -4.6 0 0
      vertex -27.4669 -0.100933 0
      vertex -27.4643 0 0
    endloop
  endfacet
  facet normal 0 0 -1
    outer loop
      vertex -4.6 0 0
      vertex -27.4678 -0.132708 0
      vertex -27.4669 -0.100933 0
    endloop
  endfacet
  facet normal 0 0 -1
    outer loop
      vertex -4.5937 -0.240745 0
      vertex -27.4678 -0.132708 0
      vertex -4.6 0 0
    endloop
  endfacet
  facet normal 0 -0 -1
    outer loop
      vertex -27.4678 -0.132708 0
      vertex -4.5937 -0.240745 0
      vertex -27.4757 -0.233366 0
    endloop
  endfacet
  facet normal 0 -0 -1
    outer loop
      vertex -27.4757 -0.233366 0
      vertex -4.5937 -0.240745 0
      vertex -27.4782 -0.265054 0
    endloop
  endfacet
  facet normal 0 0 -1
    outer loop
      vertex -4.5748 -0.48083 0
      vertex -27.4782 -0.265054 0
      vertex -4.5937 -0.240745 0
    endloop
  endfacet
  facet normal 0 -0 -1
    outer loop
      vertex -27.4782 -0.265054 0
      vertex -4.5748 -0.48083 0
      vertex -27.4914 -0.365158 0
    endloop
  endfacet
  facet normal 0 -0 -1
    outer loop
      vertex -27.4914 -0.365158 0
      vertex -4.5748 -0.48083 0
      vertex -27.4955 -0.396673 0
    endloop
  endfacet
  facet normal 0 0 -1
    outer loop
      vertex -4.54337 -0.719598 0
      vertex -27.4955 -0.396673 0
      vertex -4.5748 -0.48083 0
    endloop
  endfacet
  facet normal 0 -0 -1
    outer loop
      vertex -27.4955 -0.396673 0
      vertex -4.54337 -0.719598 0
      vertex -27.5139 -0.49595 0
    endloop
  endfacet
  facet normal 0 -0 -1
    outer loop
      vertex -27.5139 -0.49595 0
      vertex -4.54337 -0.719598 0
      vertex -27.5197 -0.527204 0
    endloop
  endfacet
  facet normal 0 0 -1
    outer loop
      vertex -4.49948 -0.956393 0
      vertex -27.5197 -0.527204 0
      vertex -4.54337 -0.719598 0
    endloop
  endfacet
  facet normal 0 -0 -1
    outer loop
      vertex -27.5197 -0.527204 0
      vertex -4.49948 -0.956393 0
      vertex -27.5271 -0.558112 0
    endloop
  endfacet
  facet normal 0 -0 -1
    outer loop
      vertex -27.5271 -0.558112 0
      vertex -4.49948 -0.956393 0
      vertex -27.5507 -0.656291 0
    endloop
  endfacet
  facet normal 0 0 -1
    outer loop
      vertex -4.44326 -1.19057 0
      vertex -27.5507 -0.656291 0
      vertex -4.49948 -0.956393 0
    endloop
  endfacet
  facet normal 0 -0 -1
    outer loop
      vertex -27.5507 -0.656291 0
      vertex -4.44326 -1.19057 0
      vertex -27.5794 -0.753101 0
    endloop
  endfacet
  facet normal 0 -0 -1
    outer loop
      vertex -27.5794 -0.753101 0
      vertex -4.44326 -1.19057 0
      vertex -27.5884 -0.783578 0
    endloop
  endfacet
  facet normal 0 -0 -1
    outer loop
      vertex -27.5884 -0.783578 0
      vertex -4.44326 -1.19057 0
      vertex -27.599 -0.813542 0
    endloop
  endfacet
  facet normal 0 0 -1
    outer loop
      vertex -4.37486 -1.42148 0
      vertex -27.599 -0.813542 0
      vertex -4.44326 -1.19057 0
    endloop
  endfacet
  facet normal 0 -0 -1
    outer loop
      vertex -27.599 -0.813542 0
      vertex -4.37486 -1.42148 0
      vertex -27.6327 -0.908719 0
    endloop
  endfacet
  facet normal 0 -0 -1
    outer loop
      vertex -27.6327 -0.908719 0
      vertex -4.37486 -1.42148 0
      vertex -27.6449 -0.938085 0
    endloop
  endfacet
  facet normal 0 -0 -1
    outer loop
      vertex -27.6449 -0.938085 0
      vertex -4.37486 -1.42148 0
      vertex -27.6835 -1.03137 0
    endloop
  endfacet
  facet normal 0 0 -1
    outer loop
      vertex -4.29447 -1.64849 0
      vertex -27.6835 -1.03137 0
      vertex -4.37486 -1.42148 0
    endloop
  endfacet
  facet normal 0 -0 -1
    outer loop
      vertex -27.6835 -1.03137 0
      vertex -4.29447 -1.64849 0
      vertex -27.727 -1.1225 0
    endloop
  endfacet
  facet normal 0 -0 -1
    outer loop
      vertex -27.7407 -1.15119 0
      vertex -4.20231 -1.87099 0
      vertex -27.7888 -1.23992 0
    endloop
  endfacet
  facet normal 0 -0 -1
    outer loop
      vertex -27.727 -1.1225 0
      vertex -4.29447 -1.64849 0
      vertex -27.7407 -1.15119 0
    endloop
  endfacet
  facet normal 0 0 -1
    outer loop
      vertex -4.20231 -1.87099 0
      vertex -27.7407 -1.15119 0
      vertex -4.29447 -1.64849 0
    endloop
  endfacet
  facet normal 0 0 -1
    outer loop
      vertex -29.3535 -19.0624 0
      vertex -28.0294 -1.59578 0
      vertex -28.3156 -20.5725 0
    endloop
  endfacet
  facet normal 0 0 -1
    outer loop
      vertex -28.0294 -1.59578 0
      vertex -29.3535 -19.0624 0
      vertex -28.095 -1.67255 0
    endloop
  endfacet
  facet normal 0 0 -1
    outer loop
      vertex -28.095 -1.67255 0
      vertex -29.3535 -19.0624 0
      vertex -28.1156 -1.69672 0
    endloop
  endfacet
  facet normal 0 0 -1
    outer loop
      vertex -28.1156 -1.69672 0
      vertex -29.3535 -19.0624 0
      vertex -28.1851 -1.76996 0
    endloop
  endfacet
  facet normal 0 0 -1
    outer loop
      vertex -28.1851 -1.76996 0
      vertex -29.3535 -19.0624 0
      vertex -28.207 -1.79302 0
    endloop
  endfacet
  facet normal 0 0 -1
    outer loop
      vertex -30.3109 -17.5 0
      vertex -28.207 -1.79302 0
      vertex -29.3535 -19.0624 0
    endloop
  endfacet
  facet normal 0 0 -1
    outer loop
      vertex -28.207 -1.79302 0
      vertex -30.3109 -17.5 0
      vertex -28.23 -1.8149 0
    endloop
  endfacet
  facet normal 0 0 -1
    outer loop
      vertex -28.23 -1.8149 0
      vertex -30.3109 -17.5 0
      vertex -28.3033 -1.8844 0
    endloop
  endfacet
  facet normal 0 0 -1
    outer loop
      vertex -31.1852 -15.8897 0
      vertex -28.3033 -1.8844 0
      vertex -30.3109 -17.5 0
    endloop
  endfacet
  facet normal 0 0 -1
    outer loop
      vertex -28.3033 -1.8844 0
      vertex -31.1852 -15.8897 0
      vertex -28.3274 -1.90505 0
    endloop
  endfacet
  facet normal 0 0 -1
    outer loop
      vertex -28.3274 -1.90505 0
      vertex -31.1852 -15.8897 0
      vertex -28.4042 -1.97062 0
    endloop
  endfacet
  facet normal 0 0 -1
    outer loop
      vertex -28.4042 -1.97062 0
      vertex -31.1852 -15.8897 0
      vertex -28.4843 -2.03209 0
    endloop
  endfacet
  facet normal 0 0 -1
    outer loop
      vertex -28.4843 -2.03209 0
      vertex -31.1852 -15.8897 0
      vertex -28.5095 -2.05144 0
    endloop
  endfacet
  facet normal 0 0 -1
    outer loop
      vertex -31.9741 -14.2358 0
      vertex -28.5095 -2.05144 0
      vertex -31.1852 -15.8897 0
    endloop
  endfacet
  facet normal 0 0 -1
    outer loop
      vertex -28.5095 -2.05144 0
      vertex -31.9741 -14.2358 0
      vertex -28.5357 -2.06944 0
    endloop
  endfacet
  facet normal 0 0 -1
    outer loop
      vertex -28.5357 -2.06944 0
      vertex -31.9741 -14.2358 0
      vertex -28.6189 -2.12663 0
    endloop
  endfacet
  facet normal 0 0 -1
    outer loop
      vertex -28.6189 -2.12663 0
      vertex -31.9741 -14.2358 0
      vertex -28.705 -2.17938 0
    endloop
  endfacet
  facet normal 0 0 -1
    outer loop
      vertex -28.705 -2.17938 0
      vertex -31.9741 -14.2358 0
      vertex -28.7321 -2.19599 0
    endloop
  endfacet
  facet normal 0 0 -1
    outer loop
      vertex -32.6753 -12.5429 0
      vertex -28.7321 -2.19599 0
      vertex -31.9741 -14.2358 0
    endloop
  endfacet
  facet normal 0 0 -1
    outer loop
      vertex -28.7321 -2.19599 0
      vertex -32.6753 -12.5429 0
      vertex -28.7601 -2.21116 0
    endloop
  endfacet
  facet normal 0 0 -1
    outer loop
      vertex -28.7601 -2.21116 0
      vertex -32.6753 -12.5429 0
      vertex -28.8488 -2.25934 0
    endloop
  endfacet
  facet normal 0 0 -1
    outer loop
      vertex -28.8488 -2.25934 0
      vertex -32.6753 -12.5429 0
      vertex -28.8775 -2.27302 0
    endloop
  endfacet
  facet normal 0 0 -1
    outer loop
      vertex -28.8775 -2.27302 0
      vertex -32.6753 -12.5429 0
      vertex -28.9686 -2.31649 0
    endloop
  endfacet
  facet normal 0 0 -1
    outer loop
      vertex -33.287 -10.8156 0
      vertex -28.9686 -2.31649 0
      vertex -32.6753 -12.5429 0
    endloop
  endfacet
  facet normal 0 0 -1
    outer loop
      vertex -28.9686 -2.31649 0
      vertex -33.287 -10.8156 0
      vertex -29.0619 -2.35513 0
    endloop
  endfacet
  facet normal 0 0 -1
    outer loop
      vertex -29.0619 -2.35513 0
      vertex -33.287 -10.8156 0
      vertex -29.0913 -2.36729 0
    endloop
  endfacet
  facet normal 0 0 -1
    outer loop
      vertex -29.0913 -2.36729 0
      vertex -33.287 -10.8156 0
      vertex -29.1865 -2.401 0
    endloop
  endfacet
  facet normal 0 0 -1
    outer loop
      vertex -29.1865 -2.401 0
      vertex -33.287 -10.8156 0
      vertex -29.2164 -2.41161 0
    endloop
  endfacet
  facet normal 0 0 -1
    outer loop
      vertex -29.2164 -2.41161 0
      vertex -33.287 -10.8156 0
      vertex -29.2469 -2.42064 0
    endloop
  endfacet
  facet normal 0 0 -1
    outer loop
      vertex -29.2469 -2.42064 0
      vertex -33.287 -10.8156 0
      vertex -29.3437 -2.44931 0
    endloop
  endfacet
  facet normal 0 0 -1
    outer loop
      vertex -33.8074 -9.05867 0
      vertex -29.3437 -2.44931 0
      vertex -33.287 -10.8156 0
    endloop
  endfacet
  facet normal 0 0 -1
    outer loop
      vertex -29.3437 -2.44931 0
      vertex -33.8074 -9.05867 0
      vertex -29.4419 -2.47288 0
    endloop
  endfacet
  facet normal 0 0 -1
    outer loop
      vertex -29.4419 -2.47288 0
      vertex -33.8074 -9.05867 0
      vertex -29.4728 -2.4803 0
    endloop
  endfacet
  facet normal 0 0 -1
    outer loop
      vertex -29.4728 -2.4803 0
      vertex -33.8074 -9.05867 0
      vertex -29.504 -2.48609 0
    endloop
  endfacet
  facet normal 0 0 -1
    outer loop
      vertex -29.504 -2.48609 0
      vertex -33.8074 -9.05867 0
      vertex -29.6033 -2.50449 0
    endloop
  endfacet
  facet normal 0 0 -1
    outer loop
      vertex -29.6033 -2.50449 0
      vertex -33.8074 -9.05867 0
      vertex -29.6348 -2.50864 0
    endloop
  endfacet
  facet normal 0 0 -1
    outer loop
      vertex -29.6348 -2.50864 0
      vertex -33.8074 -9.05867 0
      vertex -29.7349 -2.52182 0
    endloop
  endfacet
  facet normal 0 0 -1
    outer loop
      vertex -29.7349 -2.52182 0
      vertex -33.8074 -9.05867 0
      vertex -29.7666 -2.52432 0
    endloop
  endfacet
  facet normal 0 0 -1
    outer loop
      vertex -29.7666 -2.52432 0
      vertex -33.8074 -9.05867 0
      vertex -29.8673 -2.53224 0
    endloop
  endfacet
  facet normal 0 0 -1
    outer loop
      vertex -34.2352 -7.27691 0
      vertex -29.8673 -2.53224 0
      vertex -33.8074 -9.05867 0
    endloop
  endfacet
  facet normal 0 0 -1
    outer loop
      vertex -29.8673 -2.53224 0
      vertex -34.2352 -7.27691 0
      vertex -29.9682 -2.53488 0
    endloop
  endfacet
  facet normal 0 0 -1
    outer loop
      vertex -29.9682 -2.53488 0
      vertex -34.2352 -7.27691 0
      vertex -30 -2.53571 0
    endloop
  endfacet
  facet normal -0 0 -1
    outer loop
      vertex -30 -2.53571 0
      vertex -34.2352 -7.27691 0
      vertex -30.0318 -2.53488 0
    endloop
  endfacet
  facet normal -0 0 -1
    outer loop
      vertex -30.0318 -2.53488 0
      vertex -34.2352 -7.27691 0
      vertex -30.1327 -2.53224 0
    endloop
  endfacet
  facet normal -0 0 -1
    outer loop
      vertex -30.1327 -2.53224 0
      vertex -34.2352 -7.27691 0
      vertex -30.2334 -2.52432 0
    endloop
  endfacet
  facet normal -0 0 -1
    outer loop
      vertex -30.2334 -2.52432 0
      vertex -34.2352 -7.27691 0
      vertex -30.2651 -2.52182 0
    endloop
  endfacet
  facet normal -0 0 -1
    outer loop
      vertex -30.2651 -2.52182 0
      vertex -34.2352 -7.27691 0
      vertex -30.3652 -2.50864 0
    endloop
  endfacet
  facet normal -0 0 -1
    outer loop
      vertex -30.3652 -2.50864 0
      vertex -34.2352 -7.27691 0
      vertex -30.3967 -2.50449 0
    endloop
  endfacet
  facet normal -0 0 -1
    outer loop
      vertex -30.3967 -2.50449 0
      vertex -34.2352 -7.27691 0
      vertex -30.496 -2.48609 0
    endloop
  endfacet
  facet normal -0 0 -1
    outer loop
      vertex -30.496 -2.48609 0
      vertex -34.2352 -7.27691 0
      vertex -30.5272 -2.4803 0
    endloop
  endfacet
  facet normal 0 0 -1
    outer loop
      vertex -34.5691 -5.47521 0
      vertex -30.5272 -2.4803 0
      vertex -34.2352 -7.27691 0
    endloop
  endfacet
  facet normal -0 0 -1
    outer loop
      vertex -30.5272 -2.4803 0
      vertex -34.5691 -5.47521 0
      vertex -30.5581 -2.47288 0
    endloop
  endfacet
  facet normal -0 0 -1
    outer loop
      vertex -30.5581 -2.47288 0
      vertex -34.5691 -5.47521 0
      vertex -30.6563 -2.44931 0
    endloop
  endfacet
  facet normal -0 0 -1
    outer loop
      vertex -30.6563 -2.44931 0
      vertex -34.5691 -5.47521 0
      vertex -30.7531 -2.42064 0
    endloop
  endfacet
  facet normal -0 0 -1
    outer loop
      vertex -30.7531 -2.42064 0
      vertex -34.5691 -5.47521 0
      vertex -30.7836 -2.41161 0
    endloop
  endfacet
  facet normal -0 0 -1
    outer loop
      vertex -30.7836 -2.41161 0
      vertex -34.5691 -5.47521 0
      vertex -30.8135 -2.401 0
    endloop
  endfacet
  facet normal -0 0 -1
    outer loop
      vertex -30.8135 -2.401 0
      vertex -34.5691 -5.47521 0
      vertex -30.9087 -2.36729 0
    endloop
  endfacet
  facet normal -0 0 -1
    outer loop
      vertex -30.9087 -2.36729 0
      vertex -34.5691 -5.47521 0
      vertex -30.9381 -2.35513 0
    endloop
  endfacet
  facet normal -0 0 -1
    outer loop
      vertex -30.9381 -2.35513 0
      vertex -34.5691 -5.47521 0
      vertex -31.0314 -2.31649 0
    endloop
  endfacet
  facet normal -0 0 -1
    outer loop
      vertex -31.0314 -2.31649 0
      vertex -34.5691 -5.47521 0
      vertex -31.1225 -2.27302 0
    endloop
  endfacet
  facet normal -0 0 -1
    outer loop
      vertex -31.1225 -2.27302 0
      vertex -34.5691 -5.47521 0
      vertex -31.1512 -2.25934 0
    endloop
  endfacet
  facet normal -0 0 -1
    outer loop
      vertex -31.1512 -2.25934 0
      vertex -34.5691 -5.47521 0
      vertex -31.2399 -2.21116 0
    endloop
  endfacet
  facet normal -0 0 -1
    outer loop
      vertex -31.2399 -2.21116 0
      vertex -34.5691 -5.47521 0
      vertex -31.2679 -2.19599 0
    endloop
  endfacet
  facet normal 0 0 -1
    outer loop
      vertex -34.8083 -3.6585 0
      vertex -31.2679 -2.19599 0
      vertex -34.5691 -5.47521 0
    endloop
  endfacet
  facet normal -0 0 -1
    outer loop
      vertex -31.2679 -2.19599 0
      vertex -34.8083 -3.6585 0
      vertex -31.295 -2.17938 0
    endloop
  endfacet
  facet normal -0 0 -1
    outer loop
      vertex -31.295 -2.17938 0
      vertex -34.8083 -3.6585 0
      vertex -31.381 -2.12663 0
    endloop
  endfacet
  facet normal -0 0 -1
    outer loop
      vertex -31.381 -2.12663 0
      vertex -34.8083 -3.6585 0
      vertex -31.4643 -2.06944 0
    endloop
  endfacet
  facet normal -0 0 -1
    outer loop
      vertex -31.4643 -2.06944 0
      vertex -34.8083 -3.6585 0
      vertex -31.4905 -2.05144 0
    endloop
  endfacet
  facet normal -0 0 -1
    outer loop
      vertex -31.4905 -2.05144 0
      vertex -34.8083 -3.6585 0
      vertex -31.5157 -2.03209 0
    endloop
  endfacet
  facet normal -0 0 -1
    outer loop
      vertex -31.5157 -2.03209 0
      vertex -34.8083 -3.6585 0
      vertex -31.5958 -1.97062 0
    endloop
  endfacet
  facet normal -0 0 -1
    outer loop
      vertex -31.5958 -1.97062 0
      vertex -34.8083 -3.6585 0
      vertex -31.6726 -1.90505 0
    endloop
  endfacet
  facet normal -0 0 -1
    outer loop
      vertex -31.6726 -1.90505 0
      vertex -34.8083 -3.6585 0
      vertex -31.6967 -1.8844 0
    endloop
  endfacet
  facet normal -0 0 -1
    outer loop
      vertex -31.6967 -1.8844 0
      vertex -34.8083 -3.6585 0
      vertex -31.77 -1.8149 0
    endloop
  endfacet
  facet normal -0 0 -1
    outer loop
      vertex -31.77 -1.8149 0
      vertex -34.8083 -3.6585 0
      vertex -31.793 -1.79302 0
    endloop
  endfacet
  facet normal -0 0 -1
    outer loop
      vertex -31.793 -1.79302 0
      vertex -34.8083 -3.6585 0
      vertex -31.8149 -1.76996 0
    endloop
  endfacet
  facet normal -0 0 -1
    outer loop
      vertex -31.8149 -1.76996 0
      vertex -34.8083 -3.6585 0
      vertex -31.8844 -1.69672 0
    endloop
  endfacet
  facet normal -0 0 -1
    outer loop
      vertex -31.8844 -1.69672 0
      vertex -34.8083 -3.6585 0
      vertex -31.905 -1.67255 0
    endloop
  endfacet
  facet normal -0 0 -1
    outer loop
      vertex -31.905 -1.67255 0
      vertex -34.8083 -3.6585 0
      vertex -31.9706 -1.59578 0
    endloop
  endfacet
  facet normal -0 0 -1
    outer loop
      vertex -31.9706 -1.59578 0
      vertex -34.8083 -3.6585 0
      vertex -32.0321 -1.51567 0
    endloop
  endfacet
  facet normal 0 0 -1
    outer loop
      vertex -34.952 -1.83176 0
      vertex -32.0321 -1.51567 0
      vertex -34.8083 -3.6585 0
    endloop
  endfacet
  facet normal -0 0 -1
    outer loop
      vertex -32.0321 -1.51567 0
      vertex -34.952 -1.83176 0
      vertex -32.0514 -1.49045 0
    endloop
  endfacet
  facet normal -0 0 -1
    outer loop
      vertex -32.0514 -1.49045 0
      vertex -34.952 -1.83176 0
      vertex -32.0694 -1.46426 0
    endloop
  endfacet
  facet normal -0 0 -1
    outer loop
      vertex -32.0694 -1.46426 0
      vertex -34.952 -1.83176 0
      vertex -32.1266 -1.38105 0
    endloop
  endfacet
  facet normal -0 0 -1
    outer loop
      vertex -32.1266 -1.38105 0
      vertex -34.952 -1.83176 0
      vertex -32.1794 -1.29496 0
    endloop
  endfacet
  facet normal -0 0 -1
    outer loop
      vertex -32.1794 -1.29496 0
      vertex -34.952 -1.83176 0
      vertex -32.196 -1.26786 0
    endloop
  endfacet
  facet normal -0 0 -1
    outer loop
      vertex -32.196 -1.26786 0
      vertex -34.952 -1.83176 0
      vertex -32.2112 -1.23992 0
    endloop
  endfacet
  facet normal -0 0 -1
    outer loop
      vertex -32.2112 -1.23992 0
      vertex -34.952 -1.83176 0
      vertex -32.2593 -1.15119 0
    endloop
  endfacet
  facet normal -0 0 -1
    outer loop
      vertex -32.2593 -1.15119 0
      vertex -34.952 -1.83176 0
      vertex -32.273 -1.1225 0
    endloop
  endfacet
  facet normal -0 0 -1
    outer loop
      vertex -32.273 -1.1225 0
      vertex -34.952 -1.83176 0
      vertex -32.3165 -1.03137 0
    endloop
  endfacet
  facet normal -0 0 -1
    outer loop
      vertex -32.3165 -1.03137 0
      vertex -34.952 -1.83176 0
      vertex -32.3551 -0.938085 0
    endloop
  endfacet
  facet normal -0 0 -1
    outer loop
      vertex -32.3551 -0.938085 0
      vertex -34.952 -1.83176 0
      vertex -32.3673 -0.908719 0
    endloop
  endfacet
  facet normal -0 0 -1
    outer loop
      vertex -32.3673 -0.908719 0
      vertex -34.952 -1.83176 0
      vertex -32.401 -0.813542 0
    endloop
  endfacet
  facet normal -0 0 -1
    outer loop
      vertex -32.401 -0.813542 0
      vertex -34.952 -1.83176 0
      vertex -32.4116 -0.783578 0
    endloop
  endfacet
  facet normal -0 0 -1
    outer loop
      vertex -32.4116 -0.783578 0
      vertex -34.952 -1.83176 0
      vertex -32.4206 -0.753101 0
    endloop
  endfacet
  facet normal -0 0 -1
    outer loop
      vertex -32.4206 -0.753101 0
      vertex -34.952 -1.83176 0
      vertex -32.4493 -0.656291 0
    endloop
  endfacet
  facet normal -0 0 -1
    outer loop
      vertex -32.4493 -0.656291 0
      vertex -34.952 -1.83176 0
      vertex -32.4729 -0.558112 0
    endloop
  endfacet
  facet normal 0 0 -1
    outer loop
      vertex -32.4803 -0.527204 0
      vertex -35 0 0
      vertex -32.4861 -0.49595 0
    endloop
  endfacet
  facet normal 0 0 -1
    outer loop
      vertex -35 0 0
      vertex -32.4803 -0.527204 0
      vertex -34.952 -1.83176 0
    endloop
  endfacet
  facet normal -0 0 -1
    outer loop
      vertex -32.4729 -0.558112 0
      vertex -34.952 -1.83176 0
      vertex -32.4803 -0.527204 0
    endloop
  endfacet
  facet normal 0 0 -1
    outer loop
      vertex 17.2112 -24.7408 0
      vertex 23.4196 -26.0101 0
      vertex 17.2593 -24.8296 0
    endloop
  endfacet
  facet normal 0 0 -1
    outer loop
      vertex 34.952 1.83176 0
      vertex 17.5349 25.949 0
      vertex 17.5357 25.9808 0
    endloop
  endfacet
  facet normal 0 0 -1
    outer loop
      vertex 17.196 -24.7129 0
      vertex 23.4196 -26.0101 0
      vertex 17.2112 -24.7408 0
    endloop
  endfacet
  facet normal 0 0 -1
    outer loop
      vertex 34.952 1.83176 0
      vertex 17.5322 25.8481 0
      vertex 17.5349 25.949 0
    endloop
  endfacet
  facet normal 0 0 -1
    outer loop
      vertex 17.1794 -24.6858 0
      vertex 23.4196 -26.0101 0
      vertex 17.196 -24.7129 0
    endloop
  endfacet
  facet normal 0 0 -1
    outer loop
      vertex 34.952 1.83176 0
      vertex 17.5243 25.7474 0
      vertex 17.5322 25.8481 0
    endloop
  endfacet
  facet normal 0 0 -1
    outer loop
      vertex 17.1266 -24.5997 0
      vertex 23.4196 -26.0101 0
      vertex 17.1794 -24.6858 0
    endloop
  endfacet
  facet normal 0 0 -1
    outer loop
      vertex 34.952 1.83176 0
      vertex 17.5218 25.7157 0
      vertex 17.5243 25.7474 0
    endloop
  endfacet
  facet normal 0 0 -1
    outer loop
      vertex 23.4196 -26.0101 0
      vertex 17.1266 -24.5997 0
      vertex 24.7487 -24.7487 0
    endloop
  endfacet
  facet normal 0 0 -1
    outer loop
      vertex 34.952 1.83176 0
      vertex 17.5086 25.6156 0
      vertex 17.5218 25.7157 0
    endloop
  endfacet
  facet normal 0 0 -1
    outer loop
      vertex 17.1086 -24.5735 0
      vertex 24.7487 -24.7487 0
      vertex 17.1266 -24.5997 0
    endloop
  endfacet
  facet normal 0 0 -1
    outer loop
      vertex 34.952 1.83176 0
      vertex 17.5045 25.5841 0
      vertex 17.5086 25.6156 0
    endloop
  endfacet
  facet normal 0 0 -1
    outer loop
      vertex 17.0514 -24.4903 0
      vertex 24.7487 -24.7487 0
      vertex 17.1086 -24.5735 0
    endloop
  endfacet
  facet normal 0 0 -1
    outer loop
      vertex 34.952 1.83176 0
      vertex 17.4861 25.4848 0
      vertex 17.5045 25.5841 0
    endloop
  endfacet
  facet normal 0 0 -1
    outer loop
      vertex 17.0321 -24.4651 0
      vertex 24.7487 -24.7487 0
      vertex 17.0514 -24.4903 0
    endloop
  endfacet
  facet normal 0 0 -1
    outer loop
      vertex 34.952 1.83176 0
      vertex 17.4803 25.4536 0
      vertex 17.4861 25.4848 0
    endloop
  endfacet
  facet normal 0 0 -1
    outer loop
      vertex 16.9706 -24.385 0
      vertex 24.7487 -24.7487 0
      vertex 17.0321 -24.4651 0
    endloop
  endfacet
  facet normal 0 0 -1
    outer loop
      vertex 34.952 1.83176 0
      vertex 17.4729 25.4226 0
      vertex 17.4803 25.4536 0
    endloop
  endfacet
  facet normal 0 0 -1
    outer loop
      vertex 16.905 -24.3082 0
      vertex 24.7487 -24.7487 0
      vertex 16.9706 -24.385 0
    endloop
  endfacet
  facet normal 0 0 -1
    outer loop
      vertex 34.952 1.83176 0
      vertex 17.4493 25.3245 0
      vertex 17.4729 25.4226 0
    endloop
  endfacet
  facet normal 0 0 -1
    outer loop
      vertex 16.8844 -24.284 0
      vertex 24.7487 -24.7487 0
      vertex 16.905 -24.3082 0
    endloop
  endfacet
  facet normal 0 0 -1
    outer loop
      vertex 34.952 1.83176 0
      vertex 17.4206 25.2277 0
      vertex 17.4493 25.3245 0
    endloop
  endfacet
  facet normal 0 0 -1
    outer loop
      vertex 16.8625 -24.261 0
      vertex 24.7487 -24.7487 0
      vertex 16.8844 -24.284 0
    endloop
  endfacet
  facet normal 0 0 -1
    outer loop
      vertex 34.952 1.83176 0
      vertex 17.4116 25.1972 0
      vertex 17.4206 25.2277 0
    endloop
  endfacet
  facet normal 0 0 -1
    outer loop
      vertex 16.793 -24.1877 0
      vertex 24.7487 -24.7487 0
      vertex 16.8625 -24.261 0
    endloop
  endfacet
  facet normal 0 0 -1
    outer loop
      vertex 34.952 1.83176 0
      vertex 17.401 25.1672 0
      vertex 17.4116 25.1972 0
    endloop
  endfacet
  facet normal 0 0 -1
    outer loop
      vertex 24.7487 -24.7487 0
      vertex 16.793 -24.1877 0
      vertex 26.0101 -23.4196 0
    endloop
  endfacet
  facet normal 0 0 -1
    outer loop
      vertex 34.952 1.83176 0
      vertex 17.3673 25.072 0
      vertex 17.401 25.1672 0
    endloop
  endfacet
  facet normal 0 0 -1
    outer loop
      vertex 16.7198 -24.1182 0
      vertex 26.0101 -23.4196 0
      vertex 16.793 -24.1877 0
    endloop
  endfacet
  facet normal 0 0 -1
    outer loop
      vertex 34.952 1.83176 0
      vertex 17.3551 25.0427 0
      vertex 17.3673 25.072 0
    endloop
  endfacet
  facet normal 0 0 -1
    outer loop
      vertex 16.6967 -24.0964 0
      vertex 26.0101 -23.4196 0
      vertex 16.7198 -24.1182 0
    endloop
  endfacet
  facet normal 0 0 -1
    outer loop
      vertex 34.952 1.83176 0
      vertex 17.3165 24.9494 0
      vertex 17.3551 25.0427 0
    endloop
  endfacet
  facet normal 0 0 -1
    outer loop
      vertex 16.6199 -24.0308 0
      vertex 26.0101 -23.4196 0
      vertex 16.6967 -24.0964 0
    endloop
  endfacet
  facet normal 0 0 -1
    outer loop
      vertex 34.952 1.83176 0
      vertex 17.273 24.8583 0
      vertex 17.3165 24.9494 0
    endloop
  endfacet
  facet normal 0 0 -1
    outer loop
      vertex 16.5958 -24.0101 0
      vertex 26.0101 -23.4196 0
      vertex 16.6199 -24.0308 0
    endloop
  endfacet
  facet normal 0 0 -1
    outer loop
      vertex 34.952 1.83176 0
      vertex 17.2593 24.8296 0
      vertex 17.273 24.8583 0
    endloop
  endfacet
  facet normal 0 0 -1
    outer loop
      vertex 16.5706 -23.9908 0
      vertex 26.0101 -23.4196 0
      vertex 16.5958 -24.0101 0
    endloop
  endfacet
  facet normal 0 0 -1
    outer loop
      vertex 34.952 1.83176 0
      vertex 17.2112 24.7408 0
      vertex 17.2593 24.8296 0
    endloop
  endfacet
  facet normal 0 0 -1
    outer loop
      vertex 16.4905 -23.9293 0
      vertex 26.0101 -23.4196 0
      vertex 16.5706 -23.9908 0
    endloop
  endfacet
  facet normal 0 0 -1
    outer loop
      vertex 34.952 1.83176 0
      vertex 17.196 24.7129 0
      vertex 17.2112 24.7408 0
    endloop
  endfacet
  facet normal -0 0 -1
    outer loop
      vertex 26.0101 -23.4196 0
      vertex 16.4905 -23.9293 0
      vertex 27.2001 -22.0262 0
    endloop
  endfacet
  facet normal 0 0 -1
    outer loop
      vertex 34.952 1.83176 0
      vertex 17.1794 24.6858 0
      vertex 17.196 24.7129 0
    endloop
  endfacet
  facet normal 0 0 -1
    outer loop
      vertex 16.4643 -23.9113 0
      vertex 27.2001 -22.0262 0
      vertex 16.4905 -23.9293 0
    endloop
  endfacet
  facet normal 0 0 -1
    outer loop
      vertex 34.952 1.83176 0
      vertex 17.1266 24.5997 0
      vertex 17.1794 24.6858 0
    endloop
  endfacet
  facet normal 0 0 -1
    outer loop
      vertex 16.381 -23.8541 0
      vertex 27.2001 -22.0262 0
      vertex 16.4643 -23.9113 0
    endloop
  endfacet
  facet normal 0 0 -1
    outer loop
      vertex 34.952 1.83176 0
      vertex 17.1086 24.5735 0
      vertex 17.1266 24.5997 0
    endloop
  endfacet
  facet normal 0 0 -1
    outer loop
      vertex 16.295 -23.8014 0
      vertex 27.2001 -22.0262 0
      vertex 16.381 -23.8541 0
    endloop
  endfacet
  facet normal 0 0 -1
    outer loop
      vertex 34.952 1.83176 0
      vertex 17.0514 24.4903 0
      vertex 17.1086 24.5735 0
    endloop
  endfacet
  facet normal 0 0 -1
    outer loop
      vertex 16.2679 -23.7848 0
      vertex 27.2001 -22.0262 0
      vertex 16.295 -23.8014 0
    endloop
  endfacet
  facet normal 0 0 -1
    outer loop
      vertex 34.952 1.83176 0
      vertex 17.0321 24.4651 0
      vertex 17.0514 24.4903 0
    endloop
  endfacet
  facet normal -0 0 -1
    outer loop
      vertex 27.2001 -22.0262 0
      vertex 16.2679 -23.7848 0
      vertex 28.3156 -20.5725 0
    endloop
  endfacet
  facet normal 0 0 -1
    outer loop
      vertex 34.952 1.83176 0
      vertex 16.9706 24.385 0
      vertex 17.0321 24.4651 0
    endloop
  endfacet
  facet normal 0 0 -1
    outer loop
      vertex 16.2399 -23.7696 0
      vertex 28.3156 -20.5725 0
      vertex 16.2679 -23.7848 0
    endloop
  endfacet
  facet normal 0 0 -1
    outer loop
      vertex 34.952 1.83176 0
      vertex 16.905 24.3082 0
      vertex 16.9706 24.385 0
    endloop
  endfacet
  facet normal 0 0 -1
    outer loop
      vertex 16.1512 -23.7214 0
      vertex 28.3156 -20.5725 0
      vertex 16.2399 -23.7696 0
    endloop
  endfacet
  facet normal 0 0 -1
    outer loop
      vertex 34.952 1.83176 0
      vertex 16.8844 24.284 0
      vertex 16.905 24.3082 0
    endloop
  endfacet
  facet normal 0 0 -1
    outer loop
      vertex 16.0601 -23.678 0
      vertex 28.3156 -20.5725 0
      vertex 16.1512 -23.7214 0
    endloop
  endfacet
  facet normal 0 0 -1
    outer loop
      vertex 34.952 1.83176 0
      vertex 16.8625 24.261 0
      vertex 16.8844 24.284 0
    endloop
  endfacet
  facet normal 0 0 -1
    outer loop
      vertex 16.0314 -23.6643 0
      vertex 28.3156 -20.5725 0
      vertex 16.0601 -23.678 0
    endloop
  endfacet
  facet normal 0 0 -1
    outer loop
      vertex 34.952 1.83176 0
      vertex 16.793 24.1877 0
      vertex 16.8625 24.261 0
    endloop
  endfacet
  facet normal -0 0 -1
    outer loop
      vertex 28.3156 -20.5725 0
      vertex 16.0314 -23.6643 0
      vertex 29.3535 -19.0624 0
    endloop
  endfacet
  facet normal 0 0 -1
    outer loop
      vertex 34.952 1.83176 0
      vertex 16.7198 24.1182 0
      vertex 16.793 24.1877 0
    endloop
  endfacet
  facet normal 0 0 -1
    outer loop
      vertex 15.9381 -23.6256 0
      vertex 29.3535 -19.0624 0
      vertex 16.0314 -23.6643 0
    endloop
  endfacet
  facet normal 0 0 -1
    outer loop
      vertex 34.952 1.83176 0
      vertex 16.6967 24.0964 0
      vertex 16.7198 24.1182 0
    endloop
  endfacet
  facet normal 0 0 -1
    outer loop
      vertex 15.9087 -23.6135 0
      vertex 29.3535 -19.0624 0
      vertex 15.9381 -23.6256 0
    endloop
  endfacet
  facet normal 0 0 -1
    outer loop
      vertex 34.952 1.83176 0
      vertex 16.6199 24.0308 0
      vertex 16.6967 24.0964 0
    endloop
  endfacet
  facet normal 0 0 -1
    outer loop
      vertex 15.8135 -23.5798 0
      vertex 29.3535 -19.0624 0
      vertex 15.9087 -23.6135 0
    endloop
  endfacet
  facet normal 0 0 -1
    outer loop
      vertex 34.952 1.83176 0
      vertex 16.5958 24.0101 0
      vertex 16.6199 24.0308 0
    endloop
  endfacet
  facet normal 0 0 -1
    outer loop
      vertex 15.7836 -23.5692 0
      vertex 29.3535 -19.0624 0
      vertex 15.8135 -23.5798 0
    endloop
  endfacet
  facet normal 0 0 -1
    outer loop
      vertex 34.952 1.83176 0
      vertex 16.5706 23.9908 0
      vertex 16.5958 24.0101 0
    endloop
  endfacet
  facet normal -0 0 -1
    outer loop
      vertex 29.3535 -19.0624 0
      vertex 15.7836 -23.5692 0
      vertex 30.3109 -17.5 0
    endloop
  endfacet
  facet normal 0 0 -1
    outer loop
      vertex 34.952 1.83176 0
      vertex 16.4905 23.9293 0
      vertex 16.5706 23.9908 0
    endloop
  endfacet
  facet normal 0 0 -1
    outer loop
      vertex 15.7531 -23.5601 0
      vertex 30.3109 -17.5 0
      vertex 15.7836 -23.5692 0
    endloop
  endfacet
  facet normal 0 0 -1
    outer loop
      vertex 4.5937 0.240745 0
      vertex 34.952 1.83176 0
      vertex 4.6 0 0
    endloop
  endfacet
  facet normal 0 0 -1
    outer loop
      vertex 15.6563 -23.5315 0
      vertex 30.3109 -17.5 0
      vertex 15.7531 -23.5601 0
    endloop
  endfacet
  facet normal 0 0 -1
    outer loop
      vertex 34.952 1.83176 0
      vertex 16.4643 23.9113 0
      vertex 16.4905 23.9293 0
    endloop
  endfacet
  facet normal -0 0 -1
    outer loop
      vertex 30.3109 -17.5 0
      vertex 15.6563 -23.5315 0
      vertex 31.1852 -15.8897 0
    endloop
  endfacet
  facet normal 0 0 -1
    outer loop
      vertex 34.952 1.83176 0
      vertex 16.381 23.8541 0
      vertex 16.4643 23.9113 0
    endloop
  endfacet
  facet normal 0 0 -1
    outer loop
      vertex 15.6254 -23.524 0
      vertex 31.1852 -15.8897 0
      vertex 15.6563 -23.5315 0
    endloop
  endfacet
  facet normal 0 0 -1
    outer loop
      vertex 34.952 1.83176 0
      vertex 16.295 23.8014 0
      vertex 16.381 23.8541 0
    endloop
  endfacet
  facet normal 0 0 -1
    outer loop
      vertex 15.5272 -23.5005 0
      vertex 31.1852 -15.8897 0
      vertex 15.6254 -23.524 0
    endloop
  endfacet
  facet normal 0 0 -1
    outer loop
      vertex 34.952 1.83176 0
      vertex 16.2679 23.7848 0
      vertex 16.295 23.8014 0
    endloop
  endfacet
  facet normal 0 0 -1
    outer loop
      vertex 15.4959 -23.4947 0
      vertex 31.1852 -15.8897 0
      vertex 15.5272 -23.5005 0
    endloop
  endfacet
  facet normal 0 0 -1
    outer loop
      vertex 34.952 1.83176 0
      vertex 16.2399 23.7696 0
      vertex 16.2679 23.7848 0
    endloop
  endfacet
  facet normal 0 0 -1
    outer loop
      vertex 15.3967 -23.4763 0
      vertex 31.1852 -15.8897 0
      vertex 15.4959 -23.4947 0
    endloop
  endfacet
  facet normal 0 0 -1
    outer loop
      vertex 34.952 1.83176 0
      vertex 16.1512 23.7214 0
      vertex 16.2399 23.7696 0
    endloop
  endfacet
  facet normal -0 0 -1
    outer loop
      vertex 31.1852 -15.8897 0
      vertex 15.3967 -23.4763 0
      vertex 31.9741 -14.2358 0
    endloop
  endfacet
  facet normal 0 0 -1
    outer loop
      vertex 34.952 1.83176 0
      vertex 16.0601 23.678 0
      vertex 16.1512 23.7214 0
    endloop
  endfacet
  facet normal 0 0 -1
    outer loop
      vertex 4.20231 -1.87099 0
      vertex 31.9741 -14.2358 0
      vertex 15.3967 -23.4763 0
    endloop
  endfacet
  facet normal 0 0 -1
    outer loop
      vertex 34.952 1.83176 0
      vertex 16.0314 23.6643 0
      vertex 16.0601 23.678 0
    endloop
  endfacet
  facet normal 0 0 -1
    outer loop
      vertex 32.6753 -12.5429 0
      vertex 4.29447 -1.64849 0
      vertex 33.287 -10.8156 0
    endloop
  endfacet
  facet normal 0 0 -1
    outer loop
      vertex 34.952 1.83176 0
      vertex 15.9381 23.6256 0
      vertex 16.0314 23.6643 0
    endloop
  endfacet
  facet normal 0 -0 -1
    outer loop
      vertex 4.37486 -1.42148 0
      vertex 33.287 -10.8156 0
      vertex 4.29447 -1.64849 0
    endloop
  endfacet
  facet normal 0 0 -1
    outer loop
      vertex 34.952 1.83176 0
      vertex 15.9087 23.6135 0
      vertex 15.9381 23.6256 0
    endloop
  endfacet
  facet normal 0 -0 -1
    outer loop
      vertex 4.49948 -0.956393 0
      vertex 34.2352 -7.27691 0
      vertex 4.44326 -1.19057 0
    endloop
  endfacet
  facet normal 0 0 -1
    outer loop
      vertex 34.952 1.83176 0
      vertex 15.8135 23.5798 0
      vertex 15.9087 23.6135 0
    endloop
  endfacet
  facet normal 0 0 -1
    outer loop
      vertex 34.5691 -5.47521 0
      vertex 4.54337 -0.719598 0
      vertex 34.8083 -3.6585 0
    endloop
  endfacet
  facet normal 0 0 -1
    outer loop
      vertex 34.952 1.83176 0
      vertex 15.7836 23.5692 0
      vertex 15.8135 23.5798 0
    endloop
  endfacet
  facet normal 0 0 -1
    outer loop
      vertex 34.2352 -7.27691 0
      vertex 4.49948 -0.956393 0
      vertex 34.5691 -5.47521 0
    endloop
  endfacet
  facet normal 0 0 -1
    outer loop
      vertex 34.952 1.83176 0
      vertex 15.7531 23.5601 0
      vertex 15.7836 23.5692 0
    endloop
  endfacet
  facet normal 0 0 -1
    outer loop
      vertex 33.8074 -9.05867 0
      vertex 4.44326 -1.19057 0
      vertex 34.2352 -7.27691 0
    endloop
  endfacet
  facet normal 0 0 -1
    outer loop
      vertex 34.952 1.83176 0
      vertex 15.6563 23.5315 0
      vertex 15.7531 23.5601 0
    endloop
  endfacet
  facet normal 0 -0 -1
    outer loop
      vertex 4.44326 -1.19057 0
      vertex 33.8074 -9.05867 0
      vertex 4.37486 -1.42148 0
    endloop
  endfacet
  facet normal 0 0 -1
    outer loop
      vertex 4.5748 0.48083 0
      vertex 34.952 1.83176 0
      vertex 4.5937 0.240745 0
    endloop
  endfacet
  facet normal 0 -0 -1
    outer loop
      vertex 4.29447 -1.64849 0
      vertex 32.6753 -12.5429 0
      vertex 4.20231 -1.87099 0
    endloop
  endfacet
  facet normal 0 0 -1
    outer loop
      vertex 4.54337 0.719598 0
      vertex 34.952 1.83176 0
      vertex 4.5748 0.48083 0
    endloop
  endfacet
  facet normal 0 0 -1
    outer loop
      vertex 31.9741 -14.2358 0
      vertex 4.20231 -1.87099 0
      vertex 32.6753 -12.5429 0
    endloop
  endfacet
  facet normal 0 0 -1
    outer loop
      vertex 4.49948 0.956393 0
      vertex 34.952 1.83176 0
      vertex 4.54337 0.719598 0
    endloop
  endfacet
  facet normal 0 0 -1
    outer loop
      vertex 4.09863 -2.08836 0
      vertex 15.3967 -23.4763 0
      vertex 15.2966 -23.4631 0
    endloop
  endfacet
  facet normal 0 0 -1
    outer loop
      vertex 4.44326 1.19057 0
      vertex 34.952 1.83176 0
      vertex 4.49948 0.956393 0
    endloop
  endfacet
  facet normal 0 0 -1
    outer loop
      vertex 4.09863 -2.08836 0
      vertex 15.2966 -23.4631 0
      vertex 15.2651 -23.4589 0
    endloop
  endfacet
  facet normal 0 0 -1
    outer loop
      vertex 4.37486 1.42148 0
      vertex 34.952 1.83176 0
      vertex 4.44326 1.19057 0
    endloop
  endfacet
  facet normal 0 0 -1
    outer loop
      vertex 3.98372 -2.3 0
      vertex 15.2651 -23.4589 0
      vertex 15.1644 -23.451 0
    endloop
  endfacet
  facet normal 0 0 -1
    outer loop
      vertex 4.29447 1.64849 0
      vertex 34.952 1.83176 0
      vertex 4.37486 1.42148 0
    endloop
  endfacet
  facet normal 0 0 -1
    outer loop
      vertex 3.98372 -2.3 0
      vertex 15.1644 -23.451 0
      vertex 15.1327 -23.4485 0
    endloop
  endfacet
  facet normal -0 0 -1
    outer loop
      vertex 34.952 1.83176 0
      vertex 4.29447 1.64849 0
      vertex 15.6563 23.5315 0
    endloop
  endfacet
  facet normal 0 0 -1
    outer loop
      vertex 3.85788 -2.50534 0
      vertex 15.1327 -23.4485 0
      vertex 15.1009 -23.4477 0
    endloop
  endfacet
  facet normal 0 0 -1
    outer loop
      vertex 15.6563 23.5315 0
      vertex 4.29447 1.64849 0
      vertex 15.6254 23.524 0
    endloop
  endfacet
  facet normal 0 0 -1
    outer loop
      vertex 3.85788 -2.50534 0
      vertex 15.1009 -23.4477 0
      vertex 15 -23.445 0
    endloop
  endfacet
  facet normal 0 0 -1
    outer loop
      vertex 15.6254 23.524 0
      vertex 4.29447 1.64849 0
      vertex 15.5272 23.5005 0
    endloop
  endfacet
  facet normal 0 0 -1
    outer loop
      vertex 3.72148 -2.70381 0
      vertex 15 -23.445 0
      vertex 14.8991 -23.4477 0
    endloop
  endfacet
  facet normal 0 0 -1
    outer loop
      vertex 4.20231 1.87099 0
      vertex 15.5272 23.5005 0
      vertex 4.29447 1.64849 0
    endloop
  endfacet
  facet normal 0 0 -1
    outer loop
      vertex 3.72148 -2.70381 0
      vertex 14.8991 -23.4477 0
      vertex 14.8673 -23.4485 0
    endloop
  endfacet
  facet normal 0 0 -1
    outer loop
      vertex 15.5272 23.5005 0
      vertex 4.20231 1.87099 0
      vertex 15.4959 23.4947 0
    endloop
  endfacet
  facet normal 0 0 -1
    outer loop
      vertex 3.72148 -2.70381 0
      vertex 14.8673 -23.4485 0
      vertex 14.8356 -23.451 0
    endloop
  endfacet
  facet normal 0 0 -1
    outer loop
      vertex 15.4959 23.4947 0
      vertex 4.20231 1.87099 0
      vertex 15.3967 23.4763 0
    endloop
  endfacet
  facet normal 0 0 -1
    outer loop
      vertex 3.72148 -2.70381 0
      vertex 14.8356 -23.451 0
      vertex 14.7349 -23.4589 0
    endloop
  endfacet
  facet normal 0 0 -1
    outer loop
      vertex 4.09863 2.08836 0
      vertex 15.3967 23.4763 0
      vertex 4.20231 1.87099 0
    endloop
  endfacet
  facet normal 0 0 -1
    outer loop
      vertex 3.57487 -2.89487 0
      vertex 14.7349 -23.4589 0
      vertex 14.7034 -23.4631 0
    endloop
  endfacet
  facet normal 0 0 -1
    outer loop
      vertex 15.3967 23.4763 0
      vertex 4.09863 2.08836 0
      vertex 15.2966 23.4631 0
    endloop
  endfacet
  facet normal 0 0 -1
    outer loop
      vertex 3.57487 -2.89487 0
      vertex 14.7034 -23.4631 0
      vertex 14.6033 -23.4763 0
    endloop
  endfacet
  facet normal 0 0 -1
    outer loop
      vertex 15.2966 23.4631 0
      vertex 4.09863 2.08836 0
      vertex 15.2651 23.4589 0
    endloop
  endfacet
  facet normal 0 0 -1
    outer loop
      vertex 3.41847 -3.078 0
      vertex 14.6033 -23.4763 0
      vertex 14.504 -23.4947 0
    endloop
  endfacet
  facet normal 0 0 -1
    outer loop
      vertex 3.98372 2.3 0
      vertex 15.2651 23.4589 0
      vertex 4.09863 2.08836 0
    endloop
  endfacet
  facet normal 0 0 -1
    outer loop
      vertex 3.41847 -3.078 0
      vertex 14.504 -23.4947 0
      vertex 14.4728 -23.5005 0
    endloop
  endfacet
  facet normal 0 0 -1
    outer loop
      vertex 15.2651 23.4589 0
      vertex 3.98372 2.3 0
      vertex 15.1644 23.451 0
    endloop
  endfacet
  facet normal 0 0 -1
    outer loop
      vertex 3.25269 -3.25269 0
      vertex 14.4728 -23.5005 0
      vertex 14.3746 -23.524 0
    endloop
  endfacet
  facet normal 0 0 -1
    outer loop
      vertex 15.1644 23.451 0
      vertex 3.98372 2.3 0
      vertex 15.1327 23.4485 0
    endloop
  endfacet
  facet normal 0 0 -1
    outer loop
      vertex 3.25269 -3.25269 0
      vertex 14.3746 -23.524 0
      vertex 14.3437 -23.5315 0
    endloop
  endfacet
  facet normal 0 0 -1
    outer loop
      vertex 3.85788 2.50534 0
      vertex 15.1327 23.4485 0
      vertex 3.98372 2.3 0
    endloop
  endfacet
  facet normal 0 0 -1
    outer loop
      vertex 3.078 -3.41847 0
      vertex 14.3437 -23.5315 0
      vertex 14.2469 -23.5601 0
    endloop
  endfacet
  facet normal 0 0 -1
    outer loop
      vertex 15.1327 23.4485 0
      vertex 3.85788 2.50534 0
      vertex 15.1009 23.4477 0
    endloop
  endfacet
  facet normal 0 0 -1
    outer loop
      vertex 3.078 -3.41847 0
      vertex 14.2469 -23.5601 0
      vertex 14.2164 -23.5692 0
    endloop
  endfacet
  facet normal 0 0 -1
    outer loop
      vertex 15.1009 23.4477 0
      vertex 3.85788 2.50534 0
      vertex 15 23.445 0
    endloop
  endfacet
  facet normal 0 0 -1
    outer loop
      vertex 2.89487 -3.57487 0
      vertex 14.2164 -23.5692 0
      vertex 14.1865 -23.5798 0
    endloop
  endfacet
  facet normal 0 0 -1
    outer loop
      vertex 3.72148 2.70381 0
      vertex 15 23.445 0
      vertex 3.85788 2.50534 0
    endloop
  endfacet
  facet normal 0 0 -1
    outer loop
      vertex 2.89487 -3.57487 0
      vertex 14.1865 -23.5798 0
      vertex 14.0913 -23.6135 0
    endloop
  endfacet
  facet normal -0 0 -1
    outer loop
      vertex 15 23.445 0
      vertex 3.72148 2.70381 0
      vertex 14.8991 23.4477 0
    endloop
  endfacet
  facet normal 0 0 -1
    outer loop
      vertex 2.70381 -3.72148 0
      vertex 14.0913 -23.6135 0
      vertex 14.0619 -23.6256 0
    endloop
  endfacet
  facet normal -0 0 -1
    outer loop
      vertex 14.8991 23.4477 0
      vertex 3.72148 2.70381 0
      vertex 14.8673 23.4485 0
    endloop
  endfacet
  facet normal 0 0 -1
    outer loop
      vertex 2.70381 -3.72148 0
      vertex 14.0619 -23.6256 0
      vertex 13.9686 -23.6643 0
    endloop
  endfacet
  facet normal -0 0 -1
    outer loop
      vertex 14.8673 23.4485 0
      vertex 3.72148 2.70381 0
      vertex 14.8356 23.451 0
    endloop
  endfacet
  facet normal 0 0 -1
    outer loop
      vertex 2.70381 -3.72148 0
      vertex 13.9686 -23.6643 0
      vertex 13.9399 -23.678 0
    endloop
  endfacet
  facet normal -0 0 -1
    outer loop
      vertex 14.8356 23.451 0
      vertex 3.72148 2.70381 0
      vertex 14.7349 23.4589 0
    endloop
  endfacet
  facet normal 0 0 -1
    outer loop
      vertex 2.50534 -3.85788 0
      vertex 13.9399 -23.678 0
      vertex 13.8488 -23.7214 0
    endloop
  endfacet
  facet normal 0 0 -1
    outer loop
      vertex 3.57487 2.89487 0
      vertex 14.7349 23.4589 0
      vertex 3.72148 2.70381 0
    endloop
  endfacet
  facet normal 0 0 -1
    outer loop
      vertex 2.50534 -3.85788 0
      vertex 13.8488 -23.7214 0
      vertex 13.7601 -23.7696 0
    endloop
  endfacet
  facet normal -0 0 -1
    outer loop
      vertex 14.7349 23.4589 0
      vertex 3.57487 2.89487 0
      vertex 14.7034 23.4631 0
    endloop
  endfacet
  facet normal 0 0 -1
    outer loop
      vertex 2.50534 -3.85788 0
      vertex 13.7601 -23.7696 0
      vertex 13.7321 -23.7848 0
    endloop
  endfacet
  facet normal -0 0 -1
    outer loop
      vertex 14.7034 23.4631 0
      vertex 3.57487 2.89487 0
      vertex 14.6033 23.4763 0
    endloop
  endfacet
  facet normal 0 0 -1
    outer loop
      vertex 2.3 -3.98372 0
      vertex 13.7321 -23.7848 0
      vertex 13.705 -23.8014 0
    endloop
  endfacet
  facet normal 0 0 -1
    outer loop
      vertex 3.41847 3.078 0
      vertex 14.6033 23.4763 0
      vertex 3.57487 2.89487 0
    endloop
  endfacet
  facet normal 0 0 -1
    outer loop
      vertex 2.3 -3.98372 0
      vertex 13.705 -23.8014 0
      vertex 13.6189 -23.8541 0
    endloop
  endfacet
  facet normal -0 0 -1
    outer loop
      vertex 14.6033 23.4763 0
      vertex 3.41847 3.078 0
      vertex 14.504 23.4947 0
    endloop
  endfacet
  facet normal 0 0 -1
    outer loop
      vertex 2.08836 -4.09863 0
      vertex 13.6189 -23.8541 0
      vertex 13.5357 -23.9113 0
    endloop
  endfacet
  facet normal -0 0 -1
    outer loop
      vertex 14.504 23.4947 0
      vertex 3.41847 3.078 0
      vertex 14.4728 23.5005 0
    endloop
  endfacet
  facet normal 0 0 -1
    outer loop
      vertex 2.08836 -4.09863 0
      vertex 13.5357 -23.9113 0
      vertex 13.5095 -23.9293 0
    endloop
  endfacet
  facet normal 0 0 -1
    outer loop
      vertex 3.25269 3.25269 0
      vertex 14.4728 23.5005 0
      vertex 3.41847 3.078 0
    endloop
  endfacet
  facet normal 0 0 -1
    outer loop
      vertex 1.87099 -4.20231 0
      vertex 13.5095 -23.9293 0
      vertex 13.4294 -23.9908 0
    endloop
  endfacet
  facet normal -0 0 -1
    outer loop
      vertex 14.4728 23.5005 0
      vertex 3.25269 3.25269 0
      vertex 14.3746 23.524 0
    endloop
  endfacet
  facet normal 0 0 -1
    outer loop
      vertex 1.87099 -4.20231 0
      vertex 13.4294 -23.9908 0
      vertex 13.4042 -24.0101 0
    endloop
  endfacet
  facet normal -0 0 -1
    outer loop
      vertex 14.3746 23.524 0
      vertex 3.25269 3.25269 0
      vertex 14.3437 23.5315 0
    endloop
  endfacet
  facet normal 0 0 -1
    outer loop
      vertex 1.64849 -4.29447 0
      vertex 13.4042 -24.0101 0
      vertex 13.3801 -24.0308 0
    endloop
  endfacet
  facet normal 0 0 -1
    outer loop
      vertex 3.078 3.41847 0
      vertex 14.3437 23.5315 0
      vertex 3.25269 3.25269 0
    endloop
  endfacet
  facet normal 0 0 -1
    outer loop
      vertex 1.64849 -4.29447 0
      vertex 13.3801 -24.0308 0
      vertex 13.3033 -24.0964 0
    endloop
  endfacet
  facet normal -0 0 -1
    outer loop
      vertex 14.3437 23.5315 0
      vertex 3.078 3.41847 0
      vertex 14.2469 23.5601 0
    endloop
  endfacet
  facet normal 0 0 -1
    outer loop
      vertex 1.42148 -4.37486 0
      vertex 13.3033 -24.0964 0
      vertex 13.2802 -24.1182 0
    endloop
  endfacet
  facet normal -0 0 -1
    outer loop
      vertex 14.2469 23.5601 0
      vertex 3.078 3.41847 0
      vertex 14.2164 23.5692 0
    endloop
  endfacet
  facet normal 0 0 -1
    outer loop
      vertex 1.42148 -4.37486 0
      vertex 13.2802 -24.1182 0
      vertex 13.207 -24.1877 0
    endloop
  endfacet
  facet normal 0 0 -1
    outer loop
      vertex 2.89487 3.57487 0
      vertex 14.2164 23.5692 0
      vertex 3.078 3.41847 0
    endloop
  endfacet
  facet normal 0 0 -1
    outer loop
      vertex 1.19057 -4.44326 0
      vertex 13.207 -24.1877 0
      vertex 13.1375 -24.261 0
    endloop
  endfacet
  facet normal -0 0 -1
    outer loop
      vertex 14.2164 23.5692 0
      vertex 2.89487 3.57487 0
      vertex 14.1865 23.5798 0
    endloop
  endfacet
  facet normal 0 0 -1
    outer loop
      vertex 1.19057 -4.44326 0
      vertex 13.1375 -24.261 0
      vertex 13.1156 -24.284 0
    endloop
  endfacet
  facet normal -0 0 -1
    outer loop
      vertex 14.1865 23.5798 0
      vertex 2.89487 3.57487 0
      vertex 14.0913 23.6135 0
    endloop
  endfacet
  facet normal 0 0 -1
    outer loop
      vertex 1.19057 -4.44326 0
      vertex 13.1156 -24.284 0
      vertex 13.095 -24.3082 0
    endloop
  endfacet
  facet normal 0 0 -1
    outer loop
      vertex 2.70381 3.72148 0
      vertex 14.0913 23.6135 0
      vertex 2.89487 3.57487 0
    endloop
  endfacet
  facet normal 0 0 -1
    outer loop
      vertex 0.956393 -4.49948 0
      vertex 13.095 -24.3082 0
      vertex 13.0294 -24.385 0
    endloop
  endfacet
  facet normal -0 0 -1
    outer loop
      vertex 14.0913 23.6135 0
      vertex 2.70381 3.72148 0
      vertex 14.0619 23.6256 0
    endloop
  endfacet
  facet normal 0 0 -1
    outer loop
      vertex 0.956393 -4.49948 0
      vertex 13.0294 -24.385 0
      vertex 12.9679 -24.4651 0
    endloop
  endfacet
  facet normal -0 0 -1
    outer loop
      vertex 14.0619 23.6256 0
      vertex 2.70381 3.72148 0
      vertex 13.9686 23.6643 0
    endloop
  endfacet
  facet normal 0 0 -1
    outer loop
      vertex 0.956393 -4.49948 0
      vertex 12.9679 -24.4651 0
      vertex 12.9486 -24.4903 0
    endloop
  endfacet
  facet normal -0 0 -1
    outer loop
      vertex 13.9686 23.6643 0
      vertex 2.70381 3.72148 0
      vertex 13.9399 23.678 0
    endloop
  endfacet
  facet normal 0 0 -1
    outer loop
      vertex 0.719598 -4.54337 0
      vertex 12.9486 -24.4903 0
      vertex 12.8914 -24.5735 0
    endloop
  endfacet
  facet normal 0 0 -1
    outer loop
      vertex 2.50534 3.85788 0
      vertex 13.9399 23.678 0
      vertex 2.70381 3.72148 0
    endloop
  endfacet
  facet normal 0 0 -1
    outer loop
      vertex 0.719598 -4.54337 0
      vertex 12.8914 -24.5735 0
      vertex 12.8734 -24.5997 0
    endloop
  endfacet
  facet normal -0 0 -1
    outer loop
      vertex 13.9399 23.678 0
      vertex 2.50534 3.85788 0
      vertex 13.8488 23.7214 0
    endloop
  endfacet
  facet normal 0 0 -1
    outer loop
      vertex 0.48083 -4.5748 0
      vertex 12.8734 -24.5997 0
      vertex 12.8206 -24.6858 0
    endloop
  endfacet
  facet normal -0 0 -1
    outer loop
      vertex 13.8488 23.7214 0
      vertex 2.50534 3.85788 0
      vertex 13.7601 23.7696 0
    endloop
  endfacet
  facet normal 0 0 -1
    outer loop
      vertex 0.48083 -4.5748 0
      vertex 12.8206 -24.6858 0
      vertex 12.804 -24.7129 0
    endloop
  endfacet
  facet normal -0 0 -1
    outer loop
      vertex 13.7601 23.7696 0
      vertex 2.50534 3.85788 0
      vertex 13.7321 23.7848 0
    endloop
  endfacet
  facet normal 0 0 -1
    outer loop
      vertex 0.240745 -4.5937 0
      vertex 12.804 -24.7129 0
      vertex 12.7888 -24.7408 0
    endloop
  endfacet
  facet normal 0 0 -1
    outer loop
      vertex 2.3 3.98372 0
      vertex 13.7321 23.7848 0
      vertex 2.50534 3.85788 0
    endloop
  endfacet
  facet normal 0 0 -1
    outer loop
      vertex 0.240745 -4.5937 0
      vertex 12.7888 -24.7408 0
      vertex 12.7407 -24.8296 0
    endloop
  endfacet
  facet normal -0 0 -1
    outer loop
      vertex 13.7321 23.7848 0
      vertex 2.3 3.98372 0
      vertex 13.705 23.8014 0
    endloop
  endfacet
  facet normal 0 0 -1
    outer loop
      vertex 0 -4.6 0
      vertex 12.7407 -24.8296 0
      vertex 12.727 -24.8583 0
    endloop
  endfacet
  facet normal -0 0 -1
    outer loop
      vertex 13.705 23.8014 0
      vertex 2.3 3.98372 0
      vertex 13.6189 23.8541 0
    endloop
  endfacet
  facet normal 0 0 -1
    outer loop
      vertex 0 -4.6 0
      vertex 12.727 -24.8583 0
      vertex 12.6835 -24.9494 0
    endloop
  endfacet
  facet normal 0 0 -1
    outer loop
      vertex 2.08836 4.09863 0
      vertex 13.6189 23.8541 0
      vertex 2.3 3.98372 0
    endloop
  endfacet
  facet normal 0 0 -1
    outer loop
      vertex -0.240745 -4.5937 0
      vertex 12.6835 -24.9494 0
      vertex 12.6449 -25.0427 0
    endloop
  endfacet
  facet normal -0 0 -1
    outer loop
      vertex 13.6189 23.8541 0
      vertex 2.08836 4.09863 0
      vertex 13.5357 23.9113 0
    endloop
  endfacet
  facet normal 0 0 -1
    outer loop
      vertex -0.240745 -4.5937 0
      vertex 12.6449 -25.0427 0
      vertex 12.6327 -25.072 0
    endloop
  endfacet
  facet normal -0 0 -1
    outer loop
      vertex 13.5357 23.9113 0
      vertex 2.08836 4.09863 0
      vertex 13.5095 23.9293 0
    endloop
  endfacet
  facet normal 0 0 -1
    outer loop
      vertex -1.83176 -34.952 0
      vertex 12.6327 -25.072 0
      vertex 12.599 -25.1672 0
    endloop
  endfacet
  facet normal 0 0 -1
    outer loop
      vertex 1.87099 4.20231 0
      vertex 13.5095 23.9293 0
      vertex 2.08836 4.09863 0
    endloop
  endfacet
  facet normal 0 0 -1
    outer loop
      vertex -1.83176 -34.952 0
      vertex 12.599 -25.1672 0
      vertex 12.5884 -25.1972 0
    endloop
  endfacet
  facet normal -0 0 -1
    outer loop
      vertex 13.5095 23.9293 0
      vertex 1.87099 4.20231 0
      vertex 13.4294 23.9908 0
    endloop
  endfacet
  facet normal 0 0 -1
    outer loop
      vertex -1.83176 -34.952 0
      vertex 12.5884 -25.1972 0
      vertex 12.5794 -25.2277 0
    endloop
  endfacet
  facet normal 0 0 -1
    outer loop
      vertex 12.6327 25.072 0
      vertex 5.47521 34.5691 0
      vertex 12.599 25.1672 0
    endloop
  endfacet
  facet normal 0 0 -1
    outer loop
      vertex -1.83176 -34.952 0
      vertex 12.5794 -25.2277 0
      vertex 12.5507 -25.3245 0
    endloop
  endfacet
  facet normal 0 0 -1
    outer loop
      vertex 12.599 25.1672 0
      vertex 5.47521 34.5691 0
      vertex 12.5884 25.1972 0
    endloop
  endfacet
  facet normal 0 0 -1
    outer loop
      vertex 0 -35 0
      vertex 12.5507 -25.3245 0
      vertex 12.5271 -25.4226 0
    endloop
  endfacet
  facet normal 0 0 -1
    outer loop
      vertex 12.5884 25.1972 0
      vertex 5.47521 34.5691 0
      vertex 12.5794 25.2277 0
    endloop
  endfacet
  facet normal 0 0 -1
    outer loop
      vertex 0 -35 0
      vertex 12.5271 -25.4226 0
      vertex 12.5197 -25.4536 0
    endloop
  endfacet
  facet normal 0 0 -1
    outer loop
      vertex 12.5794 25.2277 0
      vertex 5.47521 34.5691 0
      vertex 12.5507 25.3245 0
    endloop
  endfacet
  facet normal 0 0 -1
    outer loop
      vertex 1.83176 -34.952 0
      vertex 12.5197 -25.4536 0
      vertex 12.5139 -25.4848 0
    endloop
  endfacet
  facet normal 0 0 -1
    outer loop
      vertex 12.5507 25.3245 0
      vertex 5.47521 34.5691 0
      vertex 12.5271 25.4226 0
    endloop
  endfacet
  facet normal 0 0 -1
    outer loop
      vertex 1.83176 -34.952 0
      vertex 12.5139 -25.4848 0
      vertex 12.4955 -25.5841 0
    endloop
  endfacet
  facet normal 0 0 -1
    outer loop
      vertex 12.5271 25.4226 0
      vertex 5.47521 34.5691 0
      vertex 12.5197 25.4536 0
    endloop
  endfacet
  facet normal 0 0 -1
    outer loop
      vertex 1.83176 -34.952 0
      vertex 12.4955 -25.5841 0
      vertex 12.4914 -25.6156 0
    endloop
  endfacet
  facet normal 0 0 -1
    outer loop
      vertex 12.5197 25.4536 0
      vertex 5.47521 34.5691 0
      vertex 12.5139 25.4848 0
    endloop
  endfacet
  facet normal 0 0 -1
    outer loop
      vertex 1.83176 -34.952 0
      vertex 12.4914 -25.6156 0
      vertex 12.4782 -25.7157 0
    endloop
  endfacet
  facet normal 0 0 -1
    outer loop
      vertex 12.5139 25.4848 0
      vertex 5.47521 34.5691 0
      vertex 12.4955 25.5841 0
    endloop
  endfacet
  facet normal 0 0 -1
    outer loop
      vertex 3.6585 -34.8083 0
      vertex 12.4782 -25.7157 0
      vertex 12.4757 -25.7474 0
    endloop
  endfacet
  facet normal 0 0 -1
    outer loop
      vertex 12.4955 25.5841 0
      vertex 5.47521 34.5691 0
      vertex 12.4914 25.6156 0
    endloop
  endfacet
  facet normal 0 0 -1
    outer loop
      vertex 3.6585 -34.8083 0
      vertex 12.4757 -25.7474 0
      vertex 12.4678 -25.8481 0
    endloop
  endfacet
  facet normal 0 0 -1
    outer loop
      vertex 12.4914 25.6156 0
      vertex 5.47521 34.5691 0
      vertex 12.4782 25.7157 0
    endloop
  endfacet
  facet normal 0 0 -1
    outer loop
      vertex 3.6585 -34.8083 0
      vertex 12.4678 -25.8481 0
      vertex 12.4669 -25.8798 0
    endloop
  endfacet
  facet normal 0 0 -1
    outer loop
      vertex 12.4782 25.7157 0
      vertex 5.47521 34.5691 0
      vertex 12.4757 25.7474 0
    endloop
  endfacet
  facet normal 0 0 -1
    outer loop
      vertex 3.6585 -34.8083 0
      vertex 12.4669 -25.8798 0
      vertex 12.4643 -25.9808 0
    endloop
  endfacet
  facet normal 0 0 -1
    outer loop
      vertex 12.4757 25.7474 0
      vertex 5.47521 34.5691 0
      vertex 12.4678 25.8481 0
    endloop
  endfacet
  facet normal 0 0 -1
    outer loop
      vertex 17.3165 -24.9494 0
      vertex 23.4196 -26.0101 0
      vertex 17.3551 -25.0427 0
    endloop
  endfacet
  facet normal 0 0 -1
    outer loop
      vertex 17.3551 -25.0427 0
      vertex 23.4196 -26.0101 0
      vertex 17.3673 -25.072 0
    endloop
  endfacet
  facet normal 0 0 -1
    outer loop
      vertex 17.273 -24.8583 0
      vertex 23.4196 -26.0101 0
      vertex 17.3165 -24.9494 0
    endloop
  endfacet
  facet normal 0 0 -1
    outer loop
      vertex 17.3673 -25.072 0
      vertex 23.4196 -26.0101 0
      vertex 17.401 -25.1672 0
    endloop
  endfacet
  facet normal 0 0 -1
    outer loop
      vertex 17.2593 -24.8296 0
      vertex 23.4196 -26.0101 0
      vertex 17.273 -24.8583 0
    endloop
  endfacet
  facet normal 0 0 -1
    outer loop
      vertex 17.401 -25.1672 0
      vertex 23.4196 -26.0101 0
      vertex 17.4116 -25.1972 0
    endloop
  endfacet
  facet normal 0 0 -1
    outer loop
      vertex 34.952 1.83176 0
      vertex 17.5357 25.9808 0
      vertex 34.8083 3.6585 0
    endloop
  endfacet
  facet normal 0 0 -1
    outer loop
      vertex 22.0262 -27.2001 0
      vertex 17.4116 -25.1972 0
      vertex 23.4196 -26.0101 0
    endloop
  endfacet
  facet normal 0 0 -1
    outer loop
      vertex 34.8083 3.6585 0
      vertex 17.5357 25.9808 0
      vertex 34.5691 5.47521 0
    endloop
  endfacet
  facet normal 0 0 -1
    outer loop
      vertex 17.4116 -25.1972 0
      vertex 22.0262 -27.2001 0
      vertex 17.4206 -25.2277 0
    endloop
  endfacet
  facet normal 0 0 -1
    outer loop
      vertex 34.5691 5.47521 0
      vertex 17.5357 25.9808 0
      vertex 34.2352 7.27691 0
    endloop
  endfacet
  facet normal 0 0 -1
    outer loop
      vertex 17.4206 -25.2277 0
      vertex 22.0262 -27.2001 0
      vertex 17.4493 -25.3245 0
    endloop
  endfacet
  facet normal 0 0 -1
    outer loop
      vertex 34.2352 7.27691 0
      vertex 17.5357 25.9808 0
      vertex 33.8074 9.05867 0
    endloop
  endfacet
  facet normal 0 0 -1
    outer loop
      vertex 17.4493 -25.3245 0
      vertex 22.0262 -27.2001 0
      vertex 17.4729 -25.4226 0
    endloop
  endfacet
  facet normal 0 0 -1
    outer loop
      vertex 33.8074 9.05867 0
      vertex 17.5357 25.9808 0
      vertex 33.287 10.8156 0
    endloop
  endfacet
  facet normal 0 0 -1
    outer loop
      vertex 17.4729 -25.4226 0
      vertex 22.0262 -27.2001 0
      vertex 17.4803 -25.4536 0
    endloop
  endfacet
  facet normal 0 0 -1
    outer loop
      vertex 33.287 10.8156 0
      vertex 17.5357 25.9808 0
      vertex 32.6753 12.5429 0
    endloop
  endfacet
  facet normal 0 0 -1
    outer loop
      vertex 17.4803 -25.4536 0
      vertex 22.0262 -27.2001 0
      vertex 17.4861 -25.4848 0
    endloop
  endfacet
  facet normal 0 0 -1
    outer loop
      vertex 32.6753 12.5429 0
      vertex 17.5357 25.9808 0
      vertex 31.9741 14.2358 0
    endloop
  endfacet
  facet normal 0 0 -1
    outer loop
      vertex 17.4861 -25.4848 0
      vertex 22.0262 -27.2001 0
      vertex 17.5045 -25.5841 0
    endloop
  endfacet
  facet normal 0 0 -1
    outer loop
      vertex 31.9741 14.2358 0
      vertex 17.5357 25.9808 0
      vertex 31.1852 15.8897 0
    endloop
  endfacet
  facet normal 0 0 -1
    outer loop
      vertex 17.5045 -25.5841 0
      vertex 22.0262 -27.2001 0
      vertex 17.5086 -25.6156 0
    endloop
  endfacet
  facet normal 0 0 -1
    outer loop
      vertex 31.1852 15.8897 0
      vertex 17.5357 25.9808 0
      vertex 30.3109 17.5 0
    endloop
  endfacet
  facet normal 0 0 -1
    outer loop
      vertex 17.5086 -25.6156 0
      vertex 22.0262 -27.2001 0
      vertex 17.5218 -25.7157 0
    endloop
  endfacet
  facet normal 0 0 -1
    outer loop
      vertex 30.3109 17.5 0
      vertex 17.5357 25.9808 0
      vertex 29.3535 19.0624 0
    endloop
  endfacet
  facet normal 0 0 -1
    outer loop
      vertex 17.5218 -25.7157 0
      vertex 22.0262 -27.2001 0
      vertex 17.5243 -25.7474 0
    endloop
  endfacet
  facet normal 0 0 -1
    outer loop
      vertex 29.3535 19.0624 0
      vertex 17.5357 25.9808 0
      vertex 28.3156 20.5725 0
    endloop
  endfacet
  facet normal 0 0 -1
    outer loop
      vertex 17.5243 -25.7474 0
      vertex 22.0262 -27.2001 0
      vertex 17.5322 -25.8481 0
    endloop
  endfacet
  facet normal 0 0 -1
    outer loop
      vertex 28.3156 20.5725 0
      vertex 17.5357 25.9808 0
      vertex 27.2001 22.0262 0
    endloop
  endfacet
  facet normal 0 0 -1
    outer loop
      vertex 17.5322 -25.8481 0
      vertex 22.0262 -27.2001 0
      vertex 17.5349 -25.949 0
    endloop
  endfacet
  facet normal 0 0 -1
    outer loop
      vertex 27.2001 22.0262 0
      vertex 17.5357 25.9808 0
      vertex 26.0101 23.4196 0
    endloop
  endfacet
  facet normal 0 0 -1
    outer loop
      vertex 17.5349 -25.949 0
      vertex 22.0262 -27.2001 0
      vertex 17.5357 -25.9808 0
    endloop
  endfacet
  facet normal 0 0 -1
    outer loop
      vertex 26.0101 23.4196 0
      vertex 17.5357 25.9808 0
      vertex 24.7487 24.7487 0
    endloop
  endfacet
  facet normal 0 0 -1
    outer loop
      vertex 17.5357 -25.9808 0
      vertex 22.0262 -27.2001 0
      vertex 20.5725 -28.3156 0
    endloop
  endfacet
  facet normal 0 0 -1
    outer loop
      vertex 24.7487 24.7487 0
      vertex 17.5357 25.9808 0
      vertex 23.4196 26.0101 0
    endloop
  endfacet
  facet normal 0 0 -1
    outer loop
      vertex 17.3551 -26.9188 0
      vertex 20.5725 -28.3156 0
      vertex 19.0624 -29.3535 0
    endloop
  endfacet
  facet normal -0 0 -1
    outer loop
      vertex 23.4196 26.0101 0
      vertex 17.5357 25.9808 0
      vertex 22.0262 27.2001 0
    endloop
  endfacet
  facet normal -0 0 -1
    outer loop
      vertex 22.0262 27.2001 0
      vertex 17.5357 25.9808 0
      vertex 20.5725 28.3156 0
    endloop
  endfacet
  facet normal 0 0 -1
    outer loop
      vertex 20.5725 -28.3156 0
      vertex 17.5349 -26.0125 0
      vertex 17.5357 -25.9808 0
    endloop
  endfacet
  facet normal 0 0 -1
    outer loop
      vertex 20.5725 -28.3156 0
      vertex 17.5322 -26.1135 0
      vertex 17.5349 -26.0125 0
    endloop
  endfacet
  facet normal 0 0 -1
    outer loop
      vertex 20.5725 -28.3156 0
      vertex 17.5243 -26.2141 0
      vertex 17.5322 -26.1135 0
    endloop
  endfacet
  facet normal 0 0 -1
    outer loop
      vertex 20.5725 -28.3156 0
      vertex 17.5218 -26.2458 0
      vertex 17.5243 -26.2141 0
    endloop
  endfacet
  facet normal 0 0 -1
    outer loop
      vertex 20.5725 -28.3156 0
      vertex 17.5086 -26.3459 0
      vertex 17.5218 -26.2458 0
    endloop
  endfacet
  facet normal 0 0 -1
    outer loop
      vertex 20.5725 -28.3156 0
      vertex 17.5045 -26.3774 0
      vertex 17.5086 -26.3459 0
    endloop
  endfacet
  facet normal 0 0 -1
    outer loop
      vertex 16.6967 -27.8652 0
      vertex 19.0624 -29.3535 0
      vertex 17.5 -30.3109 0
    endloop
  endfacet
  facet normal 0 0 -1
    outer loop
      vertex 20.5725 -28.3156 0
      vertex 17.4861 -26.4767 0
      vertex 17.5045 -26.3774 0
    endloop
  endfacet
  facet normal 0 0 -1
    outer loop
      vertex 20.5725 -28.3156 0
      vertex 17.4803 -26.508 0
      vertex 17.4861 -26.4767 0
    endloop
  endfacet
  facet normal 0 0 -1
    outer loop
      vertex 20.5725 -28.3156 0
      vertex 17.4729 -26.5389 0
      vertex 17.4803 -26.508 0
    endloop
  endfacet
  facet normal 0 0 -1
    outer loop
      vertex 20.5725 -28.3156 0
      vertex 17.4493 -26.6371 0
      vertex 17.4729 -26.5389 0
    endloop
  endfacet
  facet normal 0 0 -1
    outer loop
      vertex 20.5725 -28.3156 0
      vertex 17.4206 -26.7339 0
      vertex 17.4493 -26.6371 0
    endloop
  endfacet
  facet normal 0 0 -1
    outer loop
      vertex 20.5725 -28.3156 0
      vertex 17.4116 -26.7643 0
      vertex 17.4206 -26.7339 0
    endloop
  endfacet
  facet normal 0 0 -1
    outer loop
      vertex 20.5725 -28.3156 0
      vertex 17.401 -26.7943 0
      vertex 17.4116 -26.7643 0
    endloop
  endfacet
  facet normal 0 0 -1
    outer loop
      vertex 20.5725 -28.3156 0
      vertex 17.3673 -26.8895 0
      vertex 17.401 -26.7943 0
    endloop
  endfacet
  facet normal 0 0 -1
    outer loop
      vertex 20.5725 -28.3156 0
      vertex 17.3551 -26.9188 0
      vertex 17.3673 -26.8895 0
    endloop
  endfacet
  facet normal 0 0 -1
    outer loop
      vertex 19.0624 -29.3535 0
      vertex 17.3165 -27.0121 0
      vertex 17.3551 -26.9188 0
    endloop
  endfacet
  facet normal 0 0 -1
    outer loop
      vertex 19.0624 -29.3535 0
      vertex 17.273 -27.1033 0
      vertex 17.3165 -27.0121 0
    endloop
  endfacet
  facet normal 0 0 -1
    outer loop
      vertex 19.0624 -29.3535 0
      vertex 17.2593 -27.132 0
      vertex 17.273 -27.1033 0
    endloop
  endfacet
  facet normal 0 0 -1
    outer loop
      vertex 19.0624 -29.3535 0
      vertex 17.2442 -27.1599 0
      vertex 17.2593 -27.132 0
    endloop
  endfacet
  facet normal 0 0 -1
    outer loop
      vertex 19.0624 -29.3535 0
      vertex 17.196 -27.2486 0
      vertex 17.2442 -27.1599 0
    endloop
  endfacet
  facet normal 0 0 -1
    outer loop
      vertex 19.0624 -29.3535 0
      vertex 17.1432 -27.3347 0
      vertex 17.196 -27.2486 0
    endloop
  endfacet
  facet normal 0 0 -1
    outer loop
      vertex 19.0624 -29.3535 0
      vertex 17.1266 -27.3618 0
      vertex 17.1432 -27.3347 0
    endloop
  endfacet
  facet normal 0 0 -1
    outer loop
      vertex 19.0624 -29.3535 0
      vertex 17.0694 -27.445 0
      vertex 17.1266 -27.3618 0
    endloop
  endfacet
  facet normal 0 0 -1
    outer loop
      vertex 19.0624 -29.3535 0
      vertex 17.0514 -27.4712 0
      vertex 17.0694 -27.445 0
    endloop
  endfacet
  facet normal 0 0 -1
    outer loop
      vertex 19.0624 -29.3535 0
      vertex 17.0321 -27.4964 0
      vertex 17.0514 -27.4712 0
    endloop
  endfacet
  facet normal 0 0 -1
    outer loop
      vertex 19.0624 -29.3535 0
      vertex 16.9706 -27.5765 0
      vertex 17.0321 -27.4964 0
    endloop
  endfacet
  facet normal 0 0 -1
    outer loop
      vertex 19.0624 -29.3535 0
      vertex 16.905 -27.6533 0
      vertex 16.9706 -27.5765 0
    endloop
  endfacet
  facet normal 0 0 -1
    outer loop
      vertex 19.0624 -29.3535 0
      vertex 16.8844 -27.6775 0
      vertex 16.905 -27.6533 0
    endloop
  endfacet
  facet normal 0 0 -1
    outer loop
      vertex 19.0624 -29.3535 0
      vertex 16.8625 -27.7005 0
      vertex 16.8844 -27.6775 0
    endloop
  endfacet
  facet normal 0 0 -1
    outer loop
      vertex 19.0624 -29.3535 0
      vertex 16.793 -27.7738 0
      vertex 16.8625 -27.7005 0
    endloop
  endfacet
  facet normal 0 0 -1
    outer loop
      vertex 19.0624 -29.3535 0
      vertex 16.77 -27.7957 0
      vertex 16.793 -27.7738 0
    endloop
  endfacet
  facet normal 0 0 -1
    outer loop
      vertex 19.0624 -29.3535 0
      vertex 16.6967 -27.8652 0
      vertex 16.77 -27.7957 0
    endloop
  endfacet
  facet normal 0 0 -1
    outer loop
      vertex 17.5 -30.3109 0
      vertex 16.6199 -27.9307 0
      vertex 16.6967 -27.8652 0
    endloop
  endfacet
  facet normal 0 0 -1
    outer loop
      vertex 17.5 -30.3109 0
      vertex 16.5958 -27.9514 0
      vertex 16.6199 -27.9307 0
    endloop
  endfacet
  facet normal 0 0 -1
    outer loop
      vertex 17.5 -30.3109 0
      vertex 16.5157 -28.0128 0
      vertex 16.5958 -27.9514 0
    endloop
  endfacet
  facet normal 0 0 -1
    outer loop
      vertex 17.5 -30.3109 0
      vertex 16.4905 -28.0322 0
      vertex 16.5157 -28.0128 0
    endloop
  endfacet
  facet normal 0 0 -1
    outer loop
      vertex 17.5 -30.3109 0
      vertex 16.4643 -28.0502 0
      vertex 16.4905 -28.0322 0
    endloop
  endfacet
  facet normal 0 0 -1
    outer loop
      vertex 17.5 -30.3109 0
      vertex 16.381 -28.1074 0
      vertex 16.4643 -28.0502 0
    endloop
  endfacet
  facet normal 0 0 -1
    outer loop
      vertex 17.5 -30.3109 0
      vertex 16.3539 -28.124 0
      vertex 16.381 -28.1074 0
    endloop
  endfacet
  facet normal 0 0 -1
    outer loop
      vertex 17.5 -30.3109 0
      vertex 16.2679 -28.1768 0
      vertex 16.3539 -28.124 0
    endloop
  endfacet
  facet normal 0 0 -1
    outer loop
      vertex 17.5 -30.3109 0
      vertex 16.2399 -28.1919 0
      vertex 16.2679 -28.1768 0
    endloop
  endfacet
  facet normal 0 0 -1
    outer loop
      vertex 17.5 -30.3109 0
      vertex 16.1512 -28.2401 0
      vertex 16.2399 -28.1919 0
    endloop
  endfacet
  facet normal 0 0 -1
    outer loop
      vertex 17.5 -30.3109 0
      vertex 16.0601 -28.2836 0
      vertex 16.1512 -28.2401 0
    endloop
  endfacet
  facet normal 0 0 -1
    outer loop
      vertex 17.5 -30.3109 0
      vertex 16.0314 -28.2973 0
      vertex 16.0601 -28.2836 0
    endloop
  endfacet
  facet normal 0 0 -1
    outer loop
      vertex 17.5 -30.3109 0
      vertex 16.002 -28.3094 0
      vertex 16.0314 -28.2973 0
    endloop
  endfacet
  facet normal 0 0 -1
    outer loop
      vertex 17.5 -30.3109 0
      vertex 15.9087 -28.3481 0
      vertex 16.002 -28.3094 0
    endloop
  endfacet
  facet normal 0 0 -1
    outer loop
      vertex 15.7836 -28.3924 0
      vertex 17.5 -30.3109 0
      vertex 15.8897 -31.1852 0
    endloop
  endfacet
  facet normal 0 0 -1
    outer loop
      vertex 17.5 -30.3109 0
      vertex 15.8788 -28.3587 0
      vertex 15.9087 -28.3481 0
    endloop
  endfacet
  facet normal 0 0 -1
    outer loop
      vertex 17.5 -30.3109 0
      vertex 15.7836 -28.3924 0
      vertex 15.8788 -28.3587 0
    endloop
  endfacet
  facet normal 0 0 -1
    outer loop
      vertex 15.8897 -31.1852 0
      vertex 15.6868 -28.421 0
      vertex 15.7836 -28.3924 0
    endloop
  endfacet
  facet normal 0 0 -1
    outer loop
      vertex 15.8897 -31.1852 0
      vertex 15.6563 -28.4301 0
      vertex 15.6868 -28.421 0
    endloop
  endfacet
  facet normal 0 0 -1
    outer loop
      vertex 15.8897 -31.1852 0
      vertex 15.6254 -28.4375 0
      vertex 15.6563 -28.4301 0
    endloop
  endfacet
  facet normal 0 0 -1
    outer loop
      vertex 15.8897 -31.1852 0
      vertex 15.5272 -28.4611 0
      vertex 15.6254 -28.4375 0
    endloop
  endfacet
  facet normal 0 0 -1
    outer loop
      vertex 15.8897 -31.1852 0
      vertex 15.4279 -28.4795 0
      vertex 15.5272 -28.4611 0
    endloop
  endfacet
  facet normal 0 0 -1
    outer loop
      vertex 15.8897 -31.1852 0
      vertex 15.3967 -28.4853 0
      vertex 15.4279 -28.4795 0
    endloop
  endfacet
  facet normal 0 0 -1
    outer loop
      vertex 15.8897 -31.1852 0
      vertex 15.2966 -28.4984 0
      vertex 15.3967 -28.4853 0
    endloop
  endfacet
  facet normal 0 0 -1
    outer loop
      vertex 15.8897 -31.1852 0
      vertex 15.2651 -28.5026 0
      vertex 15.2966 -28.4984 0
    endloop
  endfacet
  facet normal 0 0 -1
    outer loop
      vertex 15.8897 -31.1852 0
      vertex 15.1644 -28.5105 0
      vertex 15.2651 -28.5026 0
    endloop
  endfacet
  facet normal 0 0 -1
    outer loop
      vertex 15.8897 -31.1852 0
      vertex 15.1327 -28.513 0
      vertex 15.1644 -28.5105 0
    endloop
  endfacet
  facet normal 0 0 -1
    outer loop
      vertex 15.8897 -31.1852 0
      vertex 15.1009 -28.5138 0
      vertex 15.1327 -28.513 0
    endloop
  endfacet
  facet normal 0 0 -1
    outer loop
      vertex 15.8897 -31.1852 0
      vertex 15 -28.5165 0
      vertex 15.1009 -28.5138 0
    endloop
  endfacet
  facet normal 0 0 -1
    outer loop
      vertex 15.8897 -31.1852 0
      vertex 14.8991 -28.5138 0
      vertex 15 -28.5165 0
    endloop
  endfacet
  facet normal 0 0 -1
    outer loop
      vertex 15.8897 -31.1852 0
      vertex 14.8673 -28.513 0
      vertex 14.8991 -28.5138 0
    endloop
  endfacet
  facet normal 0 0 -1
    outer loop
      vertex 15.8897 -31.1852 0
      vertex 14.8356 -28.5105 0
      vertex 14.8673 -28.513 0
    endloop
  endfacet
  facet normal 0 0 -1
    outer loop
      vertex 15.8897 -31.1852 0
      vertex 14.7349 -28.5026 0
      vertex 14.8356 -28.5105 0
    endloop
  endfacet
  facet normal 0 0 -1
    outer loop
      vertex 15.8897 -31.1852 0
      vertex 14.7034 -28.4984 0
      vertex 14.7349 -28.5026 0
    endloop
  endfacet
  facet normal 0 0 -1
    outer loop
      vertex 15.8897 -31.1852 0
      vertex 14.6033 -28.4853 0
      vertex 14.7034 -28.4984 0
    endloop
  endfacet
  facet normal 0 0 -1
    outer loop
      vertex 14.2358 -31.9741 0
      vertex 14.6033 -28.4853 0
      vertex 15.8897 -31.1852 0
    endloop
  endfacet
  facet normal -0 0 -1
    outer loop
      vertex 14.6033 -28.4853 0
      vertex 14.2358 -31.9741 0
      vertex 14.5721 -28.4795 0
    endloop
  endfacet
  facet normal -0 0 -1
    outer loop
      vertex 14.5721 -28.4795 0
      vertex 14.2358 -31.9741 0
      vertex 14.4728 -28.4611 0
    endloop
  endfacet
  facet normal -0 0 -1
    outer loop
      vertex 14.4728 -28.4611 0
      vertex 14.2358 -31.9741 0
      vertex 14.3746 -28.4375 0
    endloop
  endfacet
  facet normal -0 0 -1
    outer loop
      vertex 14.3746 -28.4375 0
      vertex 14.2358 -31.9741 0
      vertex 14.3437 -28.4301 0
    endloop
  endfacet
  facet normal -0 0 -1
    outer loop
      vertex 14.3437 -28.4301 0
      vertex 14.2358 -31.9741 0
      vertex 14.3132 -28.421 0
    endloop
  endfacet
  facet normal 0 0 -1
    outer loop
      vertex 14.2358 -31.9741 0
      vertex 14.2164 -28.3924 0
      vertex 14.3132 -28.421 0
    endloop
  endfacet
  facet normal 0 0 -1
    outer loop
      vertex 14.2358 -31.9741 0
      vertex 14.1212 -28.3587 0
      vertex 14.2164 -28.3924 0
    endloop
  endfacet
  facet normal 0 0 -1
    outer loop
      vertex 14.2358 -31.9741 0
      vertex 14.0913 -28.3481 0
      vertex 14.1212 -28.3587 0
    endloop
  endfacet
  facet normal 0 0 -1
    outer loop
      vertex 14.2358 -31.9741 0
      vertex 13.998 -28.3094 0
      vertex 14.0913 -28.3481 0
    endloop
  endfacet
  facet normal 0 0 -1
    outer loop
      vertex 14.2358 -31.9741 0
      vertex 13.9686 -28.2973 0
      vertex 13.998 -28.3094 0
    endloop
  endfacet
  facet normal 0 0 -1
    outer loop
      vertex 14.2358 -31.9741 0
      vertex 13.9399 -28.2836 0
      vertex 13.9686 -28.2973 0
    endloop
  endfacet
  facet normal 0 0 -1
    outer loop
      vertex 14.2358 -31.9741 0
      vertex 13.8488 -28.2401 0
      vertex 13.9399 -28.2836 0
    endloop
  endfacet
  facet normal 0 0 -1
    outer loop
      vertex 14.2358 -31.9741 0
      vertex 13.7601 -28.1919 0
      vertex 13.8488 -28.2401 0
    endloop
  endfacet
  facet normal 0 0 -1
    outer loop
      vertex 14.2358 -31.9741 0
      vertex 13.7321 -28.1768 0
      vertex 13.7601 -28.1919 0
    endloop
  endfacet
  facet normal 0 0 -1
    outer loop
      vertex 12.5429 -32.6753 0
      vertex 13.7321 -28.1768 0
      vertex 14.2358 -31.9741 0
    endloop
  endfacet
  facet normal -0 0 -1
    outer loop
      vertex 13.7321 -28.1768 0
      vertex 12.5429 -32.6753 0
      vertex 13.6461 -28.124 0
    endloop
  endfacet
  facet normal -0 0 -1
    outer loop
      vertex 13.6461 -28.124 0
      vertex 12.5429 -32.6753 0
      vertex 13.6189 -28.1074 0
    endloop
  endfacet
  facet normal -0 0 -1
    outer loop
      vertex 13.6189 -28.1074 0
      vertex 12.5429 -32.6753 0
      vertex 13.5357 -28.0502 0
    endloop
  endfacet
  facet normal -0 0 -1
    outer loop
      vertex 13.5357 -28.0502 0
      vertex 12.5429 -32.6753 0
      vertex 13.5095 -28.0322 0
    endloop
  endfacet
  facet normal -0 0 -1
    outer loop
      vertex 13.5095 -28.0322 0
      vertex 12.5429 -32.6753 0
      vertex 13.4843 -28.0128 0
    endloop
  endfacet
  facet normal -0 0 -1
    outer loop
      vertex 13.4843 -28.0128 0
      vertex 12.5429 -32.6753 0
      vertex 13.4042 -27.9514 0
    endloop
  endfacet
  facet normal -0 0 -1
    outer loop
      vertex 13.4042 -27.9514 0
      vertex 12.5429 -32.6753 0
      vertex 13.3801 -27.9307 0
    endloop
  endfacet
  facet normal -0 0 -1
    outer loop
      vertex 13.3801 -27.9307 0
      vertex 12.5429 -32.6753 0
      vertex 13.3033 -27.8652 0
    endloop
  endfacet
  facet normal -0 0 -1
    outer loop
      vertex 13.3033 -27.8652 0
      vertex 12.5429 -32.6753 0
      vertex 13.23 -27.7957 0
    endloop
  endfacet
  facet normal -0 0 -1
    outer loop
      vertex 13.23 -27.7957 0
      vertex 12.5429 -32.6753 0
      vertex 13.207 -27.7738 0
    endloop
  endfacet
  facet normal -0 0 -1
    outer loop
      vertex 13.207 -27.7738 0
      vertex 12.5429 -32.6753 0
      vertex 13.1375 -27.7005 0
    endloop
  endfacet
  facet normal -0 0 -1
    outer loop
      vertex 13.1375 -27.7005 0
      vertex 12.5429 -32.6753 0
      vertex 13.1156 -27.6775 0
    endloop
  endfacet
  facet normal 0 0 -1
    outer loop
      vertex 10.8156 -33.287 0
      vertex 13.1156 -27.6775 0
      vertex 12.5429 -32.6753 0
    endloop
  endfacet
  facet normal -0 0 -1
    outer loop
      vertex 13.1156 -27.6775 0
      vertex 10.8156 -33.287 0
      vertex 13.095 -27.6533 0
    endloop
  endfacet
  facet normal -0 0 -1
    outer loop
      vertex 13.095 -27.6533 0
      vertex 10.8156 -33.287 0
      vertex 13.0294 -27.5765 0
    endloop
  endfacet
  facet normal -0 0 -1
    outer loop
      vertex 13.0294 -27.5765 0
      vertex 10.8156 -33.287 0
      vertex 12.9679 -27.4964 0
    endloop
  endfacet
  facet normal -0 0 -1
    outer loop
      vertex 12.9679 -27.4964 0
      vertex 10.8156 -33.287 0
      vertex 12.9486 -27.4712 0
    endloop
  endfacet
  facet normal -0 0 -1
    outer loop
      vertex 12.9486 -27.4712 0
      vertex 10.8156 -33.287 0
      vertex 12.9306 -27.445 0
    endloop
  endfacet
  facet normal -0 0 -1
    outer loop
      vertex 12.9306 -27.445 0
      vertex 10.8156 -33.287 0
      vertex 12.8734 -27.3618 0
    endloop
  endfacet
  facet normal -0 0 -1
    outer loop
      vertex 12.8734 -27.3618 0
      vertex 10.8156 -33.287 0
      vertex 12.8568 -27.3347 0
    endloop
  endfacet
  facet normal -0 0 -1
    outer loop
      vertex 12.8568 -27.3347 0
      vertex 10.8156 -33.287 0
      vertex 12.804 -27.2486 0
    endloop
  endfacet
  facet normal -0 0 -1
    outer loop
      vertex 12.804 -27.2486 0
      vertex 10.8156 -33.287 0
      vertex 12.7558 -27.1599 0
    endloop
  endfacet
  facet normal -0 0 -1
    outer loop
      vertex 12.7558 -27.1599 0
      vertex 10.8156 -33.287 0
      vertex 12.7407 -27.132 0
    endloop
  endfacet
  facet normal 0 0 -1
    outer loop
      vertex 9.05867 -33.8074 0
      vertex 12.7407 -27.132 0
      vertex 10.8156 -33.287 0
    endloop
  endfacet
  facet normal -0 0 -1
    outer loop
      vertex 12.7407 -27.132 0
      vertex 9.05867 -33.8074 0
      vertex 12.727 -27.1033 0
    endloop
  endfacet
  facet normal -0 0 -1
    outer loop
      vertex 12.727 -27.1033 0
      vertex 9.05867 -33.8074 0
      vertex 12.6835 -27.0121 0
    endloop
  endfacet
  facet normal -0 0 -1
    outer loop
      vertex 12.6835 -27.0121 0
      vertex 9.05867 -33.8074 0
      vertex 12.6449 -26.9188 0
    endloop
  endfacet
  facet normal 0 0 -1
    outer loop
      vertex 9.05867 -33.8074 0
      vertex 12.5794 -26.7339 0
      vertex 12.5884 -26.7643 0
    endloop
  endfacet
  facet normal -0 0 -1
    outer loop
      vertex 12.6449 -26.9188 0
      vertex 9.05867 -33.8074 0
      vertex 12.6327 -26.8895 0
    endloop
  endfacet
  facet normal -0 0 -1
    outer loop
      vertex 12.6327 -26.8895 0
      vertex 9.05867 -33.8074 0
      vertex 12.599 -26.7943 0
    endloop
  endfacet
  facet normal -0 0 -1
    outer loop
      vertex 12.599 -26.7943 0
      vertex 9.05867 -33.8074 0
      vertex 12.5884 -26.7643 0
    endloop
  endfacet
  facet normal -0 0 -1
    outer loop
      vertex 12.5794 -26.7339 0
      vertex 9.05867 -33.8074 0
      vertex 12.5507 -26.6371 0
    endloop
  endfacet
  facet normal 0 0 -1
    outer loop
      vertex 7.27691 -34.2352 0
      vertex 12.5507 -26.6371 0
      vertex 9.05867 -33.8074 0
    endloop
  endfacet
  facet normal -0 0 -1
    outer loop
      vertex 12.5507 -26.6371 0
      vertex 7.27691 -34.2352 0
      vertex 12.5271 -26.5389 0
    endloop
  endfacet
  facet normal -0 0 -1
    outer loop
      vertex 12.5271 -26.5389 0
      vertex 7.27691 -34.2352 0
      vertex 12.5197 -26.508 0
    endloop
  endfacet
  facet normal -0 0 -1
    outer loop
      vertex 12.5197 -26.508 0
      vertex 7.27691 -34.2352 0
      vertex 12.5139 -26.4767 0
    endloop
  endfacet
  facet normal -0 0 -1
    outer loop
      vertex 12.5139 -26.4767 0
      vertex 7.27691 -34.2352 0
      vertex 12.4955 -26.3774 0
    endloop
  endfacet
  facet normal -0 0 -1
    outer loop
      vertex 12.4955 -26.3774 0
      vertex 7.27691 -34.2352 0
      vertex 12.4914 -26.3459 0
    endloop
  endfacet
  facet normal -0 0 -1
    outer loop
      vertex 12.4914 -26.3459 0
      vertex 7.27691 -34.2352 0
      vertex 12.4782 -26.2458 0
    endloop
  endfacet
  facet normal 0 0 -1
    outer loop
      vertex 5.47521 -34.5691 0
      vertex 12.4782 -26.2458 0
      vertex 7.27691 -34.2352 0
    endloop
  endfacet
  facet normal -0 0 -1
    outer loop
      vertex 12.4757 -26.2141 0
      vertex 5.47521 -34.5691 0
      vertex 12.4678 -26.1135 0
    endloop
  endfacet
  facet normal -0 0 -1
    outer loop
      vertex 12.4782 -26.2458 0
      vertex 5.47521 -34.5691 0
      vertex 12.4757 -26.2141 0
    endloop
  endfacet
  facet normal 0 0 -1
    outer loop
      vertex 17.5349 26.0125 0
      vertex 20.5725 28.3156 0
      vertex 17.5357 25.9808 0
    endloop
  endfacet
  facet normal 0 0 -1
    outer loop
      vertex 17.5322 26.1135 0
      vertex 20.5725 28.3156 0
      vertex 17.5349 26.0125 0
    endloop
  endfacet
  facet normal 0 0 -1
    outer loop
      vertex 17.5243 26.2141 0
      vertex 20.5725 28.3156 0
      vertex 17.5322 26.1135 0
    endloop
  endfacet
  facet normal 0 0 -1
    outer loop
      vertex 17.5218 26.2458 0
      vertex 20.5725 28.3156 0
      vertex 17.5243 26.2141 0
    endloop
  endfacet
  facet normal 0 0 -1
    outer loop
      vertex 17.5086 26.3459 0
      vertex 20.5725 28.3156 0
      vertex 17.5218 26.2458 0
    endloop
  endfacet
  facet normal 0 0 -1
    outer loop
      vertex 17.5045 26.3774 0
      vertex 20.5725 28.3156 0
      vertex 17.5086 26.3459 0
    endloop
  endfacet
  facet normal 0 0 -1
    outer loop
      vertex 17.4861 26.4767 0
      vertex 20.5725 28.3156 0
      vertex 17.5045 26.3774 0
    endloop
  endfacet
  facet normal 0 0 -1
    outer loop
      vertex 17.4803 26.508 0
      vertex 20.5725 28.3156 0
      vertex 17.4861 26.4767 0
    endloop
  endfacet
  facet normal 0 0 -1
    outer loop
      vertex 17.4729 26.5389 0
      vertex 20.5725 28.3156 0
      vertex 17.4803 26.508 0
    endloop
  endfacet
  facet normal 0 0 -1
    outer loop
      vertex 17.4493 26.6371 0
      vertex 20.5725 28.3156 0
      vertex 17.4729 26.5389 0
    endloop
  endfacet
  facet normal 0 0 -1
    outer loop
      vertex 17.4206 26.7339 0
      vertex 20.5725 28.3156 0
      vertex 17.4493 26.6371 0
    endloop
  endfacet
  facet normal 0 0 -1
    outer loop
      vertex 17.4116 26.7643 0
      vertex 20.5725 28.3156 0
      vertex 17.4206 26.7339 0
    endloop
  endfacet
  facet normal 0 0 -1
    outer loop
      vertex 17.401 26.7943 0
      vertex 20.5725 28.3156 0
      vertex 17.4116 26.7643 0
    endloop
  endfacet
  facet normal 0 0 -1
    outer loop
      vertex 17.3673 26.8895 0
      vertex 20.5725 28.3156 0
      vertex 17.401 26.7943 0
    endloop
  endfacet
  facet normal 0 0 -1
    outer loop
      vertex 17.3551 26.9188 0
      vertex 20.5725 28.3156 0
      vertex 17.3673 26.8895 0
    endloop
  endfacet
  facet normal -0 0 -1
    outer loop
      vertex 20.5725 28.3156 0
      vertex 17.3551 26.9188 0
      vertex 19.0624 29.3535 0
    endloop
  endfacet
  facet normal 0 0 -1
    outer loop
      vertex 17.3165 27.0121 0
      vertex 19.0624 29.3535 0
      vertex 17.3551 26.9188 0
    endloop
  endfacet
  facet normal 0 0 -1
    outer loop
      vertex 17.273 27.1033 0
      vertex 19.0624 29.3535 0
      vertex 17.3165 27.0121 0
    endloop
  endfacet
  facet normal 0 0 -1
    outer loop
      vertex 17.2593 27.132 0
      vertex 19.0624 29.3535 0
      vertex 17.273 27.1033 0
    endloop
  endfacet
  facet normal 0 0 -1
    outer loop
      vertex 17.2442 27.1599 0
      vertex 19.0624 29.3535 0
      vertex 17.2593 27.132 0
    endloop
  endfacet
  facet normal 0 0 -1
    outer loop
      vertex 17.196 27.2486 0
      vertex 19.0624 29.3535 0
      vertex 17.2442 27.1599 0
    endloop
  endfacet
  facet normal 0 0 -1
    outer loop
      vertex 17.1432 27.3347 0
      vertex 19.0624 29.3535 0
      vertex 17.196 27.2486 0
    endloop
  endfacet
  facet normal 0 0 -1
    outer loop
      vertex 17.1266 27.3618 0
      vertex 19.0624 29.3535 0
      vertex 17.1432 27.3347 0
    endloop
  endfacet
  facet normal 0 0 -1
    outer loop
      vertex 17.0694 27.445 0
      vertex 19.0624 29.3535 0
      vertex 17.1266 27.3618 0
    endloop
  endfacet
  facet normal 0 0 -1
    outer loop
      vertex 17.0514 27.4712 0
      vertex 19.0624 29.3535 0
      vertex 17.0694 27.445 0
    endloop
  endfacet
  facet normal 0 0 -1
    outer loop
      vertex 17.0321 27.4964 0
      vertex 19.0624 29.3535 0
      vertex 17.0514 27.4712 0
    endloop
  endfacet
  facet normal 0 0 -1
    outer loop
      vertex 16.9706 27.5765 0
      vertex 19.0624 29.3535 0
      vertex 17.0321 27.4964 0
    endloop
  endfacet
  facet normal 0 0 -1
    outer loop
      vertex 16.905 27.6533 0
      vertex 19.0624 29.3535 0
      vertex 16.9706 27.5765 0
    endloop
  endfacet
  facet normal 0 0 -1
    outer loop
      vertex 16.8844 27.6775 0
      vertex 19.0624 29.3535 0
      vertex 16.905 27.6533 0
    endloop
  endfacet
  facet normal 0 0 -1
    outer loop
      vertex 16.8625 27.7005 0
      vertex 19.0624 29.3535 0
      vertex 16.8844 27.6775 0
    endloop
  endfacet
  facet normal 0 0 -1
    outer loop
      vertex 16.793 27.7738 0
      vertex 19.0624 29.3535 0
      vertex 16.8625 27.7005 0
    endloop
  endfacet
  facet normal 0 0 -1
    outer loop
      vertex 16.77 27.7957 0
      vertex 19.0624 29.3535 0
      vertex 16.793 27.7738 0
    endloop
  endfacet
  facet normal 0 0 -1
    outer loop
      vertex 16.6967 27.8652 0
      vertex 19.0624 29.3535 0
      vertex 16.77 27.7957 0
    endloop
  endfacet
  facet normal -0 0 -1
    outer loop
      vertex 19.0624 29.3535 0
      vertex 16.6967 27.8652 0
      vertex 17.5 30.3109 0
    endloop
  endfacet
  facet normal 0 0 -1
    outer loop
      vertex 16.6199 27.9307 0
      vertex 17.5 30.3109 0
      vertex 16.6967 27.8652 0
    endloop
  endfacet
  facet normal 0 0 -1
    outer loop
      vertex 16.5958 27.9514 0
      vertex 17.5 30.3109 0
      vertex 16.6199 27.9307 0
    endloop
  endfacet
  facet normal 0 0 -1
    outer loop
      vertex 16.5157 28.0128 0
      vertex 17.5 30.3109 0
      vertex 16.5958 27.9514 0
    endloop
  endfacet
  facet normal 0 0 -1
    outer loop
      vertex 16.4905 28.0322 0
      vertex 17.5 30.3109 0
      vertex 16.5157 28.0128 0
    endloop
  endfacet
  facet normal 0 0 -1
    outer loop
      vertex 16.4643 28.0502 0
      vertex 17.5 30.3109 0
      vertex 16.4905 28.0322 0
    endloop
  endfacet
  facet normal 0 0 -1
    outer loop
      vertex 16.381 28.1074 0
      vertex 17.5 30.3109 0
      vertex 16.4643 28.0502 0
    endloop
  endfacet
  facet normal 0 0 -1
    outer loop
      vertex 16.3539 28.124 0
      vertex 17.5 30.3109 0
      vertex 16.381 28.1074 0
    endloop
  endfacet
  facet normal 0 0 -1
    outer loop
      vertex 16.2679 28.1768 0
      vertex 17.5 30.3109 0
      vertex 16.3539 28.124 0
    endloop
  endfacet
  facet normal 0 0 -1
    outer loop
      vertex 16.2399 28.1919 0
      vertex 17.5 30.3109 0
      vertex 16.2679 28.1768 0
    endloop
  endfacet
  facet normal 0 0 -1
    outer loop
      vertex 16.1512 28.2401 0
      vertex 17.5 30.3109 0
      vertex 16.2399 28.1919 0
    endloop
  endfacet
  facet normal 0 0 -1
    outer loop
      vertex 16.0601 28.2836 0
      vertex 17.5 30.3109 0
      vertex 16.1512 28.2401 0
    endloop
  endfacet
  facet normal 0 0 -1
    outer loop
      vertex 16.0314 28.2973 0
      vertex 17.5 30.3109 0
      vertex 16.0601 28.2836 0
    endloop
  endfacet
  facet normal 0 0 -1
    outer loop
      vertex 16.002 28.3094 0
      vertex 17.5 30.3109 0
      vertex 16.0314 28.2973 0
    endloop
  endfacet
  facet normal 0 0 -1
    outer loop
      vertex 15.9087 28.3481 0
      vertex 17.5 30.3109 0
      vertex 16.002 28.3094 0
    endloop
  endfacet
  facet normal 0 0 -1
    outer loop
      vertex 15.8788 28.3587 0
      vertex 17.5 30.3109 0
      vertex 15.9087 28.3481 0
    endloop
  endfacet
  facet normal 0 0 -1
    outer loop
      vertex 15.7836 28.3924 0
      vertex 17.5 30.3109 0
      vertex 15.8788 28.3587 0
    endloop
  endfacet
  facet normal -0 0 -1
    outer loop
      vertex 17.5 30.3109 0
      vertex 15.7836 28.3924 0
      vertex 15.8897 31.1852 0
    endloop
  endfacet
  facet normal 0 0 -1
    outer loop
      vertex 15.6868 28.421 0
      vertex 15.8897 31.1852 0
      vertex 15.7836 28.3924 0
    endloop
  endfacet
  facet normal 0 0 -1
    outer loop
      vertex 15.6563 28.4301 0
      vertex 15.8897 31.1852 0
      vertex 15.6868 28.421 0
    endloop
  endfacet
  facet normal 0 0 -1
    outer loop
      vertex 15.6254 28.4375 0
      vertex 15.8897 31.1852 0
      vertex 15.6563 28.4301 0
    endloop
  endfacet
  facet normal 0 0 -1
    outer loop
      vertex 15.5272 28.4611 0
      vertex 15.8897 31.1852 0
      vertex 15.6254 28.4375 0
    endloop
  endfacet
  facet normal 0 0 -1
    outer loop
      vertex 15.4279 28.4795 0
      vertex 15.8897 31.1852 0
      vertex 15.5272 28.4611 0
    endloop
  endfacet
  facet normal 0 0 -1
    outer loop
      vertex 15.3967 28.4853 0
      vertex 15.8897 31.1852 0
      vertex 15.4279 28.4795 0
    endloop
  endfacet
  facet normal 0 0 -1
    outer loop
      vertex 15.2966 28.4984 0
      vertex 15.8897 31.1852 0
      vertex 15.3967 28.4853 0
    endloop
  endfacet
  facet normal 0 0 -1
    outer loop
      vertex 15.2651 28.5026 0
      vertex 15.8897 31.1852 0
      vertex 15.2966 28.4984 0
    endloop
  endfacet
  facet normal 0 0 -1
    outer loop
      vertex 15.1644 28.5105 0
      vertex 15.8897 31.1852 0
      vertex 15.2651 28.5026 0
    endloop
  endfacet
  facet normal 0 0 -1
    outer loop
      vertex 15.1327 28.513 0
      vertex 15.8897 31.1852 0
      vertex 15.1644 28.5105 0
    endloop
  endfacet
  facet normal 0 0 -1
    outer loop
      vertex 15.1009 28.5138 0
      vertex 15.8897 31.1852 0
      vertex 15.1327 28.513 0
    endloop
  endfacet
  facet normal 0 0 -1
    outer loop
      vertex 15 28.5165 0
      vertex 15.8897 31.1852 0
      vertex 15.1009 28.5138 0
    endloop
  endfacet
  facet normal 0 0 -1
    outer loop
      vertex 14.8991 28.5138 0
      vertex 15.8897 31.1852 0
      vertex 15 28.5165 0
    endloop
  endfacet
  facet normal 0 0 -1
    outer loop
      vertex 14.8673 28.513 0
      vertex 15.8897 31.1852 0
      vertex 14.8991 28.5138 0
    endloop
  endfacet
  facet normal 0 0 -1
    outer loop
      vertex 14.8356 28.5105 0
      vertex 15.8897 31.1852 0
      vertex 14.8673 28.513 0
    endloop
  endfacet
  facet normal 0 0 -1
    outer loop
      vertex 14.7349 28.5026 0
      vertex 15.8897 31.1852 0
      vertex 14.8356 28.5105 0
    endloop
  endfacet
  facet normal 0 0 -1
    outer loop
      vertex 14.7034 28.4984 0
      vertex 15.8897 31.1852 0
      vertex 14.7349 28.5026 0
    endloop
  endfacet
  facet normal 0 0 -1
    outer loop
      vertex 14.6033 28.4853 0
      vertex 15.8897 31.1852 0
      vertex 14.7034 28.4984 0
    endloop
  endfacet
  facet normal 0 0 -1
    outer loop
      vertex 14.2358 31.9741 0
      vertex 14.6033 28.4853 0
      vertex 14.5721 28.4795 0
    endloop
  endfacet
  facet normal 0 0 -1
    outer loop
      vertex 14.2358 31.9741 0
      vertex 14.5721 28.4795 0
      vertex 14.4728 28.4611 0
    endloop
  endfacet
  facet normal 0 0 -1
    outer loop
      vertex 14.2358 31.9741 0
      vertex 14.4728 28.4611 0
      vertex 14.3746 28.4375 0
    endloop
  endfacet
  facet normal 0 0 -1
    outer loop
      vertex 14.2358 31.9741 0
      vertex 14.3746 28.4375 0
      vertex 14.3437 28.4301 0
    endloop
  endfacet
  facet normal 0 0 -1
    outer loop
      vertex 14.2358 31.9741 0
      vertex 14.3437 28.4301 0
      vertex 14.3132 28.421 0
    endloop
  endfacet
  facet normal 0 0 -1
    outer loop
      vertex 14.6033 28.4853 0
      vertex 14.2358 31.9741 0
      vertex 15.8897 31.1852 0
    endloop
  endfacet
  facet normal 0 0 -1
    outer loop
      vertex 14.2164 28.3924 0
      vertex 14.2358 31.9741 0
      vertex 14.3132 28.421 0
    endloop
  endfacet
  facet normal 0 0 -1
    outer loop
      vertex 14.1212 28.3587 0
      vertex 14.2358 31.9741 0
      vertex 14.2164 28.3924 0
    endloop
  endfacet
  facet normal 0 0 -1
    outer loop
      vertex 14.0913 28.3481 0
      vertex 14.2358 31.9741 0
      vertex 14.1212 28.3587 0
    endloop
  endfacet
  facet normal 0 0 -1
    outer loop
      vertex 13.998 28.3094 0
      vertex 14.2358 31.9741 0
      vertex 14.0913 28.3481 0
    endloop
  endfacet
  facet normal 0 0 -1
    outer loop
      vertex 13.9686 28.2973 0
      vertex 14.2358 31.9741 0
      vertex 13.998 28.3094 0
    endloop
  endfacet
  facet normal 0 0 -1
    outer loop
      vertex 13.9399 28.2836 0
      vertex 14.2358 31.9741 0
      vertex 13.9686 28.2973 0
    endloop
  endfacet
  facet normal 0 0 -1
    outer loop
      vertex 13.8488 28.2401 0
      vertex 14.2358 31.9741 0
      vertex 13.9399 28.2836 0
    endloop
  endfacet
  facet normal 0 0 -1
    outer loop
      vertex 13.7601 28.1919 0
      vertex 14.2358 31.9741 0
      vertex 13.8488 28.2401 0
    endloop
  endfacet
  facet normal 0 0 -1
    outer loop
      vertex 13.7321 28.1768 0
      vertex 14.2358 31.9741 0
      vertex 13.7601 28.1919 0
    endloop
  endfacet
  facet normal 0 0 -1
    outer loop
      vertex 12.5429 32.6753 0
      vertex 13.7321 28.1768 0
      vertex 13.6461 28.124 0
    endloop
  endfacet
  facet normal 0 0 -1
    outer loop
      vertex 12.5429 32.6753 0
      vertex 13.6461 28.124 0
      vertex 13.6189 28.1074 0
    endloop
  endfacet
  facet normal 0 0 -1
    outer loop
      vertex 12.5429 32.6753 0
      vertex 13.6189 28.1074 0
      vertex 13.5357 28.0502 0
    endloop
  endfacet
  facet normal 0 0 -1
    outer loop
      vertex 12.5429 32.6753 0
      vertex 13.5357 28.0502 0
      vertex 13.5095 28.0322 0
    endloop
  endfacet
  facet normal 0 0 -1
    outer loop
      vertex 12.5429 32.6753 0
      vertex 13.5095 28.0322 0
      vertex 13.4843 28.0128 0
    endloop
  endfacet
  facet normal 0 0 -1
    outer loop
      vertex 12.5429 32.6753 0
      vertex 13.4843 28.0128 0
      vertex 13.4042 27.9514 0
    endloop
  endfacet
  facet normal 0 0 -1
    outer loop
      vertex 12.5429 32.6753 0
      vertex 13.4042 27.9514 0
      vertex 13.3801 27.9307 0
    endloop
  endfacet
  facet normal 0 0 -1
    outer loop
      vertex 12.5429 32.6753 0
      vertex 13.3801 27.9307 0
      vertex 13.3033 27.8652 0
    endloop
  endfacet
  facet normal 0 0 -1
    outer loop
      vertex 12.5429 32.6753 0
      vertex 13.3033 27.8652 0
      vertex 13.23 27.7957 0
    endloop
  endfacet
  facet normal 0 0 -1
    outer loop
      vertex 12.5429 32.6753 0
      vertex 13.23 27.7957 0
      vertex 13.207 27.7738 0
    endloop
  endfacet
  facet normal 0 0 -1
    outer loop
      vertex 12.5429 32.6753 0
      vertex 13.207 27.7738 0
      vertex 13.1375 27.7005 0
    endloop
  endfacet
  facet normal 0 0 -1
    outer loop
      vertex 12.5429 32.6753 0
      vertex 13.1375 27.7005 0
      vertex 13.1156 27.6775 0
    endloop
  endfacet
  facet normal 0 0 -1
    outer loop
      vertex 10.8156 33.287 0
      vertex 13.1156 27.6775 0
      vertex 13.095 27.6533 0
    endloop
  endfacet
  facet normal 0 0 -1
    outer loop
      vertex 10.8156 33.287 0
      vertex 13.095 27.6533 0
      vertex 13.0294 27.5765 0
    endloop
  endfacet
  facet normal 0 0 -1
    outer loop
      vertex 10.8156 33.287 0
      vertex 13.0294 27.5765 0
      vertex 12.9679 27.4964 0
    endloop
  endfacet
  facet normal 0 0 -1
    outer loop
      vertex 10.8156 33.287 0
      vertex 12.9679 27.4964 0
      vertex 12.9486 27.4712 0
    endloop
  endfacet
  facet normal 0 0 -1
    outer loop
      vertex 10.8156 33.287 0
      vertex 12.9486 27.4712 0
      vertex 12.9306 27.445 0
    endloop
  endfacet
  facet normal 0 0 -1
    outer loop
      vertex 10.8156 33.287 0
      vertex 12.9306 27.445 0
      vertex 12.8734 27.3618 0
    endloop
  endfacet
  facet normal 0 0 -1
    outer loop
      vertex 10.8156 33.287 0
      vertex 12.8734 27.3618 0
      vertex 12.8568 27.3347 0
    endloop
  endfacet
  facet normal 0 0 -1
    outer loop
      vertex 10.8156 33.287 0
      vertex 12.8568 27.3347 0
      vertex 12.804 27.2486 0
    endloop
  endfacet
  facet normal 0 0 -1
    outer loop
      vertex 10.8156 33.287 0
      vertex 12.804 27.2486 0
      vertex 12.7558 27.1599 0
    endloop
  endfacet
  facet normal 0 0 -1
    outer loop
      vertex 10.8156 33.287 0
      vertex 12.7558 27.1599 0
      vertex 12.7407 27.132 0
    endloop
  endfacet
  facet normal 0 0 -1
    outer loop
      vertex 9.05867 33.8074 0
      vertex 12.7407 27.132 0
      vertex 12.727 27.1033 0
    endloop
  endfacet
  facet normal 0 0 -1
    outer loop
      vertex 9.05867 33.8074 0
      vertex 12.727 27.1033 0
      vertex 12.6835 27.0121 0
    endloop
  endfacet
  facet normal 0 0 -1
    outer loop
      vertex 9.05867 33.8074 0
      vertex 12.6835 27.0121 0
      vertex 12.6449 26.9188 0
    endloop
  endfacet
  facet normal 0 0 -1
    outer loop
      vertex 9.05867 33.8074 0
      vertex 12.6449 26.9188 0
      vertex 12.6327 26.8895 0
    endloop
  endfacet
  facet normal 0 0 -1
    outer loop
      vertex 9.05867 33.8074 0
      vertex 12.6327 26.8895 0
      vertex 12.599 26.7943 0
    endloop
  endfacet
  facet normal 0 0 -1
    outer loop
      vertex 9.05867 33.8074 0
      vertex 12.599 26.7943 0
      vertex 12.5884 26.7643 0
    endloop
  endfacet
  facet normal 0 0 -1
    outer loop
      vertex 9.05867 33.8074 0
      vertex 12.5794 26.7339 0
      vertex 12.5507 26.6371 0
    endloop
  endfacet
  facet normal 0 0 -1
    outer loop
      vertex 13.7321 28.1768 0
      vertex 12.5429 32.6753 0
      vertex 14.2358 31.9741 0
    endloop
  endfacet
  facet normal 0 0 -1
    outer loop
      vertex 12.5794 26.7339 0
      vertex 9.05867 33.8074 0
      vertex 12.5884 26.7643 0
    endloop
  endfacet
  facet normal 0 0 -1
    outer loop
      vertex 7.27691 34.2352 0
      vertex 12.5507 26.6371 0
      vertex 12.5271 26.5389 0
    endloop
  endfacet
  facet normal 0 0 -1
    outer loop
      vertex 7.27691 34.2352 0
      vertex 12.5271 26.5389 0
      vertex 12.5197 26.508 0
    endloop
  endfacet
  facet normal 0 0 -1
    outer loop
      vertex 7.27691 34.2352 0
      vertex 12.5197 26.508 0
      vertex 12.5139 26.4767 0
    endloop
  endfacet
  facet normal 0 0 -1
    outer loop
      vertex 7.27691 34.2352 0
      vertex 12.5139 26.4767 0
      vertex 12.4955 26.3774 0
    endloop
  endfacet
  facet normal 0 0 -1
    outer loop
      vertex 7.27691 34.2352 0
      vertex 12.4955 26.3774 0
      vertex 12.4914 26.3459 0
    endloop
  endfacet
  facet normal 0 0 -1
    outer loop
      vertex 7.27691 34.2352 0
      vertex 12.4914 26.3459 0
      vertex 12.4782 26.2458 0
    endloop
  endfacet
  facet normal 0 0 -1
    outer loop
      vertex 5.47521 34.5691 0
      vertex 12.4782 26.2458 0
      vertex 12.4757 26.2141 0
    endloop
  endfacet
  facet normal 0 0 -1
    outer loop
      vertex 5.47521 34.5691 0
      vertex 12.4757 26.2141 0
      vertex 12.4678 26.1135 0
    endloop
  endfacet
  facet normal 0 0 -1
    outer loop
      vertex 5.47521 34.5691 0
      vertex 12.4678 26.1135 0
      vertex 12.4669 26.0817 0
    endloop
  endfacet
  facet normal 0 0 -1
    outer loop
      vertex 5.47521 34.5691 0
      vertex 12.4669 26.0817 0
      vertex 12.4643 25.9808 0
    endloop
  endfacet
  facet normal 0 0 -1
    outer loop
      vertex 35 0 0
      vertex 4.6 0 0
      vertex 34.952 1.83176 0
    endloop
  endfacet
  facet normal 0 0 -1
    outer loop
      vertex 12.4669 25.8798 0
      vertex 5.47521 34.5691 0
      vertex 12.4643 25.9808 0
    endloop
  endfacet
  facet normal -0 0 -1
    outer loop
      vertex 12.4678 -26.1135 0
      vertex 5.47521 -34.5691 0
      vertex 12.4669 -26.0817 0
    endloop
  endfacet
  facet normal 0 0 -1
    outer loop
      vertex 13.1156 27.6775 0
      vertex 10.8156 33.287 0
      vertex 12.5429 32.6753 0
    endloop
  endfacet
  facet normal -0 0 -1
    outer loop
      vertex 12.4669 -26.0817 0
      vertex 5.47521 -34.5691 0
      vertex 12.4643 -25.9808 0
    endloop
  endfacet
  facet normal 0 0 -1
    outer loop
      vertex 12.7407 27.132 0
      vertex 9.05867 33.8074 0
      vertex 10.8156 33.287 0
    endloop
  endfacet
  facet normal 0 0 -1
    outer loop
      vertex 3.6585 -34.8083 0
      vertex 12.4643 -25.9808 0
      vertex 5.47521 -34.5691 0
    endloop
  endfacet
  facet normal 0 0 -1
    outer loop
      vertex 12.5507 26.6371 0
      vertex 7.27691 34.2352 0
      vertex 9.05867 33.8074 0
    endloop
  endfacet
  facet normal 0 0 -1
    outer loop
      vertex 12.4782 26.2458 0
      vertex 5.47521 34.5691 0
      vertex 7.27691 34.2352 0
    endloop
  endfacet
  facet normal 0 0 -1
    outer loop
      vertex 12.4678 25.8481 0
      vertex 5.47521 34.5691 0
      vertex 12.4669 25.8798 0
    endloop
  endfacet
  facet normal 0 -0 -1
    outer loop
      vertex 4.6 0 0
      vertex 35 0 0
      vertex 4.5937 -0.240745 0
    endloop
  endfacet
  facet normal 0 0 -1
    outer loop
      vertex 34.952 -1.83176 0
      vertex 4.5937 -0.240745 0
      vertex 35 0 0
    endloop
  endfacet
  facet normal 0 -0 -1
    outer loop
      vertex 4.5937 -0.240745 0
      vertex 34.952 -1.83176 0
      vertex 4.5748 -0.48083 0
    endloop
  endfacet
  facet normal 0 0 -1
    outer loop
      vertex 34.8083 -3.6585 0
      vertex 4.5748 -0.48083 0
      vertex 34.952 -1.83176 0
    endloop
  endfacet
  facet normal 0 -0 -1
    outer loop
      vertex 4.5748 -0.48083 0
      vertex 34.8083 -3.6585 0
      vertex 4.54337 -0.719598 0
    endloop
  endfacet
  facet normal 0 -0 -1
    outer loop
      vertex 4.54337 -0.719598 0
      vertex 34.5691 -5.47521 0
      vertex 4.49948 -0.956393 0
    endloop
  endfacet
  facet normal 0 0 -1
    outer loop
      vertex 33.287 -10.8156 0
      vertex 4.37486 -1.42148 0
      vertex 33.8074 -9.05867 0
    endloop
  endfacet
  facet normal 0 0 -1
    outer loop
      vertex 15.3967 -23.4763 0
      vertex 4.09863 -2.08836 0
      vertex 4.20231 -1.87099 0
    endloop
  endfacet
  facet normal 0 0 -1
    outer loop
      vertex 15.2651 -23.4589 0
      vertex 3.98372 -2.3 0
      vertex 4.09863 -2.08836 0
    endloop
  endfacet
  facet normal 0 0 -1
    outer loop
      vertex 15.1327 -23.4485 0
      vertex 3.85788 -2.50534 0
      vertex 3.98372 -2.3 0
    endloop
  endfacet
  facet normal 0 0 -1
    outer loop
      vertex 15 -23.445 0
      vertex 3.72148 -2.70381 0
      vertex 3.85788 -2.50534 0
    endloop
  endfacet
  facet normal 0 0 -1
    outer loop
      vertex 12.4782 -25.7157 0
      vertex 3.6585 -34.8083 0
      vertex 1.83176 -34.952 0
    endloop
  endfacet
  facet normal 0 0 -1
    outer loop
      vertex 14.7349 -23.4589 0
      vertex 3.57487 -2.89487 0
      vertex 3.72148 -2.70381 0
    endloop
  endfacet
  facet normal 0 0 -1
    outer loop
      vertex 14.6033 -23.4763 0
      vertex 3.41847 -3.078 0
      vertex 3.57487 -2.89487 0
    endloop
  endfacet
  facet normal 0 0 -1
    outer loop
      vertex 14.4728 -23.5005 0
      vertex 3.25269 -3.25269 0
      vertex 3.41847 -3.078 0
    endloop
  endfacet
  facet normal 0 0 -1
    outer loop
      vertex 14.3437 -23.5315 0
      vertex 3.078 -3.41847 0
      vertex 3.25269 -3.25269 0
    endloop
  endfacet
  facet normal 0 0 -1
    outer loop
      vertex 14.2164 -23.5692 0
      vertex 2.89487 -3.57487 0
      vertex 3.078 -3.41847 0
    endloop
  endfacet
  facet normal 0 0 -1
    outer loop
      vertex 14.0913 -23.6135 0
      vertex 2.70381 -3.72148 0
      vertex 2.89487 -3.57487 0
    endloop
  endfacet
  facet normal 0 0 -1
    outer loop
      vertex 13.9399 -23.678 0
      vertex 2.50534 -3.85788 0
      vertex 2.70381 -3.72148 0
    endloop
  endfacet
  facet normal 0 0 -1
    outer loop
      vertex 13.7321 -23.7848 0
      vertex 2.3 -3.98372 0
      vertex 2.50534 -3.85788 0
    endloop
  endfacet
  facet normal 0 0 -1
    outer loop
      vertex 13.6189 -23.8541 0
      vertex 2.08836 -4.09863 0
      vertex 2.3 -3.98372 0
    endloop
  endfacet
  facet normal 0 0 -1
    outer loop
      vertex 13.5095 -23.9293 0
      vertex 1.87099 -4.20231 0
      vertex 2.08836 -4.09863 0
    endloop
  endfacet
  facet normal 0 0 -1
    outer loop
      vertex 12.5197 -25.4536 0
      vertex 1.83176 -34.952 0
      vertex 0 -35 0
    endloop
  endfacet
  facet normal 0 0 -1
    outer loop
      vertex 13.4042 -24.0101 0
      vertex 1.64849 -4.29447 0
      vertex 1.87099 -4.20231 0
    endloop
  endfacet
  facet normal 0 0 -1
    outer loop
      vertex 13.3033 -24.0964 0
      vertex 1.42148 -4.37486 0
      vertex 1.64849 -4.29447 0
    endloop
  endfacet
  facet normal 0 0 -1
    outer loop
      vertex 13.207 -24.1877 0
      vertex 1.19057 -4.44326 0
      vertex 1.42148 -4.37486 0
    endloop
  endfacet
  facet normal 0 0 -1
    outer loop
      vertex 13.095 -24.3082 0
      vertex 0.956393 -4.49948 0
      vertex 1.19057 -4.44326 0
    endloop
  endfacet
  facet normal 0 0 -1
    outer loop
      vertex 12.9486 -24.4903 0
      vertex 0.719598 -4.54337 0
      vertex 0.956393 -4.49948 0
    endloop
  endfacet
  facet normal 0 0 -1
    outer loop
      vertex 12.8734 -24.5997 0
      vertex 0.48083 -4.5748 0
      vertex 0.719598 -4.54337 0
    endloop
  endfacet
  facet normal 0 0 -1
    outer loop
      vertex 12.804 -24.7129 0
      vertex 0.240745 -4.5937 0
      vertex 0.48083 -4.5748 0
    endloop
  endfacet
  facet normal 0 0 -1
    outer loop
      vertex 12.5507 -25.3245 0
      vertex 0 -35 0
      vertex -1.83176 -34.952 0
    endloop
  endfacet
  facet normal 0 0 -1
    outer loop
      vertex 12.7407 -24.8296 0
      vertex 0 -4.6 0
      vertex 0.240745 -4.5937 0
    endloop
  endfacet
  facet normal 0 0 -1
    outer loop
      vertex 12.6835 -24.9494 0
      vertex -0.240745 -4.5937 0
      vertex 0 -4.6 0
    endloop
  endfacet
  facet normal -0 0 -1
    outer loop
      vertex 12.6327 -25.072 0
      vertex -1.83176 -34.952 0
      vertex -0.240745 -4.5937 0
    endloop
  endfacet
  facet normal -0 0 -1
    outer loop
      vertex -0.240745 -4.5937 0
      vertex -1.83176 -34.952 0
      vertex -0.48083 -4.5748 0
    endloop
  endfacet
  facet normal 0 0 -1
    outer loop
      vertex -3.6585 -34.8083 0
      vertex -0.48083 -4.5748 0
      vertex -1.83176 -34.952 0
    endloop
  endfacet
  facet normal -0 0 -1
    outer loop
      vertex -0.48083 -4.5748 0
      vertex -3.6585 -34.8083 0
      vertex -0.719598 -4.54337 0
    endloop
  endfacet
  facet normal 0 0 -1
    outer loop
      vertex -5.47521 -34.5691 0
      vertex -0.719598 -4.54337 0
      vertex -3.6585 -34.8083 0
    endloop
  endfacet
  facet normal -0 0 -1
    outer loop
      vertex -0.719598 -4.54337 0
      vertex -5.47521 -34.5691 0
      vertex -0.956393 -4.49948 0
    endloop
  endfacet
  facet normal 0 0 -1
    outer loop
      vertex -7.27691 -34.2352 0
      vertex -0.956393 -4.49948 0
      vertex -5.47521 -34.5691 0
    endloop
  endfacet
  facet normal -0 0 -1
    outer loop
      vertex -0.956393 -4.49948 0
      vertex -7.27691 -34.2352 0
      vertex -1.19057 -4.44326 0
    endloop
  endfacet
  facet normal 0 0 -1
    outer loop
      vertex -9.05867 -33.8074 0
      vertex -1.19057 -4.44326 0
      vertex -7.27691 -34.2352 0
    endloop
  endfacet
  facet normal -0 0 -1
    outer loop
      vertex -1.19057 -4.44326 0
      vertex -9.05867 -33.8074 0
      vertex -1.42148 -4.37486 0
    endloop
  endfacet
  facet normal 0 0 -1
    outer loop
      vertex -10.8156 -33.287 0
      vertex -1.42148 -4.37486 0
      vertex -9.05867 -33.8074 0
    endloop
  endfacet
  facet normal -0 0 -1
    outer loop
      vertex -1.42148 -4.37486 0
      vertex -10.8156 -33.287 0
      vertex -1.64849 -4.29447 0
    endloop
  endfacet
  facet normal 0 0 -1
    outer loop
      vertex -12.5429 -32.6753 0
      vertex -1.64849 -4.29447 0
      vertex -10.8156 -33.287 0
    endloop
  endfacet
  facet normal -0 0 -1
    outer loop
      vertex -1.64849 -4.29447 0
      vertex -12.5429 -32.6753 0
      vertex -1.87099 -4.20231 0
    endloop
  endfacet
  facet normal 0 0 -1
    outer loop
      vertex -14.2358 -31.9741 0
      vertex -1.87099 -4.20231 0
      vertex -12.5429 -32.6753 0
    endloop
  endfacet
  facet normal -0 0 -1
    outer loop
      vertex -1.87099 -4.20231 0
      vertex -14.2358 -31.9741 0
      vertex -2.08836 -4.09863 0
    endloop
  endfacet
  facet normal 0 0 -1
    outer loop
      vertex -15.8897 -31.1852 0
      vertex -2.08836 -4.09863 0
      vertex -14.2358 -31.9741 0
    endloop
  endfacet
  facet normal -0 0 -1
    outer loop
      vertex -2.08836 -4.09863 0
      vertex -15.8897 -31.1852 0
      vertex -2.3 -3.98372 0
    endloop
  endfacet
  facet normal 0 0 -1
    outer loop
      vertex -17.5 -30.3109 0
      vertex -2.3 -3.98372 0
      vertex -15.8897 -31.1852 0
    endloop
  endfacet
  facet normal -0 0 -1
    outer loop
      vertex -2.3 -3.98372 0
      vertex -17.5 -30.3109 0
      vertex -2.50534 -3.85788 0
    endloop
  endfacet
  facet normal 0 0 -1
    outer loop
      vertex -19.0624 -29.3535 0
      vertex -2.50534 -3.85788 0
      vertex -17.5 -30.3109 0
    endloop
  endfacet
  facet normal -0 0 -1
    outer loop
      vertex -2.50534 -3.85788 0
      vertex -19.0624 -29.3535 0
      vertex -2.70381 -3.72148 0
    endloop
  endfacet
  facet normal 0 0 -1
    outer loop
      vertex -20.5725 -28.3156 0
      vertex -2.70381 -3.72148 0
      vertex -19.0624 -29.3535 0
    endloop
  endfacet
  facet normal -0 0 -1
    outer loop
      vertex -2.70381 -3.72148 0
      vertex -20.5725 -28.3156 0
      vertex -2.89487 -3.57487 0
    endloop
  endfacet
  facet normal 0 0 -1
    outer loop
      vertex -22.0262 -27.2001 0
      vertex -2.89487 -3.57487 0
      vertex -20.5725 -28.3156 0
    endloop
  endfacet
  facet normal -0 0 -1
    outer loop
      vertex -2.89487 -3.57487 0
      vertex -22.0262 -27.2001 0
      vertex -3.078 -3.41847 0
    endloop
  endfacet
  facet normal 0 0 -1
    outer loop
      vertex -23.4196 -26.0101 0
      vertex -3.078 -3.41847 0
      vertex -22.0262 -27.2001 0
    endloop
  endfacet
  facet normal -0 0 -1
    outer loop
      vertex -3.078 -3.41847 0
      vertex -23.4196 -26.0101 0
      vertex -3.25269 -3.25269 0
    endloop
  endfacet
  facet normal 0 0 -1
    outer loop
      vertex -24.7487 -24.7487 0
      vertex -3.25269 -3.25269 0
      vertex -23.4196 -26.0101 0
    endloop
  endfacet
  facet normal -0 0 -1
    outer loop
      vertex -3.25269 -3.25269 0
      vertex -24.7487 -24.7487 0
      vertex -3.41847 -3.078 0
    endloop
  endfacet
  facet normal -0 0 -1
    outer loop
      vertex -3.41847 -3.078 0
      vertex -26.0101 -23.4196 0
      vertex -3.57487 -2.89487 0
    endloop
  endfacet
  facet normal 0 0 -1
    outer loop
      vertex -26.0101 -23.4196 0
      vertex -3.41847 -3.078 0
      vertex -24.7487 -24.7487 0
    endloop
  endfacet
  facet normal -0.0261953 -0.999657 0
    outer loop
      vertex -1.83176 -34.952 0
      vertex 0 -35 3
      vertex -1.83176 -34.952 3
    endloop
  endfacet
  facet normal -0.0261953 -0.999657 -0
    outer loop
      vertex 0 -35 3
      vertex -1.83176 -34.952 0
      vertex 0 -35 0
    endloop
  endfacet
  facet normal 0.333822 0.942636 -0
    outer loop
      vertex 12.5429 32.6753 0
      vertex 10.8156 33.287 3
      vertex 12.5429 32.6753 3
    endloop
  endfacet
  facet normal 0.333822 0.942636 0
    outer loop
      vertex 10.8156 33.287 3
      vertex 12.5429 32.6753 0
      vertex 10.8156 33.287 0
    endloop
  endfacet
  facet normal -0.991443 0.13054 0
    outer loop
      vertex -34.8083 3.6585 0
      vertex -34.5691 5.47521 3
      vertex -34.5691 5.47521 0
    endloop
  endfacet
  facet normal -0.991443 0.13054 0
    outer loop
      vertex -34.5691 5.47521 3
      vertex -34.8083 3.6585 0
      vertex -34.8083 3.6585 3
    endloop
  endfacet
  facet normal 0.725339 0.688392 0
    outer loop
      vertex 26.0101 23.4196 3
      vertex 24.7487 24.7487 0
      vertex 24.7487 24.7487 3
    endloop
  endfacet
  facet normal 0.725339 0.688392 0
    outer loop
      vertex 24.7487 24.7487 0
      vertex 26.0101 23.4196 3
      vertex 26.0101 23.4196 0
    endloop
  endfacet
  facet normal 0.923884 -0.382673 0
    outer loop
      vertex 31.9741 -14.2358 3
      vertex 32.6753 -12.5429 0
      vertex 32.6753 -12.5429 3
    endloop
  endfacet
  facet normal 0.923884 -0.382673 0
    outer loop
      vertex 32.6753 -12.5429 0
      vertex 31.9741 -14.2358 3
      vertex 31.9741 -14.2358 0
    endloop
  endfacet
  facet normal 0.999657 0.0261953 0
    outer loop
      vertex 35 0 3
      vertex 34.952 1.83176 0
      vertex 34.952 1.83176 3
    endloop
  endfacet
  facet normal 0.999657 0.0261953 0
    outer loop
      vertex 34.952 1.83176 0
      vertex 35 0 3
      vertex 35 0 0
    endloop
  endfacet
  facet normal -0.522483 0.85265 0
    outer loop
      vertex -17.5 30.3109 0
      vertex -19.0624 29.3535 3
      vertex -17.5 30.3109 3
    endloop
  endfacet
  facet normal -0.522483 0.85265 0
    outer loop
      vertex -19.0624 29.3535 3
      vertex -17.5 30.3109 0
      vertex -19.0624 29.3535 0
    endloop
  endfacet
  facet normal -0.999657 0.0261953 0
    outer loop
      vertex -35 0 0
      vertex -34.952 1.83176 3
      vertex -34.952 1.83176 0
    endloop
  endfacet
  facet normal -0.999657 0.0261953 0
    outer loop
      vertex -34.952 1.83176 3
      vertex -35 0 0
      vertex -35 0 3
    endloop
  endfacet
  facet normal 0.793344 0.608774 0
    outer loop
      vertex 28.3156 20.5725 3
      vertex 27.2001 22.0262 0
      vertex 27.2001 22.0262 3
    endloop
  endfacet
  facet normal 0.793344 0.608774 0
    outer loop
      vertex 27.2001 22.0262 0
      vertex 28.3156 20.5725 3
      vertex 28.3156 20.5725 0
    endloop
  endfacet
  facet normal 0.793344 -0.608774 0
    outer loop
      vertex 27.2001 -22.0262 3
      vertex 28.3156 -20.5725 0
      vertex 28.3156 -20.5725 3
    endloop
  endfacet
  facet normal 0.793344 -0.608774 0
    outer loop
      vertex 28.3156 -20.5725 0
      vertex 27.2001 -22.0262 3
      vertex 27.2001 -22.0262 0
    endloop
  endfacet
  facet normal 0.878822 0.47715 0
    outer loop
      vertex 31.1852 15.8897 3
      vertex 30.3109 17.5 0
      vertex 30.3109 17.5 3
    endloop
  endfacet
  facet normal 0.878822 0.47715 0
    outer loop
      vertex 30.3109 17.5 0
      vertex 31.1852 15.8897 3
      vertex 31.1852 15.8897 0
    endloop
  endfacet
  facet normal 0.942636 0.333822 0
    outer loop
      vertex 33.287 10.8156 3
      vertex 32.6753 12.5429 0
      vertex 32.6753 12.5429 3
    endloop
  endfacet
  facet normal 0.942636 0.333822 0
    outer loop
      vertex 32.6753 12.5429 0
      vertex 33.287 10.8156 3
      vertex 33.287 10.8156 0
    endloop
  endfacet
  facet normal 0.284002 -0.958824 0
    outer loop
      vertex 9.05867 -33.8074 0
      vertex 10.8156 -33.287 3
      vertex 9.05867 -33.8074 3
    endloop
  endfacet
  facet normal 0.284002 -0.958824 0
    outer loop
      vertex 10.8156 -33.287 3
      vertex 9.05867 -33.8074 0
      vertex 10.8156 -33.287 0
    endloop
  endfacet
  facet normal -0.284002 -0.958824 0
    outer loop
      vertex -10.8156 -33.287 0
      vertex -9.05867 -33.8074 3
      vertex -10.8156 -33.287 3
    endloop
  endfacet
  facet normal -0.284002 -0.958824 -0
    outer loop
      vertex -9.05867 -33.8074 3
      vertex -10.8156 -33.287 0
      vertex -9.05867 -33.8074 0
    endloop
  endfacet
  facet normal 0.958824 -0.284002 0
    outer loop
      vertex 33.287 -10.8156 3
      vertex 33.8074 -9.05867 0
      vertex 33.8074 -9.05867 3
    endloop
  endfacet
  facet normal 0.958824 -0.284002 0
    outer loop
      vertex 33.8074 -9.05867 0
      vertex 33.287 -10.8156 3
      vertex 33.287 -10.8156 0
    endloop
  endfacet
  facet normal 0.0784225 0.99692 -0
    outer loop
      vertex 3.6585 34.8083 0
      vertex 1.83176 34.952 3
      vertex 3.6585 34.8083 3
    endloop
  endfacet
  facet normal 0.0784225 0.99692 0
    outer loop
      vertex 1.83176 34.952 3
      vertex 3.6585 34.8083 0
      vertex 1.83176 34.952 0
    endloop
  endfacet
  facet normal 0.233465 -0.972365 0
    outer loop
      vertex 7.27691 -34.2352 0
      vertex 9.05867 -33.8074 3
      vertex 7.27691 -34.2352 3
    endloop
  endfacet
  facet normal 0.233465 -0.972365 0
    outer loop
      vertex 9.05867 -33.8074 3
      vertex 7.27691 -34.2352 0
      vertex 9.05867 -33.8074 0
    endloop
  endfacet
  facet normal 0.608774 0.793344 -0
    outer loop
      vertex 22.0262 27.2001 0
      vertex 20.5725 28.3156 3
      vertex 22.0262 27.2001 3
    endloop
  endfacet
  facet normal 0.608774 0.793344 0
    outer loop
      vertex 20.5725 28.3156 3
      vertex 22.0262 27.2001 0
      vertex 20.5725 28.3156 0
    endloop
  endfacet
  facet normal 0.923884 0.382673 0
    outer loop
      vertex 32.6753 12.5429 3
      vertex 31.9741 14.2358 0
      vertex 31.9741 14.2358 3
    endloop
  endfacet
  facet normal 0.923884 0.382673 0
    outer loop
      vertex 31.9741 14.2358 0
      vertex 32.6753 12.5429 3
      vertex 32.6753 12.5429 0
    endloop
  endfacet
  facet normal 0.958824 0.284002 0
    outer loop
      vertex 33.8074 9.05867 3
      vertex 33.287 10.8156 0
      vertex 33.287 10.8156 3
    endloop
  endfacet
  facet normal 0.958824 0.284002 0
    outer loop
      vertex 33.287 10.8156 0
      vertex 33.8074 9.05867 3
      vertex 33.8074 9.05867 0
    endloop
  endfacet
  facet normal 0.382673 -0.923884 0
    outer loop
      vertex 12.5429 -32.6753 0
      vertex 14.2358 -31.9741 3
      vertex 12.5429 -32.6753 3
    endloop
  endfacet
  facet normal 0.382673 -0.923884 0
    outer loop
      vertex 14.2358 -31.9741 3
      vertex 12.5429 -32.6753 0
      vertex 14.2358 -31.9741 0
    endloop
  endfacet
  facet normal -0.958824 0.284002 0
    outer loop
      vertex -33.8074 9.05867 0
      vertex -33.287 10.8156 3
      vertex -33.287 10.8156 0
    endloop
  endfacet
  facet normal -0.958824 0.284002 0
    outer loop
      vertex -33.287 10.8156 3
      vertex -33.8074 9.05867 0
      vertex -33.8074 9.05867 3
    endloop
  endfacet
  facet normal 0.942636 -0.333822 0
    outer loop
      vertex 32.6753 -12.5429 3
      vertex 33.287 -10.8156 0
      vertex 33.287 -10.8156 3
    endloop
  endfacet
  facet normal 0.942636 -0.333822 0
    outer loop
      vertex 33.287 -10.8156 0
      vertex 32.6753 -12.5429 3
      vertex 32.6753 -12.5429 0
    endloop
  endfacet
  facet normal -0.13054 0.991443 0
    outer loop
      vertex -3.6585 34.8083 0
      vertex -5.47521 34.5691 3
      vertex -3.6585 34.8083 3
    endloop
  endfacet
  facet normal -0.13054 0.991443 0
    outer loop
      vertex -5.47521 34.5691 3
      vertex -3.6585 34.8083 0
      vertex -5.47521 34.5691 0
    endloop
  endfacet
  facet normal 0.688392 0.725339 -0
    outer loop
      vertex 24.7487 24.7487 0
      vertex 23.4196 26.0101 3
      vertex 24.7487 24.7487 3
    endloop
  endfacet
  facet normal 0.688392 0.725339 0
    outer loop
      vertex 23.4196 26.0101 3
      vertex 24.7487 24.7487 0
      vertex 23.4196 26.0101 0
    endloop
  endfacet
  facet normal 0.991443 0.13054 0
    outer loop
      vertex 34.8083 3.6585 3
      vertex 34.5691 5.47521 0
      vertex 34.5691 5.47521 3
    endloop
  endfacet
  facet normal 0.991443 0.13054 0
    outer loop
      vertex 34.5691 5.47521 0
      vertex 34.8083 3.6585 3
      vertex 34.8083 3.6585 0
    endloop
  endfacet
  facet normal -0.725339 0.688392 0
    outer loop
      vertex -26.0101 23.4196 0
      vertex -24.7487 24.7487 3
      vertex -24.7487 24.7487 0
    endloop
  endfacet
  facet normal -0.725339 0.688392 0
    outer loop
      vertex -24.7487 24.7487 3
      vertex -26.0101 23.4196 0
      vertex -26.0101 23.4196 3
    endloop
  endfacet
  facet normal 0.760426 -0.649424 0
    outer loop
      vertex 26.0101 -23.4196 3
      vertex 27.2001 -22.0262 0
      vertex 27.2001 -22.0262 3
    endloop
  endfacet
  facet normal 0.760426 -0.649424 0
    outer loop
      vertex 27.2001 -22.0262 0
      vertex 26.0101 -23.4196 3
      vertex 26.0101 -23.4196 0
    endloop
  endfacet
  facet normal -0.824117 0.56642 0
    outer loop
      vertex -29.3535 19.0624 0
      vertex -28.3156 20.5725 3
      vertex -28.3156 20.5725 0
    endloop
  endfacet
  facet normal -0.824117 0.56642 0
    outer loop
      vertex -28.3156 20.5725 3
      vertex -29.3535 19.0624 0
      vertex -29.3535 19.0624 3
    endloop
  endfacet
  facet normal -0.991443 -0.13054 0
    outer loop
      vertex -34.5691 -5.47521 0
      vertex -34.8083 -3.6585 3
      vertex -34.8083 -3.6585 0
    endloop
  endfacet
  facet normal -0.991443 -0.13054 0
    outer loop
      vertex -34.8083 -3.6585 3
      vertex -34.5691 -5.47521 0
      vertex -34.5691 -5.47521 3
    endloop
  endfacet
  facet normal -0.99692 0.0784225 0
    outer loop
      vertex -34.952 1.83176 0
      vertex -34.8083 3.6585 3
      vertex -34.8083 3.6585 0
    endloop
  endfacet
  facet normal -0.99692 0.0784225 0
    outer loop
      vertex -34.8083 3.6585 3
      vertex -34.952 1.83176 0
      vertex -34.952 1.83176 3
    endloop
  endfacet
  facet normal -0.0784225 -0.99692 0
    outer loop
      vertex -3.6585 -34.8083 0
      vertex -1.83176 -34.952 3
      vertex -3.6585 -34.8083 3
    endloop
  endfacet
  facet normal -0.0784225 -0.99692 -0
    outer loop
      vertex -1.83176 -34.952 3
      vertex -3.6585 -34.8083 0
      vertex -1.83176 -34.952 0
    endloop
  endfacet
  facet normal -0.333822 0.942636 0
    outer loop
      vertex -10.8156 33.287 0
      vertex -12.5429 32.6753 3
      vertex -10.8156 33.287 3
    endloop
  endfacet
  facet normal -0.333822 0.942636 0
    outer loop
      vertex -12.5429 32.6753 3
      vertex -10.8156 33.287 0
      vertex -12.5429 32.6753 0
    endloop
  endfacet
  facet normal 0.760426 0.649424 0
    outer loop
      vertex 27.2001 22.0262 3
      vertex 26.0101 23.4196 0
      vertex 26.0101 23.4196 3
    endloop
  endfacet
  facet normal 0.760426 0.649424 0
    outer loop
      vertex 26.0101 23.4196 0
      vertex 27.2001 22.0262 3
      vertex 27.2001 22.0262 0
    endloop
  endfacet
  facet normal -0.760426 0.649424 0
    outer loop
      vertex -27.2001 22.0262 0
      vertex -26.0101 23.4196 3
      vertex -26.0101 23.4196 0
    endloop
  endfacet
  facet normal -0.760426 0.649424 0
    outer loop
      vertex -26.0101 23.4196 3
      vertex -27.2001 22.0262 0
      vertex -27.2001 22.0262 3
    endloop
  endfacet
  facet normal -0.688392 -0.725339 0
    outer loop
      vertex -24.7487 -24.7487 0
      vertex -23.4196 -26.0101 3
      vertex -24.7487 -24.7487 3
    endloop
  endfacet
  facet normal -0.688392 -0.725339 -0
    outer loop
      vertex -23.4196 -26.0101 3
      vertex -24.7487 -24.7487 0
      vertex -23.4196 -26.0101 0
    endloop
  endfacet
  facet normal -0.902579 -0.430525 0
    outer loop
      vertex -31.1852 -15.8897 0
      vertex -31.9741 -14.2358 3
      vertex -31.9741 -14.2358 0
    endloop
  endfacet
  facet normal -0.902579 -0.430525 0
    outer loop
      vertex -31.9741 -14.2358 3
      vertex -31.1852 -15.8897 0
      vertex -31.1852 -15.8897 3
    endloop
  endfacet
  facet normal 0.0261953 0.999657 -0
    outer loop
      vertex 1.83176 34.952 0
      vertex 0 35 3
      vertex 1.83176 34.952 3
    endloop
  endfacet
  facet normal 0.0261953 0.999657 0
    outer loop
      vertex 0 35 3
      vertex 1.83176 34.952 0
      vertex 0 35 0
    endloop
  endfacet
  facet normal -0.85265 -0.522483 0
    outer loop
      vertex -29.3535 -19.0624 0
      vertex -30.3109 -17.5 3
      vertex -30.3109 -17.5 0
    endloop
  endfacet
  facet normal -0.85265 -0.522483 0
    outer loop
      vertex -30.3109 -17.5 3
      vertex -29.3535 -19.0624 0
      vertex -29.3535 -19.0624 3
    endloop
  endfacet
  facet normal -0.958824 -0.284002 0
    outer loop
      vertex -33.287 -10.8156 0
      vertex -33.8074 -9.05867 3
      vertex -33.8074 -9.05867 0
    endloop
  endfacet
  facet normal -0.958824 -0.284002 0
    outer loop
      vertex -33.8074 -9.05867 3
      vertex -33.287 -10.8156 0
      vertex -33.287 -10.8156 3
    endloop
  endfacet
  facet normal -0.182222 -0.983257 0
    outer loop
      vertex -7.27691 -34.2352 0
      vertex -5.47521 -34.5691 3
      vertex -7.27691 -34.2352 3
    endloop
  endfacet
  facet normal -0.182222 -0.983257 -0
    outer loop
      vertex -5.47521 -34.5691 3
      vertex -7.27691 -34.2352 0
      vertex -5.47521 -34.5691 0
    endloop
  endfacet
  facet normal -0.999657 -0.0261953 0
    outer loop
      vertex -34.952 -1.83176 0
      vertex -35 0 3
      vertex -35 0 0
    endloop
  endfacet
  facet normal -0.999657 -0.0261953 0
    outer loop
      vertex -35 0 3
      vertex -34.952 -1.83176 0
      vertex -34.952 -1.83176 3
    endloop
  endfacet
  facet normal 0.284002 0.958824 -0
    outer loop
      vertex 10.8156 33.287 0
      vertex 9.05867 33.8074 3
      vertex 10.8156 33.287 3
    endloop
  endfacet
  facet normal 0.284002 0.958824 0
    outer loop
      vertex 9.05867 33.8074 3
      vertex 10.8156 33.287 0
      vertex 9.05867 33.8074 0
    endloop
  endfacet
  facet normal 0.878822 -0.47715 0
    outer loop
      vertex 30.3109 -17.5 3
      vertex 31.1852 -15.8897 0
      vertex 31.1852 -15.8897 3
    endloop
  endfacet
  facet normal 0.878822 -0.47715 0
    outer loop
      vertex 31.1852 -15.8897 0
      vertex 30.3109 -17.5 3
      vertex 30.3109 -17.5 0
    endloop
  endfacet
  facet normal 0.182222 -0.983257 0
    outer loop
      vertex 5.47521 -34.5691 0
      vertex 7.27691 -34.2352 3
      vertex 5.47521 -34.5691 3
    endloop
  endfacet
  facet normal 0.182222 -0.983257 0
    outer loop
      vertex 7.27691 -34.2352 3
      vertex 5.47521 -34.5691 0
      vertex 7.27691 -34.2352 0
    endloop
  endfacet
  facet normal 0.0784225 -0.99692 0
    outer loop
      vertex 1.83176 -34.952 0
      vertex 3.6585 -34.8083 3
      vertex 1.83176 -34.952 3
    endloop
  endfacet
  facet normal 0.0784225 -0.99692 0
    outer loop
      vertex 3.6585 -34.8083 3
      vertex 1.83176 -34.952 0
      vertex 3.6585 -34.8083 0
    endloop
  endfacet
  facet normal -0.13054 -0.991443 0
    outer loop
      vertex -5.47521 -34.5691 0
      vertex -3.6585 -34.8083 3
      vertex -5.47521 -34.5691 3
    endloop
  endfacet
  facet normal -0.13054 -0.991443 -0
    outer loop
      vertex -3.6585 -34.8083 3
      vertex -5.47521 -34.5691 0
      vertex -3.6585 -34.8083 0
    endloop
  endfacet
  facet normal 0.56642 -0.824117 0
    outer loop
      vertex 19.0624 -29.3535 0
      vertex 20.5725 -28.3156 3
      vertex 19.0624 -29.3535 3
    endloop
  endfacet
  facet normal 0.56642 -0.824117 0
    outer loop
      vertex 20.5725 -28.3156 3
      vertex 19.0624 -29.3535 0
      vertex 20.5725 -28.3156 0
    endloop
  endfacet
  facet normal 0.824117 -0.56642 0
    outer loop
      vertex 28.3156 -20.5725 3
      vertex 29.3535 -19.0624 0
      vertex 29.3535 -19.0624 3
    endloop
  endfacet
  facet normal 0.824117 -0.56642 0
    outer loop
      vertex 29.3535 -19.0624 0
      vertex 28.3156 -20.5725 3
      vertex 28.3156 -20.5725 0
    endloop
  endfacet
  facet normal 0.382673 0.923884 -0
    outer loop
      vertex 14.2358 31.9741 0
      vertex 12.5429 32.6753 3
      vertex 14.2358 31.9741 3
    endloop
  endfacet
  facet normal 0.382673 0.923884 0
    outer loop
      vertex 12.5429 32.6753 3
      vertex 14.2358 31.9741 0
      vertex 12.5429 32.6753 0
    endloop
  endfacet
  facet normal 0.99692 0.0784225 0
    outer loop
      vertex 34.952 1.83176 3
      vertex 34.8083 3.6585 0
      vertex 34.8083 3.6585 3
    endloop
  endfacet
  facet normal 0.99692 0.0784225 0
    outer loop
      vertex 34.8083 3.6585 0
      vertex 34.952 1.83176 3
      vertex 34.952 1.83176 0
    endloop
  endfacet
  facet normal 0.47715 0.878822 -0
    outer loop
      vertex 17.5 30.3109 0
      vertex 15.8897 31.1852 3
      vertex 17.5 30.3109 3
    endloop
  endfacet
  facet normal 0.47715 0.878822 0
    outer loop
      vertex 15.8897 31.1852 3
      vertex 17.5 30.3109 0
      vertex 15.8897 31.1852 0
    endloop
  endfacet
  facet normal -0.793344 -0.608774 0
    outer loop
      vertex -27.2001 -22.0262 0
      vertex -28.3156 -20.5725 3
      vertex -28.3156 -20.5725 0
    endloop
  endfacet
  facet normal -0.793344 -0.608774 0
    outer loop
      vertex -28.3156 -20.5725 3
      vertex -27.2001 -22.0262 0
      vertex -27.2001 -22.0262 3
    endloop
  endfacet
  facet normal 0.85265 0.522483 0
    outer loop
      vertex 30.3109 17.5 3
      vertex 29.3535 19.0624 0
      vertex 29.3535 19.0624 3
    endloop
  endfacet
  facet normal 0.85265 0.522483 0
    outer loop
      vertex 29.3535 19.0624 0
      vertex 30.3109 17.5 3
      vertex 30.3109 17.5 0
    endloop
  endfacet
  facet normal 0.983257 -0.182222 0
    outer loop
      vertex 34.2352 -7.27691 3
      vertex 34.5691 -5.47521 0
      vertex 34.5691 -5.47521 3
    endloop
  endfacet
  facet normal 0.983257 -0.182222 0
    outer loop
      vertex 34.5691 -5.47521 0
      vertex 34.2352 -7.27691 3
      vertex 34.2352 -7.27691 0
    endloop
  endfacet
  facet normal -0.85265 0.522483 0
    outer loop
      vertex -30.3109 17.5 0
      vertex -29.3535 19.0624 3
      vertex -29.3535 19.0624 0
    endloop
  endfacet
  facet normal -0.85265 0.522483 0
    outer loop
      vertex -29.3535 19.0624 3
      vertex -30.3109 17.5 0
      vertex -30.3109 17.5 3
    endloop
  endfacet
  facet normal -0.430525 0.902579 0
    outer loop
      vertex -14.2358 31.9741 0
      vertex -15.8897 31.1852 3
      vertex -14.2358 31.9741 3
    endloop
  endfacet
  facet normal -0.430525 0.902579 0
    outer loop
      vertex -15.8897 31.1852 3
      vertex -14.2358 31.9741 0
      vertex -15.8897 31.1852 0
    endloop
  endfacet
  facet normal -0.942636 -0.333822 0
    outer loop
      vertex -32.6753 -12.5429 0
      vertex -33.287 -10.8156 3
      vertex -33.287 -10.8156 0
    endloop
  endfacet
  facet normal -0.942636 -0.333822 0
    outer loop
      vertex -33.287 -10.8156 3
      vertex -32.6753 -12.5429 0
      vertex -32.6753 -12.5429 3
    endloop
  endfacet
  facet normal -0.333822 -0.942636 0
    outer loop
      vertex -12.5429 -32.6753 0
      vertex -10.8156 -33.287 3
      vertex -12.5429 -32.6753 3
    endloop
  endfacet
  facet normal -0.333822 -0.942636 -0
    outer loop
      vertex -10.8156 -33.287 3
      vertex -12.5429 -32.6753 0
      vertex -10.8156 -33.287 0
    endloop
  endfacet
  facet normal 0.522483 0.85265 -0
    outer loop
      vertex 19.0624 29.3535 0
      vertex 17.5 30.3109 3
      vertex 19.0624 29.3535 3
    endloop
  endfacet
  facet normal 0.522483 0.85265 0
    outer loop
      vertex 17.5 30.3109 3
      vertex 19.0624 29.3535 0
      vertex 17.5 30.3109 0
    endloop
  endfacet
  facet normal -0.983257 0.182222 0
    outer loop
      vertex -34.5691 5.47521 0
      vertex -34.2352 7.27691 3
      vertex -34.2352 7.27691 0
    endloop
  endfacet
  facet normal -0.983257 0.182222 0
    outer loop
      vertex -34.2352 7.27691 3
      vertex -34.5691 5.47521 0
      vertex -34.5691 5.47521 3
    endloop
  endfacet
  facet normal -0.0784225 0.99692 0
    outer loop
      vertex -1.83176 34.952 0
      vertex -3.6585 34.8083 3
      vertex -1.83176 34.952 3
    endloop
  endfacet
  facet normal -0.0784225 0.99692 0
    outer loop
      vertex -3.6585 34.8083 3
      vertex -1.83176 34.952 0
      vertex -3.6585 34.8083 0
    endloop
  endfacet
  facet normal 0.972365 -0.233465 0
    outer loop
      vertex 33.8074 -9.05867 3
      vertex 34.2352 -7.27691 0
      vertex 34.2352 -7.27691 3
    endloop
  endfacet
  facet normal 0.972365 -0.233465 0
    outer loop
      vertex 34.2352 -7.27691 0
      vertex 33.8074 -9.05867 3
      vertex 33.8074 -9.05867 0
    endloop
  endfacet
  facet normal -0.725339 -0.688392 0
    outer loop
      vertex -24.7487 -24.7487 0
      vertex -26.0101 -23.4196 3
      vertex -26.0101 -23.4196 0
    endloop
  endfacet
  facet normal -0.725339 -0.688392 0
    outer loop
      vertex -26.0101 -23.4196 3
      vertex -24.7487 -24.7487 0
      vertex -24.7487 -24.7487 3
    endloop
  endfacet
  facet normal -0.608774 0.793344 0
    outer loop
      vertex -20.5725 28.3156 0
      vertex -22.0262 27.2001 3
      vertex -20.5725 28.3156 3
    endloop
  endfacet
  facet normal -0.608774 0.793344 0
    outer loop
      vertex -22.0262 27.2001 3
      vertex -20.5725 28.3156 0
      vertex -22.0262 27.2001 0
    endloop
  endfacet
  facet normal 0.688392 -0.725339 0
    outer loop
      vertex 23.4196 -26.0101 0
      vertex 24.7487 -24.7487 3
      vertex 23.4196 -26.0101 3
    endloop
  endfacet
  facet normal 0.688392 -0.725339 0
    outer loop
      vertex 24.7487 -24.7487 3
      vertex 23.4196 -26.0101 0
      vertex 24.7487 -24.7487 0
    endloop
  endfacet
  facet normal 0.649424 -0.760426 0
    outer loop
      vertex 22.0262 -27.2001 0
      vertex 23.4196 -26.0101 3
      vertex 22.0262 -27.2001 3
    endloop
  endfacet
  facet normal 0.649424 -0.760426 0
    outer loop
      vertex 23.4196 -26.0101 3
      vertex 22.0262 -27.2001 0
      vertex 23.4196 -26.0101 0
    endloop
  endfacet
  facet normal -0.47715 -0.878822 0
    outer loop
      vertex -17.5 -30.3109 0
      vertex -15.8897 -31.1852 3
      vertex -17.5 -30.3109 3
    endloop
  endfacet
  facet normal -0.47715 -0.878822 -0
    outer loop
      vertex -15.8897 -31.1852 3
      vertex -17.5 -30.3109 0
      vertex -15.8897 -31.1852 0
    endloop
  endfacet
  facet normal -0.649424 -0.760426 0
    outer loop
      vertex -23.4196 -26.0101 0
      vertex -22.0262 -27.2001 3
      vertex -23.4196 -26.0101 3
    endloop
  endfacet
  facet normal -0.649424 -0.760426 -0
    outer loop
      vertex -22.0262 -27.2001 3
      vertex -23.4196 -26.0101 0
      vertex -22.0262 -27.2001 0
    endloop
  endfacet
  facet normal -0.793344 0.608774 0
    outer loop
      vertex -28.3156 20.5725 0
      vertex -27.2001 22.0262 3
      vertex -27.2001 22.0262 0
    endloop
  endfacet
  facet normal -0.793344 0.608774 0
    outer loop
      vertex -27.2001 22.0262 3
      vertex -28.3156 20.5725 0
      vertex -28.3156 20.5725 3
    endloop
  endfacet
  facet normal 0.824117 0.56642 0
    outer loop
      vertex 29.3535 19.0624 3
      vertex 28.3156 20.5725 0
      vertex 28.3156 20.5725 3
    endloop
  endfacet
  facet normal 0.824117 0.56642 0
    outer loop
      vertex 28.3156 20.5725 0
      vertex 29.3535 19.0624 3
      vertex 29.3535 19.0624 0
    endloop
  endfacet
  facet normal 0.333822 -0.942636 0
    outer loop
      vertex 10.8156 -33.287 0
      vertex 12.5429 -32.6753 3
      vertex 10.8156 -33.287 3
    endloop
  endfacet
  facet normal 0.333822 -0.942636 0
    outer loop
      vertex 12.5429 -32.6753 3
      vertex 10.8156 -33.287 0
      vertex 12.5429 -32.6753 0
    endloop
  endfacet
  facet normal -0.649424 0.760426 0
    outer loop
      vertex -22.0262 27.2001 0
      vertex -23.4196 26.0101 3
      vertex -22.0262 27.2001 3
    endloop
  endfacet
  facet normal -0.649424 0.760426 0
    outer loop
      vertex -23.4196 26.0101 3
      vertex -22.0262 27.2001 0
      vertex -23.4196 26.0101 0
    endloop
  endfacet
  facet normal 0.233465 0.972365 -0
    outer loop
      vertex 9.05867 33.8074 0
      vertex 7.27691 34.2352 3
      vertex 9.05867 33.8074 3
    endloop
  endfacet
  facet normal 0.233465 0.972365 0
    outer loop
      vertex 7.27691 34.2352 3
      vertex 9.05867 33.8074 0
      vertex 7.27691 34.2352 0
    endloop
  endfacet
  facet normal -0.608774 -0.793344 0
    outer loop
      vertex -22.0262 -27.2001 0
      vertex -20.5725 -28.3156 3
      vertex -22.0262 -27.2001 3
    endloop
  endfacet
  facet normal -0.608774 -0.793344 -0
    outer loop
      vertex -20.5725 -28.3156 3
      vertex -22.0262 -27.2001 0
      vertex -20.5725 -28.3156 0
    endloop
  endfacet
  facet normal -0.760426 -0.649424 0
    outer loop
      vertex -26.0101 -23.4196 0
      vertex -27.2001 -22.0262 3
      vertex -27.2001 -22.0262 0
    endloop
  endfacet
  facet normal -0.760426 -0.649424 0
    outer loop
      vertex -27.2001 -22.0262 3
      vertex -26.0101 -23.4196 0
      vertex -26.0101 -23.4196 3
    endloop
  endfacet
  facet normal -0.284002 0.958824 0
    outer loop
      vertex -9.05867 33.8074 0
      vertex -10.8156 33.287 3
      vertex -9.05867 33.8074 3
    endloop
  endfacet
  facet normal -0.284002 0.958824 0
    outer loop
      vertex -10.8156 33.287 3
      vertex -9.05867 33.8074 0
      vertex -10.8156 33.287 0
    endloop
  endfacet
  facet normal -0.430525 -0.902579 0
    outer loop
      vertex -15.8897 -31.1852 0
      vertex -14.2358 -31.9741 3
      vertex -15.8897 -31.1852 3
    endloop
  endfacet
  facet normal -0.430525 -0.902579 -0
    outer loop
      vertex -14.2358 -31.9741 3
      vertex -15.8897 -31.1852 0
      vertex -14.2358 -31.9741 0
    endloop
  endfacet
  facet normal 0.182222 0.983257 -0
    outer loop
      vertex 7.27691 34.2352 0
      vertex 5.47521 34.5691 3
      vertex 7.27691 34.2352 3
    endloop
  endfacet
  facet normal 0.182222 0.983257 0
    outer loop
      vertex 5.47521 34.5691 3
      vertex 7.27691 34.2352 0
      vertex 5.47521 34.5691 0
    endloop
  endfacet
  facet normal -0.233465 0.972365 0
    outer loop
      vertex -7.27691 34.2352 0
      vertex -9.05867 33.8074 3
      vertex -7.27691 34.2352 3
    endloop
  endfacet
  facet normal -0.233465 0.972365 0
    outer loop
      vertex -9.05867 33.8074 3
      vertex -7.27691 34.2352 0
      vertex -9.05867 33.8074 0
    endloop
  endfacet
  facet normal -0.0261953 0.999657 0
    outer loop
      vertex 0 35 0
      vertex -1.83176 34.952 3
      vertex 0 35 3
    endloop
  endfacet
  facet normal -0.0261953 0.999657 0
    outer loop
      vertex -1.83176 34.952 3
      vertex 0 35 0
      vertex -1.83176 34.952 0
    endloop
  endfacet
  facet normal 0.430525 0.902579 -0
    outer loop
      vertex 15.8897 31.1852 0
      vertex 14.2358 31.9741 3
      vertex 15.8897 31.1852 3
    endloop
  endfacet
  facet normal 0.430525 0.902579 0
    outer loop
      vertex 14.2358 31.9741 3
      vertex 15.8897 31.1852 0
      vertex 14.2358 31.9741 0
    endloop
  endfacet
  facet normal -0.182222 0.983257 0
    outer loop
      vertex -5.47521 34.5691 0
      vertex -7.27691 34.2352 3
      vertex -5.47521 34.5691 3
    endloop
  endfacet
  facet normal -0.182222 0.983257 0
    outer loop
      vertex -7.27691 34.2352 3
      vertex -5.47521 34.5691 0
      vertex -7.27691 34.2352 0
    endloop
  endfacet
  facet normal -0.56642 0.824117 0
    outer loop
      vertex -19.0624 29.3535 0
      vertex -20.5725 28.3156 3
      vertex -19.0624 29.3535 3
    endloop
  endfacet
  facet normal -0.56642 0.824117 0
    outer loop
      vertex -20.5725 28.3156 3
      vertex -19.0624 29.3535 0
      vertex -20.5725 28.3156 0
    endloop
  endfacet
  facet normal 0.725339 -0.688392 0
    outer loop
      vertex 24.7487 -24.7487 3
      vertex 26.0101 -23.4196 0
      vertex 26.0101 -23.4196 3
    endloop
  endfacet
  facet normal 0.725339 -0.688392 0
    outer loop
      vertex 26.0101 -23.4196 0
      vertex 24.7487 -24.7487 3
      vertex 24.7487 -24.7487 0
    endloop
  endfacet
  facet normal 0.983257 0.182222 0
    outer loop
      vertex 34.5691 5.47521 3
      vertex 34.2352 7.27691 0
      vertex 34.2352 7.27691 3
    endloop
  endfacet
  facet normal 0.983257 0.182222 0
    outer loop
      vertex 34.2352 7.27691 0
      vertex 34.5691 5.47521 3
      vertex 34.5691 5.47521 0
    endloop
  endfacet
  facet normal -0.824117 -0.56642 0
    outer loop
      vertex -28.3156 -20.5725 0
      vertex -29.3535 -19.0624 3
      vertex -29.3535 -19.0624 0
    endloop
  endfacet
  facet normal -0.824117 -0.56642 0
    outer loop
      vertex -29.3535 -19.0624 3
      vertex -28.3156 -20.5725 0
      vertex -28.3156 -20.5725 3
    endloop
  endfacet
  facet normal -0.382673 0.923884 0
    outer loop
      vertex -12.5429 32.6753 0
      vertex -14.2358 31.9741 3
      vertex -12.5429 32.6753 3
    endloop
  endfacet
  facet normal -0.382673 0.923884 0
    outer loop
      vertex -14.2358 31.9741 3
      vertex -12.5429 32.6753 0
      vertex -14.2358 31.9741 0
    endloop
  endfacet
  facet normal -0.56642 -0.824117 0
    outer loop
      vertex -20.5725 -28.3156 0
      vertex -19.0624 -29.3535 3
      vertex -20.5725 -28.3156 3
    endloop
  endfacet
  facet normal -0.56642 -0.824117 -0
    outer loop
      vertex -19.0624 -29.3535 3
      vertex -20.5725 -28.3156 0
      vertex -19.0624 -29.3535 0
    endloop
  endfacet
  facet normal -0.233465 -0.972365 0
    outer loop
      vertex -9.05867 -33.8074 0
      vertex -7.27691 -34.2352 3
      vertex -9.05867 -33.8074 3
    endloop
  endfacet
  facet normal -0.233465 -0.972365 -0
    outer loop
      vertex -7.27691 -34.2352 3
      vertex -9.05867 -33.8074 0
      vertex -7.27691 -34.2352 0
    endloop
  endfacet
  facet normal 0.649424 0.760426 -0
    outer loop
      vertex 23.4196 26.0101 0
      vertex 22.0262 27.2001 3
      vertex 23.4196 26.0101 3
    endloop
  endfacet
  facet normal 0.649424 0.760426 0
    outer loop
      vertex 22.0262 27.2001 3
      vertex 23.4196 26.0101 0
      vertex 22.0262 27.2001 0
    endloop
  endfacet
  facet normal -0.878822 -0.47715 0
    outer loop
      vertex -30.3109 -17.5 0
      vertex -31.1852 -15.8897 3
      vertex -31.1852 -15.8897 0
    endloop
  endfacet
  facet normal -0.878822 -0.47715 0
    outer loop
      vertex -31.1852 -15.8897 3
      vertex -30.3109 -17.5 0
      vertex -30.3109 -17.5 3
    endloop
  endfacet
  facet normal -0.688392 0.725339 0
    outer loop
      vertex -23.4196 26.0101 0
      vertex -24.7487 24.7487 3
      vertex -23.4196 26.0101 3
    endloop
  endfacet
  facet normal -0.688392 0.725339 0
    outer loop
      vertex -24.7487 24.7487 3
      vertex -23.4196 26.0101 0
      vertex -24.7487 24.7487 0
    endloop
  endfacet
  facet normal -0.878822 0.47715 0
    outer loop
      vertex -31.1852 15.8897 0
      vertex -30.3109 17.5 3
      vertex -30.3109 17.5 0
    endloop
  endfacet
  facet normal -0.878822 0.47715 0
    outer loop
      vertex -30.3109 17.5 3
      vertex -31.1852 15.8897 0
      vertex -31.1852 15.8897 3
    endloop
  endfacet
  facet normal -0.972365 0.233465 0
    outer loop
      vertex -34.2352 7.27691 0
      vertex -33.8074 9.05867 3
      vertex -33.8074 9.05867 0
    endloop
  endfacet
  facet normal -0.972365 0.233465 0
    outer loop
      vertex -33.8074 9.05867 3
      vertex -34.2352 7.27691 0
      vertex -34.2352 7.27691 3
    endloop
  endfacet
  facet normal 0.902579 0.430525 0
    outer loop
      vertex 31.9741 14.2358 3
      vertex 31.1852 15.8897 0
      vertex 31.1852 15.8897 3
    endloop
  endfacet
  facet normal 0.902579 0.430525 0
    outer loop
      vertex 31.1852 15.8897 0
      vertex 31.9741 14.2358 3
      vertex 31.9741 14.2358 0
    endloop
  endfacet
  facet normal -0.923884 -0.382673 0
    outer loop
      vertex -31.9741 -14.2358 0
      vertex -32.6753 -12.5429 3
      vertex -32.6753 -12.5429 0
    endloop
  endfacet
  facet normal -0.923884 -0.382673 0
    outer loop
      vertex -32.6753 -12.5429 3
      vertex -31.9741 -14.2358 0
      vertex -31.9741 -14.2358 3
    endloop
  endfacet
  facet normal -0.382673 -0.923884 0
    outer loop
      vertex -14.2358 -31.9741 0
      vertex -12.5429 -32.6753 3
      vertex -14.2358 -31.9741 3
    endloop
  endfacet
  facet normal -0.382673 -0.923884 -0
    outer loop
      vertex -12.5429 -32.6753 3
      vertex -14.2358 -31.9741 0
      vertex -12.5429 -32.6753 0
    endloop
  endfacet
  facet normal -0.47715 0.878822 0
    outer loop
      vertex -15.8897 31.1852 0
      vertex -17.5 30.3109 3
      vertex -15.8897 31.1852 3
    endloop
  endfacet
  facet normal -0.47715 0.878822 0
    outer loop
      vertex -17.5 30.3109 3
      vertex -15.8897 31.1852 0
      vertex -17.5 30.3109 0
    endloop
  endfacet
  facet normal -0.923884 0.382673 0
    outer loop
      vertex -32.6753 12.5429 0
      vertex -31.9741 14.2358 3
      vertex -31.9741 14.2358 0
    endloop
  endfacet
  facet normal -0.923884 0.382673 0
    outer loop
      vertex -31.9741 14.2358 3
      vertex -32.6753 12.5429 0
      vertex -32.6753 12.5429 3
    endloop
  endfacet
  facet normal -0.902579 0.430525 0
    outer loop
      vertex -31.9741 14.2358 0
      vertex -31.1852 15.8897 3
      vertex -31.1852 15.8897 0
    endloop
  endfacet
  facet normal -0.902579 0.430525 0
    outer loop
      vertex -31.1852 15.8897 3
      vertex -31.9741 14.2358 0
      vertex -31.9741 14.2358 3
    endloop
  endfacet
  facet normal -0.996907 0.078585 0
    outer loop
      vertex 16.6907 -26.1585 1.8
      vertex 16.6977 -26.0697 5
      vertex 16.6977 -26.0697 1.8
    endloop
  endfacet
  facet normal -0.996907 0.078585 0
    outer loop
      vertex 16.6977 -26.0697 5
      vertex 16.6907 -26.1585 1.8
      vertex 16.6907 -26.1585 5
    endloop
  endfacet
  facet normal -0.999665 0.0258631 0
    outer loop
      vertex 16.6977 -26.0697 1.8
      vertex 16.7 -25.9808 5
      vertex 16.7 -25.9808 1.8
    endloop
  endfacet
  facet normal -0.999665 0.0258631 0
    outer loop
      vertex 16.7 -25.9808 5
      vertex 16.6977 -26.0697 1.8
      vertex 16.6977 -26.0697 5
    endloop
  endfacet
  facet normal -0.991462 0.130396 0
    outer loop
      vertex 16.6791 -26.2467 1.8
      vertex 16.6907 -26.1585 5
      vertex 16.6907 -26.1585 1.8
    endloop
  endfacet
  facet normal -0.991462 0.130396 0
    outer loop
      vertex 16.6907 -26.1585 5
      vertex 16.6791 -26.2467 1.8
      vertex 16.6791 -26.2467 5
    endloop
  endfacet
  facet normal -0.72542 -0.688306 0
    outer loop
      vertex 16.2633 -24.8432 1.8
      vertex 16.2021 -24.7787 5
      vertex 16.2021 -24.7787 1.8
    endloop
  endfacet
  facet normal -0.72542 -0.688306 0
    outer loop
      vertex 16.2021 -24.7787 5
      vertex 16.2633 -24.8432 1.8
      vertex 16.2633 -24.8432 5
    endloop
  endfacet
  facet normal -0.430501 0.90259 0
    outer loop
      vertex 15.7718 -27.4955 1.8
      vertex 15.6915 -27.5338 5
      vertex 15.7718 -27.4955 5
    endloop
  endfacet
  facet normal -0.430501 0.90259 0
    outer loop
      vertex 15.6915 -27.5338 5
      vertex 15.7718 -27.4955 1.8
      vertex 15.6915 -27.5338 1.8
    endloop
  endfacet
  facet normal -0.852391 0.522905 0
    outer loop
      vertex 16.4257 -26.9066 1.8
      vertex 16.4722 -26.8308 5
      vertex 16.4722 -26.8308 1.8
    endloop
  endfacet
  facet normal -0.852391 0.522905 0
    outer loop
      vertex 16.4722 -26.8308 5
      vertex 16.4257 -26.9066 1.8
      vertex 16.4257 -26.9066 5
    endloop
  endfacet
  facet normal -0.0786731 -0.9969 0
    outer loop
      vertex 15.089 -24.2831 1.8
      vertex 15.1777 -24.2901 5
      vertex 15.089 -24.2831 5
    endloop
  endfacet
  facet normal -0.0786731 -0.9969 -0
    outer loop
      vertex 15.1777 -24.2901 5
      vertex 15.089 -24.2831 1.8
      vertex 15.1777 -24.2901 1.8
    endloop
  endfacet
  facet normal 0.0786731 -0.9969 0
    outer loop
      vertex 14.8223 -24.2901 1.8
      vertex 14.911 -24.2831 5
      vertex 14.8223 -24.2901 5
    endloop
  endfacet
  facet normal 0.0786731 -0.9969 0
    outer loop
      vertex 14.911 -24.2831 5
      vertex 14.8223 -24.2901 1.8
      vertex 14.911 -24.2831 1.8
    endloop
  endfacet
  facet normal 0.90259 0.430501 0
    outer loop
      vertex 13.4853 -26.7525 5
      vertex 13.447 -26.6722 1.8
      vertex 13.447 -26.6722 5
    endloop
  endfacet
  facet normal 0.90259 0.430501 0
    outer loop
      vertex 13.447 -26.6722 1.8
      vertex 13.4853 -26.7525 5
      vertex 13.4853 -26.7525 1.8
    endloop
  endfacet
  facet normal 0.999666 -0.0258341 0
    outer loop
      vertex 13.3 -25.9808 5
      vertex 13.3023 -25.8918 1.8
      vertex 13.3023 -25.8918 5
    endloop
  endfacet
  facet normal 0.999666 -0.0258341 0
    outer loop
      vertex 13.3023 -25.8918 1.8
      vertex 13.3 -25.9808 5
      vertex 13.3 -25.9808 1.8
    endloop
  endfacet
  facet normal 0.430501 0.90259 -0
    outer loop
      vertex 14.3085 -27.5338 1.8
      vertex 14.2282 -27.4955 5
      vertex 14.3085 -27.5338 5
    endloop
  endfacet
  facet normal 0.430501 0.90259 0
    outer loop
      vertex 14.2282 -27.4955 5
      vertex 14.3085 -27.5338 1.8
      vertex 14.2282 -27.4955 1.8
    endloop
  endfacet
  facet normal 0.130396 -0.991462 0
    outer loop
      vertex 14.7341 -24.3017 1.8
      vertex 14.8223 -24.2901 5
      vertex 14.7341 -24.3017 5
    endloop
  endfacet
  facet normal 0.130396 -0.991462 0
    outer loop
      vertex 14.8223 -24.2901 5
      vertex 14.7341 -24.3017 1.8
      vertex 14.8223 -24.2901 1.8
    endloop
  endfacet
  facet normal -0.824369 0.566052 0
    outer loop
      vertex 16.3753 -26.98 1.8
      vertex 16.4257 -26.9066 5
      vertex 16.4257 -26.9066 1.8
    endloop
  endfacet
  facet normal -0.824369 0.566052 0
    outer loop
      vertex 16.4257 -26.9066 5
      vertex 16.3753 -26.98 1.8
      vertex 16.3753 -26.98 5
    endloop
  endfacet
  facet normal 0.130396 0.991462 -0
    outer loop
      vertex 14.8223 -27.6714 1.8
      vertex 14.7341 -27.6598 5
      vertex 14.8223 -27.6714 5
    endloop
  endfacet
  facet normal 0.130396 0.991462 0
    outer loop
      vertex 14.7341 -27.6598 5
      vertex 14.8223 -27.6714 1.8
      vertex 14.7341 -27.6598 1.8
    endloop
  endfacet
  facet normal 0.522404 0.852698 -0
    outer loop
      vertex 14.15 -27.453 1.8
      vertex 14.0741 -27.4065 5
      vertex 14.15 -27.453 5
    endloop
  endfacet
  facet normal 0.522404 0.852698 0
    outer loop
      vertex 14.0741 -27.4065 5
      vertex 14.15 -27.453 1.8
      vertex 14.0741 -27.4065 1.8
    endloop
  endfacet
  facet normal -0.130396 -0.991462 0
    outer loop
      vertex 15.1777 -24.2901 1.8
      vertex 15.2659 -24.3017 5
      vertex 15.1777 -24.2901 5
    endloop
  endfacet
  facet normal -0.130396 -0.991462 -0
    outer loop
      vertex 15.2659 -24.3017 5
      vertex 15.1777 -24.2901 1.8
      vertex 15.2659 -24.3017 1.8
    endloop
  endfacet
  facet normal -0.923674 -0.383179 0
    outer loop
      vertex 16.5871 -25.3715 1.8
      vertex 16.553 -25.2893 5
      vertex 16.553 -25.2893 1.8
    endloop
  endfacet
  facet normal -0.923674 -0.383179 0
    outer loop
      vertex 16.553 -25.2893 5
      vertex 16.5871 -25.3715 1.8
      vertex 16.5871 -25.3715 5
    endloop
  endfacet
  facet normal -0.972601 0.232481 0
    outer loop
      vertex 16.6421 -26.4208 1.8
      vertex 16.6628 -26.3342 5
      vertex 16.6628 -26.3342 1.8
    endloop
  endfacet
  facet normal -0.972601 0.232481 0
    outer loop
      vertex 16.6628 -26.3342 5
      vertex 16.6421 -26.4208 1.8
      vertex 16.6421 -26.4208 5
    endloop
  endfacet
  facet normal 0.942679 -0.333702 0
    outer loop
      vertex 13.3832 -25.4554 5
      vertex 13.4129 -25.3715 1.8
      vertex 13.4129 -25.3715 5
    endloop
  endfacet
  facet normal 0.942679 -0.333702 0
    outer loop
      vertex 13.4129 -25.3715 1.8
      vertex 13.3832 -25.4554 5
      vertex 13.3832 -25.4554 1.8
    endloop
  endfacet
  facet normal 0.958719 0.284356 0
    outer loop
      vertex 13.3832 -26.5061 5
      vertex 13.3579 -26.4208 1.8
      vertex 13.3579 -26.4208 5
    endloop
  endfacet
  facet normal 0.958719 0.284356 0
    outer loop
      vertex 13.3579 -26.4208 1.8
      vertex 13.3832 -26.5061 5
      vertex 13.3832 -26.5061 1.8
    endloop
  endfacet
  facet normal -0.284356 -0.958719 0
    outer loop
      vertex 15.44 -24.3387 1.8
      vertex 15.5253 -24.364 5
      vertex 15.44 -24.3387 5
    endloop
  endfacet
  facet normal -0.284356 -0.958719 -0
    outer loop
      vertex 15.5253 -24.364 5
      vertex 15.44 -24.3387 1.8
      vertex 15.5253 -24.364 1.8
    endloop
  endfacet
  facet normal 0.522404 -0.852698 0
    outer loop
      vertex 14.0741 -24.555 1.8
      vertex 14.15 -24.5085 5
      vertex 14.0741 -24.555 5
    endloop
  endfacet
  facet normal 0.522404 -0.852698 0
    outer loop
      vertex 14.15 -24.5085 5
      vertex 14.0741 -24.555 1.8
      vertex 14.15 -24.5085 1.8
    endloop
  endfacet
  facet normal -0.983088 -0.183135 0
    outer loop
      vertex 16.6791 -25.7148 1.8
      vertex 16.6628 -25.6273 5
      vertex 16.6628 -25.6273 1.8
    endloop
  endfacet
  facet normal -0.983088 -0.183135 0
    outer loop
      vertex 16.6628 -25.6273 5
      vertex 16.6791 -25.7148 1.8
      vertex 16.6791 -25.7148 5
    endloop
  endfacet
  facet normal 0.760524 -0.64931 0
    outer loop
      vertex 13.6789 -24.9109 5
      vertex 13.7367 -24.8432 1.8
      vertex 13.7367 -24.8432 5
    endloop
  endfacet
  facet normal 0.760524 -0.64931 0
    outer loop
      vertex 13.7367 -24.8432 1.8
      vertex 13.6789 -24.9109 5
      vertex 13.6789 -24.9109 1.8
    endloop
  endfacet
  facet normal 0.233798 -0.972285 0
    outer loop
      vertex 14.56 -24.3387 1.8
      vertex 14.6465 -24.3179 5
      vertex 14.56 -24.3387 5
    endloop
  endfacet
  facet normal 0.233798 -0.972285 0
    outer loop
      vertex 14.6465 -24.3179 5
      vertex 14.56 -24.3387 1.8
      vertex 14.6465 -24.3179 1.8
    endloop
  endfacet
  facet normal -0.958719 0.284356 0
    outer loop
      vertex 16.6168 -26.5061 1.8
      vertex 16.6421 -26.4208 5
      vertex 16.6421 -26.4208 1.8
    endloop
  endfacet
  facet normal -0.958719 0.284356 0
    outer loop
      vertex 16.6421 -26.4208 5
      vertex 16.6168 -26.5061 1.8
      vertex 16.6168 -26.5061 5
    endloop
  endfacet
  facet normal 0.688336 0.725392 -0
    outer loop
      vertex 13.8625 -27.2441 1.8
      vertex 13.7979 -27.1828 5
      vertex 13.8625 -27.2441 5
    endloop
  endfacet
  facet normal 0.688336 0.725392 0
    outer loop
      vertex 13.7979 -27.1828 5
      vertex 13.8625 -27.2441 1.8
      vertex 13.7979 -27.1828 1.8
    endloop
  endfacet
  facet normal -0.233543 -0.972347 0
    outer loop
      vertex 15.3534 -24.3179 1.8
      vertex 15.44 -24.3387 5
      vertex 15.3534 -24.3179 5
    endloop
  endfacet
  facet normal -0.233543 -0.972347 -0
    outer loop
      vertex 15.44 -24.3387 5
      vertex 15.3534 -24.3179 1.8
      vertex 15.44 -24.3387 1.8
    endloop
  endfacet
  facet normal -0.942679 0.333702 0
    outer loop
      vertex 16.5871 -26.59 1.8
      vertex 16.6168 -26.5061 5
      vertex 16.6168 -26.5061 1.8
    endloop
  endfacet
  facet normal -0.942679 0.333702 0
    outer loop
      vertex 16.6168 -26.5061 5
      vertex 16.5871 -26.59 1.8
      vertex 16.5871 -26.59 5
    endloop
  endfacet
  facet normal -0.878625 -0.477513 0
    outer loop
      vertex 16.5147 -25.209 1.8
      vertex 16.4722 -25.1308 5
      vertex 16.4722 -25.1308 1.8
    endloop
  endfacet
  facet normal -0.878625 -0.477513 0
    outer loop
      vertex 16.4722 -25.1308 5
      vertex 16.5147 -25.209 1.8
      vertex 16.5147 -25.209 5
    endloop
  endfacet
  facet normal -0.9969 -0.0786731 0
    outer loop
      vertex 16.6977 -25.8918 1.8
      vertex 16.6907 -25.8031 5
      vertex 16.6907 -25.8031 1.8
    endloop
  endfacet
  facet normal -0.9969 -0.0786731 0
    outer loop
      vertex 16.6907 -25.8031 5
      vertex 16.6977 -25.8918 1.8
      vertex 16.6977 -25.8918 5
    endloop
  endfacet
  facet normal 0.983289 0.182049 0
    outer loop
      vertex 13.3371 -26.3342 5
      vertex 13.3209 -26.2467 1.8
      vertex 13.3209 -26.2467 5
    endloop
  endfacet
  facet normal 0.983289 0.182049 0
    outer loop
      vertex 13.3209 -26.2467 1.8
      vertex 13.3371 -26.3342 5
      vertex 13.3371 -26.3342 1.8
    endloop
  endfacet
  facet normal -0.566577 0.824009 0
    outer loop
      vertex 15.9992 -27.3561 1.8
      vertex 15.9259 -27.4065 5
      vertex 15.9992 -27.3561 5
    endloop
  endfacet
  facet normal -0.566577 0.824009 0
    outer loop
      vertex 15.9259 -27.4065 5
      vertex 15.9992 -27.3561 1.8
      vertex 15.9259 -27.4065 1.8
    endloop
  endfacet
  facet normal 0.972285 -0.233798 0
    outer loop
      vertex 13.3371 -25.6273 5
      vertex 13.3579 -25.5408 1.8
      vertex 13.3579 -25.5408 5
    endloop
  endfacet
  facet normal 0.972285 -0.233798 0
    outer loop
      vertex 13.3579 -25.5408 1.8
      vertex 13.3371 -25.6273 5
      vertex 13.3371 -25.6273 1.8
    endloop
  endfacet
  facet normal -0.0269565 0.999637 0
    outer loop
      vertex 15.089 -27.6784 1.8
      vertex 15 -27.6808 5
      vertex 15.089 -27.6784 5
    endloop
  endfacet
  facet normal -0.0269565 0.999637 0
    outer loop
      vertex 15 -27.6808 5
      vertex 15.089 -27.6784 1.8
      vertex 15 -27.6808 1.8
    endloop
  endfacet
  facet normal 0.9969 -0.0786731 0
    outer loop
      vertex 13.3023 -25.8918 5
      vertex 13.3093 -25.8031 1.8
      vertex 13.3093 -25.8031 5
    endloop
  endfacet
  facet normal 0.9969 -0.0786731 0
    outer loop
      vertex 13.3093 -25.8031 1.8
      vertex 13.3023 -25.8918 5
      vertex 13.3023 -25.8918 1.8
    endloop
  endfacet
  facet normal -0.283323 0.959025 0
    outer loop
      vertex 15.5253 -27.5976 1.8
      vertex 15.44 -27.6228 5
      vertex 15.5253 -27.5976 5
    endloop
  endfacet
  facet normal -0.283323 0.959025 0
    outer loop
      vertex 15.44 -27.6228 5
      vertex 15.5253 -27.5976 1.8
      vertex 15.44 -27.6228 1.8
    endloop
  endfacet
  facet normal 0.824369 -0.566052 0
    outer loop
      vertex 13.5743 -25.0549 5
      vertex 13.6247 -24.9815 1.8
      vertex 13.6247 -24.9815 5
    endloop
  endfacet
  facet normal 0.824369 -0.566052 0
    outer loop
      vertex 13.6247 -24.9815 1.8
      vertex 13.5743 -25.0549 5
      vertex 13.5743 -25.0549 1.8
    endloop
  endfacet
  facet normal -0.381823 -0.924236 0
    outer loop
      vertex 15.6092 -24.3937 1.8
      vertex 15.6915 -24.4277 5
      vertex 15.6092 -24.3937 5
    endloop
  endfacet
  facet normal -0.381823 -0.924236 -0
    outer loop
      vertex 15.6915 -24.4277 5
      vertex 15.6092 -24.3937 1.8
      vertex 15.6915 -24.4277 1.8
    endloop
  endfacet
  facet normal -0.64931 -0.760524 0
    outer loop
      vertex 16.0698 -24.6596 1.8
      vertex 16.1375 -24.7174 5
      vertex 16.0698 -24.6596 5
    endloop
  endfacet
  facet normal -0.64931 -0.760524 -0
    outer loop
      vertex 16.1375 -24.7174 5
      vertex 16.0698 -24.6596 1.8
      vertex 16.1375 -24.7174 1.8
    endloop
  endfacet
  facet normal 0.430501 -0.90259 0
    outer loop
      vertex 14.2282 -24.466 1.8
      vertex 14.3085 -24.4277 5
      vertex 14.2282 -24.466 5
    endloop
  endfacet
  facet normal 0.430501 -0.90259 0
    outer loop
      vertex 14.3085 -24.4277 5
      vertex 14.2282 -24.466 1.8
      vertex 14.3085 -24.4277 1.8
    endloop
  endfacet
  facet normal 0.334699 0.942325 -0
    outer loop
      vertex 14.4747 -27.5976 1.8
      vertex 14.3908 -27.5678 5
      vertex 14.4747 -27.5976 5
    endloop
  endfacet
  facet normal 0.334699 0.942325 0
    outer loop
      vertex 14.3908 -27.5678 5
      vertex 14.4747 -27.5976 1.8
      vertex 14.3908 -27.5678 1.8
    endloop
  endfacet
  facet normal -0.381823 0.924236 0
    outer loop
      vertex 15.6915 -27.5338 1.8
      vertex 15.6092 -27.5678 5
      vertex 15.6915 -27.5338 5
    endloop
  endfacet
  facet normal -0.381823 0.924236 0
    outer loop
      vertex 15.6092 -27.5678 5
      vertex 15.6915 -27.5338 1.8
      vertex 15.6092 -27.5678 1.8
    endloop
  endfacet
  facet normal 0.181848 0.983327 -0
    outer loop
      vertex 14.7341 -27.6598 1.8
      vertex 14.6465 -27.6436 5
      vertex 14.7341 -27.6598 5
    endloop
  endfacet
  facet normal 0.181848 0.983327 0
    outer loop
      vertex 14.6465 -27.6436 5
      vertex 14.7341 -27.6598 1.8
      vertex 14.6465 -27.6436 1.8
    endloop
  endfacet
  facet normal -0.0786731 0.9969 0
    outer loop
      vertex 15.1777 -27.6714 1.8
      vertex 15.089 -27.6784 5
      vertex 15.1777 -27.6714 5
    endloop
  endfacet
  facet normal -0.0786731 0.9969 0
    outer loop
      vertex 15.089 -27.6784 5
      vertex 15.1777 -27.6714 1.8
      vertex 15.089 -27.6784 1.8
    endloop
  endfacet
  facet normal 0.996907 0.078585 0
    outer loop
      vertex 13.3093 -26.1585 5
      vertex 13.3023 -26.0697 1.8
      vertex 13.3023 -26.0697 5
    endloop
  endfacet
  facet normal 0.996907 0.078585 0
    outer loop
      vertex 13.3023 -26.0697 1.8
      vertex 13.3093 -26.1585 5
      vertex 13.3093 -26.1585 1.8
    endloop
  endfacet
  facet normal -0.182049 0.983289 0
    outer loop
      vertex 15.3534 -27.6436 1.8
      vertex 15.2659 -27.6598 5
      vertex 15.3534 -27.6436 5
    endloop
  endfacet
  facet normal -0.182049 0.983289 0
    outer loop
      vertex 15.2659 -27.6598 5
      vertex 15.3534 -27.6436 1.8
      vertex 15.2659 -27.6598 1.8
    endloop
  endfacet
  facet normal -0.760524 -0.64931 0
    outer loop
      vertex 16.3211 -24.9109 1.8
      vertex 16.2633 -24.8432 5
      vertex 16.2633 -24.8432 1.8
    endloop
  endfacet
  facet normal -0.760524 -0.64931 0
    outer loop
      vertex 16.2633 -24.8432 5
      vertex 16.3211 -24.9109 1.8
      vertex 16.3211 -24.9109 5
    endloop
  endfacet
  facet normal -0.522404 0.852698 0
    outer loop
      vertex 15.9259 -27.4065 1.8
      vertex 15.85 -27.453 5
      vertex 15.9259 -27.4065 5
    endloop
  endfacet
  facet normal -0.522404 0.852698 0
    outer loop
      vertex 15.85 -27.453 5
      vertex 15.9259 -27.4065 1.8
      vertex 15.85 -27.453 1.8
    endloop
  endfacet
  facet normal 0.991462 0.130396 0
    outer loop
      vertex 13.3209 -26.2467 5
      vertex 13.3093 -26.1585 1.8
      vertex 13.3093 -26.1585 5
    endloop
  endfacet
  facet normal 0.991462 0.130396 0
    outer loop
      vertex 13.3093 -26.1585 1.8
      vertex 13.3209 -26.2467 5
      vertex 13.3209 -26.2467 1.8
    endloop
  endfacet
  facet normal 0.87888 0.477042 0
    outer loop
      vertex 13.5278 -26.8308 5
      vertex 13.4853 -26.7525 1.8
      vertex 13.4853 -26.7525 5
    endloop
  endfacet
  facet normal 0.87888 0.477042 0
    outer loop
      vertex 13.4853 -26.7525 1.8
      vertex 13.5278 -26.8308 5
      vertex 13.5278 -26.8308 1.8
    endloop
  endfacet
  facet normal -0.477513 -0.878625 0
    outer loop
      vertex 15.7718 -24.466 1.8
      vertex 15.85 -24.5085 5
      vertex 15.7718 -24.466 5
    endloop
  endfacet
  facet normal -0.477513 -0.878625 -0
    outer loop
      vertex 15.85 -24.5085 5
      vertex 15.7718 -24.466 1.8
      vertex 15.85 -24.5085 1.8
    endloop
  endfacet
  facet normal 0.477513 -0.878625 0
    outer loop
      vertex 14.15 -24.5085 1.8
      vertex 14.2282 -24.466 5
      vertex 14.15 -24.5085 5
    endloop
  endfacet
  facet normal 0.477513 -0.878625 0
    outer loop
      vertex 14.2282 -24.466 5
      vertex 14.15 -24.5085 1.8
      vertex 14.2282 -24.466 1.8
    endloop
  endfacet
  facet normal 0.972347 0.233543 0
    outer loop
      vertex 13.3579 -26.4208 5
      vertex 13.3371 -26.3342 1.8
      vertex 13.3371 -26.3342 5
    endloop
  endfacet
  facet normal 0.972347 0.233543 0
    outer loop
      vertex 13.3371 -26.3342 1.8
      vertex 13.3579 -26.4208 5
      vertex 13.3579 -26.4208 1.8
    endloop
  endfacet
  facet normal -0.923674 0.383179 0
    outer loop
      vertex 16.553 -26.6722 1.8
      vertex 16.5871 -26.59 5
      vertex 16.5871 -26.59 1.8
    endloop
  endfacet
  facet normal -0.923674 0.383179 0
    outer loop
      vertex 16.5871 -26.59 5
      vertex 16.553 -26.6722 1.8
      vertex 16.553 -26.6722 5
    endloop
  endfacet
  facet normal 0.942679 0.333702 0
    outer loop
      vertex 13.4129 -26.59 5
      vertex 13.3832 -26.5061 1.8
      vertex 13.3832 -26.5061 5
    endloop
  endfacet
  facet normal 0.942679 0.333702 0
    outer loop
      vertex 13.3832 -26.5061 1.8
      vertex 13.4129 -26.59 5
      vertex 13.4129 -26.59 1.8
    endloop
  endfacet
  facet normal -0.72542 0.688306 0
    outer loop
      vertex 16.2021 -27.1828 1.8
      vertex 16.2633 -27.1183 5
      vertex 16.2633 -27.1183 1.8
    endloop
  endfacet
  facet normal -0.72542 0.688306 0
    outer loop
      vertex 16.2633 -27.1183 5
      vertex 16.2021 -27.1828 1.8
      vertex 16.2021 -27.1828 5
    endloop
  endfacet
  facet normal 0.477513 0.878625 -0
    outer loop
      vertex 14.2282 -27.4955 1.8
      vertex 14.15 -27.453 5
      vertex 14.2282 -27.4955 5
    endloop
  endfacet
  facet normal 0.477513 0.878625 0
    outer loop
      vertex 14.15 -27.453 5
      vertex 14.2282 -27.4955 1.8
      vertex 14.15 -27.453 1.8
    endloop
  endfacet
  facet normal -0.60895 0.793208 0
    outer loop
      vertex 16.0698 -27.3019 1.8
      vertex 15.9992 -27.3561 5
      vertex 16.0698 -27.3019 5
    endloop
  endfacet
  facet normal -0.60895 0.793208 0
    outer loop
      vertex 15.9992 -27.3561 5
      vertex 16.0698 -27.3019 1.8
      vertex 15.9992 -27.3561 1.8
    endloop
  endfacet
  facet normal 0.64931 0.760524 -0
    outer loop
      vertex 13.9302 -27.3019 1.8
      vertex 13.8625 -27.2441 5
      vertex 13.9302 -27.3019 5
    endloop
  endfacet
  facet normal 0.64931 0.760524 0
    outer loop
      vertex 13.8625 -27.2441 5
      vertex 13.9302 -27.3019 1.8
      vertex 13.8625 -27.2441 1.8
    endloop
  endfacet
  facet normal -0.430501 -0.90259 0
    outer loop
      vertex 15.6915 -24.4277 1.8
      vertex 15.7718 -24.466 5
      vertex 15.6915 -24.4277 5
    endloop
  endfacet
  facet normal -0.430501 -0.90259 -0
    outer loop
      vertex 15.7718 -24.466 5
      vertex 15.6915 -24.4277 1.8
      vertex 15.7718 -24.466 1.8
    endloop
  endfacet
  facet normal -0.942679 -0.333702 0
    outer loop
      vertex 16.6168 -25.4554 1.8
      vertex 16.5871 -25.3715 5
      vertex 16.5871 -25.3715 1.8
    endloop
  endfacet
  facet normal -0.942679 -0.333702 0
    outer loop
      vertex 16.5871 -25.3715 5
      vertex 16.6168 -25.4554 1.8
      vertex 16.6168 -25.4554 5
    endloop
  endfacet
  facet normal -0.958809 -0.28405 0
    outer loop
      vertex 16.6421 -25.5408 1.8
      vertex 16.6168 -25.4554 5
      vertex 16.6168 -25.4554 1.8
    endloop
  endfacet
  facet normal -0.958809 -0.28405 0
    outer loop
      vertex 16.6168 -25.4554 5
      vertex 16.6421 -25.5408 1.8
      vertex 16.6421 -25.5408 5
    endloop
  endfacet
  facet normal -0.991481 -0.130251 0
    outer loop
      vertex 16.6907 -25.8031 1.8
      vertex 16.6791 -25.7148 5
      vertex 16.6791 -25.7148 1.8
    endloop
  endfacet
  facet normal -0.991481 -0.130251 0
    outer loop
      vertex 16.6791 -25.7148 5
      vertex 16.6907 -25.8031 1.8
      vertex 16.6907 -25.8031 5
    endloop
  endfacet
  facet normal -0.333702 -0.942679 0
    outer loop
      vertex 15.5253 -24.364 1.8
      vertex 15.6092 -24.3937 5
      vertex 15.5253 -24.364 5
    endloop
  endfacet
  facet normal -0.333702 -0.942679 -0
    outer loop
      vertex 15.6092 -24.3937 5
      vertex 15.5253 -24.364 1.8
      vertex 15.6092 -24.3937 1.8
    endloop
  endfacet
  facet normal 0.566577 0.824009 -0
    outer loop
      vertex 14.0741 -27.4065 1.8
      vertex 14.0008 -27.3561 5
      vertex 14.0741 -27.4065 5
    endloop
  endfacet
  facet normal 0.566577 0.824009 0
    outer loop
      vertex 14.0008 -27.3561 5
      vertex 14.0741 -27.4065 1.8
      vertex 14.0008 -27.3561 1.8
    endloop
  endfacet
  facet normal 0.688336 -0.725392 0
    outer loop
      vertex 13.7979 -24.7787 1.8
      vertex 13.8625 -24.7174 5
      vertex 13.7979 -24.7787 5
    endloop
  endfacet
  facet normal 0.688336 -0.725392 0
    outer loop
      vertex 13.8625 -24.7174 5
      vertex 13.7979 -24.7787 1.8
      vertex 13.8625 -24.7174 1.8
    endloop
  endfacet
  facet normal 0.958809 -0.28405 0
    outer loop
      vertex 13.3579 -25.5408 5
      vertex 13.3832 -25.4554 1.8
      vertex 13.3832 -25.4554 5
    endloop
  endfacet
  facet normal 0.958809 -0.28405 0
    outer loop
      vertex 13.3832 -25.4554 1.8
      vertex 13.3579 -25.5408 5
      vertex 13.3579 -25.5408 1.8
    endloop
  endfacet
  facet normal -0.0258341 -0.999666 0
    outer loop
      vertex 15 -24.2808 1.8
      vertex 15.089 -24.2831 5
      vertex 15 -24.2808 5
    endloop
  endfacet
  facet normal -0.0258341 -0.999666 -0
    outer loop
      vertex 15.089 -24.2831 5
      vertex 15 -24.2808 1.8
      vertex 15.089 -24.2831 1.8
    endloop
  endfacet
  facet normal 0.72542 -0.688306 0
    outer loop
      vertex 13.7367 -24.8432 5
      vertex 13.7979 -24.7787 1.8
      vertex 13.7979 -24.7787 5
    endloop
  endfacet
  facet normal 0.72542 -0.688306 0
    outer loop
      vertex 13.7979 -24.7787 1.8
      vertex 13.7367 -24.8432 5
      vertex 13.7367 -24.8432 1.8
    endloop
  endfacet
  facet normal -0.130396 0.991462 0
    outer loop
      vertex 15.2659 -27.6598 1.8
      vertex 15.1777 -27.6714 5
      vertex 15.2659 -27.6598 5
    endloop
  endfacet
  facet normal -0.130396 0.991462 0
    outer loop
      vertex 15.1777 -27.6714 5
      vertex 15.2659 -27.6598 1.8
      vertex 15.1777 -27.6714 1.8
    endloop
  endfacet
  facet normal -0.87888 0.477042 0
    outer loop
      vertex 16.4722 -26.8308 1.8
      vertex 16.5147 -26.7525 5
      vertex 16.5147 -26.7525 1.8
    endloop
  endfacet
  facet normal -0.87888 0.477042 0
    outer loop
      vertex 16.5147 -26.7525 5
      vertex 16.4722 -26.8308 1.8
      vertex 16.4722 -26.8308 5
    endloop
  endfacet
  facet normal 0.0786731 0.9969 -0
    outer loop
      vertex 14.911 -27.6784 1.8
      vertex 14.8223 -27.6714 5
      vertex 14.911 -27.6784 5
    endloop
  endfacet
  facet normal 0.0786731 0.9969 0
    outer loop
      vertex 14.8223 -27.6714 5
      vertex 14.911 -27.6784 1.8
      vertex 14.8223 -27.6714 1.8
    endloop
  endfacet
  facet normal 0.824369 0.566052 0
    outer loop
      vertex 13.6247 -26.98 5
      vertex 13.5743 -26.9066 1.8
      vertex 13.5743 -26.9066 5
    endloop
  endfacet
  facet normal 0.824369 0.566052 0
    outer loop
      vertex 13.5743 -26.9066 1.8
      vertex 13.6247 -26.98 5
      vertex 13.6247 -26.98 1.8
    endloop
  endfacet
  facet normal 0.0258341 -0.999666 0
    outer loop
      vertex 14.911 -24.2831 1.8
      vertex 15 -24.2808 5
      vertex 14.911 -24.2831 5
    endloop
  endfacet
  facet normal 0.0258341 -0.999666 0
    outer loop
      vertex 15 -24.2808 5
      vertex 14.911 -24.2831 1.8
      vertex 15 -24.2808 1.8
    endloop
  endfacet
  facet normal -0.90259 -0.430501 0
    outer loop
      vertex 16.553 -25.2893 1.8
      vertex 16.5147 -25.209 5
      vertex 16.5147 -25.209 1.8
    endloop
  endfacet
  facet normal -0.90259 -0.430501 0
    outer loop
      vertex 16.5147 -25.209 5
      vertex 16.553 -25.2893 1.8
      vertex 16.553 -25.2893 5
    endloop
  endfacet
  facet normal -0.334699 0.942325 0
    outer loop
      vertex 15.6092 -27.5678 1.8
      vertex 15.5253 -27.5976 5
      vertex 15.6092 -27.5678 5
    endloop
  endfacet
  facet normal -0.334699 0.942325 0
    outer loop
      vertex 15.5253 -27.5976 5
      vertex 15.6092 -27.5678 1.8
      vertex 15.5253 -27.5976 1.8
    endloop
  endfacet
  facet normal 0.72542 0.688306 0
    outer loop
      vertex 13.7979 -27.1828 5
      vertex 13.7367 -27.1183 1.8
      vertex 13.7367 -27.1183 5
    endloop
  endfacet
  facet normal 0.72542 0.688306 0
    outer loop
      vertex 13.7367 -27.1183 1.8
      vertex 13.7979 -27.1828 5
      vertex 13.7979 -27.1828 1.8
    endloop
  endfacet
  facet normal -0.90259 0.430501 0
    outer loop
      vertex 16.5147 -26.7525 1.8
      vertex 16.553 -26.6722 5
      vertex 16.553 -26.6722 1.8
    endloop
  endfacet
  facet normal -0.90259 0.430501 0
    outer loop
      vertex 16.553 -26.6722 5
      vertex 16.5147 -26.7525 1.8
      vertex 16.5147 -26.7525 5
    endloop
  endfacet
  facet normal -0.983088 0.183135 0
    outer loop
      vertex 16.6628 -26.3342 1.8
      vertex 16.6791 -26.2467 5
      vertex 16.6791 -26.2467 1.8
    endloop
  endfacet
  facet normal -0.983088 0.183135 0
    outer loop
      vertex 16.6791 -26.2467 5
      vertex 16.6628 -26.3342 1.8
      vertex 16.6628 -26.3342 5
    endloop
  endfacet
  facet normal -0.60895 -0.793208 0
    outer loop
      vertex 15.9992 -24.6054 1.8
      vertex 16.0698 -24.6596 5
      vertex 15.9992 -24.6054 5
    endloop
  endfacet
  facet normal -0.60895 -0.793208 -0
    outer loop
      vertex 16.0698 -24.6596 5
      vertex 15.9992 -24.6054 1.8
      vertex 16.0698 -24.6596 1.8
    endloop
  endfacet
  facet normal -0.97254 -0.232735 0
    outer loop
      vertex 16.6628 -25.6273 1.8
      vertex 16.6421 -25.5408 5
      vertex 16.6421 -25.5408 1.8
    endloop
  endfacet
  facet normal -0.97254 -0.232735 0
    outer loop
      vertex 16.6421 -25.5408 5
      vertex 16.6628 -25.6273 1.8
      vertex 16.6628 -25.6273 5
    endloop
  endfacet
  facet normal 0.991481 -0.130251 0
    outer loop
      vertex 13.3093 -25.8031 5
      vertex 13.3209 -25.7148 1.8
      vertex 13.3209 -25.7148 5
    endloop
  endfacet
  facet normal 0.991481 -0.130251 0
    outer loop
      vertex 13.3209 -25.7148 1.8
      vertex 13.3093 -25.8031 5
      vertex 13.3093 -25.8031 1.8
    endloop
  endfacet
  facet normal 0.60895 0.793208 -0
    outer loop
      vertex 14.0008 -27.3561 1.8
      vertex 13.9302 -27.3019 5
      vertex 14.0008 -27.3561 5
    endloop
  endfacet
  facet normal 0.60895 0.793208 0
    outer loop
      vertex 13.9302 -27.3019 5
      vertex 14.0008 -27.3561 1.8
      vertex 13.9302 -27.3019 1.8
    endloop
  endfacet
  facet normal 0.381823 -0.924236 0
    outer loop
      vertex 14.3085 -24.4277 1.8
      vertex 14.3908 -24.3937 5
      vertex 14.3085 -24.4277 5
    endloop
  endfacet
  facet normal 0.381823 -0.924236 0
    outer loop
      vertex 14.3908 -24.3937 5
      vertex 14.3085 -24.4277 1.8
      vertex 14.3908 -24.3937 1.8
    endloop
  endfacet
  facet normal 0.333702 -0.942679 0
    outer loop
      vertex 14.3908 -24.3937 1.8
      vertex 14.4747 -24.364 5
      vertex 14.3908 -24.3937 5
    endloop
  endfacet
  facet normal 0.333702 -0.942679 0
    outer loop
      vertex 14.4747 -24.364 5
      vertex 14.3908 -24.3937 1.8
      vertex 14.4747 -24.364 1.8
    endloop
  endfacet
  facet normal 0.923674 -0.383179 0
    outer loop
      vertex 13.4129 -25.3715 5
      vertex 13.447 -25.2893 1.8
      vertex 13.447 -25.2893 5
    endloop
  endfacet
  facet normal 0.923674 -0.383179 0
    outer loop
      vertex 13.447 -25.2893 1.8
      vertex 13.4129 -25.3715 5
      vertex 13.4129 -25.3715 1.8
    endloop
  endfacet
  facet normal 0.793208 -0.60895 0
    outer loop
      vertex 13.6247 -24.9815 5
      vertex 13.6789 -24.9109 1.8
      vertex 13.6789 -24.9109 5
    endloop
  endfacet
  facet normal 0.793208 -0.60895 0
    outer loop
      vertex 13.6789 -24.9109 1.8
      vertex 13.6247 -24.9815 5
      vertex 13.6247 -24.9815 1.8
    endloop
  endfacet
  facet normal 0.381823 0.924236 -0
    outer loop
      vertex 14.3908 -27.5678 1.8
      vertex 14.3085 -27.5338 5
      vertex 14.3908 -27.5678 5
    endloop
  endfacet
  facet normal 0.381823 0.924236 0
    outer loop
      vertex 14.3085 -27.5338 5
      vertex 14.3908 -27.5678 1.8
      vertex 14.3085 -27.5338 1.8
    endloop
  endfacet
  facet normal -0.522404 -0.852698 0
    outer loop
      vertex 15.85 -24.5085 1.8
      vertex 15.9259 -24.555 5
      vertex 15.85 -24.5085 5
    endloop
  endfacet
  facet normal -0.522404 -0.852698 -0
    outer loop
      vertex 15.9259 -24.555 5
      vertex 15.85 -24.5085 1.8
      vertex 15.9259 -24.555 1.8
    endloop
  endfacet
  facet normal 0.999665 0.0258631 0
    outer loop
      vertex 13.3023 -26.0697 5
      vertex 13.3 -25.9808 1.8
      vertex 13.3 -25.9808 5
    endloop
  endfacet
  facet normal 0.999665 0.0258631 0
    outer loop
      vertex 13.3 -25.9808 1.8
      vertex 13.3023 -26.0697 5
      vertex 13.3023 -26.0697 1.8
    endloop
  endfacet
  facet normal 0.284356 -0.958719 0
    outer loop
      vertex 14.4747 -24.364 1.8
      vertex 14.56 -24.3387 5
      vertex 14.4747 -24.364 5
    endloop
  endfacet
  facet normal 0.284356 -0.958719 0
    outer loop
      vertex 14.56 -24.3387 5
      vertex 14.4747 -24.364 1.8
      vertex 14.56 -24.3387 1.8
    endloop
  endfacet
  facet normal -0.852698 -0.522404 0
    outer loop
      vertex 16.4722 -25.1308 1.8
      vertex 16.4257 -25.0549 5
      vertex 16.4257 -25.0549 1.8
    endloop
  endfacet
  facet normal -0.852698 -0.522404 0
    outer loop
      vertex 16.4257 -25.0549 5
      vertex 16.4722 -25.1308 1.8
      vertex 16.4722 -25.1308 5
    endloop
  endfacet
  facet normal -0.793208 -0.60895 0
    outer loop
      vertex 16.3753 -24.9815 1.8
      vertex 16.3211 -24.9109 5
      vertex 16.3211 -24.9109 1.8
    endloop
  endfacet
  facet normal -0.793208 -0.60895 0
    outer loop
      vertex 16.3211 -24.9109 5
      vertex 16.3753 -24.9815 1.8
      vertex 16.3753 -24.9815 5
    endloop
  endfacet
  facet normal 0.0269565 0.999637 -0
    outer loop
      vertex 15 -27.6808 1.8
      vertex 14.911 -27.6784 5
      vertex 15 -27.6808 5
    endloop
  endfacet
  facet normal 0.0269565 0.999637 0
    outer loop
      vertex 14.911 -27.6784 5
      vertex 15 -27.6808 1.8
      vertex 14.911 -27.6784 1.8
    endloop
  endfacet
  facet normal -0.64931 0.760524 0
    outer loop
      vertex 16.1375 -27.2441 1.8
      vertex 16.0698 -27.3019 5
      vertex 16.1375 -27.2441 5
    endloop
  endfacet
  facet normal -0.64931 0.760524 0
    outer loop
      vertex 16.0698 -27.3019 5
      vertex 16.1375 -27.2441 1.8
      vertex 16.0698 -27.3019 1.8
    endloop
  endfacet
  facet normal -0.824369 -0.566052 0
    outer loop
      vertex 16.4257 -25.0549 1.8
      vertex 16.3753 -24.9815 5
      vertex 16.3753 -24.9815 1.8
    endloop
  endfacet
  facet normal -0.824369 -0.566052 0
    outer loop
      vertex 16.3753 -24.9815 5
      vertex 16.4257 -25.0549 1.8
      vertex 16.4257 -25.0549 5
    endloop
  endfacet
  facet normal -0.566577 -0.824009 0
    outer loop
      vertex 15.9259 -24.555 1.8
      vertex 15.9992 -24.6054 5
      vertex 15.9259 -24.555 5
    endloop
  endfacet
  facet normal -0.566577 -0.824009 -0
    outer loop
      vertex 15.9992 -24.6054 5
      vertex 15.9259 -24.555 1.8
      vertex 15.9992 -24.6054 1.8
    endloop
  endfacet
  facet normal 0.64931 -0.760524 0
    outer loop
      vertex 13.8625 -24.7174 1.8
      vertex 13.9302 -24.6596 5
      vertex 13.8625 -24.7174 5
    endloop
  endfacet
  facet normal 0.64931 -0.760524 0
    outer loop
      vertex 13.9302 -24.6596 5
      vertex 13.8625 -24.7174 1.8
      vertex 13.9302 -24.6596 1.8
    endloop
  endfacet
  facet normal -0.760524 0.64931 0
    outer loop
      vertex 16.2633 -27.1183 1.8
      vertex 16.3211 -27.0506 5
      vertex 16.3211 -27.0506 1.8
    endloop
  endfacet
  facet normal -0.760524 0.64931 0
    outer loop
      vertex 16.3211 -27.0506 5
      vertex 16.2633 -27.1183 1.8
      vertex 16.2633 -27.1183 5
    endloop
  endfacet
  facet normal 0.852698 -0.522404 0
    outer loop
      vertex 13.5278 -25.1308 5
      vertex 13.5743 -25.0549 1.8
      vertex 13.5743 -25.0549 5
    endloop
  endfacet
  facet normal 0.852698 -0.522404 0
    outer loop
      vertex 13.5743 -25.0549 1.8
      vertex 13.5278 -25.1308 5
      vertex 13.5278 -25.1308 1.8
    endloop
  endfacet
  facet normal 0.566577 -0.824009 0
    outer loop
      vertex 14.0008 -24.6054 1.8
      vertex 14.0741 -24.555 5
      vertex 14.0008 -24.6054 5
    endloop
  endfacet
  facet normal 0.566577 -0.824009 0
    outer loop
      vertex 14.0741 -24.555 5
      vertex 14.0008 -24.6054 1.8
      vertex 14.0741 -24.555 1.8
    endloop
  endfacet
  facet normal 0.983289 -0.182049 0
    outer loop
      vertex 13.3209 -25.7148 5
      vertex 13.3371 -25.6273 1.8
      vertex 13.3371 -25.6273 5
    endloop
  endfacet
  facet normal 0.983289 -0.182049 0
    outer loop
      vertex 13.3371 -25.6273 1.8
      vertex 13.3209 -25.7148 5
      vertex 13.3209 -25.7148 1.8
    endloop
  endfacet
  facet normal -0.233543 0.972347 0
    outer loop
      vertex 15.44 -27.6228 1.8
      vertex 15.3534 -27.6436 5
      vertex 15.44 -27.6228 5
    endloop
  endfacet
  facet normal -0.233543 0.972347 0
    outer loop
      vertex 15.3534 -27.6436 5
      vertex 15.44 -27.6228 1.8
      vertex 15.3534 -27.6436 1.8
    endloop
  endfacet
  facet normal -0.477513 0.878625 0
    outer loop
      vertex 15.85 -27.453 1.8
      vertex 15.7718 -27.4955 5
      vertex 15.85 -27.453 5
    endloop
  endfacet
  facet normal -0.477513 0.878625 0
    outer loop
      vertex 15.7718 -27.4955 5
      vertex 15.85 -27.453 1.8
      vertex 15.7718 -27.4955 1.8
    endloop
  endfacet
  facet normal -0.182049 -0.983289 0
    outer loop
      vertex 15.2659 -24.3017 1.8
      vertex 15.3534 -24.3179 5
      vertex 15.2659 -24.3017 5
    endloop
  endfacet
  facet normal -0.182049 -0.983289 -0
    outer loop
      vertex 15.3534 -24.3179 5
      vertex 15.2659 -24.3017 1.8
      vertex 15.3534 -24.3179 1.8
    endloop
  endfacet
  facet normal -0.999666 -0.0258341 0
    outer loop
      vertex 16.7 -25.9808 1.8
      vertex 16.6977 -25.8918 5
      vertex 16.6977 -25.8918 1.8
    endloop
  endfacet
  facet normal -0.999666 -0.0258341 0
    outer loop
      vertex 16.6977 -25.8918 5
      vertex 16.7 -25.9808 1.8
      vertex 16.7 -25.9808 5
    endloop
  endfacet
  facet normal -0.793208 0.60895 0
    outer loop
      vertex 16.3211 -27.0506 1.8
      vertex 16.3753 -26.98 5
      vertex 16.3753 -26.98 1.8
    endloop
  endfacet
  facet normal -0.793208 0.60895 0
    outer loop
      vertex 16.3753 -26.98 5
      vertex 16.3211 -27.0506 1.8
      vertex 16.3211 -27.0506 5
    endloop
  endfacet
  facet normal 0.181848 -0.983327 0
    outer loop
      vertex 14.6465 -24.3179 1.8
      vertex 14.7341 -24.3017 5
      vertex 14.6465 -24.3179 5
    endloop
  endfacet
  facet normal 0.181848 -0.983327 0
    outer loop
      vertex 14.7341 -24.3017 5
      vertex 14.6465 -24.3179 1.8
      vertex 14.7341 -24.3017 1.8
    endloop
  endfacet
  facet normal 0.852391 0.522905 0
    outer loop
      vertex 13.5743 -26.9066 5
      vertex 13.5278 -26.8308 1.8
      vertex 13.5278 -26.8308 5
    endloop
  endfacet
  facet normal 0.852391 0.522905 0
    outer loop
      vertex 13.5278 -26.8308 1.8
      vertex 13.5743 -26.9066 5
      vertex 13.5743 -26.9066 1.8
    endloop
  endfacet
  facet normal 0.60895 -0.793208 0
    outer loop
      vertex 13.9302 -24.6596 1.8
      vertex 14.0008 -24.6054 5
      vertex 13.9302 -24.6596 5
    endloop
  endfacet
  facet normal 0.60895 -0.793208 0
    outer loop
      vertex 14.0008 -24.6054 5
      vertex 13.9302 -24.6596 1.8
      vertex 14.0008 -24.6054 1.8
    endloop
  endfacet
  facet normal -0.688336 0.725392 0
    outer loop
      vertex 16.2021 -27.1828 1.8
      vertex 16.1375 -27.2441 5
      vertex 16.2021 -27.1828 5
    endloop
  endfacet
  facet normal -0.688336 0.725392 0
    outer loop
      vertex 16.1375 -27.2441 5
      vertex 16.2021 -27.1828 1.8
      vertex 16.1375 -27.2441 1.8
    endloop
  endfacet
  facet normal -0.688336 -0.725392 0
    outer loop
      vertex 16.1375 -24.7174 1.8
      vertex 16.2021 -24.7787 5
      vertex 16.1375 -24.7174 5
    endloop
  endfacet
  facet normal -0.688336 -0.725392 -0
    outer loop
      vertex 16.2021 -24.7787 5
      vertex 16.1375 -24.7174 1.8
      vertex 16.2021 -24.7787 1.8
    endloop
  endfacet
  facet normal 0.793208 0.60895 0
    outer loop
      vertex 13.6789 -27.0506 5
      vertex 13.6247 -26.98 1.8
      vertex 13.6247 -26.98 5
    endloop
  endfacet
  facet normal 0.793208 0.60895 0
    outer loop
      vertex 13.6247 -26.98 1.8
      vertex 13.6789 -27.0506 5
      vertex 13.6789 -27.0506 1.8
    endloop
  endfacet
  facet normal 0.760524 0.64931 0
    outer loop
      vertex 13.7367 -27.1183 5
      vertex 13.6789 -27.0506 1.8
      vertex 13.6789 -27.0506 5
    endloop
  endfacet
  facet normal 0.760524 0.64931 0
    outer loop
      vertex 13.6789 -27.0506 1.8
      vertex 13.7367 -27.1183 5
      vertex 13.7367 -27.1183 1.8
    endloop
  endfacet
  facet normal 0.923674 0.383179 0
    outer loop
      vertex 13.447 -26.6722 5
      vertex 13.4129 -26.59 1.8
      vertex 13.4129 -26.59 5
    endloop
  endfacet
  facet normal 0.923674 0.383179 0
    outer loop
      vertex 13.4129 -26.59 1.8
      vertex 13.447 -26.6722 5
      vertex 13.447 -26.6722 1.8
    endloop
  endfacet
  facet normal 0.233798 0.972285 -0
    outer loop
      vertex 14.6465 -27.6436 1.8
      vertex 14.56 -27.6228 5
      vertex 14.6465 -27.6436 5
    endloop
  endfacet
  facet normal 0.233798 0.972285 0
    outer loop
      vertex 14.56 -27.6228 5
      vertex 14.6465 -27.6436 1.8
      vertex 14.56 -27.6228 1.8
    endloop
  endfacet
  facet normal 0.283323 0.959025 -0
    outer loop
      vertex 14.56 -27.6228 1.8
      vertex 14.4747 -27.5976 5
      vertex 14.56 -27.6228 5
    endloop
  endfacet
  facet normal 0.283323 0.959025 0
    outer loop
      vertex 14.4747 -27.5976 5
      vertex 14.56 -27.6228 1.8
      vertex 14.4747 -27.5976 1.8
    endloop
  endfacet
  facet normal 0.878625 -0.477513 0
    outer loop
      vertex 13.4853 -25.209 5
      vertex 13.5278 -25.1308 1.8
      vertex 13.5278 -25.1308 5
    endloop
  endfacet
  facet normal 0.878625 -0.477513 0
    outer loop
      vertex 13.5278 -25.1308 1.8
      vertex 13.4853 -25.209 5
      vertex 13.4853 -25.209 1.8
    endloop
  endfacet
  facet normal 0.90259 -0.430501 0
    outer loop
      vertex 13.447 -25.2893 5
      vertex 13.4853 -25.209 1.8
      vertex 13.4853 -25.209 5
    endloop
  endfacet
  facet normal 0.90259 -0.430501 0
    outer loop
      vertex 13.4853 -25.209 1.8
      vertex 13.447 -25.2893 5
      vertex 13.447 -25.2893 1.8
    endloop
  endfacet
  facet normal -0.906774 0.0228839 -0.420995
    outer loop
      vertex 17.5349 -26.0125 0
      vertex 16.7 -25.9808 1.8
      vertex 17.5357 -25.9808 0
    endloop
  endfacet
  facet normal -0.906758 0.0234594 -0.420998
    outer loop
      vertex 16.7 -25.9808 1.8
      vertex 17.5349 -26.0125 0
      vertex 16.6977 -26.0697 1.8
    endloop
  endfacet
  facet normal -0.899489 -0.117076 -0.420967
    outer loop
      vertex 17.5086 -25.6156 0
      vertex 16.6791 -25.7148 1.8
      vertex 17.5045 -25.5841 0
    endloop
  endfacet
  facet normal -0.899351 -0.118148 -0.420962
    outer loop
      vertex 16.6791 -25.7148 1.8
      vertex 17.5086 -25.6156 0
      vertex 16.6907 -25.8031 1.8
    endloop
  endfacet
  facet normal -0.818586 -0.390754 -0.420984
    outer loop
      vertex 17.273 -24.8583 0
      vertex 16.5147 -25.209 1.8
      vertex 17.2593 -24.8296 0
    endloop
  endfacet
  facet normal -0.81871 -0.390493 -0.420985
    outer loop
      vertex 16.5147 -25.209 1.8
      vertex 17.273 -24.8583 0
      vertex 16.553 -25.2893 1.8
    endloop
  endfacet
  facet normal 0.345209 -0.838772 -0.42106
    outer loop
      vertex 14.0913 -23.6135 0
      vertex 14.3085 -24.4277 1.8
      vertex 14.0619 -23.6256 0
    endloop
  endfacet
  facet normal 0.346336 -0.838338 -0.420999
    outer loop
      vertex 14.3085 -24.4277 1.8
      vertex 14.0913 -23.6135 0
      vertex 14.3908 -24.3937 1.8
    endloop
  endfacet
  facet normal -0.818534 -0.390848 -0.421
    outer loop
      vertex 17.273 -24.8583 0
      vertex 17.3165 -24.9494 0
      vertex 16.553 -25.2893 1.8
    endloop
  endfacet
  facet normal 0.211109 -0.882165 -0.420973
    outer loop
      vertex 14.4728 -23.5005 0
      vertex 14.6465 -24.3179 1.8
      vertex 14.3746 -23.524 0
    endloop
  endfacet
  facet normal -0.71946 -0.552394 -0.420996
    outer loop
      vertex 16.9706 -24.385 0
      vertex 17.0321 -24.4651 0
      vertex 16.3211 -24.9109 1.8
    endloop
  endfacet
  facet normal 0.904292 0.071013 -0.420968
    outer loop
      vertex 13.3023 -26.0697 1.8
      vertex 12.4757 -26.2141 0
      vertex 12.4678 -26.1135 0
    endloop
  endfacet
  facet normal 0.473532 -0.773645 -0.421
    outer loop
      vertex 13.705 -23.8014 0
      vertex 14.0741 -24.555 1.8
      vertex 13.6189 -23.8541 0
    endloop
  endfacet
  facet normal 0.551521 -0.720121 -0.42101
    outer loop
      vertex 13.4294 -23.9908 0
      vertex 13.9302 -24.6596 1.8
      vertex 13.4042 -24.0101 0
    endloop
  endfacet
  facet normal 0.552353 -0.719486 -0.421006
    outer loop
      vertex 13.9302 -24.6596 1.8
      vertex 13.4294 -23.9908 0
      vertex 14.0008 -24.6054 1.8
    endloop
  endfacet
  facet normal 0.869654 -0.257842 -0.420975
    outer loop
      vertex 12.5794 -25.2277 0
      vertex 13.3579 -25.5408 1.8
      vertex 12.5507 -25.3245 0
    endloop
  endfacet
  facet normal 0.891888 0.165264 -0.42098
    outer loop
      vertex 13.3209 -26.2467 1.8
      vertex 12.5139 -26.4767 0
      vertex 12.4955 -26.3774 0
    endloop
  endfacet
  facet normal -0.855072 -0.302688 -0.42099
    outer loop
      vertex 17.3673 -25.072 0
      vertex 17.401 -25.1672 0
      vertex 16.5871 -25.3715 1.8
    endloop
  endfacet
  facet normal -0.658225 0.624102 -0.420994
    outer loop
      vertex 16.8625 -27.7005 0
      vertex 16.793 -27.7738 0
      vertex 16.2021 -27.1828 1.8
    endloop
  endfacet
  facet normal 0.0242637 0.906745 -0.420981
    outer loop
      vertex 15 -27.6808 1.8
      vertex 15 -28.5165 0
      vertex 14.8991 -28.5138 0
    endloop
  endfacet
  facet normal -0.347526 0.837833 -0.421025
    outer loop
      vertex 16.002 -28.3094 0
      vertex 15.9087 -28.3481 0
      vertex 15.6092 -27.5678 1.8
    endloop
  endfacet
  facet normal 0.022812 -0.906776 -0.420996
    outer loop
      vertex 14.8991 -23.4477 0
      vertex 14.911 -24.2831 1.8
      vertex 14.8673 -23.4485 0
    endloop
  endfacet
  facet normal 0.0234332 -0.906761 -0.420993
    outer loop
      vertex 14.911 -24.2831 1.8
      vertex 14.8991 -23.4477 0
      vertex 15 -24.2808 1.8
    endloop
  endfacet
  facet normal -0.869987 -0.256718 -0.420973
    outer loop
      vertex 17.4206 -25.2277 0
      vertex 16.6168 -25.4554 1.8
      vertex 17.4116 -25.1972 0
    endloop
  endfacet
  facet normal -0.869712 -0.257655 -0.420968
    outer loop
      vertex 16.6168 -25.4554 1.8
      vertex 17.4206 -25.2277 0
      vertex 16.6421 -25.5408 1.8
    endloop
  endfacet
  facet normal 0.689708 0.589125 -0.420992
    outer loop
      vertex 13.6789 -27.0506 1.8
      vertex 13.095 -27.6533 0
      vertex 13.0294 -27.5765 0
    endloop
  endfacet
  facet normal 0.818703 0.39049 -0.421003
    outer loop
      vertex 13.4853 -26.7525 1.8
      vertex 12.727 -27.1033 0
      vertex 13.447 -26.6722 1.8
    endloop
  endfacet
  facet normal 0.818579 0.39075 -0.421002
    outer loop
      vertex 12.727 -27.1033 0
      vertex 13.4853 -26.7525 1.8
      vertex 12.7407 -27.132 0
    endloop
  endfacet
  facet normal 0.257014 -0.869894 -0.420984
    outer loop
      vertex 14.3437 -23.5315 0
      vertex 14.56 -24.3387 1.8
      vertex 14.2469 -23.5601 0
    endloop
  endfacet
  facet normal 0.589131 -0.689714 -0.420975
    outer loop
      vertex 13.3801 -24.0308 0
      vertex 13.8625 -24.7174 1.8
      vertex 13.3033 -24.0964 0
    endloop
  endfacet
  facet normal -0.21125 0.882112 -0.421013
    outer loop
      vertex 15.6254 -28.4375 0
      vertex 15.44 -27.6228 1.8
      vertex 15.6563 -28.4301 0
    endloop
  endfacet
  facet normal -0.211836 0.881973 -0.42101
    outer loop
      vertex 15.44 -27.6228 1.8
      vertex 15.6254 -28.4375 0
      vertex 15.3534 -27.6436 1.8
    endloop
  endfacet
  facet normal 0.347526 0.837833 -0.421025
    outer loop
      vertex 14.3908 -27.5678 1.8
      vertex 14.0913 -28.3481 0
      vertex 13.998 -28.3094 0
    endloop
  endfacet
  facet normal 0.164945 0.891922 -0.421032
    outer loop
      vertex 14.6033 -28.4853 0
      vertex 14.6465 -27.6436 1.8
      vertex 14.7341 -27.6598 1.8
    endloop
  endfacet
  facet normal 0.165781 0.891788 -0.420989
    outer loop
      vertex 14.6465 -27.6436 1.8
      vertex 14.6033 -28.4853 0
      vertex 14.5721 -28.4795 0
    endloop
  endfacet
  facet normal -0.882254 -0.210603 -0.421039
    outer loop
      vertex 17.4803 -25.4536 0
      vertex 16.6421 -25.5408 1.8
      vertex 17.4729 -25.4226 0
    endloop
  endfacet
  facet normal -0.882147 -0.211103 -0.421013
    outer loop
      vertex 16.6421 -25.5408 1.8
      vertex 17.4803 -25.4536 0
      vertex 16.6628 -25.6273 1.8
    endloop
  endfacet
  facet normal 0.257014 0.869893 -0.420987
    outer loop
      vertex 14.4747 -27.5976 1.8
      vertex 14.3132 -28.421 0
      vertex 14.2164 -28.3924 0
    endloop
  endfacet
  facet normal -0.689708 0.589125 -0.420992
    outer loop
      vertex 16.9706 -27.5765 0
      vertex 16.905 -27.6533 0
      vertex 16.3211 -27.0506 1.8
    endloop
  endfacet
  facet normal -0.838161 0.346763 -0.421
    outer loop
      vertex 17.3551 -26.9188 0
      vertex 17.3165 -27.0121 0
      vertex 16.553 -26.6722 1.8
    endloop
  endfacet
  facet normal -0.347535 -0.837856 -0.42097
    outer loop
      vertex 15.9381 -23.6256 0
      vertex 16.0314 -23.6643 0
      vertex 15.6915 -24.4277 1.8
    endloop
  endfacet
  facet normal 0.211955 0.881947 -0.421005
    outer loop
      vertex 14.6465 -27.6436 1.8
      vertex 14.4728 -28.4611 0
      vertex 14.3746 -28.4375 0
    endloop
  endfacet
  facet normal 0.119884 -0.899131 -0.42094
    outer loop
      vertex 14.7349 -23.4589 0
      vertex 14.7341 -24.3017 1.8
      vertex 14.7034 -23.4631 0
    endloop
  endfacet
  facet normal 0.118276 -0.899306 -0.421022
    outer loop
      vertex 14.7341 -24.3017 1.8
      vertex 14.7349 -23.4589 0
      vertex 14.8223 -24.2901 1.8
    endloop
  endfacet
  facet normal 0.513875 -0.747455 -0.421004
    outer loop
      vertex 13.6189 -23.8541 0
      vertex 14.0741 -24.555 1.8
      vertex 13.5357 -23.9113 0
    endloop
  endfacet
  facet normal -0.869625 0.257931 -0.420979
    outer loop
      vertex 17.4206 -26.7339 0
      vertex 16.6168 -26.5061 1.8
      vertex 16.6421 -26.4208 1.8
    endloop
  endfacet
  facet normal -0.869754 0.257493 -0.420981
    outer loop
      vertex 16.6168 -26.5061 1.8
      vertex 17.4206 -26.7339 0
      vertex 17.4116 -26.7643 0
    endloop
  endfacet
  facet normal 0.256988 0.869883 -0.421024
    outer loop
      vertex 14.3437 -28.4301 0
      vertex 14.4747 -27.5976 1.8
      vertex 14.56 -27.6228 1.8
    endloop
  endfacet
  facet normal 0.259348 0.869242 -0.420899
    outer loop
      vertex 14.4747 -27.5976 1.8
      vertex 14.3437 -28.4301 0
      vertex 14.3132 -28.421 0
    endloop
  endfacet
  facet normal 0.797197 0.432706 -0.421003
    outer loop
      vertex 13.5278 -26.8308 1.8
      vertex 12.7407 -27.132 0
      vertex 13.4853 -26.7525 1.8
    endloop
  endfacet
  facet normal 0.797697 0.431729 -0.421058
    outer loop
      vertex 12.7407 -27.132 0
      vertex 13.5278 -26.8308 1.8
      vertex 12.7558 -27.1599 0
    endloop
  endfacet
  facet normal -0.869654 -0.257842 -0.420975
    outer loop
      vertex 17.4206 -25.2277 0
      vertex 17.4493 -25.3245 0
      vertex 16.6421 -25.5408 1.8
    endloop
  endfacet
  facet normal -0.118276 -0.899306 -0.421022
    outer loop
      vertex 15.2651 -23.4589 0
      vertex 15.2659 -24.3017 1.8
      vertex 15.1777 -24.2901 1.8
    endloop
  endfacet
  facet normal -0.119884 -0.899131 -0.42094
    outer loop
      vertex 15.2659 -24.3017 1.8
      vertex 15.2651 -23.4589 0
      vertex 15.2966 -23.4631 0
    endloop
  endfacet
  facet normal 0.891915 0.165132 -0.420975
    outer loop
      vertex 13.3371 -26.3342 1.8
      vertex 12.5139 -26.4767 0
      vertex 13.3209 -26.2467 1.8
    endloop
  endfacet
  facet normal 0.891889 0.16527 -0.420975
    outer loop
      vertex 12.5139 -26.4767 0
      vertex 13.3371 -26.3342 1.8
      vertex 12.5197 -26.508 0
    endloop
  endfacet
  facet normal -0.906751 -0.0242639 -0.420969
    outer loop
      vertex 17.5322 -25.8481 0
      vertex 17.5349 -25.949 0
      vertex 16.6977 -25.8918 1.8
    endloop
  endfacet
  facet normal 0.797575 -0.43202 -0.42099
    outer loop
      vertex 12.7888 -24.7408 0
      vertex 13.4853 -25.209 1.8
      vertex 12.7407 -24.8296 0
    endloop
  endfacet
  facet normal -0.474583 0.772994 -0.421012
    outer loop
      vertex 16.3539 -28.124 0
      vertex 16.2679 -28.1768 0
      vertex 15.85 -27.453 1.8
    endloop
  endfacet
  facet normal 0.818699 0.390498 -0.421004
    outer loop
      vertex 13.447 -26.6722 1.8
      vertex 12.727 -27.1033 0
      vertex 12.6835 -27.0121 0
    endloop
  endfacet
  facet normal -0.904292 0.071013 -0.420968
    outer loop
      vertex 17.5322 -26.1135 0
      vertex 17.5243 -26.2141 0
      vertex 16.6977 -26.0697 1.8
    endloop
  endfacet
  facet normal -0.689847 0.588968 -0.420985
    outer loop
      vertex 16.905 -27.6533 0
      vertex 16.2633 -27.1183 1.8
      vertex 16.3211 -27.0506 1.8
    endloop
  endfacet
  facet normal -0.690706 0.587956 -0.42099
    outer loop
      vertex 16.2633 -27.1183 1.8
      vertex 16.905 -27.6533 0
      vertex 16.8844 -27.6775 0
    endloop
  endfacet
  facet normal 0.689847 0.588968 -0.420985
    outer loop
      vertex 13.7367 -27.1183 1.8
      vertex 13.095 -27.6533 0
      vertex 13.6789 -27.0506 1.8
    endloop
  endfacet
  facet normal 0.690706 0.587956 -0.42099
    outer loop
      vertex 13.095 -27.6533 0
      vertex 13.7367 -27.1183 1.8
      vertex 13.1156 -27.6775 0
    endloop
  endfacet
  facet normal -0.0713132 0.904251 -0.421005
    outer loop
      vertex 15.1327 -28.513 0
      vertex 15.1777 -27.6714 1.8
      vertex 15.1644 -28.5105 0
    endloop
  endfacet
  facet normal -0.0713612 0.904248 -0.421002
    outer loop
      vertex 15.1777 -27.6714 1.8
      vertex 15.1327 -28.513 0
      vertex 15.089 -27.6784 1.8
    endloop
  endfacet
  facet normal -0.904262 -0.071314 -0.420981
    outer loop
      vertex 17.5243 -25.7474 0
      vertex 16.6907 -25.8031 1.8
      vertex 17.5218 -25.7157 0
    endloop
  endfacet
  facet normal -0.904258 -0.071362 -0.42098
    outer loop
      vertex 16.6907 -25.8031 1.8
      vertex 17.5243 -25.7474 0
      vertex 16.6977 -25.8918 1.8
    endloop
  endfacet
  facet normal 0.837834 0.347569 -0.420986
    outer loop
      vertex 13.447 -26.6722 1.8
      vertex 12.6327 -26.8895 0
      vertex 13.4129 -26.59 1.8
    endloop
  endfacet
  facet normal 0.837403 0.34868 -0.420925
    outer loop
      vertex 12.6327 -26.8895 0
      vertex 13.447 -26.6722 1.8
      vertex 12.6449 -26.9188 0
    endloop
  endfacet
  facet normal 0.39076 -0.8186 -0.420952
    outer loop
      vertex 13.9686 -23.6643 0
      vertex 14.2282 -24.466 1.8
      vertex 13.9399 -23.678 0
    endloop
  endfacet
  facet normal 0.390497 -0.818718 -0.420966
    outer loop
      vertex 14.2282 -24.466 1.8
      vertex 13.9686 -23.6643 0
      vertex 14.3085 -24.4277 1.8
    endloop
  endfacet
  facet normal 0.658225 -0.624102 -0.420994
    outer loop
      vertex 13.207 -24.1877 0
      vertex 13.7979 -24.7787 1.8
      vertex 13.1375 -24.261 0
    endloop
  endfacet
  facet normal 0.747623 -0.513634 -0.420997
    outer loop
      vertex 13.6247 -24.9815 1.8
      vertex 12.8734 -24.5997 0
      vertex 12.8914 -24.5735 0
    endloop
  endfacet
  facet normal 0.74775 -0.513441 -0.421009
    outer loop
      vertex 12.8734 -24.5997 0
      vertex 13.6247 -24.9815 1.8
      vertex 13.5743 -25.0549 1.8
    endloop
  endfacet
  facet normal -0.433093 0.796999 -0.420978
    outer loop
      vertex 16.2399 -28.1919 0
      vertex 16.1512 -28.2401 0
      vertex 15.7718 -27.4955 1.8
    endloop
  endfacet
  facet normal -0.720112 -0.551514 -0.421036
    outer loop
      vertex 17.0514 -24.4903 0
      vertex 16.3211 -24.9109 1.8
      vertex 17.0321 -24.4651 0
    endloop
  endfacet
  facet normal -0.719494 -0.55236 -0.420983
    outer loop
      vertex 16.3211 -24.9109 1.8
      vertex 17.0514 -24.4903 0
      vertex 16.3753 -24.9815 1.8
    endloop
  endfacet
  facet normal 0.904298 -0.070943 -0.420965
    outer loop
      vertex 12.4757 -25.7474 0
      vertex 13.3023 -25.8918 1.8
      vertex 12.4678 -25.8481 0
    endloop
  endfacet
  facet normal 0.838161 -0.346763 -0.421
    outer loop
      vertex 12.6835 -24.9494 0
      vertex 13.447 -25.2893 1.8
      vertex 12.6449 -25.0427 0
    endloop
  endfacet
  facet normal -0.658225 -0.624102 -0.420994
    outer loop
      vertex 16.793 -24.1877 0
      vertex 16.8625 -24.261 0
      vertex 16.2021 -24.7787 1.8
    endloop
  endfacet
  facet normal 0.904266 0.0712822 -0.420977
    outer loop
      vertex 13.3093 -26.1585 1.8
      vertex 12.4757 -26.2141 0
      vertex 13.3023 -26.0697 1.8
    endloop
  endfacet
  facet normal 0.904263 0.0713142 -0.420977
    outer loop
      vertex 12.4757 -26.2141 0
      vertex 13.3093 -26.1585 1.8
      vertex 12.4782 -26.2458 0
    endloop
  endfacet
  facet normal 0.622526 -0.659649 -0.4211
    outer loop
      vertex 13.3033 -24.0964 0
      vertex 13.7979 -24.7787 1.8
      vertex 13.2802 -24.1182 0
    endloop
  endfacet
  facet normal 0.624371 -0.657983 -0.420975
    outer loop
      vertex 13.7979 -24.7787 1.8
      vertex 13.3033 -24.0964 0
      vertex 13.8625 -24.7174 1.8
    endloop
  endfacet
  facet normal -0.513632 0.74762 -0.421007
    outer loop
      vertex 16.4643 -28.0502 0
      vertex 15.9992 -27.3561 1.8
      vertex 16.4905 -28.0322 0
    endloop
  endfacet
  facet normal -0.513918 0.747424 -0.421006
    outer loop
      vertex 15.9992 -27.3561 1.8
      vertex 16.4643 -28.0502 0
      vertex 15.9259 -27.4065 1.8
    endloop
  endfacet
  facet normal 0.624548 -0.657797 -0.421002
    outer loop
      vertex 13.2802 -24.1182 0
      vertex 13.7979 -24.7787 1.8
      vertex 13.207 -24.1877 0
    endloop
  endfacet
  facet normal -0.796989 0.433088 -0.421003
    outer loop
      vertex 17.2442 -27.1599 0
      vertex 17.196 -27.2486 0
      vertex 16.4722 -26.8308 1.8
    endloop
  endfacet
  facet normal -0.689708 -0.589125 -0.420992
    outer loop
      vertex 16.905 -24.3082 0
      vertex 16.9706 -24.385 0
      vertex 16.3211 -24.9109 1.8
    endloop
  endfacet
  facet normal 0.899286 -0.118587 -0.420978
    outer loop
      vertex 12.4914 -25.6156 0
      vertex 13.3093 -25.8031 1.8
      vertex 12.4782 -25.7157 0
    endloop
  endfacet
  facet normal -0.891777 -0.165779 -0.421013
    outer loop
      vertex 17.4861 -25.4848 0
      vertex 16.6628 -25.6273 1.8
      vertex 17.4803 -25.4536 0
    endloop
  endfacet
  facet normal -0.891715 -0.166114 -0.421011
    outer loop
      vertex 16.6628 -25.6273 1.8
      vertex 17.4861 -25.4848 0
      vertex 16.6791 -25.7148 1.8
    endloop
  endfacet
  facet normal -0.906776 -0.022812 -0.420996
    outer loop
      vertex 16.7 -25.9808 1.8
      vertex 17.5349 -25.949 0
      vertex 17.5357 -25.9808 0
    endloop
  endfacet
  facet normal -0.906758 -0.0234331 -0.420999
    outer loop
      vertex 17.5349 -25.949 0
      vertex 16.7 -25.9808 1.8
      vertex 16.6977 -25.8918 1.8
    endloop
  endfacet
  facet normal -0.39012 -0.818892 -0.420977
    outer loop
      vertex 16.0601 -23.678 0
      vertex 16.1512 -23.7214 0
      vertex 15.7718 -24.466 1.8
    endloop
  endfacet
  facet normal -0.77317 0.474306 -0.421
    outer loop
      vertex 17.1432 -27.3347 0
      vertex 16.4257 -26.9066 1.8
      vertex 16.4722 -26.8308 1.8
    endloop
  endfacet
  facet normal -0.773483 0.473794 -0.421003
    outer loop
      vertex 16.4257 -26.9066 1.8
      vertex 17.1432 -27.3347 0
      vertex 17.1266 -27.3618 0
    endloop
  endfacet
  facet normal -0.259348 0.869242 -0.420899
    outer loop
      vertex 15.6563 -28.4301 0
      vertex 15.5253 -27.5976 1.8
      vertex 15.6868 -28.421 0
    endloop
  endfacet
  facet normal -0.256988 0.869883 -0.421024
    outer loop
      vertex 15.5253 -27.5976 1.8
      vertex 15.6563 -28.4301 0
      vertex 15.44 -27.6228 1.8
    endloop
  endfacet
  facet normal -0.906751 0.0242399 -0.42097
    outer loop
      vertex 17.5349 -26.0125 0
      vertex 17.5322 -26.1135 0
      vertex 16.6977 -26.0697 1.8
    endloop
  endfacet
  facet normal -0.881908 -0.212161 -0.420982
    outer loop
      vertex 17.4493 -25.3245 0
      vertex 17.4729 -25.4226 0
      vertex 16.6421 -25.5408 1.8
    endloop
  endfacet
  facet normal -0.904298 -0.070943 -0.420965
    outer loop
      vertex 17.5243 -25.7474 0
      vertex 17.5322 -25.8481 0
      vertex 16.6977 -25.8918 1.8
    endloop
  endfacet
  facet normal -0.552353 -0.719486 -0.421006
    outer loop
      vertex 16.5706 -23.9908 0
      vertex 16.0698 -24.6596 1.8
      vertex 15.9992 -24.6054 1.8
    endloop
  endfacet
  facet normal -0.551521 -0.720121 -0.42101
    outer loop
      vertex 16.0698 -24.6596 1.8
      vertex 16.5706 -23.9908 0
      vertex 16.5958 -24.0101 0
    endloop
  endfacet
  facet normal -0.070941 0.904274 -0.421018
    outer loop
      vertex 15.1777 -27.6714 1.8
      vertex 15.2651 -28.5026 0
      vertex 15.1644 -28.5105 0
    endloop
  endfacet
  facet normal 0.473797 -0.773489 -0.420989
    outer loop
      vertex 13.7321 -23.7848 0
      vertex 14.0741 -24.555 1.8
      vertex 13.705 -23.8014 0
    endloop
  endfacet
  facet normal 0.473856 -0.773455 -0.420985
    outer loop
      vertex 14.0741 -24.555 1.8
      vertex 13.7321 -23.7848 0
      vertex 14.15 -24.5085 1.8
    endloop
  endfacet
  facet normal 0.689708 -0.589125 -0.420992
    outer loop
      vertex 13.095 -24.3082 0
      vertex 13.6789 -24.9109 1.8
      vertex 13.0294 -24.385 0
    endloop
  endfacet
  facet normal -0.773247 0.474186 -0.420995
    outer loop
      vertex 17.196 -27.2486 0
      vertex 17.1432 -27.3347 0
      vertex 16.4722 -26.8308 1.8
    endloop
  endfacet
  facet normal 0.0713132 -0.904251 -0.421005
    outer loop
      vertex 14.8673 -23.4485 0
      vertex 14.8223 -24.2901 1.8
      vertex 14.8356 -23.451 0
    endloop
  endfacet
  facet normal 0.0713612 -0.904248 -0.421002
    outer loop
      vertex 14.8223 -24.2901 1.8
      vertex 14.8673 -23.4485 0
      vertex 14.911 -24.2831 1.8
    endloop
  endfacet
  facet normal -0.719494 0.55236 -0.420983
    outer loop
      vertex 17.0514 -27.4712 0
      vertex 16.3211 -27.0506 1.8
      vertex 16.3753 -26.98 1.8
    endloop
  endfacet
  facet normal -0.720112 0.551514 -0.421036
    outer loop
      vertex 16.3211 -27.0506 1.8
      vertex 17.0514 -27.4712 0
      vertex 17.0321 -27.4964 0
    endloop
  endfacet
  facet normal 0.513918 0.747424 -0.421006
    outer loop
      vertex 13.5357 -28.0502 0
      vertex 14.0008 -27.3561 1.8
      vertex 14.0741 -27.4065 1.8
    endloop
  endfacet
  facet normal 0.513632 0.74762 -0.421007
    outer loop
      vertex 14.0008 -27.3561 1.8
      vertex 13.5357 -28.0502 0
      vertex 13.5095 -28.0322 0
    endloop
  endfacet
  facet normal -0.773475 -0.473789 -0.421024
    outer loop
      vertex 17.196 -24.7129 0
      vertex 16.4257 -25.0549 1.8
      vertex 17.1794 -24.6858 0
    endloop
  endfacet
  facet normal -0.773441 -0.473847 -0.421021
    outer loop
      vertex 16.4257 -25.0549 1.8
      vertex 17.196 -24.7129 0
      vertex 16.4722 -25.1308 1.8
    endloop
  endfacet
  facet normal 0.433093 0.796999 -0.420978
    outer loop
      vertex 14.2282 -27.4955 1.8
      vertex 13.8488 -28.2401 0
      vertex 13.7601 -28.1919 0
    endloop
  endfacet
  facet normal -0.345223 0.838806 -0.420983
    outer loop
      vertex 16.002 -28.3094 0
      vertex 15.6915 -27.5338 1.8
      vertex 16.0314 -28.2973 0
    endloop
  endfacet
  facet normal -0.34634 0.838347 -0.420978
    outer loop
      vertex 15.6915 -27.5338 1.8
      vertex 16.002 -28.3094 0
      vertex 15.6092 -27.5678 1.8
    endloop
  endfacet
  facet normal -0.0242632 -0.906725 -0.421023
    outer loop
      vertex 15.1009 -23.4477 0
      vertex 15 -24.2808 1.8
      vertex 15 -23.445 0
    endloop
  endfacet
  facet normal 0.552391 -0.719456 -0.421008
    outer loop
      vertex 13.5095 -23.9293 0
      vertex 14.0008 -24.6054 1.8
      vertex 13.4294 -23.9908 0
    endloop
  endfacet
  facet normal 0.65693 -0.625512 -0.420925
    outer loop
      vertex 13.7979 -24.7787 1.8
      vertex 13.1156 -24.284 0
      vertex 13.1375 -24.261 0
    endloop
  endfacet
  facet normal 0.657998 -0.624333 -0.421006
    outer loop
      vertex 13.1156 -24.284 0
      vertex 13.7979 -24.7787 1.8
      vertex 13.7367 -24.8432 1.8
    endloop
  endfacet
  facet normal -0.257014 -0.869894 -0.420984
    outer loop
      vertex 15.6563 -23.5315 0
      vertex 15.7531 -23.5601 0
      vertex 15.44 -24.3387 1.8
    endloop
  endfacet
  facet normal -0.117701 0.899382 -0.42102
    outer loop
      vertex 15.3967 -28.4853 0
      vertex 15.2966 -28.4984 0
      vertex 15.2659 -27.6598 1.8
    endloop
  endfacet
  facet normal 0.881958 0.211957 -0.420979
    outer loop
      vertex 13.3579 -26.4208 1.8
      vertex 12.5507 -26.6371 0
      vertex 12.5271 -26.5389 0
    endloop
  endfacet
  facet normal -0.390497 -0.818718 -0.420966
    outer loop
      vertex 16.0314 -23.6643 0
      vertex 15.7718 -24.466 1.8
      vertex 15.6915 -24.4277 1.8
    endloop
  endfacet
  facet normal -0.39076 -0.8186 -0.420952
    outer loop
      vertex 15.7718 -24.466 1.8
      vertex 16.0314 -23.6643 0
      vertex 16.0601 -23.678 0
    endloop
  endfacet
  facet normal 0.432755 -0.797181 -0.420982
    outer loop
      vertex 13.7601 -23.7696 0
      vertex 14.15 -24.5085 1.8
      vertex 13.7321 -23.7848 0
    endloop
  endfacet
  facet normal 0.433138 -0.796974 -0.42098
    outer loop
      vertex 14.15 -24.5085 1.8
      vertex 13.7601 -23.7696 0
      vertex 14.2282 -24.466 1.8
    endloop
  endfacet
  facet normal 0.302688 -0.855072 -0.42099
    outer loop
      vertex 14.1865 -23.5798 0
      vertex 14.3908 -24.3937 1.8
      vertex 14.0913 -23.6135 0
    endloop
  endfacet
  facet normal 0.303088 -0.854937 -0.420975
    outer loop
      vertex 14.2164 -23.5692 0
      vertex 14.3908 -24.3937 1.8
      vertex 14.1865 -23.5798 0
    endloop
  endfacet
  facet normal 0.302688 -0.855069 -0.420996
    outer loop
      vertex 14.3908 -24.3937 1.8
      vertex 14.2164 -23.5692 0
      vertex 14.4747 -24.364 1.8
    endloop
  endfacet
  facet normal -0.119884 0.899131 -0.42094
    outer loop
      vertex 15.2651 -28.5026 0
      vertex 15.2659 -27.6598 1.8
      vertex 15.2966 -28.4984 0
    endloop
  endfacet
  facet normal -0.118276 0.899306 -0.421022
    outer loop
      vertex 15.2659 -27.6598 1.8
      vertex 15.2651 -28.5026 0
      vertex 15.1777 -27.6714 1.8
    endloop
  endfacet
  facet normal 0.513875 0.747455 -0.421004
    outer loop
      vertex 14.0741 -27.4065 1.8
      vertex 13.6189 -28.1074 0
      vertex 13.5357 -28.0502 0
    endloop
  endfacet
  facet normal 0.906764 0.0233656 -0.42099
    outer loop
      vertex 13.3 -25.9808 1.8
      vertex 12.4669 -26.0817 0
      vertex 12.4643 -25.9808 0
    endloop
  endfacet
  facet normal -0.552391 -0.719456 -0.421008
    outer loop
      vertex 16.4905 -23.9293 0
      vertex 16.5706 -23.9908 0
      vertex 15.9992 -24.6054 1.8
    endloop
  endfacet
  facet normal -0.473936 -0.773407 -0.420983
    outer loop
      vertex 16.295 -23.8014 0
      vertex 16.381 -23.8541 0
      vertex 15.9259 -24.555 1.8
    endloop
  endfacet
  facet normal 0.303588 0.854732 -0.421031
    outer loop
      vertex 14.1212 -28.3587 0
      vertex 14.3908 -27.5678 1.8
      vertex 14.4747 -27.5976 1.8
    endloop
  endfacet
  facet normal 0.303079 0.854912 -0.421033
    outer loop
      vertex 14.3908 -27.5678 1.8
      vertex 14.1212 -28.3587 0
      vertex 14.0913 -28.3481 0
    endloop
  endfacet
  facet normal -0.165261 0.891872 -0.421015
    outer loop
      vertex 15.5272 -28.4611 0
      vertex 15.4279 -28.4795 0
      vertex 15.3534 -27.6436 1.8
    endloop
  endfacet
  facet normal -0.165425 -0.891855 -0.420986
    outer loop
      vertex 15.3967 -23.4763 0
      vertex 15.4959 -23.4947 0
      vertex 15.2659 -24.3017 1.8
    endloop
  endfacet
  facet normal -0.551824 0.719887 -0.421014
    outer loop
      vertex 16.5958 -27.9514 0
      vertex 16.5157 -28.0128 0
      vertex 16.0698 -27.3019 1.8
    endloop
  endfacet
  facet normal 0.165262 0.891875 -0.421008
    outer loop
      vertex 14.6465 -27.6436 1.8
      vertex 14.5721 -28.4795 0
      vertex 14.4728 -28.4611 0
    endloop
  endfacet
  facet normal 0.838161 0.346763 -0.421
    outer loop
      vertex 13.447 -26.6722 1.8
      vertex 12.6835 -27.0121 0
      vertex 12.6449 -26.9188 0
    endloop
  endfacet
  facet normal -0.657998 0.624333 -0.421006
    outer loop
      vertex 16.8844 -27.6775 0
      vertex 16.2021 -27.1828 1.8
      vertex 16.2633 -27.1183 1.8
    endloop
  endfacet
  facet normal -0.65693 0.625512 -0.420925
    outer loop
      vertex 16.2021 -27.1828 1.8
      vertex 16.8844 -27.6775 0
      vertex 16.8625 -27.7005 0
    endloop
  endfacet
  facet normal -0.85524 -0.302185 -0.421009
    outer loop
      vertex 17.4116 -25.1972 0
      vertex 16.5871 -25.3715 1.8
      vertex 17.401 -25.1672 0
    endloop
  endfacet
  facet normal -0.855075 -0.30269 -0.420982
    outer loop
      vertex 16.5871 -25.3715 1.8
      vertex 17.4116 -25.1972 0
      vertex 16.6168 -25.4554 1.8
    endloop
  endfacet
  facet normal -0.797575 -0.43202 -0.42099
    outer loop
      vertex 17.2112 -24.7408 0
      vertex 17.2593 -24.8296 0
      vertex 16.5147 -25.209 1.8
    endloop
  endfacet
  facet normal -0.430549 0.798369 -0.420992
    outer loop
      vertex 16.2399 -28.1919 0
      vertex 15.85 -27.453 1.8
      vertex 16.2679 -28.1768 0
    endloop
  endfacet
  facet normal -0.433138 0.796974 -0.42098
    outer loop
      vertex 15.85 -27.453 1.8
      vertex 16.2399 -28.1919 0
      vertex 15.7718 -27.4955 1.8
    endloop
  endfacet
  facet normal -0.390753 0.818584 -0.420989
    outer loop
      vertex 16.0314 -28.2973 0
      vertex 15.7718 -27.4955 1.8
      vertex 16.0601 -28.2836 0
    endloop
  endfacet
  facet normal -0.390489 0.818703 -0.421004
    outer loop
      vertex 15.7718 -27.4955 1.8
      vertex 16.0314 -28.2973 0
      vertex 15.6915 -27.5338 1.8
    endloop
  endfacet
  facet normal -0.899286 -0.118587 -0.420978
    outer loop
      vertex 17.5086 -25.6156 0
      vertex 17.5218 -25.7157 0
      vertex 16.6907 -25.8031 1.8
    endloop
  endfacet
  facet normal 0.71946 -0.552394 -0.420996
    outer loop
      vertex 13.0294 -24.385 0
      vertex 13.6789 -24.9109 1.8
      vertex 12.9679 -24.4651 0
    endloop
  endfacet
  facet normal -0.747623 -0.513634 -0.420997
    outer loop
      vertex 17.1266 -24.5997 0
      vertex 16.3753 -24.9815 1.8
      vertex 17.1086 -24.5735 0
    endloop
  endfacet
  facet normal -0.74775 -0.513441 -0.421009
    outer loop
      vertex 16.3753 -24.9815 1.8
      vertex 17.1266 -24.5997 0
      vertex 16.4257 -25.0549 1.8
    endloop
  endfacet
  facet normal -0.433093 -0.796999 -0.420978
    outer loop
      vertex 16.1512 -23.7214 0
      vertex 16.2399 -23.7696 0
      vertex 15.7718 -24.466 1.8
    endloop
  endfacet
  facet normal 0.891795 -0.165782 -0.420972
    outer loop
      vertex 13.3371 -25.6273 1.8
      vertex 12.5139 -25.4848 0
      vertex 12.5197 -25.4536 0
    endloop
  endfacet
  facet normal 0.891915 -0.165132 -0.420975
    outer loop
      vertex 12.5139 -25.4848 0
      vertex 13.3371 -25.6273 1.8
      vertex 13.3209 -25.7148 1.8
    endloop
  endfacet
  facet normal -0.118587 -0.899281 -0.420988
    outer loop
      vertex 15.2966 -23.4631 0
      vertex 15.3967 -23.4763 0
      vertex 15.2659 -24.3017 1.8
    endloop
  endfacet
  facet normal -0.818699 0.390498 -0.421004
    outer loop
      vertex 17.3165 -27.0121 0
      vertex 17.273 -27.1033 0
      vertex 16.553 -26.6722 1.8
    endloop
  endfacet
  facet normal -0.869654 0.257842 -0.420975
    outer loop
      vertex 17.4493 -26.6371 0
      vertex 17.4206 -26.7339 0
      vertex 16.6421 -26.4208 1.8
    endloop
  endfacet
  facet normal 0.552353 0.719485 -0.421008
    outer loop
      vertex 13.5095 -28.0322 0
      vertex 13.9302 -27.3019 1.8
      vertex 14.0008 -27.3561 1.8
    endloop
  endfacet
  facet normal 0.553336 0.718766 -0.420946
    outer loop
      vertex 13.9302 -27.3019 1.8
      vertex 13.5095 -28.0322 0
      vertex 13.4843 -28.0128 0
    endloop
  endfacet
  facet normal -0.070941 -0.904274 -0.421018
    outer loop
      vertex 15.2651 -23.4589 0
      vertex 15.1777 -24.2901 1.8
      vertex 15.1644 -23.451 0
    endloop
  endfacet
  facet normal -0.302688 -0.855072 -0.42099
    outer loop
      vertex 15.8135 -23.5798 0
      vertex 15.9087 -23.6135 0
      vertex 15.6092 -24.3937 1.8
    endloop
  endfacet
  facet normal 0.855072 0.302688 -0.42099
    outer loop
      vertex 13.4129 -26.59 1.8
      vertex 12.6327 -26.8895 0
      vertex 12.599 -26.7943 0
    endloop
  endfacet
  facet normal 0.551824 0.719887 -0.421014
    outer loop
      vertex 13.9302 -27.3019 1.8
      vertex 13.4843 -28.0128 0
      vertex 13.4042 -27.9514 0
    endloop
  endfacet
  facet normal -0.891888 0.165264 -0.42098
    outer loop
      vertex 17.5045 -26.3774 0
      vertex 17.4861 -26.4767 0
      vertex 16.6791 -26.2467 1.8
    endloop
  endfacet
  facet normal 0.818586 -0.390754 -0.420984
    outer loop
      vertex 13.4853 -25.209 1.8
      vertex 12.727 -24.8583 0
      vertex 12.7407 -24.8296 0
    endloop
  endfacet
  facet normal 0.81871 -0.390493 -0.420985
    outer loop
      vertex 12.727 -24.8583 0
      vertex 13.4853 -25.209 1.8
      vertex 13.447 -25.2893 1.8
    endloop
  endfacet
  facet normal -0.302688 -0.855069 -0.420996
    outer loop
      vertex 15.7836 -23.5692 0
      vertex 15.6092 -24.3937 1.8
      vertex 15.5253 -24.364 1.8
    endloop
  endfacet
  facet normal -0.303088 -0.854937 -0.420975
    outer loop
      vertex 15.6092 -24.3937 1.8
      vertex 15.7836 -23.5692 0
      vertex 15.8135 -23.5798 0
    endloop
  endfacet
  facet normal 0.39085 0.81854 -0.420985
    outer loop
      vertex 14.2282 -27.4955 1.8
      vertex 13.9399 -28.2836 0
      vertex 13.8488 -28.2401 0
    endloop
  endfacet
  facet normal 0.796989 0.433088 -0.421003
    outer loop
      vertex 13.5278 -26.8308 1.8
      vertex 12.804 -27.2486 0
      vertex 12.7558 -27.1599 0
    endloop
  endfacet
  facet normal 0.165782 -0.891795 -0.420972
    outer loop
      vertex 14.504 -23.4947 0
      vertex 14.6465 -24.3179 1.8
      vertex 14.4728 -23.5005 0
    endloop
  endfacet
  facet normal 0.164949 -0.891948 -0.420976
    outer loop
      vertex 14.6465 -24.3179 1.8
      vertex 14.504 -23.4947 0
      vertex 14.7341 -24.3017 1.8
    endloop
  endfacet
  facet normal -0.797197 0.432706 -0.421003
    outer loop
      vertex 17.2593 -27.132 0
      vertex 16.4722 -26.8308 1.8
      vertex 16.5147 -26.7525 1.8
    endloop
  endfacet
  facet normal -0.797697 0.431729 -0.421058
    outer loop
      vertex 16.4722 -26.8308 1.8
      vertex 17.2593 -27.132 0
      vertex 17.2442 -27.1599 0
    endloop
  endfacet
  facet normal -0.022812 0.906776 -0.420996
    outer loop
      vertex 15.1009 -28.5138 0
      vertex 15.089 -27.6784 1.8
      vertex 15.1327 -28.513 0
    endloop
  endfacet
  facet normal -0.0244513 0.906737 -0.420988
    outer loop
      vertex 15.089 -27.6784 1.8
      vertex 15.1009 -28.5138 0
      vertex 15 -27.6808 1.8
    endloop
  endfacet
  facet normal -0.0713612 -0.904248 -0.421002
    outer loop
      vertex 15.1327 -23.4485 0
      vertex 15.1777 -24.2901 1.8
      vertex 15.089 -24.2831 1.8
    endloop
  endfacet
  facet normal -0.0713132 -0.904251 -0.421005
    outer loop
      vertex 15.1777 -24.2901 1.8
      vertex 15.1327 -23.4485 0
      vertex 15.1644 -23.451 0
    endloop
  endfacet
  facet normal -0.302687 0.855069 -0.420996
    outer loop
      vertex 15.8788 -28.3587 0
      vertex 15.7836 -28.3924 0
      vertex 15.5253 -27.5976 1.8
    endloop
  endfacet
  facet normal -0.513461 -0.74775 -0.420985
    outer loop
      vertex 16.381 -23.8541 0
      vertex 16.4643 -23.9113 0
      vertex 15.9259 -24.555 1.8
    endloop
  endfacet
  facet normal -0.39085 0.81854 -0.420985
    outer loop
      vertex 16.1512 -28.2401 0
      vertex 16.0601 -28.2836 0
      vertex 15.7718 -27.4955 1.8
    endloop
  endfacet
  facet normal -0.71946 0.552394 -0.420996
    outer loop
      vertex 17.0321 -27.4964 0
      vertex 16.9706 -27.5765 0
      vertex 16.3211 -27.0506 1.8
    endloop
  endfacet
  facet normal -0.855072 0.302688 -0.42099
    outer loop
      vertex 17.401 -26.7943 0
      vertex 17.3673 -26.8895 0
      vertex 16.5871 -26.59 1.8
    endloop
  endfacet
  facet normal -0.513461 0.74775 -0.420985
    outer loop
      vertex 16.4643 -28.0502 0
      vertex 16.381 -28.1074 0
      vertex 15.9259 -27.4065 1.8
    endloop
  endfacet
  facet normal -0.211954 0.881943 -0.421014
    outer loop
      vertex 15.6254 -28.4375 0
      vertex 15.5272 -28.4611 0
      vertex 15.3534 -27.6436 1.8
    endloop
  endfacet
  facet normal -0.16578 0.891784 -0.420996
    outer loop
      vertex 15.3967 -28.4853 0
      vertex 15.3534 -27.6436 1.8
      vertex 15.4279 -28.4795 0
    endloop
  endfacet
  facet normal -0.165127 0.89189 -0.42103
    outer loop
      vertex 15.3534 -27.6436 1.8
      vertex 15.3967 -28.4853 0
      vertex 15.2659 -27.6598 1.8
    endloop
  endfacet
  facet normal 0.899334 0.11828 -0.420962
    outer loop
      vertex 13.3209 -26.2467 1.8
      vertex 12.4914 -26.3459 0
      vertex 13.3093 -26.1585 1.8
    endloop
  endfacet
  facet normal 0.899489 0.117076 -0.420967
    outer loop
      vertex 12.4914 -26.3459 0
      vertex 13.3209 -26.2467 1.8
      vertex 12.4955 -26.3774 0
    endloop
  endfacet
  facet normal -0.837403 -0.34868 -0.420925
    outer loop
      vertex 17.3673 -25.072 0
      vertex 16.553 -25.2893 1.8
      vertex 17.3551 -25.0427 0
    endloop
  endfacet
  facet normal -0.837834 -0.347569 -0.420986
    outer loop
      vertex 16.553 -25.2893 1.8
      vertex 17.3673 -25.072 0
      vertex 16.5871 -25.3715 1.8
    endloop
  endfacet
  facet normal -0.747455 0.513875 -0.421004
    outer loop
      vertex 17.1266 -27.3618 0
      vertex 17.0694 -27.445 0
      vertex 16.4257 -26.9066 1.8
    endloop
  endfacet
  facet normal -0.624548 -0.657797 -0.421002
    outer loop
      vertex 16.7198 -24.1182 0
      vertex 16.793 -24.1877 0
      vertex 16.2021 -24.7787 1.8
    endloop
  endfacet
  facet normal 0.0244513 0.906737 -0.420988
    outer loop
      vertex 14.8991 -28.5138 0
      vertex 14.911 -27.6784 1.8
      vertex 15 -27.6808 1.8
    endloop
  endfacet
  facet normal 0.022812 0.906776 -0.420996
    outer loop
      vertex 14.911 -27.6784 1.8
      vertex 14.8991 -28.5138 0
      vertex 14.8673 -28.513 0
    endloop
  endfacet
  facet normal -0.0242637 0.906745 -0.420981
    outer loop
      vertex 15.1009 -28.5138 0
      vertex 15 -28.5165 0
      vertex 15 -27.6808 1.8
    endloop
  endfacet
  facet normal -0.624371 -0.657983 -0.420975
    outer loop
      vertex 16.6967 -24.0964 0
      vertex 16.2021 -24.7787 1.8
      vertex 16.1375 -24.7174 1.8
    endloop
  endfacet
  facet normal -0.622526 -0.659649 -0.4211
    outer loop
      vertex 16.2021 -24.7787 1.8
      vertex 16.6967 -24.0964 0
      vertex 16.7198 -24.1182 0
    endloop
  endfacet
  facet normal 0.070941 -0.904274 -0.421018
    outer loop
      vertex 14.8356 -23.451 0
      vertex 14.8223 -24.2901 1.8
      vertex 14.7349 -23.4589 0
    endloop
  endfacet
  facet normal -0.747461 -0.513879 -0.420987
    outer loop
      vertex 17.0514 -24.4903 0
      vertex 17.1086 -24.5735 0
      vertex 16.3753 -24.9815 1.8
    endloop
  endfacet
  facet normal 0.90676 0.0234595 -0.420994
    outer loop
      vertex 13.3023 -26.0697 1.8
      vertex 12.4669 -26.0817 0
      vertex 13.3 -25.9808 1.8
    endloop
  endfacet
  facet normal 0.906705 0.0256615 -0.420983
    outer loop
      vertex 12.4669 -26.0817 0
      vertex 13.3023 -26.0697 1.8
      vertex 12.4678 -26.1135 0
    endloop
  endfacet
  facet normal -0.473856 -0.773455 -0.420985
    outer loop
      vertex 16.2679 -23.7848 0
      vertex 15.9259 -24.555 1.8
      vertex 15.85 -24.5085 1.8
    endloop
  endfacet
  facet normal -0.473797 -0.773489 -0.420989
    outer loop
      vertex 15.9259 -24.555 1.8
      vertex 16.2679 -23.7848 0
      vertex 16.295 -23.8014 0
    endloop
  endfacet
  facet normal -0.65693 -0.625512 -0.420925
    outer loop
      vertex 16.8844 -24.284 0
      vertex 16.2021 -24.7787 1.8
      vertex 16.8625 -24.261 0
    endloop
  endfacet
  facet normal -0.657998 -0.624333 -0.421006
    outer loop
      vertex 16.2021 -24.7787 1.8
      vertex 16.8844 -24.284 0
      vertex 16.2633 -24.8432 1.8
    endloop
  endfacet
  facet normal 0.906765 -0.0233425 -0.420991
    outer loop
      vertex 12.4669 -25.8798 0
      vertex 13.3 -25.9808 1.8
      vertex 12.4643 -25.9808 0
    endloop
  endfacet
  facet normal -0.881958 0.211957 -0.420979
    outer loop
      vertex 17.4729 -26.5389 0
      vertex 17.4493 -26.6371 0
      vertex 16.6421 -26.4208 1.8
    endloop
  endfacet
  facet normal 0.690706 -0.587956 -0.42099
    outer loop
      vertex 13.7367 -24.8432 1.8
      vertex 13.095 -24.3082 0
      vertex 13.1156 -24.284 0
    endloop
  endfacet
  facet normal 0.689847 -0.588968 -0.420985
    outer loop
      vertex 13.095 -24.3082 0
      vertex 13.7367 -24.8432 1.8
      vertex 13.6789 -24.9109 1.8
    endloop
  endfacet
  facet normal -0.624097 0.658221 -0.421009
    outer loop
      vertex 16.77 -27.7957 0
      vertex 16.6967 -27.8652 0
      vertex 16.1375 -27.2441 1.8
    endloop
  endfacet
  facet normal 0.855075 0.30269 -0.420982
    outer loop
      vertex 13.4129 -26.59 1.8
      vertex 12.5884 -26.7643 0
      vertex 13.3832 -26.5061 1.8
    endloop
  endfacet
  facet normal 0.85524 0.302185 -0.421009
    outer loop
      vertex 12.5884 -26.7643 0
      vertex 13.4129 -26.59 1.8
      vertex 12.599 -26.7943 0
    endloop
  endfacet
  facet normal -0.838161 -0.346763 -0.421
    outer loop
      vertex 17.3165 -24.9494 0
      vertex 17.3551 -25.0427 0
      vertex 16.553 -25.2893 1.8
    endloop
  endfacet
  facet normal -0.588957 -0.689834 -0.421021
    outer loop
      vertex 16.5958 -24.0101 0
      vertex 16.1375 -24.7174 1.8
      vertex 16.0698 -24.6596 1.8
    endloop
  endfacet
  facet normal -0.591048 -0.688128 -0.420883
    outer loop
      vertex 16.1375 -24.7174 1.8
      vertex 16.5958 -24.0101 0
      vertex 16.6199 -24.0308 0
    endloop
  endfacet
  facet normal 0.720112 -0.551514 -0.421036
    outer loop
      vertex 13.6789 -24.9109 1.8
      vertex 12.9486 -24.4903 0
      vertex 12.9679 -24.4651 0
    endloop
  endfacet
  facet normal 0.719494 -0.55236 -0.420983
    outer loop
      vertex 12.9486 -24.4903 0
      vertex 13.6789 -24.9109 1.8
      vertex 13.6247 -24.9815 1.8
    endloop
  endfacet
  facet normal 0.906703 -0.0257424 -0.420983
    outer loop
      vertex 13.3023 -25.8918 1.8
      vertex 12.4669 -25.8798 0
      vertex 12.4678 -25.8481 0
    endloop
  endfacet
  facet normal 0.906761 -0.0234331 -0.420994
    outer loop
      vertex 12.4669 -25.8798 0
      vertex 13.3023 -25.8918 1.8
      vertex 13.3 -25.9808 1.8
    endloop
  endfacet
  facet normal -0.773242 -0.474183 -0.421007
    outer loop
      vertex 17.1266 -24.5997 0
      vertex 17.1794 -24.6858 0
      vertex 16.4257 -25.0549 1.8
    endloop
  endfacet
  facet normal -0.588604 0.690149 -0.420999
    outer loop
      vertex 16.6967 -27.8652 0
      vertex 16.6199 -27.9307 0
      vertex 16.1375 -27.2441 1.8
    endloop
  endfacet
  facet normal 0.79651 -0.433941 -0.421032
    outer loop
      vertex 13.5278 -25.1308 1.8
      vertex 12.7888 -24.7408 0
      vertex 12.804 -24.7129 0
    endloop
  endfacet
  facet normal 0.796951 -0.433125 -0.421036
    outer loop
      vertex 12.7888 -24.7408 0
      vertex 13.5278 -25.1308 1.8
      vertex 13.4853 -25.209 1.8
    endloop
  endfacet
  facet normal -0.690706 -0.587956 -0.42099
    outer loop
      vertex 16.905 -24.3082 0
      vertex 16.2633 -24.8432 1.8
      vertex 16.8844 -24.284 0
    endloop
  endfacet
  facet normal -0.689847 -0.588968 -0.420985
    outer loop
      vertex 16.2633 -24.8432 1.8
      vertex 16.905 -24.3082 0
      vertex 16.3211 -24.9109 1.8
    endloop
  endfacet
  facet normal 0.118587 -0.899281 -0.420988
    outer loop
      vertex 14.7034 -23.4631 0
      vertex 14.7341 -24.3017 1.8
      vertex 14.6033 -23.4763 0
    endloop
  endfacet
  facet normal -0.346336 -0.838338 -0.420999
    outer loop
      vertex 15.9087 -23.6135 0
      vertex 15.6915 -24.4277 1.8
      vertex 15.6092 -24.3937 1.8
    endloop
  endfacet
  facet normal -0.345209 -0.838772 -0.42106
    outer loop
      vertex 15.6915 -24.4277 1.8
      vertex 15.9087 -23.6135 0
      vertex 15.9381 -23.6256 0
    endloop
  endfacet
  facet normal -0.882197 0.210871 -0.421025
    outer loop
      vertex 17.4803 -26.508 0
      vertex 16.6421 -26.4208 1.8
      vertex 16.6628 -26.3342 1.8
    endloop
  endfacet
  facet normal -0.882115 0.211251 -0.421006
    outer loop
      vertex 16.6421 -26.4208 1.8
      vertex 17.4803 -26.508 0
      vertex 17.4729 -26.5389 0
    endloop
  endfacet
  facet normal -0.891888 -0.165264 -0.42098
    outer loop
      vertex 17.4861 -25.4848 0
      vertex 17.5045 -25.5841 0
      vertex 16.6791 -25.7148 1.8
    endloop
  endfacet
  facet normal -0.899288 0.118587 -0.420973
    outer loop
      vertex 17.5218 -26.2458 0
      vertex 17.5086 -26.3459 0
      vertex 16.6907 -26.1585 1.8
    endloop
  endfacet
  facet normal -0.904266 0.0712822 -0.420977
    outer loop
      vertex 17.5243 -26.2141 0
      vertex 16.6907 -26.1585 1.8
      vertex 16.6977 -26.0697 1.8
    endloop
  endfacet
  facet normal -0.904263 0.0713142 -0.420977
    outer loop
      vertex 16.6907 -26.1585 1.8
      vertex 17.5243 -26.2141 0
      vertex 17.5218 -26.2458 0
    endloop
  endfacet
  facet normal 0.347535 -0.837856 -0.42097
    outer loop
      vertex 14.0619 -23.6256 0
      vertex 14.3085 -24.4277 1.8
      vertex 13.9686 -23.6643 0
    endloop
  endfacet
  facet normal 0.165264 -0.891884 -0.420988
    outer loop
      vertex 14.6033 -23.4763 0
      vertex 14.7341 -24.3017 1.8
      vertex 14.504 -23.4947 0
    endloop
  endfacet
  facet normal 0.433093 -0.796999 -0.420978
    outer loop
      vertex 13.8488 -23.7214 0
      vertex 14.2282 -24.466 1.8
      vertex 13.7601 -23.7696 0
    endloop
  endfacet
  facet normal 0.212068 0.881918 -0.421009
    outer loop
      vertex 14.3746 -28.4375 0
      vertex 14.56 -27.6228 1.8
      vertex 14.6465 -27.6436 1.8
    endloop
  endfacet
  facet normal 0.21125 0.882112 -0.421013
    outer loop
      vertex 14.56 -27.6228 1.8
      vertex 14.3746 -28.4375 0
      vertex 14.3437 -28.4301 0
    endloop
  endfacet
  facet normal -0.625483 0.6569 -0.421014
    outer loop
      vertex 16.77 -27.7957 0
      vertex 16.2021 -27.1828 1.8
      vertex 16.793 -27.7738 0
    endloop
  endfacet
  facet normal -0.624356 0.657967 -0.421022
    outer loop
      vertex 16.2021 -27.1828 1.8
      vertex 16.77 -27.7957 0
      vertex 16.1375 -27.2441 1.8
    endloop
  endfacet
  facet normal -0.0234332 -0.906761 -0.420993
    outer loop
      vertex 15.1009 -23.4477 0
      vertex 15.089 -24.2831 1.8
      vertex 15 -24.2808 1.8
    endloop
  endfacet
  facet normal -0.022812 -0.906776 -0.420996
    outer loop
      vertex 15.089 -24.2831 1.8
      vertex 15.1009 -23.4477 0
      vertex 15.1327 -23.4485 0
    endloop
  endfacet
  facet normal 0.869625 0.257931 -0.420979
    outer loop
      vertex 13.3832 -26.5061 1.8
      vertex 12.5794 -26.7339 0
      vertex 13.3579 -26.4208 1.8
    endloop
  endfacet
  facet normal 0.869754 0.257493 -0.420981
    outer loop
      vertex 12.5794 -26.7339 0
      vertex 13.3832 -26.5061 1.8
      vertex 12.5884 -26.7643 0
    endloop
  endfacet
  facet normal 0.904262 -0.071314 -0.420981
    outer loop
      vertex 13.3093 -25.8031 1.8
      vertex 12.4757 -25.7474 0
      vertex 12.4782 -25.7157 0
    endloop
  endfacet
  facet normal 0.904258 -0.071362 -0.42098
    outer loop
      vertex 12.4757 -25.7474 0
      vertex 13.3093 -25.8031 1.8
      vertex 13.3023 -25.8918 1.8
    endloop
  endfacet
  facet normal 0.0242632 -0.906725 -0.421023
    outer loop
      vertex 15 -23.445 0
      vertex 15 -24.2808 1.8
      vertex 14.8991 -23.4477 0
    endloop
  endfacet
  facet normal 0.433138 0.796974 -0.42098
    outer loop
      vertex 13.7601 -28.1919 0
      vertex 14.15 -27.453 1.8
      vertex 14.2282 -27.4955 1.8
    endloop
  endfacet
  facet normal 0.430549 0.798369 -0.420992
    outer loop
      vertex 14.15 -27.453 1.8
      vertex 13.7601 -28.1919 0
      vertex 13.7321 -28.1768 0
    endloop
  endfacet
  facet normal 0.869654 0.257842 -0.420975
    outer loop
      vertex 13.3579 -26.4208 1.8
      vertex 12.5794 -26.7339 0
      vertex 12.5507 -26.6371 0
    endloop
  endfacet
  facet normal 0.117701 0.899382 -0.42102
    outer loop
      vertex 14.7341 -27.6598 1.8
      vertex 14.7034 -28.4984 0
      vertex 14.6033 -28.4853 0
    endloop
  endfacet
  facet normal -0.433138 -0.796974 -0.42098
    outer loop
      vertex 16.2399 -23.7696 0
      vertex 15.85 -24.5085 1.8
      vertex 15.7718 -24.466 1.8
    endloop
  endfacet
  facet normal -0.432755 -0.797181 -0.420982
    outer loop
      vertex 15.85 -24.5085 1.8
      vertex 16.2399 -23.7696 0
      vertex 16.2679 -23.7848 0
    endloop
  endfacet
  facet normal 0.259333 -0.869193 -0.421011
    outer loop
      vertex 14.2469 -23.5601 0
      vertex 14.4747 -24.364 1.8
      vertex 14.2164 -23.5692 0
    endloop
  endfacet
  facet normal 0.257926 -0.869608 -0.421018
    outer loop
      vertex 14.4747 -24.364 1.8
      vertex 14.2469 -23.5601 0
      vertex 14.56 -24.3387 1.8
    endloop
  endfacet
  facet normal 0.302687 0.855069 -0.420996
    outer loop
      vertex 14.4747 -27.5976 1.8
      vertex 14.2164 -28.3924 0
      vertex 14.1212 -28.3587 0
    endloop
  endfacet
  facet normal 0.77317 0.474306 -0.421
    outer loop
      vertex 13.5743 -26.9066 1.8
      vertex 12.8568 -27.3347 0
      vertex 13.5278 -26.8308 1.8
    endloop
  endfacet
  facet normal 0.773483 0.473794 -0.421003
    outer loop
      vertex 12.8568 -27.3347 0
      vertex 13.5743 -26.9066 1.8
      vertex 12.8734 -27.3618 0
    endloop
  endfacet
  facet normal 0.747461 -0.513879 -0.420987
    outer loop
      vertex 12.9486 -24.4903 0
      vertex 13.6247 -24.9815 1.8
      vertex 12.8914 -24.5735 0
    endloop
  endfacet
  facet normal 0.591048 -0.688128 -0.420883
    outer loop
      vertex 13.4042 -24.0101 0
      vertex 13.8625 -24.7174 1.8
      vertex 13.3801 -24.0308 0
    endloop
  endfacet
  facet normal 0.588957 -0.689834 -0.421021
    outer loop
      vertex 13.8625 -24.7174 1.8
      vertex 13.4042 -24.0101 0
      vertex 13.9302 -24.6596 1.8
    endloop
  endfacet
  facet normal 0.473857 0.773456 -0.420981
    outer loop
      vertex 13.6461 -28.124 0
      vertex 14.0741 -27.4065 1.8
      vertex 14.15 -27.453 1.8
    endloop
  endfacet
  facet normal 0.472529 0.774265 -0.420987
    outer loop
      vertex 14.0741 -27.4065 1.8
      vertex 13.6461 -28.124 0
      vertex 13.6189 -28.1074 0
    endloop
  endfacet
  facet normal 0.39012 -0.818892 -0.420977
    outer loop
      vertex 13.9399 -23.678 0
      vertex 14.2282 -24.466 1.8
      vertex 13.8488 -23.7214 0
    endloop
  endfacet
  facet normal -0.303079 0.854912 -0.421033
    outer loop
      vertex 15.8788 -28.3587 0
      vertex 15.6092 -27.5678 1.8
      vertex 15.9087 -28.3481 0
    endloop
  endfacet
  facet normal -0.303588 0.854732 -0.421031
    outer loop
      vertex 15.6092 -27.5678 1.8
      vertex 15.8788 -28.3587 0
      vertex 15.5253 -27.5976 1.8
    endloop
  endfacet
  facet normal -0.257014 0.869893 -0.420987
    outer loop
      vertex 15.7836 -28.3924 0
      vertex 15.6868 -28.421 0
      vertex 15.5253 -27.5976 1.8
    endloop
  endfacet
  facet normal -0.589131 -0.689714 -0.420975
    outer loop
      vertex 16.6199 -24.0308 0
      vertex 16.6967 -24.0964 0
      vertex 16.1375 -24.7174 1.8
    endloop
  endfacet
  facet normal 0.899288 0.118587 -0.420973
    outer loop
      vertex 13.3093 -26.1585 1.8
      vertex 12.4914 -26.3459 0
      vertex 12.4782 -26.2458 0
    endloop
  endfacet
  facet normal 0.881988 0.21184 -0.420975
    outer loop
      vertex 13.3579 -26.4208 1.8
      vertex 12.5197 -26.508 0
      vertex 13.3371 -26.3342 1.8
    endloop
  endfacet
  facet normal 0.882115 0.211251 -0.421006
    outer loop
      vertex 12.5197 -26.508 0
      vertex 13.3579 -26.4208 1.8
      vertex 12.5271 -26.5389 0
    endloop
  endfacet
  facet normal 0.773475 -0.473789 -0.421024
    outer loop
      vertex 13.5743 -25.0549 1.8
      vertex 12.804 -24.7129 0
      vertex 12.8206 -24.6858 0
    endloop
  endfacet
  facet normal 0.773441 -0.473847 -0.421021
    outer loop
      vertex 12.804 -24.7129 0
      vertex 13.5743 -25.0549 1.8
      vertex 13.5278 -25.1308 1.8
    endloop
  endfacet
  facet normal 0.588604 0.690149 -0.420999
    outer loop
      vertex 13.8625 -27.2441 1.8
      vertex 13.3801 -27.9307 0
      vertex 13.3033 -27.8652 0
    endloop
  endfacet
  facet normal 0.070941 0.904274 -0.421018
    outer loop
      vertex 14.8223 -27.6714 1.8
      vertex 14.8356 -28.5105 0
      vertex 14.7349 -28.5026 0
    endloop
  endfacet
  facet normal 0.0713612 0.904248 -0.421002
    outer loop
      vertex 14.8673 -28.513 0
      vertex 14.8223 -27.6714 1.8
      vertex 14.911 -27.6784 1.8
    endloop
  endfacet
  facet normal 0.0713132 0.904251 -0.421005
    outer loop
      vertex 14.8223 -27.6714 1.8
      vertex 14.8673 -28.513 0
      vertex 14.8356 -28.5105 0
    endloop
  endfacet
  facet normal 0.747455 0.513875 -0.421004
    outer loop
      vertex 13.5743 -26.9066 1.8
      vertex 12.9306 -27.445 0
      vertex 12.8734 -27.3618 0
    endloop
  endfacet
  facet normal 0.773247 0.474186 -0.420995
    outer loop
      vertex 13.5278 -26.8308 1.8
      vertex 12.8568 -27.3347 0
      vertex 12.804 -27.2486 0
    endloop
  endfacet
  facet normal 0.71946 0.552394 -0.420996
    outer loop
      vertex 13.6789 -27.0506 1.8
      vertex 13.0294 -27.5765 0
      vertex 12.9679 -27.4964 0
    endloop
  endfacet
  facet normal -0.837834 0.347569 -0.420986
    outer loop
      vertex 17.3673 -26.8895 0
      vertex 16.553 -26.6722 1.8
      vertex 16.5871 -26.59 1.8
    endloop
  endfacet
  facet normal -0.837403 0.34868 -0.420925
    outer loop
      vertex 16.553 -26.6722 1.8
      vertex 17.3673 -26.8895 0
      vertex 17.3551 -26.9188 0
    endloop
  endfacet
  facet normal -0.855075 0.30269 -0.420982
    outer loop
      vertex 17.4116 -26.7643 0
      vertex 16.5871 -26.59 1.8
      vertex 16.6168 -26.5061 1.8
    endloop
  endfacet
  facet normal -0.85524 0.302185 -0.421009
    outer loop
      vertex 16.5871 -26.59 1.8
      vertex 17.4116 -26.7643 0
      vertex 17.401 -26.7943 0
    endloop
  endfacet
  facet normal -0.891715 0.166114 -0.421011
    outer loop
      vertex 17.4861 -26.4767 0
      vertex 16.6628 -26.3342 1.8
      vertex 16.6791 -26.2467 1.8
    endloop
  endfacet
  facet normal -0.891871 0.165267 -0.421015
    outer loop
      vertex 16.6628 -26.3342 1.8
      vertex 17.4861 -26.4767 0
      vertex 17.4803 -26.508 0
    endloop
  endfacet
  facet normal 0.34634 0.838347 -0.420978
    outer loop
      vertex 13.998 -28.3094 0
      vertex 14.3085 -27.5338 1.8
      vertex 14.3908 -27.5678 1.8
    endloop
  endfacet
  facet normal 0.345223 0.838806 -0.420983
    outer loop
      vertex 14.3085 -27.5338 1.8
      vertex 13.998 -28.3094 0
      vertex 13.9686 -28.2973 0
    endloop
  endfacet
  facet normal -0.473799 0.773491 -0.420981
    outer loop
      vertex 16.3539 -28.124 0
      vertex 15.9259 -27.4065 1.8
      vertex 16.381 -28.1074 0
    endloop
  endfacet
  facet normal -0.473857 0.773456 -0.420981
    outer loop
      vertex 15.9259 -27.4065 1.8
      vertex 16.3539 -28.124 0
      vertex 15.85 -27.453 1.8
    endloop
  endfacet
  facet normal 0.118276 0.899306 -0.421022
    outer loop
      vertex 14.7349 -28.5026 0
      vertex 14.7341 -27.6598 1.8
      vertex 14.8223 -27.6714 1.8
    endloop
  endfacet
  facet normal 0.119884 0.899131 -0.42094
    outer loop
      vertex 14.7341 -27.6598 1.8
      vertex 14.7349 -28.5026 0
      vertex 14.7034 -28.4984 0
    endloop
  endfacet
  facet normal -0.257926 -0.869608 -0.421018
    outer loop
      vertex 15.7531 -23.5601 0
      vertex 15.5253 -24.364 1.8
      vertex 15.44 -24.3387 1.8
    endloop
  endfacet
  facet normal -0.259333 -0.869193 -0.421011
    outer loop
      vertex 15.5253 -24.364 1.8
      vertex 15.7531 -23.5601 0
      vertex 15.7836 -23.5692 0
    endloop
  endfacet
  facet normal 0.390489 0.818703 -0.421004
    outer loop
      vertex 13.9686 -28.2973 0
      vertex 14.2282 -27.4955 1.8
      vertex 14.3085 -27.5338 1.8
    endloop
  endfacet
  facet normal 0.390753 0.818584 -0.420989
    outer loop
      vertex 14.2282 -27.4955 1.8
      vertex 13.9686 -28.2973 0
      vertex 13.9399 -28.2836 0
    endloop
  endfacet
  facet normal 0.855072 -0.302688 -0.42099
    outer loop
      vertex 12.6327 -25.072 0
      vertex 13.4129 -25.3715 1.8
      vertex 12.599 -25.1672 0
    endloop
  endfacet
  facet normal 0.899489 -0.117076 -0.420967
    outer loop
      vertex 13.3209 -25.7148 1.8
      vertex 12.4914 -25.6156 0
      vertex 12.4955 -25.5841 0
    endloop
  endfacet
  facet normal 0.899351 -0.118148 -0.420962
    outer loop
      vertex 12.4914 -25.6156 0
      vertex 13.3209 -25.7148 1.8
      vertex 13.3093 -25.8031 1.8
    endloop
  endfacet
  facet normal 0.891888 -0.165264 -0.42098
    outer loop
      vertex 12.5139 -25.4848 0
      vertex 13.3209 -25.7148 1.8
      vertex 12.4955 -25.5841 0
    endloop
  endfacet
  facet normal -0.818703 0.39049 -0.421003
    outer loop
      vertex 17.273 -27.1033 0
      vertex 16.5147 -26.7525 1.8
      vertex 16.553 -26.6722 1.8
    endloop
  endfacet
  facet normal -0.818579 0.39075 -0.421002
    outer loop
      vertex 16.5147 -26.7525 1.8
      vertex 17.273 -27.1033 0
      vertex 17.2593 -27.132 0
    endloop
  endfacet
  facet normal 0.588957 0.689834 -0.421021
    outer loop
      vertex 13.4042 -27.9514 0
      vertex 13.8625 -27.2441 1.8
      vertex 13.9302 -27.3019 1.8
    endloop
  endfacet
  facet normal 0.591048 0.688128 -0.420883
    outer loop
      vertex 13.8625 -27.2441 1.8
      vertex 13.4042 -27.9514 0
      vertex 13.3801 -27.9307 0
    endloop
  endfacet
  facet normal 0.213949 -0.881468 -0.420999
    outer loop
      vertex 14.3746 -23.524 0
      vertex 14.56 -24.3387 1.8
      vertex 14.3437 -23.5315 0
    endloop
  endfacet
  facet normal 0.212068 -0.881918 -0.421009
    outer loop
      vertex 14.56 -24.3387 1.8
      vertex 14.3746 -23.524 0
      vertex 14.6465 -24.3179 1.8
    endloop
  endfacet
  facet normal -0.747759 0.513448 -0.420985
    outer loop
      vertex 17.0694 -27.445 0
      vertex 16.3753 -26.98 1.8
      vertex 16.4257 -26.9066 1.8
    endloop
  endfacet
  facet normal -0.747629 0.513638 -0.420984
    outer loop
      vertex 16.3753 -26.98 1.8
      vertex 17.0694 -27.445 0
      vertex 17.0514 -27.4712 0
    endloop
  endfacet
  facet normal 0.513632 -0.74762 -0.421007
    outer loop
      vertex 13.5357 -23.9113 0
      vertex 14.0008 -24.6054 1.8
      vertex 13.5095 -23.9293 0
    endloop
  endfacet
  facet normal 0.513918 -0.747424 -0.421006
    outer loop
      vertex 14.0008 -24.6054 1.8
      vertex 13.5357 -23.9113 0
      vertex 14.0741 -24.555 1.8
    endloop
  endfacet
  facet normal -0.211836 -0.881973 -0.42101
    outer loop
      vertex 15.6254 -23.524 0
      vertex 15.44 -24.3387 1.8
      vertex 15.3534 -24.3179 1.8
    endloop
  endfacet
  facet normal -0.213949 -0.881468 -0.420999
    outer loop
      vertex 15.44 -24.3387 1.8
      vertex 15.6254 -23.524 0
      vertex 15.6563 -23.5315 0
    endloop
  endfacet
  facet normal -0.79651 -0.433941 -0.421032
    outer loop
      vertex 17.2112 -24.7408 0
      vertex 16.4722 -25.1308 1.8
      vertex 17.196 -24.7129 0
    endloop
  endfacet
  facet normal -0.796951 -0.433125 -0.421036
    outer loop
      vertex 16.4722 -25.1308 1.8
      vertex 17.2112 -24.7408 0
      vertex 16.5147 -25.209 1.8
    endloop
  endfacet
  facet normal 0.773242 -0.474183 -0.421007
    outer loop
      vertex 12.8734 -24.5997 0
      vertex 13.5743 -25.0549 1.8
      vertex 12.8206 -24.6858 0
    endloop
  endfacet
  facet normal 0.837403 -0.34868 -0.420925
    outer loop
      vertex 13.447 -25.2893 1.8
      vertex 12.6327 -25.072 0
      vertex 12.6449 -25.0427 0
    endloop
  endfacet
  facet normal 0.837834 -0.347569 -0.420986
    outer loop
      vertex 12.6327 -25.072 0
      vertex 13.447 -25.2893 1.8
      vertex 13.4129 -25.3715 1.8
    endloop
  endfacet
  facet normal -0.211108 -0.882161 -0.420983
    outer loop
      vertex 15.5272 -23.5005 0
      vertex 15.6254 -23.524 0
      vertex 15.3534 -24.3179 1.8
    endloop
  endfacet
  facet normal -0.165132 -0.891915 -0.420975
    outer loop
      vertex 15.4959 -23.4947 0
      vertex 15.3534 -24.3179 1.8
      vertex 15.2659 -24.3017 1.8
    endloop
  endfacet
  facet normal -0.16527 -0.891889 -0.420975
    outer loop
      vertex 15.3534 -24.3179 1.8
      vertex 15.4959 -23.4947 0
      vertex 15.5272 -23.5005 0
    endloop
  endfacet
  facet normal 0.474583 0.772994 -0.421012
    outer loop
      vertex 14.15 -27.453 1.8
      vertex 13.7321 -28.1768 0
      vertex 13.6461 -28.124 0
    endloop
  endfacet
  facet normal 0.747759 0.513448 -0.420985
    outer loop
      vertex 13.6247 -26.98 1.8
      vertex 12.9306 -27.445 0
      vertex 13.5743 -26.9066 1.8
    endloop
  endfacet
  facet normal 0.747629 0.513638 -0.420984
    outer loop
      vertex 12.9306 -27.445 0
      vertex 13.6247 -26.98 1.8
      vertex 12.9486 -27.4712 0
    endloop
  endfacet
  facet normal -0.899334 0.11828 -0.420962
    outer loop
      vertex 17.5086 -26.3459 0
      vertex 16.6791 -26.2467 1.8
      vertex 16.6907 -26.1585 1.8
    endloop
  endfacet
  facet normal -0.899489 0.117076 -0.420967
    outer loop
      vertex 16.6791 -26.2467 1.8
      vertex 17.5086 -26.3459 0
      vertex 17.5045 -26.3774 0
    endloop
  endfacet
  facet normal -0.513918 -0.747424 -0.421006
    outer loop
      vertex 16.4643 -23.9113 0
      vertex 15.9992 -24.6054 1.8
      vertex 15.9259 -24.555 1.8
    endloop
  endfacet
  facet normal -0.513632 -0.74762 -0.421007
    outer loop
      vertex 15.9992 -24.6054 1.8
      vertex 16.4643 -23.9113 0
      vertex 16.4905 -23.9293 0
    endloop
  endfacet
  facet normal 0.869987 -0.256718 -0.420973
    outer loop
      vertex 13.3832 -25.4554 1.8
      vertex 12.5794 -25.2277 0
      vertex 12.5884 -25.1972 0
    endloop
  endfacet
  facet normal 0.869712 -0.257655 -0.420968
    outer loop
      vertex 12.5794 -25.2277 0
      vertex 13.3832 -25.4554 1.8
      vertex 13.3579 -25.5408 1.8
    endloop
  endfacet
  facet normal 0.818534 -0.390848 -0.421
    outer loop
      vertex 12.727 -24.8583 0
      vertex 13.447 -25.2893 1.8
      vertex 12.6835 -24.9494 0
    endloop
  endfacet
  facet normal 0.657998 0.624333 -0.421006
    outer loop
      vertex 13.7979 -27.1828 1.8
      vertex 13.1156 -27.6775 0
      vertex 13.7367 -27.1183 1.8
    endloop
  endfacet
  facet normal 0.65693 0.625512 -0.420925
    outer loop
      vertex 13.1156 -27.6775 0
      vertex 13.7979 -27.1828 1.8
      vertex 13.1375 -27.7005 0
    endloop
  endfacet
  facet normal 0.881908 -0.212161 -0.420982
    outer loop
      vertex 12.5507 -25.3245 0
      vertex 13.3579 -25.5408 1.8
      vertex 12.5271 -25.4226 0
    endloop
  endfacet
  facet normal 0.658225 0.624102 -0.420994
    outer loop
      vertex 13.7979 -27.1828 1.8
      vertex 13.207 -27.7738 0
      vertex 13.1375 -27.7005 0
    endloop
  endfacet
  facet normal 0.85524 -0.302185 -0.421009
    outer loop
      vertex 13.4129 -25.3715 1.8
      vertex 12.5884 -25.1972 0
      vertex 12.599 -25.1672 0
    endloop
  endfacet
  facet normal 0.855075 -0.30269 -0.420982
    outer loop
      vertex 12.5884 -25.1972 0
      vertex 13.4129 -25.3715 1.8
      vertex 13.3832 -25.4554 1.8
    endloop
  endfacet
  facet normal -0.591048 0.688128 -0.420883
    outer loop
      vertex 16.5958 -27.9514 0
      vertex 16.1375 -27.2441 1.8
      vertex 16.6199 -27.9307 0
    endloop
  endfacet
  facet normal -0.588957 0.689834 -0.421021
    outer loop
      vertex 16.1375 -27.2441 1.8
      vertex 16.5958 -27.9514 0
      vertex 16.0698 -27.3019 1.8
    endloop
  endfacet
  facet normal -0.553336 0.718766 -0.420946
    outer loop
      vertex 16.4905 -28.0322 0
      vertex 16.0698 -27.3019 1.8
      vertex 16.5157 -28.0128 0
    endloop
  endfacet
  facet normal -0.552353 0.719485 -0.421008
    outer loop
      vertex 16.0698 -27.3019 1.8
      vertex 16.4905 -28.0322 0
      vertex 15.9992 -27.3561 1.8
    endloop
  endfacet
  facet normal 0.719494 0.55236 -0.420983
    outer loop
      vertex 13.6789 -27.0506 1.8
      vertex 12.9486 -27.4712 0
      vertex 13.6247 -26.98 1.8
    endloop
  endfacet
  facet normal 0.720112 0.551514 -0.421036
    outer loop
      vertex 12.9486 -27.4712 0
      vertex 13.6789 -27.0506 1.8
      vertex 12.9679 -27.4964 0
    endloop
  endfacet
  facet normal 0.882254 -0.210603 -0.421039
    outer loop
      vertex 13.3579 -25.5408 1.8
      vertex 12.5197 -25.4536 0
      vertex 12.5271 -25.4226 0
    endloop
  endfacet
  facet normal 0.881938 -0.212073 -0.420963
    outer loop
      vertex 12.5197 -25.4536 0
      vertex 13.3579 -25.5408 1.8
      vertex 13.3371 -25.6273 1.8
    endloop
  endfacet
  facet normal 0.624097 0.658221 -0.421009
    outer loop
      vertex 13.8625 -27.2441 1.8
      vertex 13.3033 -27.8652 0
      vertex 13.23 -27.7957 0
    endloop
  endfacet
  facet normal 0.624356 0.657967 -0.421022
    outer loop
      vertex 13.23 -27.7957 0
      vertex 13.7979 -27.1828 1.8
      vertex 13.8625 -27.2441 1.8
    endloop
  endfacet
  facet normal 0.625483 0.6569 -0.421014
    outer loop
      vertex 13.7979 -27.1828 1.8
      vertex 13.23 -27.7957 0
      vertex 13.207 -27.7738 0
    endloop
  endfacet
  facet normal 0.824182 -0.566325 0
    outer loop
      vertex -31.4257 0.925886 5
      vertex -31.3753 0.999234 1.8
      vertex -31.3753 0.999234 5
    endloop
  endfacet
  facet normal 0.824182 -0.566325 0
    outer loop
      vertex -31.3753 0.999234 1.8
      vertex -31.4257 0.925886 5
      vertex -31.4257 0.925886 1.8
    endloop
  endfacet
  facet normal 0.999666 0.0258427 0
    outer loop
      vertex -31.6977 -0.0889702 5
      vertex -31.7 0 1.8
      vertex -31.7 0 5
    endloop
  endfacet
  facet normal 0.999666 0.0258427 0
    outer loop
      vertex -31.7 0 1.8
      vertex -31.6977 -0.0889702 5
      vertex -31.6977 -0.0889702 1.8
    endloop
  endfacet
  facet normal -0.996902 0.0786486 0
    outer loop
      vertex -28.3093 -0.177698 1.8
      vertex -28.3023 -0.0889702 5
      vertex -28.3023 -0.0889702 1.8
    endloop
  endfacet
  facet normal -0.996902 0.0786486 0
    outer loop
      vertex -28.3023 -0.0889702 5
      vertex -28.3093 -0.177698 1.8
      vertex -28.3093 -0.177698 5
    endloop
  endfacet
  facet normal -0.999666 0.0258427 0
    outer loop
      vertex -28.3023 -0.0889702 1.8
      vertex -28.3 0 5
      vertex -28.3 0 1.8
    endloop
  endfacet
  facet normal -0.999666 0.0258427 0
    outer loop
      vertex -28.3 0 5
      vertex -28.3023 -0.0889702 1.8
      vertex -28.3023 -0.0889702 5
    endloop
  endfacet
  facet normal -0.99147 0.130338 0
    outer loop
      vertex -28.3209 -0.265938 1.8
      vertex -28.3093 -0.177698 5
      vertex -28.3093 -0.177698 1.8
    endloop
  endfacet
  facet normal -0.99147 0.130338 0
    outer loop
      vertex -28.3093 -0.177698 5
      vertex -28.3209 -0.265938 1.8
      vertex -28.3209 -0.265938 5
    endloop
  endfacet
  facet normal -0.430684 -0.902503 0
    outer loop
      vertex -29.3085 1.55303 1.8
      vertex -29.2282 1.51471 5
      vertex -29.3085 1.55303 5
    endloop
  endfacet
  facet normal -0.430684 -0.902503 -0
    outer loop
      vertex -29.2282 1.51471 5
      vertex -29.3085 1.55303 1.8
      vertex -29.2282 1.51471 1.8
    endloop
  endfacet
  facet normal -0.852658 0.522469 0
    outer loop
      vertex -28.5743 -0.925886 1.8
      vertex -28.5278 -0.849999 5
      vertex -28.5278 -0.849999 1.8
    endloop
  endfacet
  facet normal -0.852658 0.522469 0
    outer loop
      vertex -28.5278 -0.849999 5
      vertex -28.5743 -0.925886 1.8
      vertex -28.5743 -0.925886 5
    endloop
  endfacet
  facet normal 0.902657 -0.430361 0
    outer loop
      vertex -31.553 0.691452 5
      vertex -31.5147 0.771784 1.8
      vertex -31.5147 0.771784 5
    endloop
  endfacet
  facet normal 0.902657 -0.430361 0
    outer loop
      vertex -31.5147 0.771784 1.8
      vertex -31.553 0.691452 5
      vertex -31.553 0.691452 1.8
    endloop
  endfacet
  facet normal -0.0784497 -0.996918 0
    outer loop
      vertex -29.911 1.69767 1.8
      vertex -29.8223 1.69069 5
      vertex -29.911 1.69767 5
    endloop
  endfacet
  facet normal -0.0784497 -0.996918 -0
    outer loop
      vertex -29.8223 1.69069 5
      vertex -29.911 1.69767 1.8
      vertex -29.8223 1.69069 1.8
    endloop
  endfacet
  facet normal 0.958752 -0.284243 0
    outer loop
      vertex -31.6421 0.439992 5
      vertex -31.6168 0.525329 1.8
      vertex -31.6168 0.525329 5
    endloop
  endfacet
  facet normal 0.958752 -0.284243 0
    outer loop
      vertex -31.6168 0.525329 1.8
      vertex -31.6421 0.439992 5
      vertex -31.6421 0.439992 1.8
    endloop
  endfacet
  facet normal -0.878663 0.477443 0
    outer loop
      vertex -28.5278 -0.849999 1.8
      vertex -28.4853 -0.771784 5
      vertex -28.4853 -0.771784 1.8
    endloop
  endfacet
  facet normal -0.878663 0.477443 0
    outer loop
      vertex -28.4853 -0.771784 5
      vertex -28.5278 -0.849999 1.8
      vertex -28.5278 -0.849999 5
    endloop
  endfacet
  facet normal 0.793233 -0.608918 0
    outer loop
      vertex -31.3753 0.999234 5
      vertex -31.3211 1.06984 1.8
      vertex -31.3211 1.06984 5
    endloop
  endfacet
  facet normal 0.793233 -0.608918 0
    outer loop
      vertex -31.3211 1.06984 1.8
      vertex -31.3753 0.999234 5
      vertex -31.3753 0.999234 1.8
    endloop
  endfacet
  facet normal -0.430684 0.902503 0
    outer loop
      vertex -29.2282 -1.51471 1.8
      vertex -29.3085 -1.55303 5
      vertex -29.2282 -1.51471 5
    endloop
  endfacet
  facet normal -0.430684 0.902503 0
    outer loop
      vertex -29.3085 -1.55303 5
      vertex -29.2282 -1.51471 1.8
      vertex -29.3085 -1.55303 1.8
    endloop
  endfacet
  facet normal -0.760429 -0.649421 0
    outer loop
      vertex -28.6789 1.06984 1.8
      vertex -28.7367 1.13752 5
      vertex -28.7367 1.13752 1.8
    endloop
  endfacet
  facet normal -0.760429 -0.649421 0
    outer loop
      vertex -28.7367 1.13752 5
      vertex -28.6789 1.06984 1.8
      vertex -28.6789 1.06984 5
    endloop
  endfacet
  facet normal -0.972311 0.233691 0
    outer loop
      vertex -28.3579 -0.439992 1.8
      vertex -28.3371 -0.35345 5
      vertex -28.3371 -0.35345 1.8
    endloop
  endfacet
  facet normal -0.972311 0.233691 0
    outer loop
      vertex -28.3371 -0.35345 5
      vertex -28.3579 -0.439992 1.8
      vertex -28.3579 -0.439992 5
    endloop
  endfacet
  facet normal -0.878663 -0.477443 0
    outer loop
      vertex -28.4853 0.771784 1.8
      vertex -28.5278 0.849999 5
      vertex -28.5278 0.849999 1.8
    endloop
  endfacet
  facet normal -0.878663 -0.477443 0
    outer loop
      vertex -28.5278 0.849999 5
      vertex -28.4853 0.771784 1.8
      vertex -28.4853 0.771784 5
    endloop
  endfacet
  facet normal 0.130617 0.991433 -0
    outer loop
      vertex -30.1777 -1.69069 1.8
      vertex -30.2659 -1.67907 5
      vertex -30.1777 -1.69069 5
    endloop
  endfacet
  facet normal 0.130617 0.991433 0
    outer loop
      vertex -30.2659 -1.67907 5
      vertex -30.1777 -1.69069 1.8
      vertex -30.2659 -1.67907 1.8
    endloop
  endfacet
  facet normal -0.923719 0.383071 0
    outer loop
      vertex -28.447 -0.691452 1.8
      vertex -28.4129 -0.609225 5
      vertex -28.4129 -0.609225 1.8
    endloop
  endfacet
  facet normal -0.923719 0.383071 0
    outer loop
      vertex -28.4129 -0.609225 5
      vertex -28.447 -0.691452 1.8
      vertex -28.447 -0.691452 5
    endloop
  endfacet
  facet normal -0.72574 0.687969 0
    outer loop
      vertex -28.7979 -1.20208 1.8
      vertex -28.7367 -1.13752 5
      vertex -28.7367 -1.13752 1.8
    endloop
  endfacet
  facet normal -0.72574 0.687969 0
    outer loop
      vertex -28.7367 -1.13752 5
      vertex -28.7979 -1.20208 1.8
      vertex -28.7979 -1.20208 5
    endloop
  endfacet
  facet normal 0.430684 0.902503 -0
    outer loop
      vertex -30.6915 -1.55303 1.8
      vertex -30.7718 -1.51471 5
      vertex -30.6915 -1.55303 5
    endloop
  endfacet
  facet normal 0.430684 0.902503 0
    outer loop
      vertex -30.7718 -1.51471 5
      vertex -30.6915 -1.55303 1.8
      vertex -30.7718 -1.51471 1.8
    endloop
  endfacet
  facet normal -0.958752 0.284243 0
    outer loop
      vertex -28.3832 -0.525329 1.8
      vertex -28.3579 -0.439992 5
      vertex -28.3579 -0.439992 1.8
    endloop
  endfacet
  facet normal -0.958752 0.284243 0
    outer loop
      vertex -28.3579 -0.439992 5
      vertex -28.3832 -0.525329 1.8
      vertex -28.3832 -0.525329 5
    endloop
  endfacet
  facet normal 0.996902 0.0786486 0
    outer loop
      vertex -31.6907 -0.177698 5
      vertex -31.6977 -0.0889702 1.8
      vertex -31.6977 -0.0889702 5
    endloop
  endfacet
  facet normal 0.996902 0.0786486 0
    outer loop
      vertex -31.6977 -0.0889702 1.8
      vertex -31.6907 -0.177698 5
      vertex -31.6907 -0.177698 1.8
    endloop
  endfacet
  facet normal 0.130617 -0.991433 0
    outer loop
      vertex -30.2659 1.67907 1.8
      vertex -30.1777 1.69069 5
      vertex -30.2659 1.67907 5
    endloop
  endfacet
  facet normal 0.130617 -0.991433 0
    outer loop
      vertex -30.1777 1.69069 5
      vertex -30.2659 1.67907 1.8
      vertex -30.1777 1.69069 1.8
    endloop
  endfacet
  facet normal 0.64931 0.760524 -0
    outer loop
      vertex -31.0698 -1.32115 1.8
      vertex -31.1375 -1.26335 5
      vertex -31.0698 -1.32115 5
    endloop
  endfacet
  facet normal 0.64931 0.760524 0
    outer loop
      vertex -31.1375 -1.26335 5
      vertex -31.0698 -1.32115 1.8
      vertex -31.1375 -1.26335 1.8
    endloop
  endfacet
  facet normal -0.0261708 -0.999657 0
    outer loop
      vertex -30 1.7 1.8
      vertex -29.911 1.69767 5
      vertex -30 1.7 5
    endloop
  endfacet
  facet normal -0.0261708 -0.999657 -0
    outer loop
      vertex -29.911 1.69767 5
      vertex -30 1.7 1.8
      vertex -29.911 1.69767 1.8
    endloop
  endfacet
  facet normal 0.522404 -0.852698 0
    outer loop
      vertex -30.9259 1.42574 1.8
      vertex -30.85 1.47224 5
      vertex -30.9259 1.42574 5
    endloop
  endfacet
  facet normal 0.522404 -0.852698 0
    outer loop
      vertex -30.85 1.47224 5
      vertex -30.9259 1.42574 1.8
      vertex -30.85 1.47224 1.8
    endloop
  endfacet
  facet normal 0.688159 0.72556 -0
    outer loop
      vertex -31.1375 -1.26335 1.8
      vertex -31.2021 -1.20208 5
      vertex -31.1375 -1.26335 5
    endloop
  endfacet
  facet normal 0.688159 0.72556 0
    outer loop
      vertex -31.2021 -1.20208 5
      vertex -31.1375 -1.26335 1.8
      vertex -31.2021 -1.20208 1.8
    endloop
  endfacet
  facet normal 0.996902 -0.0786486 0
    outer loop
      vertex -31.6977 0.0889702 5
      vertex -31.6907 0.177698 1.8
      vertex -31.6907 0.177698 5
    endloop
  endfacet
  facet normal 0.996902 -0.0786486 0
    outer loop
      vertex -31.6907 0.177698 1.8
      vertex -31.6977 0.0889702 5
      vertex -31.6977 0.0889702 1.8
    endloop
  endfacet
  facet normal -0.130617 0.991433 0
    outer loop
      vertex -29.7341 -1.67907 1.8
      vertex -29.8223 -1.69069 5
      vertex -29.7341 -1.67907 5
    endloop
  endfacet
  facet normal -0.130617 0.991433 0
    outer loop
      vertex -29.8223 -1.69069 5
      vertex -29.7341 -1.67907 1.8
      vertex -29.8223 -1.69069 1.8
    endloop
  endfacet
  facet normal -0.824182 -0.566325 0
    outer loop
      vertex -28.5743 0.925886 1.8
      vertex -28.6247 0.999234 5
      vertex -28.6247 0.999234 1.8
    endloop
  endfacet
  facet normal -0.824182 -0.566325 0
    outer loop
      vertex -28.6247 0.999234 5
      vertex -28.5743 0.925886 1.8
      vertex -28.5743 0.925886 5
    endloop
  endfacet
  facet normal 0.0261708 0.999657 -0
    outer loop
      vertex -30 -1.7 1.8
      vertex -30.089 -1.69767 5
      vertex -30 -1.7 5
    endloop
  endfacet
  facet normal 0.0261708 0.999657 0
    outer loop
      vertex -30.089 -1.69767 5
      vertex -30 -1.7 1.8
      vertex -30.089 -1.69767 1.8
    endloop
  endfacet
  facet normal -0.760429 0.649421 0
    outer loop
      vertex -28.7367 -1.13752 1.8
      vertex -28.6789 -1.06984 5
      vertex -28.6789 -1.06984 1.8
    endloop
  endfacet
  facet normal -0.760429 0.649421 0
    outer loop
      vertex -28.6789 -1.06984 5
      vertex -28.7367 -1.13752 1.8
      vertex -28.7367 -1.13752 5
    endloop
  endfacet
  facet normal 0.284046 0.958811 -0
    outer loop
      vertex -30.44 -1.64207 1.8
      vertex -30.5253 -1.6168 5
      vertex -30.44 -1.64207 5
    endloop
  endfacet
  facet normal 0.284046 0.958811 0
    outer loop
      vertex -30.5253 -1.6168 5
      vertex -30.44 -1.64207 1.8
      vertex -30.5253 -1.6168 1.8
    endloop
  endfacet
  facet normal 0.942674 -0.333716 0
    outer loop
      vertex -31.6168 0.525329 5
      vertex -31.5871 0.609225 1.8
      vertex -31.5871 0.609225 5
    endloop
  endfacet
  facet normal 0.942674 -0.333716 0
    outer loop
      vertex -31.5871 0.609225 1.8
      vertex -31.6168 0.525329 5
      vertex -31.6168 0.525329 1.8
    endloop
  endfacet
  facet normal -0.983294 -0.182025 0
    outer loop
      vertex -28.3209 0.265938 1.8
      vertex -28.3371 0.35345 5
      vertex -28.3371 0.35345 1.8
    endloop
  endfacet
  facet normal -0.983294 -0.182025 0
    outer loop
      vertex -28.3371 0.35345 5
      vertex -28.3209 0.265938 1.8
      vertex -28.3209 0.265938 5
    endloop
  endfacet
  facet normal 0.942674 0.333716 0
    outer loop
      vertex -31.5871 -0.609225 5
      vertex -31.6168 -0.525329 1.8
      vertex -31.6168 -0.525329 5
    endloop
  endfacet
  facet normal 0.942674 0.333716 0
    outer loop
      vertex -31.6168 -0.525329 1.8
      vertex -31.5871 -0.609225 5
      vertex -31.5871 -0.609225 1.8
    endloop
  endfacet
  facet normal 0.72574 -0.687969 0
    outer loop
      vertex -31.2633 1.13752 5
      vertex -31.2021 1.20208 1.8
      vertex -31.2021 1.20208 5
    endloop
  endfacet
  facet normal 0.72574 -0.687969 0
    outer loop
      vertex -31.2021 1.20208 1.8
      vertex -31.2633 1.13752 5
      vertex -31.2633 1.13752 1.8
    endloop
  endfacet
  facet normal 0.233586 0.972336 -0
    outer loop
      vertex -30.3535 -1.66285 1.8
      vertex -30.44 -1.64207 5
      vertex -30.3535 -1.66285 5
    endloop
  endfacet
  facet normal 0.233586 0.972336 0
    outer loop
      vertex -30.44 -1.64207 5
      vertex -30.3535 -1.66285 1.8
      vertex -30.44 -1.64207 1.8
    endloop
  endfacet
  facet normal -0.64931 0.760524 0
    outer loop
      vertex -28.8625 -1.26335 1.8
      vertex -28.9302 -1.32115 5
      vertex -28.8625 -1.26335 5
    endloop
  endfacet
  facet normal -0.64931 0.760524 0
    outer loop
      vertex -28.9302 -1.32115 5
      vertex -28.8625 -1.26335 1.8
      vertex -28.9302 -1.32115 1.8
    endloop
  endfacet
  facet normal 0.566653 0.823957 -0
    outer loop
      vertex -30.9259 -1.42574 1.8
      vertex -30.9992 -1.37533 5
      vertex -30.9259 -1.42574 5
    endloop
  endfacet
  facet normal 0.566653 0.823957 0
    outer loop
      vertex -30.9992 -1.37533 5
      vertex -30.9259 -1.42574 1.8
      vertex -30.9992 -1.37533 1.8
    endloop
  endfacet
  facet normal -0.522404 0.852698 0
    outer loop
      vertex -29.0741 -1.42574 1.8
      vertex -29.15 -1.47224 5
      vertex -29.0741 -1.42574 5
    endloop
  endfacet
  facet normal -0.522404 0.852698 0
    outer loop
      vertex -29.15 -1.47224 5
      vertex -29.0741 -1.42574 1.8
      vertex -29.15 -1.47224 1.8
    endloop
  endfacet
  facet normal 0.333801 -0.942643 0
    outer loop
      vertex -30.6092 1.58709 1.8
      vertex -30.5253 1.6168 5
      vertex -30.6092 1.58709 5
    endloop
  endfacet
  facet normal 0.333801 -0.942643 0
    outer loop
      vertex -30.5253 1.6168 5
      vertex -30.6092 1.58709 1.8
      vertex -30.5253 1.6168 1.8
    endloop
  endfacet
  facet normal -0.284046 -0.958811 0
    outer loop
      vertex -29.56 1.64207 1.8
      vertex -29.4747 1.6168 5
      vertex -29.56 1.64207 5
    endloop
  endfacet
  facet normal -0.284046 -0.958811 -0
    outer loop
      vertex -29.4747 1.6168 5
      vertex -29.56 1.64207 1.8
      vertex -29.4747 1.6168 1.8
    endloop
  endfacet
  facet normal 0.333801 0.942643 -0
    outer loop
      vertex -30.5253 -1.6168 1.8
      vertex -30.6092 -1.58709 5
      vertex -30.5253 -1.6168 5
    endloop
  endfacet
  facet normal 0.333801 0.942643 0
    outer loop
      vertex -30.6092 -1.58709 5
      vertex -30.5253 -1.6168 1.8
      vertex -30.6092 -1.58709 1.8
    endloop
  endfacet
  facet normal 0.983092 -0.183111 0
    outer loop
      vertex -31.6791 0.265938 5
      vertex -31.6628 0.35345 1.8
      vertex -31.6628 0.35345 5
    endloop
  endfacet
  facet normal 0.983092 -0.183111 0
    outer loop
      vertex -31.6628 0.35345 1.8
      vertex -31.6791 0.265938 5
      vertex -31.6791 0.265938 1.8
    endloop
  endfacet
  facet normal -0.996902 -0.0786486 0
    outer loop
      vertex -28.3023 0.0889702 1.8
      vertex -28.3093 0.177698 5
      vertex -28.3093 0.177698 1.8
    endloop
  endfacet
  facet normal -0.996902 -0.0786486 0
    outer loop
      vertex -28.3093 0.177698 5
      vertex -28.3023 0.0889702 1.8
      vertex -28.3023 0.0889702 5
    endloop
  endfacet
  facet normal 0.958752 0.284243 0
    outer loop
      vertex -31.6168 -0.525329 5
      vertex -31.6421 -0.439992 1.8
      vertex -31.6421 -0.439992 5
    endloop
  endfacet
  facet normal 0.958752 0.284243 0
    outer loop
      vertex -31.6421 -0.439992 1.8
      vertex -31.6168 -0.525329 5
      vertex -31.6168 -0.525329 1.8
    endloop
  endfacet
  facet normal -0.477253 -0.878766 0
    outer loop
      vertex -29.2282 1.51471 1.8
      vertex -29.15 1.47224 5
      vertex -29.2282 1.51471 5
    endloop
  endfacet
  facet normal -0.477253 -0.878766 -0
    outer loop
      vertex -29.15 1.47224 5
      vertex -29.2282 1.51471 1.8
      vertex -29.15 1.47224 1.8
    endloop
  endfacet
  facet normal 0.0784497 0.996918 -0
    outer loop
      vertex -30.089 -1.69767 1.8
      vertex -30.1777 -1.69069 5
      vertex -30.089 -1.69767 5
    endloop
  endfacet
  facet normal 0.0784497 0.996918 0
    outer loop
      vertex -30.1777 -1.69069 5
      vertex -30.089 -1.69767 1.8
      vertex -30.1777 -1.69069 1.8
    endloop
  endfacet
  facet normal -0.130617 -0.991433 0
    outer loop
      vertex -29.8223 1.69069 1.8
      vertex -29.7341 1.67907 5
      vertex -29.8223 1.69069 5
    endloop
  endfacet
  facet normal -0.130617 -0.991433 -0
    outer loop
      vertex -29.7341 1.67907 5
      vertex -29.8223 1.69069 1.8
      vertex -29.7341 1.67907 1.8
    endloop
  endfacet
  facet normal -0.182065 -0.983286 0
    outer loop
      vertex -29.7341 1.67907 1.8
      vertex -29.6465 1.66285 5
      vertex -29.7341 1.67907 5
    endloop
  endfacet
  facet normal -0.182065 -0.983286 -0
    outer loop
      vertex -29.6465 1.66285 5
      vertex -29.7341 1.67907 1.8
      vertex -29.6465 1.66285 1.8
    endloop
  endfacet
  facet normal -0.477253 0.878766 0
    outer loop
      vertex -29.15 -1.47224 1.8
      vertex -29.2282 -1.51471 5
      vertex -29.15 -1.47224 5
    endloop
  endfacet
  facet normal -0.477253 0.878766 0
    outer loop
      vertex -29.2282 -1.51471 5
      vertex -29.15 -1.47224 1.8
      vertex -29.2282 -1.51471 1.8
    endloop
  endfacet
  facet normal 0.923719 0.383071 0
    outer loop
      vertex -31.553 -0.691452 5
      vertex -31.5871 -0.609225 1.8
      vertex -31.5871 -0.609225 5
    endloop
  endfacet
  facet normal 0.923719 0.383071 0
    outer loop
      vertex -31.5871 -0.609225 1.8
      vertex -31.553 -0.691452 5
      vertex -31.553 -0.691452 1.8
    endloop
  endfacet
  facet normal 0.99147 -0.130338 0
    outer loop
      vertex -31.6907 0.177698 5
      vertex -31.6791 0.265938 1.8
      vertex -31.6791 0.265938 5
    endloop
  endfacet
  facet normal 0.99147 -0.130338 0
    outer loop
      vertex -31.6791 0.265938 1.8
      vertex -31.6907 0.177698 5
      vertex -31.6907 0.177698 1.8
    endloop
  endfacet
  facet normal 0.72574 0.687969 0
    outer loop
      vertex -31.2021 -1.20208 5
      vertex -31.2633 -1.13752 1.8
      vertex -31.2633 -1.13752 5
    endloop
  endfacet
  facet normal 0.72574 0.687969 0
    outer loop
      vertex -31.2633 -1.13752 1.8
      vertex -31.2021 -1.20208 5
      vertex -31.2021 -1.20208 1.8
    endloop
  endfacet
  facet normal -0.923719 -0.383071 0
    outer loop
      vertex -28.4129 0.609225 1.8
      vertex -28.447 0.691452 5
      vertex -28.447 0.691452 1.8
    endloop
  endfacet
  facet normal -0.923719 -0.383071 0
    outer loop
      vertex -28.447 0.691452 5
      vertex -28.4129 0.609225 1.8
      vertex -28.4129 0.609225 5
    endloop
  endfacet
  facet normal 0.760429 -0.649421 0
    outer loop
      vertex -31.3211 1.06984 5
      vertex -31.2633 1.13752 1.8
      vertex -31.2633 1.13752 5
    endloop
  endfacet
  facet normal 0.760429 -0.649421 0
    outer loop
      vertex -31.2633 1.13752 1.8
      vertex -31.3211 1.06984 5
      vertex -31.3211 1.06984 1.8
    endloop
  endfacet
  facet normal -0.902657 -0.430361 0
    outer loop
      vertex -28.447 0.691452 1.8
      vertex -28.4853 0.771784 5
      vertex -28.4853 0.771784 1.8
    endloop
  endfacet
  facet normal -0.902657 -0.430361 0
    outer loop
      vertex -28.4853 0.771784 5
      vertex -28.447 0.691452 1.8
      vertex -28.447 0.691452 5
    endloop
  endfacet
  facet normal -0.942674 -0.333716 0
    outer loop
      vertex -28.3832 0.525329 1.8
      vertex -28.4129 0.609225 5
      vertex -28.4129 0.609225 1.8
    endloop
  endfacet
  facet normal -0.942674 -0.333716 0
    outer loop
      vertex -28.4129 0.609225 5
      vertex -28.3832 0.525329 1.8
      vertex -28.3832 0.525329 5
    endloop
  endfacet
  facet normal -0.942674 0.333716 0
    outer loop
      vertex -28.4129 -0.609225 1.8
      vertex -28.3832 -0.525329 5
      vertex -28.3832 -0.525329 1.8
    endloop
  endfacet
  facet normal -0.942674 0.333716 0
    outer loop
      vertex -28.3832 -0.525329 5
      vertex -28.4129 -0.609225 1.8
      vertex -28.4129 -0.609225 5
    endloop
  endfacet
  facet normal -0.958752 -0.284243 0
    outer loop
      vertex -28.3579 0.439992 1.8
      vertex -28.3832 0.525329 5
      vertex -28.3832 0.525329 1.8
    endloop
  endfacet
  facet normal -0.958752 -0.284243 0
    outer loop
      vertex -28.3832 0.525329 5
      vertex -28.3579 0.439992 1.8
      vertex -28.3579 0.439992 5
    endloop
  endfacet
  facet normal 0.182065 -0.983286 0
    outer loop
      vertex -30.3535 1.66285 1.8
      vertex -30.2659 1.67907 5
      vertex -30.3535 1.66285 5
    endloop
  endfacet
  facet normal 0.182065 -0.983286 0
    outer loop
      vertex -30.2659 1.67907 5
      vertex -30.3535 1.66285 1.8
      vertex -30.2659 1.67907 1.8
    endloop
  endfacet
  facet normal -0.333801 0.942643 0
    outer loop
      vertex -29.3908 -1.58709 1.8
      vertex -29.4747 -1.6168 5
      vertex -29.3908 -1.58709 5
    endloop
  endfacet
  facet normal -0.333801 0.942643 0
    outer loop
      vertex -29.4747 -1.6168 5
      vertex -29.3908 -1.58709 1.8
      vertex -29.4747 -1.6168 1.8
    endloop
  endfacet
  facet normal 0.608809 -0.793317 0
    outer loop
      vertex -31.0698 1.32115 1.8
      vertex -30.9992 1.37533 5
      vertex -31.0698 1.32115 5
    endloop
  endfacet
  facet normal 0.608809 -0.793317 0
    outer loop
      vertex -30.9992 1.37533 5
      vertex -31.0698 1.32115 1.8
      vertex -30.9992 1.37533 1.8
    endloop
  endfacet
  facet normal 0.972566 -0.232628 0
    outer loop
      vertex -31.6628 0.35345 5
      vertex -31.6421 0.439992 1.8
      vertex -31.6421 0.439992 5
    endloop
  endfacet
  facet normal 0.972566 -0.232628 0
    outer loop
      vertex -31.6421 0.439992 1.8
      vertex -31.6628 0.35345 5
      vertex -31.6628 0.35345 1.8
    endloop
  endfacet
  facet normal -0.233586 -0.972336 0
    outer loop
      vertex -29.6465 1.66285 1.8
      vertex -29.56 1.64207 5
      vertex -29.6465 1.66285 5
    endloop
  endfacet
  facet normal -0.233586 -0.972336 -0
    outer loop
      vertex -29.56 1.64207 5
      vertex -29.6465 1.66285 1.8
      vertex -29.56 1.64207 1.8
    endloop
  endfacet
  facet normal -0.902657 0.430361 0
    outer loop
      vertex -28.4853 -0.771784 1.8
      vertex -28.447 -0.691452 5
      vertex -28.447 -0.691452 1.8
    endloop
  endfacet
  facet normal -0.902657 0.430361 0
    outer loop
      vertex -28.447 -0.691452 5
      vertex -28.4853 -0.771784 1.8
      vertex -28.4853 -0.771784 5
    endloop
  endfacet
  facet normal -0.983294 0.182025 0
    outer loop
      vertex -28.3371 -0.35345 1.8
      vertex -28.3209 -0.265938 5
      vertex -28.3209 -0.265938 1.8
    endloop
  endfacet
  facet normal -0.983294 0.182025 0
    outer loop
      vertex -28.3209 -0.265938 5
      vertex -28.3371 -0.35345 1.8
      vertex -28.3371 -0.35345 5
    endloop
  endfacet
  facet normal 0.64931 -0.760524 0
    outer loop
      vertex -31.1375 1.26335 1.8
      vertex -31.0698 1.32115 5
      vertex -31.1375 1.26335 5
    endloop
  endfacet
  facet normal 0.64931 -0.760524 0
    outer loop
      vertex -31.0698 1.32115 5
      vertex -31.1375 1.26335 1.8
      vertex -31.0698 1.32115 1.8
    endloop
  endfacet
  facet normal 0.99147 0.130338 0
    outer loop
      vertex -31.6791 -0.265938 5
      vertex -31.6907 -0.177698 1.8
      vertex -31.6907 -0.177698 5
    endloop
  endfacet
  facet normal 0.99147 0.130338 0
    outer loop
      vertex -31.6907 -0.177698 1.8
      vertex -31.6791 -0.265938 5
      vertex -31.6791 -0.265938 1.8
    endloop
  endfacet
  facet normal 0.972566 0.232628 0
    outer loop
      vertex -31.6421 -0.439992 5
      vertex -31.6628 -0.35345 1.8
      vertex -31.6628 -0.35345 5
    endloop
  endfacet
  facet normal 0.972566 0.232628 0
    outer loop
      vertex -31.6628 -0.35345 1.8
      vertex -31.6421 -0.439992 5
      vertex -31.6421 -0.439992 1.8
    endloop
  endfacet
  facet normal -0.382398 0.923998 0
    outer loop
      vertex -29.3085 -1.55303 1.8
      vertex -29.3908 -1.58709 5
      vertex -29.3085 -1.55303 5
    endloop
  endfacet
  facet normal -0.382398 0.923998 0
    outer loop
      vertex -29.3908 -1.58709 5
      vertex -29.3085 -1.55303 1.8
      vertex -29.3908 -1.58709 1.8
    endloop
  endfacet
  facet normal 0.793233 0.608918 0
    outer loop
      vertex -31.3211 -1.06984 5
      vertex -31.3753 -0.999234 1.8
      vertex -31.3753 -0.999234 5
    endloop
  endfacet
  facet normal 0.793233 0.608918 0
    outer loop
      vertex -31.3753 -0.999234 1.8
      vertex -31.3211 -1.06984 5
      vertex -31.3211 -1.06984 1.8
    endloop
  endfacet
  facet normal -0.64931 -0.760524 0
    outer loop
      vertex -28.9302 1.32115 1.8
      vertex -28.8625 1.26335 5
      vertex -28.9302 1.32115 5
    endloop
  endfacet
  facet normal -0.64931 -0.760524 -0
    outer loop
      vertex -28.8625 1.26335 5
      vertex -28.9302 1.32115 1.8
      vertex -28.8625 1.26335 1.8
    endloop
  endfacet
  facet normal -0.99147 -0.130338 0
    outer loop
      vertex -28.3093 0.177698 1.8
      vertex -28.3209 0.265938 5
      vertex -28.3209 0.265938 1.8
    endloop
  endfacet
  facet normal -0.99147 -0.130338 0
    outer loop
      vertex -28.3209 0.265938 5
      vertex -28.3093 0.177698 1.8
      vertex -28.3093 0.177698 5
    endloop
  endfacet
  facet normal -0.972311 -0.233691 0
    outer loop
      vertex -28.3371 0.35345 1.8
      vertex -28.3579 0.439992 5
      vertex -28.3579 0.439992 1.8
    endloop
  endfacet
  facet normal -0.972311 -0.233691 0
    outer loop
      vertex -28.3579 0.439992 5
      vertex -28.3371 0.35345 1.8
      vertex -28.3371 0.35345 5
    endloop
  endfacet
  facet normal -0.824182 0.566325 0
    outer loop
      vertex -28.6247 -0.999234 1.8
      vertex -28.5743 -0.925886 5
      vertex -28.5743 -0.925886 1.8
    endloop
  endfacet
  facet normal -0.824182 0.566325 0
    outer loop
      vertex -28.5743 -0.925886 5
      vertex -28.6247 -0.999234 1.8
      vertex -28.6247 -0.999234 5
    endloop
  endfacet
  facet normal -0.566653 0.823957 0
    outer loop
      vertex -29.0008 -1.37533 1.8
      vertex -29.0741 -1.42574 5
      vertex -29.0008 -1.37533 5
    endloop
  endfacet
  facet normal -0.566653 0.823957 0
    outer loop
      vertex -29.0741 -1.42574 5
      vertex -29.0008 -1.37533 1.8
      vertex -29.0741 -1.42574 1.8
    endloop
  endfacet
  facet normal 0.902657 0.430361 0
    outer loop
      vertex -31.5147 -0.771784 5
      vertex -31.553 -0.691452 1.8
      vertex -31.553 -0.691452 5
    endloop
  endfacet
  facet normal 0.902657 0.430361 0
    outer loop
      vertex -31.553 -0.691452 1.8
      vertex -31.5147 -0.771784 5
      vertex -31.5147 -0.771784 1.8
    endloop
  endfacet
  facet normal -0.688159 0.72556 0
    outer loop
      vertex -28.7979 -1.20208 1.8
      vertex -28.8625 -1.26335 5
      vertex -28.7979 -1.20208 5
    endloop
  endfacet
  facet normal -0.688159 0.72556 0
    outer loop
      vertex -28.8625 -1.26335 5
      vertex -28.7979 -1.20208 1.8
      vertex -28.8625 -1.26335 1.8
    endloop
  endfacet
  facet normal 0.0261708 -0.999657 0
    outer loop
      vertex -30.089 1.69767 1.8
      vertex -30 1.7 5
      vertex -30.089 1.69767 5
    endloop
  endfacet
  facet normal 0.0261708 -0.999657 0
    outer loop
      vertex -30 1.7 5
      vertex -30.089 1.69767 1.8
      vertex -30 1.7 1.8
    endloop
  endfacet
  facet normal -0.182065 0.983286 0
    outer loop
      vertex -29.6465 -1.66285 1.8
      vertex -29.7341 -1.67907 5
      vertex -29.6465 -1.66285 5
    endloop
  endfacet
  facet normal -0.182065 0.983286 0
    outer loop
      vertex -29.7341 -1.67907 5
      vertex -29.6465 -1.66285 1.8
      vertex -29.7341 -1.67907 1.8
    endloop
  endfacet
  facet normal 0.182065 0.983286 -0
    outer loop
      vertex -30.2659 -1.67907 1.8
      vertex -30.3535 -1.66285 5
      vertex -30.2659 -1.67907 5
    endloop
  endfacet
  facet normal 0.182065 0.983286 0
    outer loop
      vertex -30.3535 -1.66285 5
      vertex -30.2659 -1.67907 1.8
      vertex -30.3535 -1.66285 1.8
    endloop
  endfacet
  facet normal -0.608809 0.793317 0
    outer loop
      vertex -28.9302 -1.32115 1.8
      vertex -29.0008 -1.37533 5
      vertex -28.9302 -1.32115 5
    endloop
  endfacet
  facet normal -0.608809 0.793317 0
    outer loop
      vertex -29.0008 -1.37533 5
      vertex -28.9302 -1.32115 1.8
      vertex -29.0008 -1.37533 1.8
    endloop
  endfacet
  facet normal -0.608809 -0.793317 0
    outer loop
      vertex -29.0008 1.37533 1.8
      vertex -28.9302 1.32115 5
      vertex -29.0008 1.37533 5
    endloop
  endfacet
  facet normal -0.608809 -0.793317 -0
    outer loop
      vertex -28.9302 1.32115 5
      vertex -29.0008 1.37533 1.8
      vertex -28.9302 1.32115 1.8
    endloop
  endfacet
  facet normal -0.0784497 0.996918 0
    outer loop
      vertex -29.8223 -1.69069 1.8
      vertex -29.911 -1.69767 5
      vertex -29.8223 -1.69069 5
    endloop
  endfacet
  facet normal -0.0784497 0.996918 0
    outer loop
      vertex -29.911 -1.69767 5
      vertex -29.8223 -1.69069 1.8
      vertex -29.911 -1.69767 1.8
    endloop
  endfacet
  facet normal 0.284046 -0.958811 0
    outer loop
      vertex -30.5253 1.6168 1.8
      vertex -30.44 1.64207 5
      vertex -30.5253 1.6168 5
    endloop
  endfacet
  facet normal 0.284046 -0.958811 0
    outer loop
      vertex -30.44 1.64207 5
      vertex -30.5253 1.6168 1.8
      vertex -30.44 1.64207 1.8
    endloop
  endfacet
  facet normal 0.233586 -0.972336 0
    outer loop
      vertex -30.44 1.64207 1.8
      vertex -30.3535 1.66285 5
      vertex -30.44 1.64207 5
    endloop
  endfacet
  facet normal 0.233586 -0.972336 0
    outer loop
      vertex -30.3535 1.66285 5
      vertex -30.44 1.64207 1.8
      vertex -30.3535 1.66285 1.8
    endloop
  endfacet
  facet normal -0.793233 -0.608918 0
    outer loop
      vertex -28.6247 0.999234 1.8
      vertex -28.6789 1.06984 5
      vertex -28.6789 1.06984 1.8
    endloop
  endfacet
  facet normal -0.793233 -0.608918 0
    outer loop
      vertex -28.6789 1.06984 5
      vertex -28.6247 0.999234 1.8
      vertex -28.6247 0.999234 5
    endloop
  endfacet
  facet normal 0.688159 -0.72556 0
    outer loop
      vertex -31.2021 1.20208 1.8
      vertex -31.1375 1.26335 5
      vertex -31.2021 1.20208 5
    endloop
  endfacet
  facet normal 0.688159 -0.72556 0
    outer loop
      vertex -31.1375 1.26335 5
      vertex -31.2021 1.20208 1.8
      vertex -31.1375 1.26335 1.8
    endloop
  endfacet
  facet normal 0.999666 -0.0258427 0
    outer loop
      vertex -31.7 0 5
      vertex -31.6977 0.0889702 1.8
      vertex -31.6977 0.0889702 5
    endloop
  endfacet
  facet normal 0.999666 -0.0258427 0
    outer loop
      vertex -31.6977 0.0889702 1.8
      vertex -31.7 0 5
      vertex -31.7 0 1.8
    endloop
  endfacet
  facet normal 0.852658 -0.522469 0
    outer loop
      vertex -31.4722 0.849999 5
      vertex -31.4257 0.925886 1.8
      vertex -31.4257 0.925886 5
    endloop
  endfacet
  facet normal 0.852658 -0.522469 0
    outer loop
      vertex -31.4257 0.925886 1.8
      vertex -31.4722 0.849999 5
      vertex -31.4722 0.849999 1.8
    endloop
  endfacet
  facet normal 0.878663 -0.477443 0
    outer loop
      vertex -31.5147 0.771784 5
      vertex -31.4722 0.849999 1.8
      vertex -31.4722 0.849999 5
    endloop
  endfacet
  facet normal 0.878663 -0.477443 0
    outer loop
      vertex -31.4722 0.849999 1.8
      vertex -31.5147 0.771784 5
      vertex -31.5147 0.771784 1.8
    endloop
  endfacet
  facet normal -0.999666 -0.0258427 0
    outer loop
      vertex -28.3 0 1.8
      vertex -28.3023 0.0889702 5
      vertex -28.3023 0.0889702 1.8
    endloop
  endfacet
  facet normal -0.999666 -0.0258427 0
    outer loop
      vertex -28.3023 0.0889702 5
      vertex -28.3 0 1.8
      vertex -28.3 0 5
    endloop
  endfacet
  facet normal -0.852658 -0.522469 0
    outer loop
      vertex -28.5278 0.849999 1.8
      vertex -28.5743 0.925886 5
      vertex -28.5743 0.925886 1.8
    endloop
  endfacet
  facet normal -0.852658 -0.522469 0
    outer loop
      vertex -28.5743 0.925886 5
      vertex -28.5278 0.849999 1.8
      vertex -28.5278 0.849999 5
    endloop
  endfacet
  facet normal 0.760429 0.649421 0
    outer loop
      vertex -31.2633 -1.13752 5
      vertex -31.3211 -1.06984 1.8
      vertex -31.3211 -1.06984 5
    endloop
  endfacet
  facet normal 0.760429 0.649421 0
    outer loop
      vertex -31.3211 -1.06984 1.8
      vertex -31.2633 -1.13752 5
      vertex -31.2633 -1.13752 1.8
    endloop
  endfacet
  facet normal -0.522404 -0.852698 0
    outer loop
      vertex -29.15 1.47224 1.8
      vertex -29.0741 1.42574 5
      vertex -29.15 1.47224 5
    endloop
  endfacet
  facet normal -0.522404 -0.852698 -0
    outer loop
      vertex -29.0741 1.42574 5
      vertex -29.15 1.47224 1.8
      vertex -29.0741 1.42574 1.8
    endloop
  endfacet
  facet normal -0.566653 -0.823957 0
    outer loop
      vertex -29.0741 1.42574 1.8
      vertex -29.0008 1.37533 5
      vertex -29.0741 1.42574 5
    endloop
  endfacet
  facet normal -0.566653 -0.823957 -0
    outer loop
      vertex -29.0008 1.37533 5
      vertex -29.0741 1.42574 1.8
      vertex -29.0008 1.37533 1.8
    endloop
  endfacet
  facet normal 0.852658 0.522469 0
    outer loop
      vertex -31.4257 -0.925886 5
      vertex -31.4722 -0.849999 1.8
      vertex -31.4722 -0.849999 5
    endloop
  endfacet
  facet normal 0.852658 0.522469 0
    outer loop
      vertex -31.4722 -0.849999 1.8
      vertex -31.4257 -0.925886 5
      vertex -31.4257 -0.925886 1.8
    endloop
  endfacet
  facet normal -0.333801 -0.942643 0
    outer loop
      vertex -29.4747 1.6168 1.8
      vertex -29.3908 1.58709 5
      vertex -29.4747 1.6168 5
    endloop
  endfacet
  facet normal -0.333801 -0.942643 -0
    outer loop
      vertex -29.3908 1.58709 5
      vertex -29.4747 1.6168 1.8
      vertex -29.3908 1.58709 1.8
    endloop
  endfacet
  facet normal 0.430684 -0.902503 0
    outer loop
      vertex -30.7718 1.51471 1.8
      vertex -30.6915 1.55303 5
      vertex -30.7718 1.51471 5
    endloop
  endfacet
  facet normal 0.430684 -0.902503 0
    outer loop
      vertex -30.6915 1.55303 5
      vertex -30.7718 1.51471 1.8
      vertex -30.6915 1.55303 1.8
    endloop
  endfacet
  facet normal -0.233586 0.972336 0
    outer loop
      vertex -29.56 -1.64207 1.8
      vertex -29.6465 -1.66285 5
      vertex -29.56 -1.64207 5
    endloop
  endfacet
  facet normal -0.233586 0.972336 0
    outer loop
      vertex -29.6465 -1.66285 5
      vertex -29.56 -1.64207 1.8
      vertex -29.6465 -1.66285 1.8
    endloop
  endfacet
  facet normal 0.477253 -0.878766 0
    outer loop
      vertex -30.85 1.47224 1.8
      vertex -30.7718 1.51471 5
      vertex -30.85 1.47224 5
    endloop
  endfacet
  facet normal 0.477253 -0.878766 0
    outer loop
      vertex -30.7718 1.51471 5
      vertex -30.85 1.47224 1.8
      vertex -30.7718 1.51471 1.8
    endloop
  endfacet
  facet normal 0.878663 0.477443 0
    outer loop
      vertex -31.4722 -0.849999 5
      vertex -31.5147 -0.771784 1.8
      vertex -31.5147 -0.771784 5
    endloop
  endfacet
  facet normal 0.878663 0.477443 0
    outer loop
      vertex -31.5147 -0.771784 1.8
      vertex -31.4722 -0.849999 5
      vertex -31.4722 -0.849999 1.8
    endloop
  endfacet
  facet normal 0.923719 -0.383071 0
    outer loop
      vertex -31.5871 0.609225 5
      vertex -31.553 0.691452 1.8
      vertex -31.553 0.691452 5
    endloop
  endfacet
  facet normal 0.923719 -0.383071 0
    outer loop
      vertex -31.553 0.691452 1.8
      vertex -31.5871 0.609225 5
      vertex -31.5871 0.609225 1.8
    endloop
  endfacet
  facet normal -0.793233 0.608918 0
    outer loop
      vertex -28.6789 -1.06984 1.8
      vertex -28.6247 -0.999234 5
      vertex -28.6247 -0.999234 1.8
    endloop
  endfacet
  facet normal -0.793233 0.608918 0
    outer loop
      vertex -28.6247 -0.999234 5
      vertex -28.6789 -1.06984 1.8
      vertex -28.6789 -1.06984 5
    endloop
  endfacet
  facet normal 0.0784497 -0.996918 0
    outer loop
      vertex -30.1777 1.69069 1.8
      vertex -30.089 1.69767 5
      vertex -30.1777 1.69069 5
    endloop
  endfacet
  facet normal 0.0784497 -0.996918 0
    outer loop
      vertex -30.089 1.69767 5
      vertex -30.1777 1.69069 1.8
      vertex -30.089 1.69767 1.8
    endloop
  endfacet
  facet normal -0.0261708 0.999657 0
    outer loop
      vertex -29.911 -1.69767 1.8
      vertex -30 -1.7 5
      vertex -29.911 -1.69767 5
    endloop
  endfacet
  facet normal -0.0261708 0.999657 0
    outer loop
      vertex -30 -1.7 5
      vertex -29.911 -1.69767 1.8
      vertex -30 -1.7 1.8
    endloop
  endfacet
  facet normal -0.284046 0.958811 0
    outer loop
      vertex -29.4747 -1.6168 1.8
      vertex -29.56 -1.64207 5
      vertex -29.4747 -1.6168 5
    endloop
  endfacet
  facet normal -0.284046 0.958811 0
    outer loop
      vertex -29.56 -1.64207 5
      vertex -29.4747 -1.6168 1.8
      vertex -29.56 -1.64207 1.8
    endloop
  endfacet
  facet normal -0.72574 -0.687969 0
    outer loop
      vertex -28.7367 1.13752 1.8
      vertex -28.7979 1.20208 5
      vertex -28.7979 1.20208 1.8
    endloop
  endfacet
  facet normal -0.72574 -0.687969 0
    outer loop
      vertex -28.7979 1.20208 5
      vertex -28.7367 1.13752 1.8
      vertex -28.7367 1.13752 5
    endloop
  endfacet
  facet normal -0.688159 -0.72556 0
    outer loop
      vertex -28.8625 1.26335 1.8
      vertex -28.7979 1.20208 5
      vertex -28.8625 1.26335 5
    endloop
  endfacet
  facet normal -0.688159 -0.72556 -0
    outer loop
      vertex -28.7979 1.20208 5
      vertex -28.8625 1.26335 1.8
      vertex -28.7979 1.20208 1.8
    endloop
  endfacet
  facet normal 0.477253 0.878766 -0
    outer loop
      vertex -30.7718 -1.51471 1.8
      vertex -30.85 -1.47224 5
      vertex -30.7718 -1.51471 5
    endloop
  endfacet
  facet normal 0.477253 0.878766 0
    outer loop
      vertex -30.85 -1.47224 5
      vertex -30.7718 -1.51471 1.8
      vertex -30.85 -1.47224 1.8
    endloop
  endfacet
  facet normal 0.522404 0.852698 -0
    outer loop
      vertex -30.85 -1.47224 1.8
      vertex -30.9259 -1.42574 5
      vertex -30.85 -1.47224 5
    endloop
  endfacet
  facet normal 0.522404 0.852698 0
    outer loop
      vertex -30.9259 -1.42574 5
      vertex -30.85 -1.47224 1.8
      vertex -30.9259 -1.42574 1.8
    endloop
  endfacet
  facet normal 0.608809 0.793317 -0
    outer loop
      vertex -30.9992 -1.37533 1.8
      vertex -31.0698 -1.32115 5
      vertex -30.9992 -1.37533 5
    endloop
  endfacet
  facet normal 0.608809 0.793317 0
    outer loop
      vertex -31.0698 -1.32115 5
      vertex -30.9992 -1.37533 1.8
      vertex -31.0698 -1.32115 1.8
    endloop
  endfacet
  facet normal 0.824182 0.566325 0
    outer loop
      vertex -31.3753 -0.999234 5
      vertex -31.4257 -0.925886 1.8
      vertex -31.4257 -0.925886 5
    endloop
  endfacet
  facet normal 0.824182 0.566325 0
    outer loop
      vertex -31.4257 -0.925886 1.8
      vertex -31.3753 -0.999234 5
      vertex -31.3753 -0.999234 1.8
    endloop
  endfacet
  facet normal 0.983092 0.183111 0
    outer loop
      vertex -31.6628 -0.35345 5
      vertex -31.6791 -0.265938 1.8
      vertex -31.6791 -0.265938 5
    endloop
  endfacet
  facet normal 0.983092 0.183111 0
    outer loop
      vertex -31.6791 -0.265938 1.8
      vertex -31.6628 -0.35345 5
      vertex -31.6628 -0.35345 1.8
    endloop
  endfacet
  facet normal 0.382398 0.923998 -0
    outer loop
      vertex -30.6092 -1.58709 1.8
      vertex -30.6915 -1.55303 5
      vertex -30.6092 -1.58709 5
    endloop
  endfacet
  facet normal 0.382398 0.923998 0
    outer loop
      vertex -30.6915 -1.55303 5
      vertex -30.6092 -1.58709 1.8
      vertex -30.6915 -1.55303 1.8
    endloop
  endfacet
  facet normal -0.382398 -0.923998 0
    outer loop
      vertex -29.3908 1.58709 1.8
      vertex -29.3085 1.55303 5
      vertex -29.3908 1.58709 5
    endloop
  endfacet
  facet normal -0.382398 -0.923998 -0
    outer loop
      vertex -29.3085 1.55303 5
      vertex -29.3908 1.58709 1.8
      vertex -29.3085 1.55303 1.8
    endloop
  endfacet
  facet normal 0.382398 -0.923998 0
    outer loop
      vertex -30.6915 1.55303 1.8
      vertex -30.6092 1.58709 5
      vertex -30.6915 1.55303 5
    endloop
  endfacet
  facet normal 0.382398 -0.923998 0
    outer loop
      vertex -30.6092 1.58709 5
      vertex -30.6915 1.55303 1.8
      vertex -30.6092 1.58709 1.8
    endloop
  endfacet
  facet normal 0.566653 -0.823957 0
    outer loop
      vertex -30.9992 1.37533 1.8
      vertex -30.9259 1.42574 5
      vertex -30.9992 1.37533 5
    endloop
  endfacet
  facet normal 0.566653 -0.823957 0
    outer loop
      vertex -30.9259 1.42574 5
      vertex -30.9992 1.37533 1.8
      vertex -30.9259 1.42574 1.8
    endloop
  endfacet
  facet normal -0.906764 0.0233579 -0.42099
    outer loop
      vertex -27.4643 0 0
      vertex -27.4669 -0.100933 0
      vertex -28.3 0 1.8
    endloop
  endfacet
  facet normal -0.906761 0.023441 -0.420994
    outer loop
      vertex -27.4669 -0.100933 0
      vertex -28.3023 -0.0889702 1.8
      vertex -28.3 0 1.8
    endloop
  endfacet
  facet normal -0.906705 0.0256817 -0.420983
    outer loop
      vertex -28.3023 -0.0889702 1.8
      vertex -27.4669 -0.100933 0
      vertex -27.4678 -0.132708 0
    endloop
  endfacet
  facet normal -0.818582 -0.390742 -0.421004
    outer loop
      vertex -27.727 1.1225 0
      vertex -27.6835 1.03137 0
      vertex -28.447 0.691452 1.8
    endloop
  endfacet
  facet normal -0.257591 -0.869719 -0.420994
    outer loop
      vertex -29.3437 2.44931 0
      vertex -29.2469 2.42064 0
      vertex -29.56 1.64207 1.8
    endloop
  endfacet
  facet normal -0.891846 -0.165505 -0.420973
    outer loop
      vertex -27.5139 0.49595 0
      vertex -28.3371 0.35345 1.8
      vertex -27.5197 0.527204 0
    endloop
  endfacet
  facet normal -0.891919 -0.16511 -0.420975
    outer loop
      vertex -28.3371 0.35345 1.8
      vertex -27.5139 0.49595 0
      vertex -28.3209 0.265938 1.8
    endloop
  endfacet
  facet normal -0.690344 -0.588377 -0.420996
    outer loop
      vertex -28.095 1.67255 0
      vertex -28.7367 1.13752 1.8
      vertex -28.1156 1.69672 0
    endloop
  endfacet
  facet normal -0.689758 -0.589066 -0.420992
    outer loop
      vertex -28.7367 1.13752 1.8
      vertex -28.095 1.67255 0
      vertex -28.6789 1.06984 1.8
    endloop
  endfacet
  facet normal -0.899287 -0.118583 -0.420976
    outer loop
      vertex -27.4914 0.365158 0
      vertex -27.4782 0.265054 0
      vertex -28.3093 0.177698 1.8
    endloop
  endfacet
  facet normal -0.624202 -0.658127 -0.420999
    outer loop
      vertex -28.23 1.8149 0
      vertex -28.7979 1.20208 1.8
      vertex -28.8625 1.26335 1.8
    endloop
  endfacet
  facet normal -0.62519 -0.657193 -0.420992
    outer loop
      vertex -28.7979 1.20208 1.8
      vertex -28.23 1.8149 0
      vertex -28.207 1.79302 0
    endloop
  endfacet
  facet normal 0.89188 -0.165301 -0.420982
    outer loop
      vertex -32.4861 0.49595 0
      vertex -31.6791 0.265938 1.8
      vertex -32.5045 0.396673 0
    endloop
  endfacet
  facet normal 0.513631 -0.747618 -0.421011
    outer loop
      vertex -31.4643 2.06944 0
      vertex -30.9992 1.37533 1.8
      vertex -31.4905 2.05144 0
    endloop
  endfacet
  facet normal 0.513986 -0.747375 -0.421009
    outer loop
      vertex -30.9992 1.37533 1.8
      vertex -31.4643 2.06944 0
      vertex -30.9259 1.42574 1.8
    endloop
  endfacet
  facet normal -0.747486 -0.513835 -0.420996
    outer loop
      vertex -27.9306 1.46426 0
      vertex -27.8734 1.38105 0
      vertex -28.5743 0.925886 1.8
    endloop
  endfacet
  facet normal -0.869931 -0.256895 -0.42098
    outer loop
      vertex -27.5794 0.753101 0
      vertex -28.3832 0.525329 1.8
      vertex -27.5884 0.783578 0
    endloop
  endfacet
  facet normal -0.869657 -0.257829 -0.420976
    outer loop
      vertex -28.3832 0.525329 1.8
      vertex -27.5794 0.753101 0
      vertex -28.3579 0.439992 1.8
    endloop
  endfacet
  facet normal 0.869931 -0.256895 -0.42098
    outer loop
      vertex -31.6168 0.525329 1.8
      vertex -32.4206 0.753101 0
      vertex -32.4116 0.783578 0
    endloop
  endfacet
  facet normal 0.869657 -0.257829 -0.420976
    outer loop
      vertex -32.4206 0.753101 0
      vertex -31.6168 0.525329 1.8
      vertex -31.6421 0.439992 1.8
    endloop
  endfacet
  facet normal -0.818533 -0.390864 -0.420986
    outer loop
      vertex -27.727 1.1225 0
      vertex -28.4853 0.771784 1.8
      vertex -27.7407 1.15119 0
    endloop
  endfacet
  facet normal -0.818769 -0.390366 -0.420989
    outer loop
      vertex -28.4853 0.771784 1.8
      vertex -27.727 1.1225 0
      vertex -28.447 0.691452 1.8
    endloop
  endfacet
  facet normal 0.77322 0.474225 -0.421
    outer loop
      vertex -31.4257 -0.925886 1.8
      vertex -32.1266 -1.38105 0
      vertex -32.1794 -1.29496 0
    endloop
  endfacet
  facet normal -0.62519 0.657193 -0.420992
    outer loop
      vertex -28.23 -1.8149 0
      vertex -28.7979 -1.20208 1.8
      vertex -28.207 -1.79302 0
    endloop
  endfacet
  facet normal -0.624202 0.658127 -0.420999
    outer loop
      vertex -28.7979 -1.20208 1.8
      vertex -28.23 -1.8149 0
      vertex -28.8625 -1.26335 1.8
    endloop
  endfacet
  facet normal 0.624202 0.658127 -0.420999
    outer loop
      vertex -31.77 -1.8149 0
      vertex -31.2021 -1.20208 1.8
      vertex -31.1375 -1.26335 1.8
    endloop
  endfacet
  facet normal 0.62519 0.657193 -0.420992
    outer loop
      vertex -31.2021 -1.20208 1.8
      vertex -31.77 -1.8149 0
      vertex -31.793 -1.79302 0
    endloop
  endfacet
  facet normal -0.658294 0.624033 -0.420988
    outer loop
      vertex -28.1851 -1.76996 0
      vertex -28.7979 -1.20208 1.8
      vertex -28.7367 -1.13752 1.8
    endloop
  endfacet
  facet normal -0.657723 0.624638 -0.420984
    outer loop
      vertex -28.7979 -1.20208 1.8
      vertex -28.1851 -1.76996 0
      vertex -28.207 -1.79302 0
    endloop
  endfacet
  facet normal -0.390659 -0.81863 -0.420988
    outer loop
      vertex -28.8775 2.27302 0
      vertex -29.2282 1.51471 1.8
      vertex -29.3085 1.55303 1.8
    endloop
  endfacet
  facet normal -0.390288 -0.818806 -0.42099
    outer loop
      vertex -29.2282 1.51471 1.8
      vertex -28.8775 2.27302 0
      vertex -28.8488 2.25934 0
    endloop
  endfacet
  facet normal 0.432952 -0.797069 -0.420991
    outer loop
      vertex -31.1512 2.25934 0
      vertex -30.7718 1.51471 1.8
      vertex -31.2399 2.21116 0
    endloop
  endfacet
  facet normal -0.11841 -0.899302 -0.420992
    outer loop
      vertex -29.7349 2.52182 0
      vertex -29.6348 2.50864 0
      vertex -29.8223 1.69069 1.8
    endloop
  endfacet
  facet normal 0.390288 -0.818806 -0.42099
    outer loop
      vertex -31.1225 2.27302 0
      vertex -30.7718 1.51471 1.8
      vertex -31.1512 2.25934 0
    endloop
  endfacet
  facet normal 0.390659 -0.81863 -0.420988
    outer loop
      vertex -30.7718 1.51471 1.8
      vertex -31.1225 2.27302 0
      vertex -30.6915 1.55303 1.8
    endloop
  endfacet
  facet normal 0.882167 0.211006 -0.421019
    outer loop
      vertex -31.6421 -0.439992 1.8
      vertex -32.4803 -0.527204 0
      vertex -31.6628 -0.35345 1.8
    endloop
  endfacet
  facet normal 0.882126 0.211199 -0.421009
    outer loop
      vertex -32.4803 -0.527204 0
      vertex -31.6421 -0.439992 1.8
      vertex -32.4729 -0.558112 0
    endloop
  endfacet
  facet normal 0.77322 -0.474225 -0.421
    outer loop
      vertex -32.1266 1.38105 0
      vertex -31.4257 0.925886 1.8
      vertex -32.1794 1.29496 0
    endloop
  endfacet
  facet normal 0.62519 -0.657193 -0.420992
    outer loop
      vertex -31.77 1.8149 0
      vertex -31.2021 1.20208 1.8
      vertex -31.793 1.79302 0
    endloop
  endfacet
  facet normal 0.624202 -0.658127 -0.420999
    outer loop
      vertex -31.2021 1.20208 1.8
      vertex -31.77 1.8149 0
      vertex -31.1375 1.26335 1.8
    endloop
  endfacet
  facet normal 0.719515 0.552329 -0.420987
    outer loop
      vertex -31.3211 -1.06984 1.8
      vertex -32.0514 -1.49045 0
      vertex -31.3753 -0.999234 1.8
    endloop
  endfacet
  facet normal 0.720316 0.551233 -0.421056
    outer loop
      vertex -32.0514 -1.49045 0
      vertex -31.3211 -1.06984 1.8
      vertex -32.0321 -1.51567 0
    endloop
  endfacet
  facet normal -0.906705 -0.0256817 -0.420983
    outer loop
      vertex -27.4669 0.100933 0
      vertex -28.3023 0.0889702 1.8
      vertex -27.4678 0.132708 0
    endloop
  endfacet
  facet normal -0.906761 -0.023441 -0.420994
    outer loop
      vertex -28.3023 0.0889702 1.8
      vertex -27.4669 0.100933 0
      vertex -28.3 0 1.8
    endloop
  endfacet
  facet normal -0.855049 -0.302753 -0.42099
    outer loop
      vertex -27.6327 0.908719 0
      vertex -27.599 0.813542 0
      vertex -28.4129 0.609225 1.8
    endloop
  endfacet
  facet normal -0.869661 -0.257817 -0.420975
    outer loop
      vertex -27.5794 0.753101 0
      vertex -27.5507 0.656291 0
      vertex -28.3579 0.439992 1.8
    endloop
  endfacet
  facet normal -0.513815 -0.747498 -0.421001
    outer loop
      vertex -28.6189 2.12663 0
      vertex -28.5357 2.06944 0
      vertex -29.0741 1.42574 1.8
    endloop
  endfacet
  facet normal -0.904296 -0.0709724 -0.420966
    outer loop
      vertex -27.4757 0.233366 0
      vertex -27.4678 0.132708 0
      vertex -28.3023 0.0889702 1.8
    endloop
  endfacet
  facet normal -0.0237248 -0.906754 -0.420992
    outer loop
      vertex -29.8673 2.53224 0
      vertex -29.911 1.69767 1.8
      vertex -29.9682 2.53488 0
    endloop
  endfacet
  facet normal -0.552221 -0.719585 -0.42101
    outer loop
      vertex -28.4843 2.03209 0
      vertex -28.4042 1.97062 0
      vertex -28.9302 1.32115 1.8
    endloop
  endfacet
  facet normal 0.474263 0.773206 -0.420983
    outer loop
      vertex -30.9259 -1.42574 1.8
      vertex -31.295 -2.17938 0
      vertex -31.381 -2.12663 0
    endloop
  endfacet
  facet normal 0.690344 -0.588377 -0.420996
    outer loop
      vertex -31.2633 1.13752 1.8
      vertex -31.905 1.67255 0
      vertex -31.8844 1.69672 0
    endloop
  endfacet
  facet normal 0.689758 -0.589066 -0.420992
    outer loop
      vertex -31.905 1.67255 0
      vertex -31.2633 1.13752 1.8
      vertex -31.3211 1.06984 1.8
    endloop
  endfacet
  facet normal 0.590188 -0.688791 -0.421004
    outer loop
      vertex -31.6726 1.90505 0
      vertex -31.1375 1.26335 1.8
      vertex -31.6967 1.8844 0
    endloop
  endfacet
  facet normal 0.58896 -0.689837 -0.421012
    outer loop
      vertex -31.1375 1.26335 1.8
      vertex -31.6726 1.90505 0
      vertex -31.0698 1.32115 1.8
    endloop
  endfacet
  facet normal -0.77322 -0.474225 -0.421
    outer loop
      vertex -27.8734 1.38105 0
      vertex -27.8206 1.29496 0
      vertex -28.5743 0.925886 1.8
    endloop
  endfacet
  facet normal -0.257648 -0.869701 -0.420996
    outer loop
      vertex -29.2469 2.42064 0
      vertex -29.4747 1.6168 1.8
      vertex -29.56 1.64207 1.8
    endloop
  endfacet
  facet normal -0.257501 -0.869744 -0.420997
    outer loop
      vertex -29.4747 1.6168 1.8
      vertex -29.2469 2.42064 0
      vertex -29.2164 2.41161 0
    endloop
  endfacet
  facet normal -0.719515 0.552329 -0.420987
    outer loop
      vertex -27.9486 -1.49045 0
      vertex -28.6789 -1.06984 1.8
      vertex -28.6247 -0.999234 1.8
    endloop
  endfacet
  facet normal -0.720316 0.551233 -0.421056
    outer loop
      vertex -28.6789 -1.06984 1.8
      vertex -27.9486 -1.49045 0
      vertex -27.9679 -1.51567 0
    endloop
  endfacet
  facet normal -0.211878 -0.881975 -0.420985
    outer loop
      vertex -29.4728 2.4803 0
      vertex -29.56 1.64207 1.8
      vertex -29.6465 1.66285 1.8
    endloop
  endfacet
  facet normal -0.211792 -0.881993 -0.42099
    outer loop
      vertex -29.56 1.64207 1.8
      vertex -29.4728 2.4803 0
      vertex -29.4419 2.47288 0
    endloop
  endfacet
  facet normal -0.89188 0.165301 -0.420982
    outer loop
      vertex -27.4955 -0.396673 0
      vertex -27.5139 -0.49595 0
      vertex -28.3209 -0.265938 1.8
    endloop
  endfacet
  facet normal 0.747486 0.513835 -0.420996
    outer loop
      vertex -31.4257 -0.925886 1.8
      vertex -32.0694 -1.46426 0
      vertex -32.1266 -1.38105 0
    endloop
  endfacet
  facet normal 0.658294 0.624033 -0.420988
    outer loop
      vertex -31.2021 -1.20208 1.8
      vertex -31.8149 -1.76996 0
      vertex -31.2633 -1.13752 1.8
    endloop
  endfacet
  facet normal 0.657723 0.624638 -0.420984
    outer loop
      vertex -31.8149 -1.76996 0
      vertex -31.2021 -1.20208 1.8
      vertex -31.793 -1.79302 0
    endloop
  endfacet
  facet normal -0.165263 -0.89188 -0.420996
    outer loop
      vertex -29.6033 2.50449 0
      vertex -29.504 2.48609 0
      vertex -29.7341 1.67907 1.8
    endloop
  endfacet
  facet normal -0.4329 -0.797099 -0.420989
    outer loop
      vertex -28.7601 2.21116 0
      vertex -29.15 1.47224 1.8
      vertex -29.2282 1.51471 1.8
    endloop
  endfacet
  facet normal -0.432093 -0.797534 -0.420993
    outer loop
      vertex -29.15 1.47224 1.8
      vertex -28.7601 2.21116 0
      vertex -28.7321 2.19599 0
    endloop
  endfacet
  facet normal 0.552221 0.719585 -0.42101
    outer loop
      vertex -31.0698 -1.32115 1.8
      vertex -31.5157 -2.03209 0
      vertex -31.5958 -1.97062 0
    endloop
  endfacet
  facet normal -0.882126 -0.211199 -0.421009
    outer loop
      vertex -27.5197 0.527204 0
      vertex -28.3579 0.439992 1.8
      vertex -27.5271 0.558112 0
    endloop
  endfacet
  facet normal -0.881959 -0.211975 -0.420969
    outer loop
      vertex -28.3579 0.439992 1.8
      vertex -27.5197 0.527204 0
      vertex -28.3371 0.35345 1.8
    endloop
  endfacet
  facet normal -0.818582 0.390742 -0.421004
    outer loop
      vertex -27.6835 -1.03137 0
      vertex -27.727 -1.1225 0
      vertex -28.447 -0.691452 1.8
    endloop
  endfacet
  facet normal 0.891827 -0.165502 -0.421014
    outer loop
      vertex -31.6628 0.35345 1.8
      vertex -32.4861 0.49595 0
      vertex -32.4803 0.527204 0
    endloop
  endfacet
  facet normal 0.891719 -0.166092 -0.421011
    outer loop
      vertex -32.4861 0.49595 0
      vertex -31.6628 0.35345 1.8
      vertex -31.6791 0.265938 1.8
    endloop
  endfacet
  facet normal -0.855067 0.302702 -0.420989
    outer loop
      vertex -27.5884 -0.783578 0
      vertex -28.4129 -0.609225 1.8
      vertex -28.3832 -0.525329 1.8
    endloop
  endfacet
  facet normal -0.85513 0.302509 -0.420999
    outer loop
      vertex -28.4129 -0.609225 1.8
      vertex -27.5884 -0.783578 0
      vertex -27.599 -0.813542 0
    endloop
  endfacet
  facet normal -0.390631 0.818644 -0.420987
    outer loop
      vertex -28.8775 -2.27302 0
      vertex -28.9686 -2.31649 0
      vertex -29.3085 -1.55303 1.8
    endloop
  endfacet
  facet normal -0.657723 -0.624638 -0.420984
    outer loop
      vertex -28.1851 1.76996 0
      vertex -28.7979 1.20208 1.8
      vertex -28.207 1.79302 0
    endloop
  endfacet
  facet normal -0.658294 -0.624033 -0.420988
    outer loop
      vertex -28.7979 1.20208 1.8
      vertex -28.1851 1.76996 0
      vertex -28.7367 1.13752 1.8
    endloop
  endfacet
  facet normal -0.881948 -0.212 -0.42098
    outer loop
      vertex -27.5507 0.656291 0
      vertex -27.5271 0.558112 0
      vertex -28.3579 0.439992 1.8
    endloop
  endfacet
  facet normal -0.906764 -0.0233579 -0.42099
    outer loop
      vertex -27.4669 0.100933 0
      vertex -27.4643 0 0
      vertex -28.3 0 1.8
    endloop
  endfacet
  facet normal 0.474263 -0.773206 -0.420983
    outer loop
      vertex -31.295 2.17938 0
      vertex -30.9259 1.42574 1.8
      vertex -31.381 2.12663 0
    endloop
  endfacet
  facet normal 0.390631 -0.818644 -0.420987
    outer loop
      vertex -31.0314 2.31649 0
      vertex -30.6915 1.55303 1.8
      vertex -31.1225 2.27302 0
    endloop
  endfacet
  facet normal 0.747587 0.513694 -0.42099
    outer loop
      vertex -31.3753 -0.999234 1.8
      vertex -32.0694 -1.46426 0
      vertex -31.4257 -0.925886 1.8
    endloop
  endfacet
  facet normal 0.747535 0.51377 -0.420989
    outer loop
      vertex -32.0694 -1.46426 0
      vertex -31.3753 -0.999234 1.8
      vertex -32.0514 -1.49045 0
    endloop
  endfacet
  facet normal -0.302768 -0.855043 -0.420991
    outer loop
      vertex -29.1865 2.401 0
      vertex -29.0913 2.36729 0
      vertex -29.3908 1.58709 1.8
    endloop
  endfacet
  facet normal 0.257648 0.869701 -0.420996
    outer loop
      vertex -30.7531 -2.42064 0
      vertex -30.5253 -1.6168 1.8
      vertex -30.44 -1.64207 1.8
    endloop
  endfacet
  facet normal 0.257501 0.869744 -0.420997
    outer loop
      vertex -30.5253 -1.6168 1.8
      vertex -30.7531 -2.42064 0
      vertex -30.7836 -2.41161 0
    endloop
  endfacet
  facet normal -0.85513 -0.302509 -0.420999
    outer loop
      vertex -27.5884 0.783578 0
      vertex -28.4129 0.609225 1.8
      vertex -27.599 0.813542 0
    endloop
  endfacet
  facet normal -0.855067 -0.302702 -0.420989
    outer loop
      vertex -28.4129 0.609225 1.8
      vertex -27.5884 0.783578 0
      vertex -28.3832 0.525329 1.8
    endloop
  endfacet
  facet normal 0.904296 -0.0709724 -0.420966
    outer loop
      vertex -32.5243 0.233366 0
      vertex -31.6977 0.0889702 1.8
      vertex -32.5322 0.132708 0
    endloop
  endfacet
  facet normal 0.211701 0.882013 -0.420993
    outer loop
      vertex -30.44 -1.64207 1.8
      vertex -30.5581 -2.47288 0
      vertex -30.6563 -2.44931 0
    endloop
  endfacet
  facet normal 0.837875 0.347471 -0.420986
    outer loop
      vertex -31.553 -0.691452 1.8
      vertex -32.3673 -0.908719 0
      vertex -31.5871 -0.609225 1.8
    endloop
  endfacet
  facet normal 0.837668 0.348006 -0.420957
    outer loop
      vertex -32.3673 -0.908719 0
      vertex -31.553 -0.691452 1.8
      vertex -32.3551 -0.938085 0
    endloop
  endfacet
  facet normal -0.0713136 0.904256 -0.420993
    outer loop
      vertex -29.7666 -2.52432 0
      vertex -29.8223 -1.69069 1.8
      vertex -29.7349 -2.52182 0
    endloop
  endfacet
  facet normal -0.0711589 0.904268 -0.420994
    outer loop
      vertex -29.8223 -1.69069 1.8
      vertex -29.7666 -2.52432 0
      vertex -29.911 -1.69767 1.8
    endloop
  endfacet
  facet normal -0.165505 0.891838 -0.42099
    outer loop
      vertex -29.504 -2.48609 0
      vertex -29.6465 -1.66285 1.8
      vertex -29.4728 -2.4803 0
    endloop
  endfacet
  facet normal -0.165145 0.891904 -0.420991
    outer loop
      vertex -29.6465 -1.66285 1.8
      vertex -29.504 -2.48609 0
      vertex -29.7341 -1.67907 1.8
    endloop
  endfacet
  facet normal -0.346859 -0.838125 -0.420994
    outer loop
      vertex -29.0913 2.36729 0
      vertex -29.3085 1.55303 1.8
      vertex -29.3908 1.58709 1.8
    endloop
  endfacet
  facet normal -0.346681 -0.838193 -0.421004
    outer loop
      vertex -29.3085 1.55303 1.8
      vertex -29.0913 2.36729 0
      vertex -29.0619 2.35513 0
    endloop
  endfacet
  facet normal 0.346681 -0.838193 -0.421004
    outer loop
      vertex -30.9087 2.36729 0
      vertex -30.6915 1.55303 1.8
      vertex -30.9381 2.35513 0
    endloop
  endfacet
  facet normal 0.346859 -0.838125 -0.420994
    outer loop
      vertex -30.6915 1.55303 1.8
      vertex -30.9087 2.36729 0
      vertex -30.6092 1.58709 1.8
    endloop
  endfacet
  facet normal -0.837668 -0.348006 -0.420957
    outer loop
      vertex -27.6327 0.908719 0
      vertex -28.447 0.691452 1.8
      vertex -27.6449 0.938085 0
    endloop
  endfacet
  facet normal -0.837875 -0.347471 -0.420986
    outer loop
      vertex -28.447 0.691452 1.8
      vertex -27.6327 0.908719 0
      vertex -28.4129 0.609225 1.8
    endloop
  endfacet
  facet normal -0.71949 0.552348 -0.421006
    outer loop
      vertex -27.9679 -1.51567 0
      vertex -28.0294 -1.59578 0
      vertex -28.6789 -1.06984 1.8
    endloop
  endfacet
  facet normal 0.869661 0.257817 -0.420975
    outer loop
      vertex -31.6421 -0.439992 1.8
      vertex -32.4206 -0.753101 0
      vertex -32.4493 -0.656291 0
    endloop
  endfacet
  facet normal -0.346681 0.838193 -0.421004
    outer loop
      vertex -29.0913 -2.36729 0
      vertex -29.3085 -1.55303 1.8
      vertex -29.0619 -2.35513 0
    endloop
  endfacet
  facet normal -0.346859 0.838125 -0.420994
    outer loop
      vertex -29.3085 -1.55303 1.8
      vertex -29.0913 -2.36729 0
      vertex -29.3908 -1.58709 1.8
    endloop
  endfacet
  facet normal 0.906751 -0.024256 -0.420969
    outer loop
      vertex -32.5322 0.132708 0
      vertex -31.6977 0.0889702 1.8
      vertex -32.5349 0.0317751 0
    endloop
  endfacet
  facet normal 0.11841 0.899302 -0.420992
    outer loop
      vertex -30.1777 -1.69069 1.8
      vertex -30.2651 -2.52182 0
      vertex -30.3652 -2.50864 0
    endloop
  endfacet
  facet normal -0.0237386 0.906754 -0.420992
    outer loop
      vertex -29.9682 -2.53488 0
      vertex -30 -1.7 1.8
      vertex -29.911 -1.69767 1.8
    endloop
  endfacet
  facet normal -0.0236669 0.906756 -0.420992
    outer loop
      vertex -30 -1.7 1.8
      vertex -29.9682 -2.53488 0
      vertex -30 -2.53571 0
    endloop
  endfacet
  facet normal 0.818582 0.390742 -0.421004
    outer loop
      vertex -31.553 -0.691452 1.8
      vertex -32.273 -1.1225 0
      vertex -32.3165 -1.03137 0
    endloop
  endfacet
  facet normal 0.474004 -0.773359 -0.420994
    outer loop
      vertex -31.2679 2.19599 0
      vertex -30.9259 1.42574 1.8
      vertex -31.295 2.17938 0
    endloop
  endfacet
  facet normal 0.473851 -0.773448 -0.421003
    outer loop
      vertex -30.9259 1.42574 1.8
      vertex -31.2679 2.19599 0
      vertex -30.85 1.47224 1.8
    endloop
  endfacet
  facet normal 0.71949 -0.552348 -0.421006
    outer loop
      vertex -31.9706 1.59578 0
      vertex -31.3211 1.06984 1.8
      vertex -32.0321 1.51567 0
    endloop
  endfacet
  facet normal 0.83814 -0.34681 -0.421004
    outer loop
      vertex -32.3165 1.03137 0
      vertex -31.553 0.691452 1.8
      vertex -32.3551 0.938085 0
    endloop
  endfacet
  facet normal 0.0237248 -0.906754 -0.420992
    outer loop
      vertex -30.0318 2.53488 0
      vertex -30.089 1.69767 1.8
      vertex -30.1327 2.53224 0
    endloop
  endfacet
  facet normal -0.0711205 0.904272 -0.420992
    outer loop
      vertex -29.7666 -2.52432 0
      vertex -29.8673 -2.53224 0
      vertex -29.911 -1.69767 1.8
    endloop
  endfacet
  facet normal 0.165263 -0.89188 -0.420996
    outer loop
      vertex -30.3967 2.50449 0
      vertex -30.2659 1.67907 1.8
      vertex -30.496 2.48609 0
    endloop
  endfacet
  facet normal 0.0237386 -0.906754 -0.420992
    outer loop
      vertex -30.0318 2.53488 0
      vertex -30 1.7 1.8
      vertex -30.089 1.69767 1.8
    endloop
  endfacet
  facet normal 0.0236669 -0.906756 -0.420992
    outer loop
      vertex -30 1.7 1.8
      vertex -30.0318 2.53488 0
      vertex -30 2.53571 0
    endloop
  endfacet
  facet normal 0.747535 -0.51377 -0.420989
    outer loop
      vertex -31.3753 0.999234 1.8
      vertex -32.0694 1.46426 0
      vertex -32.0514 1.49045 0
    endloop
  endfacet
  facet normal 0.747587 -0.513694 -0.42099
    outer loop
      vertex -32.0694 1.46426 0
      vertex -31.3753 0.999234 1.8
      vertex -31.4257 0.925886 1.8
    endloop
  endfacet
  facet normal -0.211701 -0.882013 -0.420993
    outer loop
      vertex -29.4419 2.47288 0
      vertex -29.3437 2.44931 0
      vertex -29.56 1.64207 1.8
    endloop
  endfacet
  facet normal -0.90426 -0.0713409 -0.420979
    outer loop
      vertex -27.4757 0.233366 0
      vertex -28.3093 0.177698 1.8
      vertex -27.4782 0.265054 0
    endloop
  endfacet
  facet normal -0.90426 -0.0713398 -0.420979
    outer loop
      vertex -28.3093 0.177698 1.8
      vertex -27.4757 0.233366 0
      vertex -28.3023 0.0889702 1.8
    endloop
  endfacet
  facet normal -0.0236669 -0.906756 -0.420992
    outer loop
      vertex -29.9682 2.53488 0
      vertex -30 1.7 1.8
      vertex -30 2.53571 0
    endloop
  endfacet
  facet normal -0.0237386 -0.906754 -0.420992
    outer loop
      vertex -30 1.7 1.8
      vertex -29.9682 2.53488 0
      vertex -29.911 1.69767 1.8
    endloop
  endfacet
  facet normal -0.0711205 -0.904272 -0.420992
    outer loop
      vertex -29.8673 2.53224 0
      vertex -29.7666 2.52432 0
      vertex -29.911 1.69767 1.8
    endloop
  endfacet
  facet normal 0.882126 -0.211199 -0.421009
    outer loop
      vertex -31.6421 0.439992 1.8
      vertex -32.4803 0.527204 0
      vertex -32.4729 0.558112 0
    endloop
  endfacet
  facet normal 0.882167 -0.211006 -0.421019
    outer loop
      vertex -32.4803 0.527204 0
      vertex -31.6421 0.439992 1.8
      vertex -31.6628 0.35345 1.8
    endloop
  endfacet
  facet normal -0.347072 -0.838039 -0.420988
    outer loop
      vertex -29.0619 2.35513 0
      vertex -28.9686 2.31649 0
      vertex -29.3085 1.55303 1.8
    endloop
  endfacet
  facet normal 0.302778 0.855035 -0.420999
    outer loop
      vertex -30.7836 -2.41161 0
      vertex -30.6092 -1.58709 1.8
      vertex -30.5253 -1.6168 1.8
    endloop
  endfacet
  facet normal 0.303343 0.85485 -0.420969
    outer loop
      vertex -30.6092 -1.58709 1.8
      vertex -30.7836 -2.41161 0
      vertex -30.8135 -2.401 0
    endloop
  endfacet
  facet normal -0.390631 -0.818644 -0.420987
    outer loop
      vertex -28.9686 2.31649 0
      vertex -28.8775 2.27302 0
      vertex -29.3085 1.55303 1.8
    endloop
  endfacet
  facet normal -0.513815 0.747498 -0.421001
    outer loop
      vertex -28.5357 -2.06944 0
      vertex -28.6189 -2.12663 0
      vertex -29.0741 -1.42574 1.8
    endloop
  endfacet
  facet normal -0.797433 -0.432284 -0.420989
    outer loop
      vertex -27.7888 1.23992 0
      vertex -27.7407 1.15119 0
      vertex -28.4853 0.771784 1.8
    endloop
  endfacet
  facet normal 0.5134 -0.747793 -0.420983
    outer loop
      vertex -31.381 2.12663 0
      vertex -30.9259 1.42574 1.8
      vertex -31.4643 2.06944 0
    endloop
  endfacet
  facet normal -0.165145 -0.891904 -0.420991
    outer loop
      vertex -29.504 2.48609 0
      vertex -29.6465 1.66285 1.8
      vertex -29.7341 1.67907 1.8
    endloop
  endfacet
  facet normal -0.165505 -0.891838 -0.42099
    outer loop
      vertex -29.6465 1.66285 1.8
      vertex -29.504 2.48609 0
      vertex -29.4728 2.4803 0
    endloop
  endfacet
  facet normal 0.689591 0.589256 -0.421001
    outer loop
      vertex -31.3211 -1.06984 1.8
      vertex -31.905 -1.67255 0
      vertex -31.9706 -1.59578 0
    endloop
  endfacet
  facet normal 0.796992 0.433065 -0.421021
    outer loop
      vertex -31.4722 -0.849999 1.8
      vertex -32.2112 -1.23992 0
      vertex -31.5147 -0.771784 1.8
    endloop
  endfacet
  facet normal 0.796776 0.433464 -0.421019
    outer loop
      vertex -32.2112 -1.23992 0
      vertex -31.4722 -0.849999 1.8
      vertex -32.196 -1.26786 0
    endloop
  endfacet
  facet normal -0.302778 -0.855035 -0.420999
    outer loop
      vertex -29.2164 2.41161 0
      vertex -29.3908 1.58709 1.8
      vertex -29.4747 1.6168 1.8
    endloop
  endfacet
  facet normal -0.303343 -0.85485 -0.420969
    outer loop
      vertex -29.3908 1.58709 1.8
      vertex -29.2164 2.41161 0
      vertex -29.1865 2.401 0
    endloop
  endfacet
  facet normal 0.881948 -0.212 -0.42098
    outer loop
      vertex -32.4493 0.656291 0
      vertex -31.6421 0.439992 1.8
      vertex -32.4729 0.558112 0
    endloop
  endfacet
  facet normal 0.797433 -0.432284 -0.420989
    outer loop
      vertex -32.2112 1.23992 0
      vertex -31.5147 0.771784 1.8
      vertex -32.2593 1.15119 0
    endloop
  endfacet
  facet normal 0.118478 -0.899292 -0.420995
    outer loop
      vertex -30.3652 2.50864 0
      vertex -30.2659 1.67907 1.8
      vertex -30.3967 2.50449 0
    endloop
  endfacet
  facet normal 0.118478 -0.899292 -0.420995
    outer loop
      vertex -30.2659 1.67907 1.8
      vertex -30.3652 2.50864 0
      vertex -30.1777 1.69069 1.8
    endloop
  endfacet
  facet normal 0.906758 -0.0234409 -0.420999
    outer loop
      vertex -31.7 0 1.8
      vertex -32.5349 0.0317751 0
      vertex -31.6977 0.0889702 1.8
    endloop
  endfacet
  facet normal 0.906775 -0.0228298 -0.420996
    outer loop
      vertex -32.5349 0.0317751 0
      vertex -31.7 0 1.8
      vertex -32.5357 0 0
    endloop
  endfacet
  facet normal -0.747535 -0.51377 -0.420989
    outer loop
      vertex -27.9306 1.46426 0
      vertex -28.6247 0.999234 1.8
      vertex -27.9486 1.49045 0
    endloop
  endfacet
  facet normal -0.747587 -0.513694 -0.42099
    outer loop
      vertex -28.6247 0.999234 1.8
      vertex -27.9306 1.46426 0
      vertex -28.5743 0.925886 1.8
    endloop
  endfacet
  facet normal -0.77322 0.474225 -0.421
    outer loop
      vertex -27.8206 -1.29496 0
      vertex -27.8734 -1.38105 0
      vertex -28.5743 -0.925886 1.8
    endloop
  endfacet
  facet normal 0.855049 -0.302753 -0.42099
    outer loop
      vertex -32.3673 0.908719 0
      vertex -31.5871 0.609225 1.8
      vertex -32.401 0.813542 0
    endloop
  endfacet
  facet normal 0.83814 0.34681 -0.421004
    outer loop
      vertex -31.553 -0.691452 1.8
      vertex -32.3165 -1.03137 0
      vertex -32.3551 -0.938085 0
    endloop
  endfacet
  facet normal 0.4329 0.797099 -0.420989
    outer loop
      vertex -31.2399 -2.21116 0
      vertex -30.85 -1.47224 1.8
      vertex -30.7718 -1.51471 1.8
    endloop
  endfacet
  facet normal 0.432093 0.797534 -0.420993
    outer loop
      vertex -30.85 -1.47224 1.8
      vertex -31.2399 -2.21116 0
      vertex -31.2679 -2.19599 0
    endloop
  endfacet
  facet normal 0.165263 0.89188 -0.420996
    outer loop
      vertex -30.2659 -1.67907 1.8
      vertex -30.3967 -2.50449 0
      vertex -30.496 -2.48609 0
    endloop
  endfacet
  facet normal -0.58896 -0.689837 -0.421012
    outer loop
      vertex -28.3274 1.90505 0
      vertex -28.8625 1.26335 1.8
      vertex -28.9302 1.32115 1.8
    endloop
  endfacet
  facet normal -0.590188 -0.688791 -0.421004
    outer loop
      vertex -28.8625 1.26335 1.8
      vertex -28.3274 1.90505 0
      vertex -28.3033 1.8844 0
    endloop
  endfacet
  facet normal 0.165145 0.891904 -0.420991
    outer loop
      vertex -30.496 -2.48609 0
      vertex -30.3535 -1.66285 1.8
      vertex -30.2659 -1.67907 1.8
    endloop
  endfacet
  facet normal 0.165505 0.891838 -0.42099
    outer loop
      vertex -30.3535 -1.66285 1.8
      vertex -30.496 -2.48609 0
      vertex -30.5272 -2.4803 0
    endloop
  endfacet
  facet normal -0.624102 0.658226 -0.420994
    outer loop
      vertex -28.23 -1.8149 0
      vertex -28.3033 -1.8844 0
      vertex -28.8625 -1.26335 1.8
    endloop
  endfacet
  facet normal 0.257501 -0.869744 -0.420997
    outer loop
      vertex -30.7531 2.42064 0
      vertex -30.5253 1.6168 1.8
      vertex -30.7836 2.41161 0
    endloop
  endfacet
  facet normal 0.257648 -0.869701 -0.420996
    outer loop
      vertex -30.5253 1.6168 1.8
      vertex -30.7531 2.42064 0
      vertex -30.44 1.64207 1.8
    endloop
  endfacet
  facet normal 0.906775 0.0228298 -0.420996
    outer loop
      vertex -31.7 0 1.8
      vertex -32.5349 -0.0317751 0
      vertex -32.5357 0 0
    endloop
  endfacet
  facet normal 0.906758 0.0234409 -0.420999
    outer loop
      vertex -32.5349 -0.0317751 0
      vertex -31.7 0 1.8
      vertex -31.6977 -0.0889702 1.8
    endloop
  endfacet
  facet normal 0.303343 -0.85485 -0.420969
    outer loop
      vertex -30.7836 2.41161 0
      vertex -30.6092 1.58709 1.8
      vertex -30.8135 2.401 0
    endloop
  endfacet
  facet normal 0.302778 -0.855035 -0.420999
    outer loop
      vertex -30.6092 1.58709 1.8
      vertex -30.7836 2.41161 0
      vertex -30.5253 1.6168 1.8
    endloop
  endfacet
  facet normal 0.689591 -0.589256 -0.421001
    outer loop
      vertex -31.905 1.67255 0
      vertex -31.3211 1.06984 1.8
      vertex -31.9706 1.59578 0
    endloop
  endfacet
  facet normal 0.302768 0.855043 -0.420991
    outer loop
      vertex -30.6092 -1.58709 1.8
      vertex -30.8135 -2.401 0
      vertex -30.9087 -2.36729 0
    endloop
  endfacet
  facet normal -0.432952 -0.797069 -0.420991
    outer loop
      vertex -28.8488 2.25934 0
      vertex -28.7601 2.21116 0
      vertex -29.2282 1.51471 1.8
    endloop
  endfacet
  facet normal -0.773477 -0.47379 -0.421018
    outer loop
      vertex -27.804 1.26786 0
      vertex -28.5743 0.925886 1.8
      vertex -27.8206 1.29496 0
    endloop
  endfacet
  facet normal -0.773408 -0.473908 -0.421011
    outer loop
      vertex -28.5743 0.925886 1.8
      vertex -27.804 1.26786 0
      vertex -28.5278 0.849999 1.8
    endloop
  endfacet
  facet normal -0.11841 0.899302 -0.420992
    outer loop
      vertex -29.6348 -2.50864 0
      vertex -29.7349 -2.52182 0
      vertex -29.8223 -1.69069 1.8
    endloop
  endfacet
  facet normal -0.0711589 -0.904268 -0.420994
    outer loop
      vertex -29.7666 2.52432 0
      vertex -29.8223 1.69069 1.8
      vertex -29.911 1.69767 1.8
    endloop
  endfacet
  facet normal -0.0713136 -0.904256 -0.420993
    outer loop
      vertex -29.8223 1.69069 1.8
      vertex -29.7666 2.52432 0
      vertex -29.7349 2.52182 0
    endloop
  endfacet
  facet normal -0.624102 -0.658226 -0.420994
    outer loop
      vertex -28.3033 1.8844 0
      vertex -28.23 1.8149 0
      vertex -28.8625 1.26335 1.8
    endloop
  endfacet
  facet normal -0.588964 -0.689834 -0.421012
    outer loop
      vertex -28.4042 1.97062 0
      vertex -28.3274 1.90505 0
      vertex -28.9302 1.32115 1.8
    endloop
  endfacet
  facet normal -0.211792 0.881993 -0.42099
    outer loop
      vertex -29.4728 -2.4803 0
      vertex -29.56 -1.64207 1.8
      vertex -29.4419 -2.47288 0
    endloop
  endfacet
  facet normal -0.211878 0.881975 -0.420985
    outer loop
      vertex -29.56 -1.64207 1.8
      vertex -29.4728 -2.4803 0
      vertex -29.6465 -1.66285 1.8
    endloop
  endfacet
  facet normal 0.257591 0.869719 -0.420994
    outer loop
      vertex -30.44 -1.64207 1.8
      vertex -30.6563 -2.44931 0
      vertex -30.7531 -2.42064 0
    endloop
  endfacet
  facet normal -0.657967 -0.624367 -0.421005
    outer loop
      vertex -28.1851 1.76996 0
      vertex -28.1156 1.69672 0
      vertex -28.7367 1.13752 1.8
    endloop
  endfacet
  facet normal -0.118478 -0.899292 -0.420995
    outer loop
      vertex -29.6348 2.50864 0
      vertex -29.7341 1.67907 1.8
      vertex -29.8223 1.69069 1.8
    endloop
  endfacet
  facet normal -0.118478 -0.899292 -0.420995
    outer loop
      vertex -29.7341 1.67907 1.8
      vertex -29.6348 2.50864 0
      vertex -29.6033 2.50449 0
    endloop
  endfacet
  facet normal -0.473859 -0.773445 -0.421
    outer loop
      vertex -28.705 2.17938 0
      vertex -28.6189 2.12663 0
      vertex -29.0741 1.42574 1.8
    endloop
  endfacet
  facet normal -0.657967 0.624367 -0.421005
    outer loop
      vertex -28.1156 -1.69672 0
      vertex -28.1851 -1.76996 0
      vertex -28.7367 -1.13752 1.8
    endloop
  endfacet
  facet normal 0.818533 -0.390864 -0.420986
    outer loop
      vertex -31.5147 0.771784 1.8
      vertex -32.273 1.1225 0
      vertex -32.2593 1.15119 0
    endloop
  endfacet
  facet normal 0.818769 -0.390366 -0.420989
    outer loop
      vertex -32.273 1.1225 0
      vertex -31.5147 0.771784 1.8
      vertex -31.553 0.691452 1.8
    endloop
  endfacet
  facet normal 0.869661 -0.257817 -0.420975
    outer loop
      vertex -32.4206 0.753101 0
      vertex -31.6421 0.439992 1.8
      vertex -32.4493 0.656291 0
    endloop
  endfacet
  facet normal 0.513986 0.747375 -0.421009
    outer loop
      vertex -31.4643 -2.06944 0
      vertex -30.9992 -1.37533 1.8
      vertex -30.9259 -1.42574 1.8
    endloop
  endfacet
  facet normal 0.513631 0.747618 -0.421011
    outer loop
      vertex -30.9992 -1.37533 1.8
      vertex -31.4643 -2.06944 0
      vertex -31.4905 -2.05144 0
    endloop
  endfacet
  facet normal -0.899495 -0.117021 -0.420968
    outer loop
      vertex -27.4914 0.365158 0
      vertex -28.3209 0.265938 1.8
      vertex -27.4955 0.396673 0
    endloop
  endfacet
  facet normal -0.89934 -0.118227 -0.420963
    outer loop
      vertex -28.3209 0.265938 1.8
      vertex -27.4914 0.365158 0
      vertex -28.3093 0.177698 1.8
    endloop
  endfacet
  facet normal -0.89188 -0.165301 -0.420982
    outer loop
      vertex -27.5139 0.49595 0
      vertex -27.4955 0.396673 0
      vertex -28.3209 0.265938 1.8
    endloop
  endfacet
  facet normal 0.302768 -0.855043 -0.420991
    outer loop
      vertex -30.8135 2.401 0
      vertex -30.6092 1.58709 1.8
      vertex -30.9087 2.36729 0
    endloop
  endfacet
  facet normal 0.118478 0.899292 -0.420995
    outer loop
      vertex -30.3652 -2.50864 0
      vertex -30.2659 -1.67907 1.8
      vertex -30.1777 -1.69069 1.8
    endloop
  endfacet
  facet normal 0.118478 0.899292 -0.420995
    outer loop
      vertex -30.2659 -1.67907 1.8
      vertex -30.3652 -2.50864 0
      vertex -30.3967 -2.50449 0
    endloop
  endfacet
  facet normal -0.83814 -0.34681 -0.421004
    outer loop
      vertex -27.6835 1.03137 0
      vertex -27.6449 0.938085 0
      vertex -28.447 0.691452 1.8
    endloop
  endfacet
  facet normal -0.904296 0.0709724 -0.420966
    outer loop
      vertex -27.4678 -0.132708 0
      vertex -27.4757 -0.233366 0
      vertex -28.3023 -0.0889702 1.8
    endloop
  endfacet
  facet normal 0.899495 -0.117021 -0.420968
    outer loop
      vertex -31.6791 0.265938 1.8
      vertex -32.5086 0.365158 0
      vertex -32.5045 0.396673 0
    endloop
  endfacet
  facet normal 0.89934 -0.118227 -0.420963
    outer loop
      vertex -32.5086 0.365158 0
      vertex -31.6791 0.265938 1.8
      vertex -31.6907 0.177698 1.8
    endloop
  endfacet
  facet normal 0.90426 -0.0713409 -0.420979
    outer loop
      vertex -31.6907 0.177698 1.8
      vertex -32.5243 0.233366 0
      vertex -32.5218 0.265054 0
    endloop
  endfacet
  facet normal 0.90426 -0.0713398 -0.420979
    outer loop
      vertex -32.5243 0.233366 0
      vertex -31.6907 0.177698 1.8
      vertex -31.6977 0.0889702 1.8
    endloop
  endfacet
  facet normal -0.552223 -0.719582 -0.421013
    outer loop
      vertex -28.5095 2.05144 0
      vertex -28.9302 1.32115 1.8
      vertex -29.0008 1.37533 1.8
    endloop
  endfacet
  facet normal -0.552423 -0.719435 -0.421
    outer loop
      vertex -28.9302 1.32115 1.8
      vertex -28.5095 2.05144 0
      vertex -28.4843 2.03209 0
    endloop
  endfacet
  facet normal -0.513986 -0.747375 -0.421009
    outer loop
      vertex -28.5357 2.06944 0
      vertex -29.0008 1.37533 1.8
      vertex -29.0741 1.42574 1.8
    endloop
  endfacet
  facet normal -0.513631 -0.747618 -0.421011
    outer loop
      vertex -29.0008 1.37533 1.8
      vertex -28.5357 2.06944 0
      vertex -28.5095 2.05144 0
    endloop
  endfacet
  facet normal 0.773477 -0.47379 -0.421018
    outer loop
      vertex -31.4257 0.925886 1.8
      vertex -32.196 1.26786 0
      vertex -32.1794 1.29496 0
    endloop
  endfacet
  facet normal 0.773408 -0.473908 -0.421011
    outer loop
      vertex -32.196 1.26786 0
      vertex -31.4257 0.925886 1.8
      vertex -31.4722 0.849999 1.8
    endloop
  endfacet
  facet normal 0.347072 -0.838039 -0.420988
    outer loop
      vertex -30.9381 2.35513 0
      vertex -30.6915 1.55303 1.8
      vertex -31.0314 2.31649 0
    endloop
  endfacet
  facet normal 0.624102 -0.658226 -0.420994
    outer loop
      vertex -31.6967 1.8844 0
      vertex -31.1375 1.26335 1.8
      vertex -31.77 1.8149 0
    endloop
  endfacet
  facet normal 0.71949 0.552348 -0.421006
    outer loop
      vertex -31.3211 -1.06984 1.8
      vertex -31.9706 -1.59578 0
      vertex -32.0321 -1.51567 0
    endloop
  endfacet
  facet normal -0.432093 0.797534 -0.420993
    outer loop
      vertex -28.7601 -2.21116 0
      vertex -29.15 -1.47224 1.8
      vertex -28.7321 -2.19599 0
    endloop
  endfacet
  facet normal -0.4329 0.797099 -0.420989
    outer loop
      vertex -29.15 -1.47224 1.8
      vertex -28.7601 -2.21116 0
      vertex -29.2282 -1.51471 1.8
    endloop
  endfacet
  facet normal -0.818769 0.390366 -0.420989
    outer loop
      vertex -27.727 -1.1225 0
      vertex -28.4853 -0.771784 1.8
      vertex -28.447 -0.691452 1.8
    endloop
  endfacet
  facet normal -0.818533 0.390864 -0.420986
    outer loop
      vertex -28.4853 -0.771784 1.8
      vertex -27.727 -1.1225 0
      vertex -27.7407 -1.15119 0
    endloop
  endfacet
  facet normal -0.118478 0.899292 -0.420995
    outer loop
      vertex -29.6348 -2.50864 0
      vertex -29.7341 -1.67907 1.8
      vertex -29.6033 -2.50449 0
    endloop
  endfacet
  facet normal -0.118478 0.899292 -0.420995
    outer loop
      vertex -29.7341 -1.67907 1.8
      vertex -29.6348 -2.50864 0
      vertex -29.8223 -1.69069 1.8
    endloop
  endfacet
  facet normal 0.11841 -0.899302 -0.420992
    outer loop
      vertex -30.2651 2.52182 0
      vertex -30.1777 1.69069 1.8
      vertex -30.3652 2.50864 0
    endloop
  endfacet
  facet normal 0.85513 -0.302509 -0.420999
    outer loop
      vertex -31.5871 0.609225 1.8
      vertex -32.4116 0.783578 0
      vertex -32.401 0.813542 0
    endloop
  endfacet
  facet normal 0.855067 -0.302702 -0.420989
    outer loop
      vertex -32.4116 0.783578 0
      vertex -31.5871 0.609225 1.8
      vertex -31.6168 0.525329 1.8
    endloop
  endfacet
  facet normal 0.165505 -0.891838 -0.42099
    outer loop
      vertex -30.496 2.48609 0
      vertex -30.3535 1.66285 1.8
      vertex -30.5272 2.4803 0
    endloop
  endfacet
  facet normal 0.165145 -0.891904 -0.420991
    outer loop
      vertex -30.3535 1.66285 1.8
      vertex -30.496 2.48609 0
      vertex -30.2659 1.67907 1.8
    endloop
  endfacet
  facet normal 0.90426 0.0713398 -0.420979
    outer loop
      vertex -31.6907 -0.177698 1.8
      vertex -32.5243 -0.233366 0
      vertex -31.6977 -0.0889702 1.8
    endloop
  endfacet
  facet normal 0.90426 0.0713409 -0.420979
    outer loop
      vertex -32.5243 -0.233366 0
      vertex -31.6907 -0.177698 1.8
      vertex -32.5218 -0.265054 0
    endloop
  endfacet
  facet normal 0.657967 -0.624367 -0.421005
    outer loop
      vertex -31.8149 1.76996 0
      vertex -31.2633 1.13752 1.8
      vertex -31.8844 1.69672 0
    endloop
  endfacet
  facet normal 0.818769 0.390366 -0.420989
    outer loop
      vertex -31.5147 -0.771784 1.8
      vertex -32.273 -1.1225 0
      vertex -31.553 -0.691452 1.8
    endloop
  endfacet
  facet normal 0.818533 0.390864 -0.420986
    outer loop
      vertex -32.273 -1.1225 0
      vertex -31.5147 -0.771784 1.8
      vertex -32.2593 -1.15119 0
    endloop
  endfacet
  facet normal 0.552221 -0.719585 -0.42101
    outer loop
      vertex -31.5157 2.03209 0
      vertex -31.0698 1.32115 1.8
      vertex -31.5958 1.97062 0
    endloop
  endfacet
  facet normal -0.796992 0.433065 -0.421021
    outer loop
      vertex -27.7888 -1.23992 0
      vertex -28.5278 -0.849999 1.8
      vertex -28.4853 -0.771784 1.8
    endloop
  endfacet
  facet normal -0.796776 0.433464 -0.421019
    outer loop
      vertex -28.5278 -0.849999 1.8
      vertex -27.7888 -1.23992 0
      vertex -27.804 -1.26786 0
    endloop
  endfacet
  facet normal -0.257501 0.869744 -0.420997
    outer loop
      vertex -29.2469 -2.42064 0
      vertex -29.4747 -1.6168 1.8
      vertex -29.2164 -2.41161 0
    endloop
  endfacet
  facet normal -0.257648 0.869701 -0.420996
    outer loop
      vertex -29.4747 -1.6168 1.8
      vertex -29.2469 -2.42064 0
      vertex -29.56 -1.64207 1.8
    endloop
  endfacet
  facet normal -0.689591 -0.589256 -0.421001
    outer loop
      vertex -28.095 1.67255 0
      vertex -28.0294 1.59578 0
      vertex -28.6789 1.06984 1.8
    endloop
  endfacet
  facet normal 0.657967 0.624367 -0.421005
    outer loop
      vertex -31.2633 -1.13752 1.8
      vertex -31.8149 -1.76996 0
      vertex -31.8844 -1.69672 0
    endloop
  endfacet
  facet normal -0.71949 -0.552348 -0.421006
    outer loop
      vertex -28.0294 1.59578 0
      vertex -27.9679 1.51567 0
      vertex -28.6789 1.06984 1.8
    endloop
  endfacet
  facet normal 0.0236669 0.906756 -0.420992
    outer loop
      vertex -30.0318 -2.53488 0
      vertex -30 -1.7 1.8
      vertex -30 -2.53571 0
    endloop
  endfacet
  facet normal 0.0237386 0.906754 -0.420992
    outer loop
      vertex -30 -1.7 1.8
      vertex -30.0318 -2.53488 0
      vertex -30.089 -1.69767 1.8
    endloop
  endfacet
  facet normal 0.0711205 0.904272 -0.420992
    outer loop
      vertex -30.089 -1.69767 1.8
      vertex -30.1327 -2.53224 0
      vertex -30.2334 -2.52432 0
    endloop
  endfacet
  facet normal -0.720316 -0.551233 -0.421056
    outer loop
      vertex -27.9486 1.49045 0
      vertex -28.6789 1.06984 1.8
      vertex -27.9679 1.51567 0
    endloop
  endfacet
  facet normal -0.719515 -0.552329 -0.420987
    outer loop
      vertex -28.6789 1.06984 1.8
      vertex -27.9486 1.49045 0
      vertex -28.6247 0.999234 1.8
    endloop
  endfacet
  facet normal 0.0711589 0.904268 -0.420994
    outer loop
      vertex -30.2334 -2.52432 0
      vertex -30.1777 -1.69069 1.8
      vertex -30.089 -1.69767 1.8
    endloop
  endfacet
  facet normal 0.0713136 0.904256 -0.420993
    outer loop
      vertex -30.1777 -1.69069 1.8
      vertex -30.2334 -2.52432 0
      vertex -30.2651 -2.52182 0
    endloop
  endfacet
  facet normal 0.58896 0.689837 -0.421012
    outer loop
      vertex -31.6726 -1.90505 0
      vertex -31.1375 -1.26335 1.8
      vertex -31.0698 -1.32115 1.8
    endloop
  endfacet
  facet normal 0.590188 0.688791 -0.421004
    outer loop
      vertex -31.1375 -1.26335 1.8
      vertex -31.6726 -1.90505 0
      vertex -31.6967 -1.8844 0
    endloop
  endfacet
  facet normal 0.390631 0.818644 -0.420987
    outer loop
      vertex -30.6915 -1.55303 1.8
      vertex -31.0314 -2.31649 0
      vertex -31.1225 -2.27302 0
    endloop
  endfacet
  facet normal 0.347072 0.838039 -0.420988
    outer loop
      vertex -30.6915 -1.55303 1.8
      vertex -30.9381 -2.35513 0
      vertex -31.0314 -2.31649 0
    endloop
  endfacet
  facet normal 0.552423 -0.719435 -0.421
    outer loop
      vertex -31.4905 2.05144 0
      vertex -31.0698 1.32115 1.8
      vertex -31.5157 2.03209 0
    endloop
  endfacet
  facet normal 0.552223 -0.719582 -0.421013
    outer loop
      vertex -31.0698 1.32115 1.8
      vertex -31.4905 2.05144 0
      vertex -30.9992 1.37533 1.8
    endloop
  endfacet
  facet normal 0.588964 -0.689834 -0.421012
    outer loop
      vertex -31.5958 1.97062 0
      vertex -31.0698 1.32115 1.8
      vertex -31.6726 1.90505 0
    endloop
  endfacet
  facet normal -0.473851 -0.773448 -0.421003
    outer loop
      vertex -28.7321 2.19599 0
      vertex -29.0741 1.42574 1.8
      vertex -29.15 1.47224 1.8
    endloop
  endfacet
  facet normal -0.474004 -0.773359 -0.420994
    outer loop
      vertex -29.0741 1.42574 1.8
      vertex -28.7321 2.19599 0
      vertex -28.705 2.17938 0
    endloop
  endfacet
  facet normal -0.302768 0.855043 -0.420991
    outer loop
      vertex -29.0913 -2.36729 0
      vertex -29.1865 -2.401 0
      vertex -29.3908 -1.58709 1.8
    endloop
  endfacet
  facet normal 0.89934 0.118227 -0.420963
    outer loop
      vertex -31.6791 -0.265938 1.8
      vertex -32.5086 -0.365158 0
      vertex -31.6907 -0.177698 1.8
    endloop
  endfacet
  facet normal 0.899495 0.117021 -0.420968
    outer loop
      vertex -32.5086 -0.365158 0
      vertex -31.6791 -0.265938 1.8
      vertex -32.5045 -0.396673 0
    endloop
  endfacet
  facet normal -0.869657 0.257829 -0.420976
    outer loop
      vertex -27.5794 -0.753101 0
      vertex -28.3832 -0.525329 1.8
      vertex -28.3579 -0.439992 1.8
    endloop
  endfacet
  facet normal -0.869931 0.256895 -0.42098
    outer loop
      vertex -28.3832 -0.525329 1.8
      vertex -27.5794 -0.753101 0
      vertex -27.5884 -0.783578 0
    endloop
  endfacet
  facet normal 0.211878 0.881975 -0.420985
    outer loop
      vertex -30.5272 -2.4803 0
      vertex -30.44 -1.64207 1.8
      vertex -30.3535 -1.66285 1.8
    endloop
  endfacet
  facet normal 0.211792 0.881993 -0.42099
    outer loop
      vertex -30.44 -1.64207 1.8
      vertex -30.5272 -2.4803 0
      vertex -30.5581 -2.47288 0
    endloop
  endfacet
  facet normal 0.432093 -0.797534 -0.420993
    outer loop
      vertex -31.2399 2.21116 0
      vertex -30.85 1.47224 1.8
      vertex -31.2679 2.19599 0
    endloop
  endfacet
  facet normal 0.4329 -0.797099 -0.420989
    outer loop
      vertex -30.85 1.47224 1.8
      vertex -31.2399 2.21116 0
      vertex -30.7718 1.51471 1.8
    endloop
  endfacet
  facet normal 0.257591 -0.869719 -0.420994
    outer loop
      vertex -30.6563 2.44931 0
      vertex -30.44 1.64207 1.8
      vertex -30.7531 2.42064 0
    endloop
  endfacet
  facet normal -0.869661 0.257817 -0.420975
    outer loop
      vertex -27.5507 -0.656291 0
      vertex -27.5794 -0.753101 0
      vertex -28.3579 -0.439992 1.8
    endloop
  endfacet
  facet normal 0.818582 -0.390742 -0.421004
    outer loop
      vertex -32.273 1.1225 0
      vertex -31.553 0.691452 1.8
      vertex -32.3165 1.03137 0
    endloop
  endfacet
  facet normal 0.0237248 0.906754 -0.420992
    outer loop
      vertex -30.089 -1.69767 1.8
      vertex -30.0318 -2.53488 0
      vertex -30.1327 -2.53224 0
    endloop
  endfacet
  facet normal 0.0713136 -0.904256 -0.420993
    outer loop
      vertex -30.2334 2.52432 0
      vertex -30.1777 1.69069 1.8
      vertex -30.2651 2.52182 0
    endloop
  endfacet
  facet normal 0.0711589 -0.904268 -0.420994
    outer loop
      vertex -30.1777 1.69069 1.8
      vertex -30.2334 2.52432 0
      vertex -30.089 1.69767 1.8
    endloop
  endfacet
  facet normal -0.347072 0.838039 -0.420988
    outer loop
      vertex -28.9686 -2.31649 0
      vertex -29.0619 -2.35513 0
      vertex -29.3085 -1.55303 1.8
    endloop
  endfacet
  facet normal -0.796776 -0.433464 -0.421019
    outer loop
      vertex -27.7888 1.23992 0
      vertex -28.5278 0.849999 1.8
      vertex -27.804 1.26786 0
    endloop
  endfacet
  facet normal -0.796992 -0.433065 -0.421021
    outer loop
      vertex -28.5278 0.849999 1.8
      vertex -27.7888 1.23992 0
      vertex -28.4853 0.771784 1.8
    endloop
  endfacet
  facet normal -0.83814 0.34681 -0.421004
    outer loop
      vertex -27.6449 -0.938085 0
      vertex -27.6835 -1.03137 0
      vertex -28.447 -0.691452 1.8
    endloop
  endfacet
  facet normal 0.657723 -0.624638 -0.420984
    outer loop
      vertex -31.2021 1.20208 1.8
      vertex -31.8149 1.76996 0
      vertex -31.793 1.79302 0
    endloop
  endfacet
  facet normal 0.658294 -0.624033 -0.420988
    outer loop
      vertex -31.8149 1.76996 0
      vertex -31.2021 1.20208 1.8
      vertex -31.2633 1.13752 1.8
    endloop
  endfacet
  facet normal 0.89188 0.165301 -0.420982
    outer loop
      vertex -31.6791 -0.265938 1.8
      vertex -32.4861 -0.49595 0
      vertex -32.5045 -0.396673 0
    endloop
  endfacet
  facet normal -0.689591 0.589256 -0.421001
    outer loop
      vertex -28.0294 -1.59578 0
      vertex -28.095 -1.67255 0
      vertex -28.6789 -1.06984 1.8
    endloop
  endfacet
  facet normal 0.720316 -0.551233 -0.421056
    outer loop
      vertex -31.3211 1.06984 1.8
      vertex -32.0514 1.49045 0
      vertex -32.0321 1.51567 0
    endloop
  endfacet
  facet normal 0.719515 -0.552329 -0.420987
    outer loop
      vertex -32.0514 1.49045 0
      vertex -31.3211 1.06984 1.8
      vertex -31.3753 0.999234 1.8
    endloop
  endfacet
  facet normal 0.837668 -0.348006 -0.420957
    outer loop
      vertex -31.553 0.691452 1.8
      vertex -32.3673 0.908719 0
      vertex -32.3551 0.938085 0
    endloop
  endfacet
  facet normal 0.837875 -0.347471 -0.420986
    outer loop
      vertex -32.3673 0.908719 0
      vertex -31.553 0.691452 1.8
      vertex -31.5871 0.609225 1.8
    endloop
  endfacet
  facet normal -0.689758 0.589066 -0.420992
    outer loop
      vertex -28.095 -1.67255 0
      vertex -28.7367 -1.13752 1.8
      vertex -28.6789 -1.06984 1.8
    endloop
  endfacet
  facet normal -0.690344 0.588377 -0.420996
    outer loop
      vertex -28.7367 -1.13752 1.8
      vertex -28.095 -1.67255 0
      vertex -28.1156 -1.69672 0
    endloop
  endfacet
  facet normal 0.211701 -0.882013 -0.420993
    outer loop
      vertex -30.5581 2.47288 0
      vertex -30.44 1.64207 1.8
      vertex -30.6563 2.44931 0
    endloop
  endfacet
  facet normal 0.747486 -0.513835 -0.420996
    outer loop
      vertex -32.0694 1.46426 0
      vertex -31.4257 0.925886 1.8
      vertex -32.1266 1.38105 0
    endloop
  endfacet
  facet normal 0.899287 -0.118583 -0.420976
    outer loop
      vertex -32.5086 0.365158 0
      vertex -31.6907 0.177698 1.8
      vertex -32.5218 0.265054 0
    endloop
  endfacet
  facet normal 0.899287 0.118583 -0.420976
    outer loop
      vertex -31.6907 -0.177698 1.8
      vertex -32.5086 -0.365158 0
      vertex -32.5218 -0.265054 0
    endloop
  endfacet
  facet normal 0.588964 0.689834 -0.421012
    outer loop
      vertex -31.0698 -1.32115 1.8
      vertex -31.5958 -1.97062 0
      vertex -31.6726 -1.90505 0
    endloop
  endfacet
  facet normal 0.473851 0.773448 -0.421003
    outer loop
      vertex -31.2679 -2.19599 0
      vertex -30.9259 -1.42574 1.8
      vertex -30.85 -1.47224 1.8
    endloop
  endfacet
  facet normal 0.474004 0.773359 -0.420994
    outer loop
      vertex -30.9259 -1.42574 1.8
      vertex -31.2679 -2.19599 0
      vertex -31.295 -2.17938 0
    endloop
  endfacet
  facet normal 0.0711205 -0.904272 -0.420992
    outer loop
      vertex -30.1327 2.53224 0
      vertex -30.089 1.69767 1.8
      vertex -30.2334 2.52432 0
    endloop
  endfacet
  facet normal 0.211792 -0.881993 -0.42099
    outer loop
      vertex -30.5272 2.4803 0
      vertex -30.44 1.64207 1.8
      vertex -30.5581 2.47288 0
    endloop
  endfacet
  facet normal 0.211878 -0.881975 -0.420985
    outer loop
      vertex -30.44 1.64207 1.8
      vertex -30.5272 2.4803 0
      vertex -30.3535 1.66285 1.8
    endloop
  endfacet
  facet normal 0.5134 0.747793 -0.420983
    outer loop
      vertex -30.9259 -1.42574 1.8
      vertex -31.381 -2.12663 0
      vertex -31.4643 -2.06944 0
    endloop
  endfacet
  facet normal -0.513631 0.747618 -0.421011
    outer loop
      vertex -28.5357 -2.06944 0
      vertex -29.0008 -1.37533 1.8
      vertex -28.5095 -2.05144 0
    endloop
  endfacet
  facet normal -0.513986 0.747375 -0.421009
    outer loop
      vertex -29.0008 -1.37533 1.8
      vertex -28.5357 -2.06944 0
      vertex -29.0741 -1.42574 1.8
    endloop
  endfacet
  facet normal -0.165263 0.89188 -0.420996
    outer loop
      vertex -29.504 -2.48609 0
      vertex -29.6033 -2.50449 0
      vertex -29.7341 -1.67907 1.8
    endloop
  endfacet
  facet normal -0.588964 0.689834 -0.421012
    outer loop
      vertex -28.3274 -1.90505 0
      vertex -28.4042 -1.97062 0
      vertex -28.9302 -1.32115 1.8
    endloop
  endfacet
  facet normal -0.390288 0.818806 -0.42099
    outer loop
      vertex -28.8775 -2.27302 0
      vertex -29.2282 -1.51471 1.8
      vertex -28.8488 -2.25934 0
    endloop
  endfacet
  facet normal -0.390659 0.81863 -0.420988
    outer loop
      vertex -29.2282 -1.51471 1.8
      vertex -28.8775 -2.27302 0
      vertex -29.3085 -1.55303 1.8
    endloop
  endfacet
  facet normal 0.869657 0.257829 -0.420976
    outer loop
      vertex -31.6168 -0.525329 1.8
      vertex -32.4206 -0.753101 0
      vertex -31.6421 -0.439992 1.8
    endloop
  endfacet
  facet normal 0.869931 0.256895 -0.42098
    outer loop
      vertex -32.4206 -0.753101 0
      vertex -31.6168 -0.525329 1.8
      vertex -32.4116 -0.783578 0
    endloop
  endfacet
  facet normal -0.303343 0.85485 -0.420969
    outer loop
      vertex -29.2164 -2.41161 0
      vertex -29.3908 -1.58709 1.8
      vertex -29.1865 -2.401 0
    endloop
  endfacet
  facet normal -0.302778 0.855035 -0.420999
    outer loop
      vertex -29.3908 -1.58709 1.8
      vertex -29.2164 -2.41161 0
      vertex -29.4747 -1.6168 1.8
    endloop
  endfacet
  facet normal 0.624102 0.658226 -0.420994
    outer loop
      vertex -31.1375 -1.26335 1.8
      vertex -31.6967 -1.8844 0
      vertex -31.77 -1.8149 0
    endloop
  endfacet
  facet normal 0.346859 0.838125 -0.420994
    outer loop
      vertex -30.9087 -2.36729 0
      vertex -30.6915 -1.55303 1.8
      vertex -30.6092 -1.58709 1.8
    endloop
  endfacet
  facet normal 0.346681 0.838193 -0.421004
    outer loop
      vertex -30.6915 -1.55303 1.8
      vertex -30.9087 -2.36729 0
      vertex -30.9381 -2.35513 0
    endloop
  endfacet
  facet normal 0.855049 0.302753 -0.42099
    outer loop
      vertex -31.5871 -0.609225 1.8
      vertex -32.3673 -0.908719 0
      vertex -32.401 -0.813542 0
    endloop
  endfacet
  facet normal 0.855067 0.302702 -0.420989
    outer loop
      vertex -31.5871 -0.609225 1.8
      vertex -32.4116 -0.783578 0
      vertex -31.6168 -0.525329 1.8
    endloop
  endfacet
  facet normal 0.85513 0.302509 -0.420999
    outer loop
      vertex -32.4116 -0.783578 0
      vertex -31.5871 -0.609225 1.8
      vertex -32.401 -0.813542 0
    endloop
  endfacet
  facet normal -0.855049 0.302753 -0.42099
    outer loop
      vertex -27.599 -0.813542 0
      vertex -27.6327 -0.908719 0
      vertex -28.4129 -0.609225 1.8
    endloop
  endfacet
  facet normal -0.837875 0.347471 -0.420986
    outer loop
      vertex -27.6327 -0.908719 0
      vertex -28.447 -0.691452 1.8
      vertex -28.4129 -0.609225 1.8
    endloop
  endfacet
  facet normal -0.837668 0.348006 -0.420957
    outer loop
      vertex -28.447 -0.691452 1.8
      vertex -27.6327 -0.908719 0
      vertex -27.6449 -0.938085 0
    endloop
  endfacet
  facet normal 0.797433 0.432284 -0.420989
    outer loop
      vertex -31.5147 -0.771784 1.8
      vertex -32.2112 -1.23992 0
      vertex -32.2593 -1.15119 0
    endloop
  endfacet
  facet normal -0.89934 0.118227 -0.420963
    outer loop
      vertex -27.4914 -0.365158 0
      vertex -28.3209 -0.265938 1.8
      vertex -28.3093 -0.177698 1.8
    endloop
  endfacet
  facet normal -0.899495 0.117021 -0.420968
    outer loop
      vertex -28.3209 -0.265938 1.8
      vertex -27.4914 -0.365158 0
      vertex -27.4955 -0.396673 0
    endloop
  endfacet
  facet normal 0.891719 0.166092 -0.421011
    outer loop
      vertex -31.6628 -0.35345 1.8
      vertex -32.4861 -0.49595 0
      vertex -31.6791 -0.265938 1.8
    endloop
  endfacet
  facet normal 0.891827 0.165502 -0.421014
    outer loop
      vertex -32.4861 -0.49595 0
      vertex -31.6628 -0.35345 1.8
      vertex -32.4803 -0.527204 0
    endloop
  endfacet
  facet normal 0.689758 0.589066 -0.420992
    outer loop
      vertex -31.2633 -1.13752 1.8
      vertex -31.905 -1.67255 0
      vertex -31.3211 -1.06984 1.8
    endloop
  endfacet
  facet normal 0.690344 0.588377 -0.420996
    outer loop
      vertex -31.905 -1.67255 0
      vertex -31.2633 -1.13752 1.8
      vertex -31.8844 -1.69672 0
    endloop
  endfacet
  facet normal -0.432952 0.797069 -0.420991
    outer loop
      vertex -28.7601 -2.21116 0
      vertex -28.8488 -2.25934 0
      vertex -29.2282 -1.51471 1.8
    endloop
  endfacet
  facet normal -0.473859 0.773445 -0.421
    outer loop
      vertex -28.6189 -2.12663 0
      vertex -28.705 -2.17938 0
      vertex -29.0741 -1.42574 1.8
    endloop
  endfacet
  facet normal -0.590188 0.688791 -0.421004
    outer loop
      vertex -28.3274 -1.90505 0
      vertex -28.8625 -1.26335 1.8
      vertex -28.3033 -1.8844 0
    endloop
  endfacet
  facet normal -0.58896 0.689837 -0.421012
    outer loop
      vertex -28.8625 -1.26335 1.8
      vertex -28.3274 -1.90505 0
      vertex -28.9302 -1.32115 1.8
    endloop
  endfacet
  facet normal -0.552221 0.719585 -0.42101
    outer loop
      vertex -28.4042 -1.97062 0
      vertex -28.4843 -2.03209 0
      vertex -28.9302 -1.32115 1.8
    endloop
  endfacet
  facet normal 0.773408 0.473908 -0.421011
    outer loop
      vertex -31.4257 -0.925886 1.8
      vertex -32.196 -1.26786 0
      vertex -31.4722 -0.849999 1.8
    endloop
  endfacet
  facet normal 0.773477 0.47379 -0.421018
    outer loop
      vertex -32.196 -1.26786 0
      vertex -31.4257 -0.925886 1.8
      vertex -32.1794 -1.29496 0
    endloop
  endfacet
  facet normal -0.474004 0.773359 -0.420994
    outer loop
      vertex -28.7321 -2.19599 0
      vertex -29.0741 -1.42574 1.8
      vertex -28.705 -2.17938 0
    endloop
  endfacet
  facet normal -0.473851 0.773448 -0.421003
    outer loop
      vertex -29.0741 -1.42574 1.8
      vertex -28.7321 -2.19599 0
      vertex -29.15 -1.47224 1.8
    endloop
  endfacet
  facet normal -0.257591 0.869719 -0.420994
    outer loop
      vertex -29.2469 -2.42064 0
      vertex -29.3437 -2.44931 0
      vertex -29.56 -1.64207 1.8
    endloop
  endfacet
  facet normal -0.881959 0.211975 -0.420969
    outer loop
      vertex -27.5197 -0.527204 0
      vertex -28.3579 -0.439992 1.8
      vertex -28.3371 -0.35345 1.8
    endloop
  endfacet
  facet normal -0.882126 0.211199 -0.421009
    outer loop
      vertex -28.3579 -0.439992 1.8
      vertex -27.5197 -0.527204 0
      vertex -27.5271 -0.558112 0
    endloop
  endfacet
  facet normal -0.881948 0.212 -0.42098
    outer loop
      vertex -27.5271 -0.558112 0
      vertex -27.5507 -0.656291 0
      vertex -28.3579 -0.439992 1.8
    endloop
  endfacet
  facet normal -0.552423 0.719435 -0.421
    outer loop
      vertex -28.5095 -2.05144 0
      vertex -28.9302 -1.32115 1.8
      vertex -28.4843 -2.03209 0
    endloop
  endfacet
  facet normal -0.552223 0.719582 -0.421013
    outer loop
      vertex -28.9302 -1.32115 1.8
      vertex -28.5095 -2.05144 0
      vertex -29.0008 -1.37533 1.8
    endloop
  endfacet
  facet normal 0.881948 0.212 -0.42098
    outer loop
      vertex -31.6421 -0.439992 1.8
      vertex -32.4493 -0.656291 0
      vertex -32.4729 -0.558112 0
    endloop
  endfacet
  facet normal -0.891919 0.16511 -0.420975
    outer loop
      vertex -27.5139 -0.49595 0
      vertex -28.3371 -0.35345 1.8
      vertex -28.3209 -0.265938 1.8
    endloop
  endfacet
  facet normal -0.891846 0.165505 -0.420973
    outer loop
      vertex -28.3371 -0.35345 1.8
      vertex -27.5139 -0.49595 0
      vertex -27.5197 -0.527204 0
    endloop
  endfacet
  facet normal -0.211701 0.882013 -0.420993
    outer loop
      vertex -29.3437 -2.44931 0
      vertex -29.4419 -2.47288 0
      vertex -29.56 -1.64207 1.8
    endloop
  endfacet
  facet normal -0.0237248 0.906754 -0.420992
    outer loop
      vertex -29.911 -1.69767 1.8
      vertex -29.8673 -2.53224 0
      vertex -29.9682 -2.53488 0
    endloop
  endfacet
  facet normal -0.899287 0.118583 -0.420976
    outer loop
      vertex -27.4782 -0.265054 0
      vertex -27.4914 -0.365158 0
      vertex -28.3093 -0.177698 1.8
    endloop
  endfacet
  facet normal -0.90426 0.0713398 -0.420979
    outer loop
      vertex -27.4757 -0.233366 0
      vertex -28.3093 -0.177698 1.8
      vertex -28.3023 -0.0889702 1.8
    endloop
  endfacet
  facet normal -0.90426 0.0713409 -0.420979
    outer loop
      vertex -28.3093 -0.177698 1.8
      vertex -27.4757 -0.233366 0
      vertex -27.4782 -0.265054 0
    endloop
  endfacet
  facet normal 0.796776 -0.433464 -0.421019
    outer loop
      vertex -31.4722 0.849999 1.8
      vertex -32.2112 1.23992 0
      vertex -32.196 1.26786 0
    endloop
  endfacet
  facet normal 0.796992 -0.433065 -0.421021
    outer loop
      vertex -32.2112 1.23992 0
      vertex -31.4722 0.849999 1.8
      vertex -31.5147 0.771784 1.8
    endloop
  endfacet
  facet normal 0.432952 0.797069 -0.420991
    outer loop
      vertex -30.7718 -1.51471 1.8
      vertex -31.1512 -2.25934 0
      vertex -31.2399 -2.21116 0
    endloop
  endfacet
  facet normal -0.747587 0.513694 -0.42099
    outer loop
      vertex -27.9306 -1.46426 0
      vertex -28.6247 -0.999234 1.8
      vertex -28.5743 -0.925886 1.8
    endloop
  endfacet
  facet normal -0.747535 0.51377 -0.420989
    outer loop
      vertex -28.6247 -0.999234 1.8
      vertex -27.9306 -1.46426 0
      vertex -27.9486 -1.49045 0
    endloop
  endfacet
  facet normal 0.552223 0.719582 -0.421013
    outer loop
      vertex -31.4905 -2.05144 0
      vertex -31.0698 -1.32115 1.8
      vertex -30.9992 -1.37533 1.8
    endloop
  endfacet
  facet normal 0.552423 0.719435 -0.421
    outer loop
      vertex -31.0698 -1.32115 1.8
      vertex -31.4905 -2.05144 0
      vertex -31.5157 -2.03209 0
    endloop
  endfacet
  facet normal 0.906751 0.024256 -0.420969
    outer loop
      vertex -31.6977 -0.0889702 1.8
      vertex -32.5322 -0.132708 0
      vertex -32.5349 -0.0317751 0
    endloop
  endfacet
  facet normal 0.904296 0.0709724 -0.420966
    outer loop
      vertex -31.6977 -0.0889702 1.8
      vertex -32.5243 -0.233366 0
      vertex -32.5322 -0.132708 0
    endloop
  endfacet
  facet normal -0.797433 0.432284 -0.420989
    outer loop
      vertex -27.7407 -1.15119 0
      vertex -27.7888 -1.23992 0
      vertex -28.4853 -0.771784 1.8
    endloop
  endfacet
  facet normal -0.773408 0.473908 -0.421011
    outer loop
      vertex -27.804 -1.26786 0
      vertex -28.5743 -0.925886 1.8
      vertex -28.5278 -0.849999 1.8
    endloop
  endfacet
  facet normal -0.773477 0.47379 -0.421018
    outer loop
      vertex -28.5743 -0.925886 1.8
      vertex -27.804 -1.26786 0
      vertex -27.8206 -1.29496 0
    endloop
  endfacet
  facet normal -0.747486 0.513835 -0.420996
    outer loop
      vertex -27.8734 -1.38105 0
      vertex -27.9306 -1.46426 0
      vertex -28.5743 -0.925886 1.8
    endloop
  endfacet
  facet normal 0.390659 0.81863 -0.420988
    outer loop
      vertex -31.1225 -2.27302 0
      vertex -30.7718 -1.51471 1.8
      vertex -30.6915 -1.55303 1.8
    endloop
  endfacet
  facet normal 0.390288 0.818806 -0.42099
    outer loop
      vertex -30.7718 -1.51471 1.8
      vertex -31.1225 -2.27302 0
      vertex -31.1512 -2.25934 0
    endloop
  endfacet
  facet normal -0.9969 0.0786731 0
    outer loop
      vertex 16.6907 25.8031 1.8
      vertex 16.6977 25.8918 5
      vertex 16.6977 25.8918 1.8
    endloop
  endfacet
  facet normal -0.9969 0.0786731 0
    outer loop
      vertex 16.6977 25.8918 5
      vertex 16.6907 25.8031 1.8
      vertex 16.6907 25.8031 5
    endloop
  endfacet
  facet normal -0.999666 0.0258341 0
    outer loop
      vertex 16.6977 25.8918 1.8
      vertex 16.7 25.9808 5
      vertex 16.7 25.9808 1.8
    endloop
  endfacet
  facet normal -0.999666 0.0258341 0
    outer loop
      vertex 16.7 25.9808 5
      vertex 16.6977 25.8918 1.8
      vertex 16.6977 25.8918 5
    endloop
  endfacet
  facet normal -0.991481 0.130251 0
    outer loop
      vertex 16.6791 25.7148 1.8
      vertex 16.6907 25.8031 5
      vertex 16.6907 25.8031 1.8
    endloop
  endfacet
  facet normal -0.991481 0.130251 0
    outer loop
      vertex 16.6907 25.8031 5
      vertex 16.6791 25.7148 1.8
      vertex 16.6791 25.7148 5
    endloop
  endfacet
  facet normal 0.0269565 -0.999637 0
    outer loop
      vertex 14.911 27.6784 1.8
      vertex 15 27.6808 5
      vertex 14.911 27.6784 5
    endloop
  endfacet
  facet normal 0.0269565 -0.999637 0
    outer loop
      vertex 15 27.6808 5
      vertex 14.911 27.6784 1.8
      vertex 15 27.6808 1.8
    endloop
  endfacet
  facet normal -0.852698 0.522404 0
    outer loop
      vertex 16.4257 25.0549 1.8
      vertex 16.4722 25.1308 5
      vertex 16.4722 25.1308 1.8
    endloop
  endfacet
  facet normal -0.852698 0.522404 0
    outer loop
      vertex 16.4722 25.1308 5
      vertex 16.4257 25.0549 1.8
      vertex 16.4257 25.0549 5
    endloop
  endfacet
  facet normal -0.0786731 -0.9969 0
    outer loop
      vertex 15.089 27.6784 1.8
      vertex 15.1777 27.6714 5
      vertex 15.089 27.6784 5
    endloop
  endfacet
  facet normal -0.0786731 -0.9969 -0
    outer loop
      vertex 15.1777 27.6714 5
      vertex 15.089 27.6784 1.8
      vertex 15.1777 27.6714 1.8
    endloop
  endfacet
  facet normal -0.60895 0.793208 0
    outer loop
      vertex 16.0698 24.6596 1.8
      vertex 15.9992 24.6054 5
      vertex 16.0698 24.6596 5
    endloop
  endfacet
  facet normal -0.60895 0.793208 0
    outer loop
      vertex 15.9992 24.6054 5
      vertex 16.0698 24.6596 1.8
      vertex 15.9992 24.6054 1.8
    endloop
  endfacet
  facet normal -0.824369 0.566052 0
    outer loop
      vertex 16.3753 24.9815 1.8
      vertex 16.4257 25.0549 5
      vertex 16.4257 25.0549 1.8
    endloop
  endfacet
  facet normal -0.824369 0.566052 0
    outer loop
      vertex 16.4257 25.0549 5
      vertex 16.3753 24.9815 1.8
      vertex 16.3753 24.9815 5
    endloop
  endfacet
  facet normal 0.130396 -0.991462 0
    outer loop
      vertex 14.7341 27.6598 1.8
      vertex 14.8223 27.6714 5
      vertex 14.7341 27.6598 5
    endloop
  endfacet
  facet normal 0.130396 -0.991462 0
    outer loop
      vertex 14.8223 27.6714 5
      vertex 14.7341 27.6598 1.8
      vertex 14.8223 27.6714 1.8
    endloop
  endfacet
  facet normal -0.0258341 0.999666 0
    outer loop
      vertex 15.089 24.2831 1.8
      vertex 15 24.2808 5
      vertex 15.089 24.2831 5
    endloop
  endfacet
  facet normal -0.0258341 0.999666 0
    outer loop
      vertex 15 24.2808 5
      vertex 15.089 24.2831 1.8
      vertex 15 24.2808 1.8
    endloop
  endfacet
  facet normal -0.477513 0.878625 0
    outer loop
      vertex 15.85 24.5085 1.8
      vertex 15.7718 24.466 5
      vertex 15.85 24.5085 5
    endloop
  endfacet
  facet normal -0.477513 0.878625 0
    outer loop
      vertex 15.7718 24.466 5
      vertex 15.85 24.5085 1.8
      vertex 15.7718 24.466 1.8
    endloop
  endfacet
  facet normal -0.983088 -0.183135 0
    outer loop
      vertex 16.6791 26.2467 1.8
      vertex 16.6628 26.3342 5
      vertex 16.6628 26.3342 1.8
    endloop
  endfacet
  facet normal -0.983088 -0.183135 0
    outer loop
      vertex 16.6628 26.3342 5
      vertex 16.6791 26.2467 1.8
      vertex 16.6791 26.2467 5
    endloop
  endfacet
  facet normal 0.878625 0.477513 0
    outer loop
      vertex 13.5278 25.1308 5
      vertex 13.4853 25.209 1.8
      vertex 13.4853 25.209 5
    endloop
  endfacet
  facet normal 0.878625 0.477513 0
    outer loop
      vertex 13.4853 25.209 1.8
      vertex 13.5278 25.1308 5
      vertex 13.5278 25.1308 1.8
    endloop
  endfacet
  facet normal -0.97254 0.232735 0
    outer loop
      vertex 16.6421 25.5408 1.8
      vertex 16.6628 25.6273 5
      vertex 16.6628 25.6273 1.8
    endloop
  endfacet
  facet normal -0.97254 0.232735 0
    outer loop
      vertex 16.6628 25.6273 5
      vertex 16.6421 25.5408 1.8
      vertex 16.6421 25.5408 5
    endloop
  endfacet
  facet normal -0.64931 -0.760524 0
    outer loop
      vertex 16.0698 27.3019 1.8
      vertex 16.1375 27.2441 5
      vertex 16.0698 27.3019 5
    endloop
  endfacet
  facet normal -0.64931 -0.760524 -0
    outer loop
      vertex 16.1375 27.2441 5
      vertex 16.0698 27.3019 1.8
      vertex 16.1375 27.2441 1.8
    endloop
  endfacet
  facet normal 0.430501 -0.90259 0
    outer loop
      vertex 14.2282 27.4955 1.8
      vertex 14.3085 27.5338 5
      vertex 14.2282 27.4955 5
    endloop
  endfacet
  facet normal 0.430501 -0.90259 0
    outer loop
      vertex 14.3085 27.5338 5
      vertex 14.2282 27.4955 1.8
      vertex 14.3085 27.5338 1.8
    endloop
  endfacet
  facet normal -0.381823 -0.924236 0
    outer loop
      vertex 15.6092 27.5678 1.8
      vertex 15.6915 27.5338 5
      vertex 15.6092 27.5678 5
    endloop
  endfacet
  facet normal -0.381823 -0.924236 -0
    outer loop
      vertex 15.6915 27.5338 5
      vertex 15.6092 27.5678 1.8
      vertex 15.6915 27.5338 1.8
    endloop
  endfacet
  facet normal 0.381823 -0.924236 0
    outer loop
      vertex 14.3085 27.5338 1.8
      vertex 14.3908 27.5678 5
      vertex 14.3085 27.5338 5
    endloop
  endfacet
  facet normal 0.381823 -0.924236 0
    outer loop
      vertex 14.3908 27.5678 5
      vertex 14.3085 27.5338 1.8
      vertex 14.3908 27.5678 1.8
    endloop
  endfacet
  facet normal -0.996907 -0.078585 0
    outer loop
      vertex 16.6977 26.0697 1.8
      vertex 16.6907 26.1585 5
      vertex 16.6907 26.1585 1.8
    endloop
  endfacet
  facet normal -0.996907 -0.078585 0
    outer loop
      vertex 16.6907 26.1585 5
      vertex 16.6977 26.0697 1.8
      vertex 16.6977 26.0697 5
    endloop
  endfacet
  facet normal 0.181848 0.983327 -0
    outer loop
      vertex 14.7341 24.3017 1.8
      vertex 14.6465 24.3179 5
      vertex 14.7341 24.3017 5
    endloop
  endfacet
  facet normal 0.181848 0.983327 0
    outer loop
      vertex 14.6465 24.3179 5
      vertex 14.7341 24.3017 1.8
      vertex 14.6465 24.3179 1.8
    endloop
  endfacet
  facet normal 0.0258341 0.999666 -0
    outer loop
      vertex 15 24.2808 1.8
      vertex 14.911 24.2831 5
      vertex 15 24.2808 5
    endloop
  endfacet
  facet normal 0.0258341 0.999666 0
    outer loop
      vertex 14.911 24.2831 5
      vertex 15 24.2808 1.8
      vertex 14.911 24.2831 1.8
    endloop
  endfacet
  facet normal 0.852698 0.522404 0
    outer loop
      vertex 13.5743 25.0549 5
      vertex 13.5278 25.1308 1.8
      vertex 13.5278 25.1308 5
    endloop
  endfacet
  facet normal 0.852698 0.522404 0
    outer loop
      vertex 13.5278 25.1308 1.8
      vertex 13.5743 25.0549 5
      vertex 13.5743 25.0549 1.8
    endloop
  endfacet
  facet normal -0.283323 -0.959025 0
    outer loop
      vertex 15.44 27.6228 1.8
      vertex 15.5253 27.5976 5
      vertex 15.44 27.6228 5
    endloop
  endfacet
  facet normal -0.283323 -0.959025 -0
    outer loop
      vertex 15.5253 27.5976 5
      vertex 15.44 27.6228 1.8
      vertex 15.5253 27.5976 1.8
    endloop
  endfacet
  facet normal -0.0786731 0.9969 0
    outer loop
      vertex 15.1777 24.2901 1.8
      vertex 15.089 24.2831 5
      vertex 15.1777 24.2901 5
    endloop
  endfacet
  facet normal -0.0786731 0.9969 0
    outer loop
      vertex 15.089 24.2831 5
      vertex 15.1777 24.2901 1.8
      vertex 15.089 24.2831 1.8
    endloop
  endfacet
  facet normal -0.958809 0.28405 0
    outer loop
      vertex 16.6168 25.4554 1.8
      vertex 16.6421 25.5408 5
      vertex 16.6421 25.5408 1.8
    endloop
  endfacet
  facet normal -0.958809 0.28405 0
    outer loop
      vertex 16.6421 25.5408 5
      vertex 16.6168 25.4554 1.8
      vertex 16.6168 25.4554 5
    endloop
  endfacet
  facet normal -0.942679 0.333702 0
    outer loop
      vertex 16.5871 25.3715 1.8
      vertex 16.6168 25.4554 5
      vertex 16.6168 25.4554 1.8
    endloop
  endfacet
  facet normal -0.942679 0.333702 0
    outer loop
      vertex 16.6168 25.4554 5
      vertex 16.5871 25.3715 1.8
      vertex 16.5871 25.3715 5
    endloop
  endfacet
  facet normal 0.430501 0.90259 -0
    outer loop
      vertex 14.3085 24.4277 1.8
      vertex 14.2282 24.466 5
      vertex 14.3085 24.4277 5
    endloop
  endfacet
  facet normal 0.430501 0.90259 0
    outer loop
      vertex 14.2282 24.466 5
      vertex 14.3085 24.4277 1.8
      vertex 14.2282 24.466 1.8
    endloop
  endfacet
  facet normal -0.991462 -0.130396 0
    outer loop
      vertex 16.6907 26.1585 1.8
      vertex 16.6791 26.2467 5
      vertex 16.6791 26.2467 1.8
    endloop
  endfacet
  facet normal -0.991462 -0.130396 0
    outer loop
      vertex 16.6791 26.2467 5
      vertex 16.6907 26.1585 1.8
      vertex 16.6907 26.1585 5
    endloop
  endfacet
  facet normal 0.996907 -0.078585 0
    outer loop
      vertex 13.3023 26.0697 5
      vertex 13.3093 26.1585 1.8
      vertex 13.3093 26.1585 5
    endloop
  endfacet
  facet normal 0.996907 -0.078585 0
    outer loop
      vertex 13.3093 26.1585 1.8
      vertex 13.3023 26.0697 5
      vertex 13.3023 26.0697 1.8
    endloop
  endfacet
  facet normal 0.972347 -0.233543 0
    outer loop
      vertex 13.3371 26.3342 5
      vertex 13.3579 26.4208 1.8
      vertex 13.3579 26.4208 5
    endloop
  endfacet
  facet normal 0.972347 -0.233543 0
    outer loop
      vertex 13.3579 26.4208 1.8
      vertex 13.3371 26.3342 5
      vertex 13.3371 26.3342 1.8
    endloop
  endfacet
  facet normal -0.760524 0.64931 0
    outer loop
      vertex 16.2633 24.8432 1.8
      vertex 16.3211 24.9109 5
      vertex 16.3211 24.9109 1.8
    endloop
  endfacet
  facet normal -0.760524 0.64931 0
    outer loop
      vertex 16.3211 24.9109 5
      vertex 16.2633 24.8432 1.8
      vertex 16.2633 24.8432 5
    endloop
  endfacet
  facet normal 0.999665 -0.0258631 0
    outer loop
      vertex 13.3 25.9808 5
      vertex 13.3023 26.0697 1.8
      vertex 13.3023 26.0697 5
    endloop
  endfacet
  facet normal 0.999665 -0.0258631 0
    outer loop
      vertex 13.3023 26.0697 1.8
      vertex 13.3 25.9808 5
      vertex 13.3 25.9808 1.8
    endloop
  endfacet
  facet normal 0.793208 0.60895 0
    outer loop
      vertex 13.6789 24.9109 5
      vertex 13.6247 24.9815 1.8
      vertex 13.6247 24.9815 5
    endloop
  endfacet
  facet normal 0.793208 0.60895 0
    outer loop
      vertex 13.6247 24.9815 1.8
      vertex 13.6789 24.9109 5
      vertex 13.6789 24.9109 1.8
    endloop
  endfacet
  facet normal -0.334699 -0.942325 0
    outer loop
      vertex 15.5253 27.5976 1.8
      vertex 15.6092 27.5678 5
      vertex 15.5253 27.5976 5
    endloop
  endfacet
  facet normal -0.334699 -0.942325 -0
    outer loop
      vertex 15.6092 27.5678 5
      vertex 15.5253 27.5976 1.8
      vertex 15.6092 27.5678 1.8
    endloop
  endfacet
  facet normal 0.852391 -0.522905 0
    outer loop
      vertex 13.5278 26.8308 5
      vertex 13.5743 26.9066 1.8
      vertex 13.5743 26.9066 5
    endloop
  endfacet
  facet normal 0.852391 -0.522905 0
    outer loop
      vertex 13.5743 26.9066 1.8
      vertex 13.5278 26.8308 5
      vertex 13.5278 26.8308 1.8
    endloop
  endfacet
  facet normal -0.233543 -0.972347 0
    outer loop
      vertex 15.3534 27.6436 1.8
      vertex 15.44 27.6228 5
      vertex 15.3534 27.6436 5
    endloop
  endfacet
  facet normal -0.233543 -0.972347 -0
    outer loop
      vertex 15.44 27.6228 5
      vertex 15.3534 27.6436 1.8
      vertex 15.44 27.6228 1.8
    endloop
  endfacet
  facet normal 0.983289 0.182049 0
    outer loop
      vertex 13.3371 25.6273 5
      vertex 13.3209 25.7148 1.8
      vertex 13.3209 25.7148 5
    endloop
  endfacet
  facet normal 0.983289 0.182049 0
    outer loop
      vertex 13.3209 25.7148 1.8
      vertex 13.3371 25.6273 5
      vertex 13.3371 25.6273 1.8
    endloop
  endfacet
  facet normal 0.972285 0.233798 0
    outer loop
      vertex 13.3579 25.5408 5
      vertex 13.3371 25.6273 1.8
      vertex 13.3371 25.6273 5
    endloop
  endfacet
  facet normal 0.972285 0.233798 0
    outer loop
      vertex 13.3371 25.6273 1.8
      vertex 13.3579 25.5408 5
      vertex 13.3579 25.5408 1.8
    endloop
  endfacet
  facet normal -0.182049 -0.983289 0
    outer loop
      vertex 15.2659 27.6598 1.8
      vertex 15.3534 27.6436 5
      vertex 15.2659 27.6598 5
    endloop
  endfacet
  facet normal -0.182049 -0.983289 -0
    outer loop
      vertex 15.3534 27.6436 5
      vertex 15.2659 27.6598 1.8
      vertex 15.3534 27.6436 1.8
    endloop
  endfacet
  facet normal -0.381823 0.924236 0
    outer loop
      vertex 15.6915 24.4277 1.8
      vertex 15.6092 24.3937 5
      vertex 15.6915 24.4277 5
    endloop
  endfacet
  facet normal -0.381823 0.924236 0
    outer loop
      vertex 15.6092 24.3937 5
      vertex 15.6915 24.4277 1.8
      vertex 15.6092 24.3937 1.8
    endloop
  endfacet
  facet normal 0.942679 0.333702 0
    outer loop
      vertex 13.4129 25.3715 5
      vertex 13.3832 25.4554 1.8
      vertex 13.3832 25.4554 5
    endloop
  endfacet
  facet normal 0.942679 0.333702 0
    outer loop
      vertex 13.3832 25.4554 1.8
      vertex 13.4129 25.3715 5
      vertex 13.4129 25.3715 1.8
    endloop
  endfacet
  facet normal -0.430501 0.90259 0
    outer loop
      vertex 15.7718 24.466 1.8
      vertex 15.6915 24.4277 5
      vertex 15.7718 24.466 5
    endloop
  endfacet
  facet normal -0.430501 0.90259 0
    outer loop
      vertex 15.6915 24.4277 5
      vertex 15.7718 24.466 1.8
      vertex 15.6915 24.4277 1.8
    endloop
  endfacet
  facet normal 0.60895 -0.793208 0
    outer loop
      vertex 13.9302 27.3019 1.8
      vertex 14.0008 27.3561 5
      vertex 13.9302 27.3019 5
    endloop
  endfacet
  facet normal 0.60895 -0.793208 0
    outer loop
      vertex 14.0008 27.3561 5
      vertex 13.9302 27.3019 1.8
      vertex 14.0008 27.3561 1.8
    endloop
  endfacet
  facet normal -0.72542 0.688306 0
    outer loop
      vertex 16.2021 24.7787 1.8
      vertex 16.2633 24.8432 5
      vertex 16.2633 24.8432 1.8
    endloop
  endfacet
  facet normal -0.72542 0.688306 0
    outer loop
      vertex 16.2633 24.8432 5
      vertex 16.2021 24.7787 1.8
      vertex 16.2021 24.7787 5
    endloop
  endfacet
  facet normal 0.90259 0.430501 0
    outer loop
      vertex 13.4853 25.209 5
      vertex 13.447 25.2893 1.8
      vertex 13.447 25.2893 5
    endloop
  endfacet
  facet normal 0.90259 0.430501 0
    outer loop
      vertex 13.447 25.2893 1.8
      vertex 13.4853 25.209 5
      vertex 13.4853 25.209 1.8
    endloop
  endfacet
  facet normal 0.688336 0.725392 -0
    outer loop
      vertex 13.8625 24.7174 1.8
      vertex 13.7979 24.7787 5
      vertex 13.8625 24.7174 5
    endloop
  endfacet
  facet normal 0.688336 0.725392 0
    outer loop
      vertex 13.7979 24.7787 5
      vertex 13.8625 24.7174 1.8
      vertex 13.7979 24.7787 1.8
    endloop
  endfacet
  facet normal 0.181848 -0.983327 0
    outer loop
      vertex 14.6465 27.6436 1.8
      vertex 14.7341 27.6598 5
      vertex 14.6465 27.6436 5
    endloop
  endfacet
  facet normal 0.181848 -0.983327 0
    outer loop
      vertex 14.7341 27.6598 5
      vertex 14.6465 27.6436 1.8
      vertex 14.7341 27.6598 1.8
    endloop
  endfacet
  facet normal -0.64931 0.760524 0
    outer loop
      vertex 16.1375 24.7174 1.8
      vertex 16.0698 24.6596 5
      vertex 16.1375 24.7174 5
    endloop
  endfacet
  facet normal -0.64931 0.760524 0
    outer loop
      vertex 16.0698 24.6596 5
      vertex 16.1375 24.7174 1.8
      vertex 16.0698 24.6596 1.8
    endloop
  endfacet
  facet normal -0.72542 -0.688306 0
    outer loop
      vertex 16.2633 27.1183 1.8
      vertex 16.2021 27.1828 5
      vertex 16.2021 27.1828 1.8
    endloop
  endfacet
  facet normal -0.72542 -0.688306 0
    outer loop
      vertex 16.2021 27.1828 5
      vertex 16.2633 27.1183 1.8
      vertex 16.2633 27.1183 5
    endloop
  endfacet
  facet normal -0.923674 0.383179 0
    outer loop
      vertex 16.553 25.2893 1.8
      vertex 16.5871 25.3715 5
      vertex 16.5871 25.3715 1.8
    endloop
  endfacet
  facet normal -0.923674 0.383179 0
    outer loop
      vertex 16.5871 25.3715 5
      vertex 16.553 25.2893 1.8
      vertex 16.553 25.2893 5
    endloop
  endfacet
  facet normal 0.760524 0.64931 0
    outer loop
      vertex 13.7367 24.8432 5
      vertex 13.6789 24.9109 1.8
      vertex 13.6789 24.9109 5
    endloop
  endfacet
  facet normal 0.760524 0.64931 0
    outer loop
      vertex 13.6789 24.9109 1.8
      vertex 13.7367 24.8432 5
      vertex 13.7367 24.8432 1.8
    endloop
  endfacet
  facet normal 0.983289 -0.182049 0
    outer loop
      vertex 13.3209 26.2467 5
      vertex 13.3371 26.3342 1.8
      vertex 13.3371 26.3342 5
    endloop
  endfacet
  facet normal 0.983289 -0.182049 0
    outer loop
      vertex 13.3371 26.3342 1.8
      vertex 13.3209 26.2467 5
      vertex 13.3209 26.2467 1.8
    endloop
  endfacet
  facet normal 0.284356 0.958719 -0
    outer loop
      vertex 14.56 24.3387 1.8
      vertex 14.4747 24.364 5
      vertex 14.56 24.3387 5
    endloop
  endfacet
  facet normal 0.284356 0.958719 0
    outer loop
      vertex 14.4747 24.364 5
      vertex 14.56 24.3387 1.8
      vertex 14.4747 24.364 1.8
    endloop
  endfacet
  facet normal -0.333702 0.942679 0
    outer loop
      vertex 15.6092 24.3937 1.8
      vertex 15.5253 24.364 5
      vertex 15.6092 24.3937 5
    endloop
  endfacet
  facet normal -0.333702 0.942679 0
    outer loop
      vertex 15.5253 24.364 5
      vertex 15.6092 24.3937 1.8
      vertex 15.5253 24.364 1.8
    endloop
  endfacet
  facet normal -0.284356 0.958719 0
    outer loop
      vertex 15.5253 24.364 1.8
      vertex 15.44 24.3387 5
      vertex 15.5253 24.364 5
    endloop
  endfacet
  facet normal -0.284356 0.958719 0
    outer loop
      vertex 15.44 24.3387 5
      vertex 15.5253 24.364 1.8
      vertex 15.44 24.3387 1.8
    endloop
  endfacet
  facet normal 0.566577 0.824009 -0
    outer loop
      vertex 14.0741 24.555 1.8
      vertex 14.0008 24.6054 5
      vertex 14.0741 24.555 5
    endloop
  endfacet
  facet normal 0.566577 0.824009 0
    outer loop
      vertex 14.0008 24.6054 5
      vertex 14.0741 24.555 1.8
      vertex 14.0008 24.6054 1.8
    endloop
  endfacet
  facet normal 0.130396 0.991462 -0
    outer loop
      vertex 14.8223 24.2901 1.8
      vertex 14.7341 24.3017 5
      vertex 14.8223 24.2901 5
    endloop
  endfacet
  facet normal 0.130396 0.991462 0
    outer loop
      vertex 14.7341 24.3017 5
      vertex 14.8223 24.2901 1.8
      vertex 14.7341 24.3017 1.8
    endloop
  endfacet
  facet normal -0.0269565 -0.999637 0
    outer loop
      vertex 15 27.6808 1.8
      vertex 15.089 27.6784 5
      vertex 15 27.6808 5
    endloop
  endfacet
  facet normal -0.0269565 -0.999637 -0
    outer loop
      vertex 15.089 27.6784 5
      vertex 15 27.6808 1.8
      vertex 15.089 27.6784 1.8
    endloop
  endfacet
  facet normal -0.942679 -0.333702 0
    outer loop
      vertex 16.6168 26.5061 1.8
      vertex 16.5871 26.59 5
      vertex 16.5871 26.59 1.8
    endloop
  endfacet
  facet normal -0.942679 -0.333702 0
    outer loop
      vertex 16.5871 26.59 5
      vertex 16.6168 26.5061 1.8
      vertex 16.6168 26.5061 5
    endloop
  endfacet
  facet normal -0.688336 0.725392 0
    outer loop
      vertex 16.2021 24.7787 1.8
      vertex 16.1375 24.7174 5
      vertex 16.2021 24.7787 5
    endloop
  endfacet
  facet normal -0.688336 0.725392 0
    outer loop
      vertex 16.1375 24.7174 5
      vertex 16.2021 24.7787 1.8
      vertex 16.1375 24.7174 1.8
    endloop
  endfacet
  facet normal 0.991481 0.130251 0
    outer loop
      vertex 13.3209 25.7148 5
      vertex 13.3093 25.8031 1.8
      vertex 13.3093 25.8031 5
    endloop
  endfacet
  facet normal 0.991481 0.130251 0
    outer loop
      vertex 13.3093 25.8031 1.8
      vertex 13.3209 25.7148 5
      vertex 13.3209 25.7148 1.8
    endloop
  endfacet
  facet normal -0.958719 -0.284356 0
    outer loop
      vertex 16.6421 26.4208 1.8
      vertex 16.6168 26.5061 5
      vertex 16.6168 26.5061 1.8
    endloop
  endfacet
  facet normal -0.958719 -0.284356 0
    outer loop
      vertex 16.6168 26.5061 5
      vertex 16.6421 26.4208 1.8
      vertex 16.6421 26.4208 5
    endloop
  endfacet
  facet normal 0.0786731 -0.9969 0
    outer loop
      vertex 14.8223 27.6714 1.8
      vertex 14.911 27.6784 5
      vertex 14.8223 27.6714 5
    endloop
  endfacet
  facet normal 0.0786731 -0.9969 0
    outer loop
      vertex 14.911 27.6784 5
      vertex 14.8223 27.6714 1.8
      vertex 14.911 27.6784 1.8
    endloop
  endfacet
  facet normal -0.878625 0.477513 0
    outer loop
      vertex 16.4722 25.1308 1.8
      vertex 16.5147 25.209 5
      vertex 16.5147 25.209 1.8
    endloop
  endfacet
  facet normal -0.878625 0.477513 0
    outer loop
      vertex 16.5147 25.209 5
      vertex 16.4722 25.1308 1.8
      vertex 16.4722 25.1308 5
    endloop
  endfacet
  facet normal 0.72542 -0.688306 0
    outer loop
      vertex 13.7367 27.1183 5
      vertex 13.7979 27.1828 1.8
      vertex 13.7979 27.1828 5
    endloop
  endfacet
  facet normal 0.72542 -0.688306 0
    outer loop
      vertex 13.7979 27.1828 1.8
      vertex 13.7367 27.1183 5
      vertex 13.7367 27.1183 1.8
    endloop
  endfacet
  facet normal -0.522404 -0.852698 0
    outer loop
      vertex 15.85 27.453 1.8
      vertex 15.9259 27.4065 5
      vertex 15.85 27.453 5
    endloop
  endfacet
  facet normal -0.522404 -0.852698 -0
    outer loop
      vertex 15.9259 27.4065 5
      vertex 15.85 27.453 1.8
      vertex 15.9259 27.4065 1.8
    endloop
  endfacet
  facet normal 0.688336 -0.725392 0
    outer loop
      vertex 13.7979 27.1828 1.8
      vertex 13.8625 27.2441 5
      vertex 13.7979 27.1828 5
    endloop
  endfacet
  facet normal 0.688336 -0.725392 0
    outer loop
      vertex 13.8625 27.2441 5
      vertex 13.7979 27.1828 1.8
      vertex 13.8625 27.2441 1.8
    endloop
  endfacet
  facet normal -0.983088 0.183135 0
    outer loop
      vertex 16.6628 25.6273 1.8
      vertex 16.6791 25.7148 5
      vertex 16.6791 25.7148 1.8
    endloop
  endfacet
  facet normal -0.983088 0.183135 0
    outer loop
      vertex 16.6791 25.7148 5
      vertex 16.6628 25.6273 1.8
      vertex 16.6628 25.6273 5
    endloop
  endfacet
  facet normal 0.72542 0.688306 0
    outer loop
      vertex 13.7979 24.7787 5
      vertex 13.7367 24.8432 1.8
      vertex 13.7367 24.8432 5
    endloop
  endfacet
  facet normal 0.72542 0.688306 0
    outer loop
      vertex 13.7367 24.8432 1.8
      vertex 13.7979 24.7787 5
      vertex 13.7979 24.7787 1.8
    endloop
  endfacet
  facet normal -0.90259 0.430501 0
    outer loop
      vertex 16.5147 25.209 1.8
      vertex 16.553 25.2893 5
      vertex 16.553 25.2893 1.8
    endloop
  endfacet
  facet normal -0.90259 0.430501 0
    outer loop
      vertex 16.553 25.2893 5
      vertex 16.5147 25.209 1.8
      vertex 16.5147 25.209 5
    endloop
  endfacet
  facet normal -0.130396 0.991462 0
    outer loop
      vertex 15.2659 24.3017 1.8
      vertex 15.1777 24.2901 5
      vertex 15.2659 24.3017 5
    endloop
  endfacet
  facet normal -0.130396 0.991462 0
    outer loop
      vertex 15.1777 24.2901 5
      vertex 15.2659 24.3017 1.8
      vertex 15.1777 24.2901 1.8
    endloop
  endfacet
  facet normal 0.958809 0.28405 0
    outer loop
      vertex 13.3832 25.4554 5
      vertex 13.3579 25.5408 1.8
      vertex 13.3579 25.5408 5
    endloop
  endfacet
  facet normal 0.958809 0.28405 0
    outer loop
      vertex 13.3579 25.5408 1.8
      vertex 13.3832 25.4554 5
      vertex 13.3832 25.4554 1.8
    endloop
  endfacet
  facet normal 0.522404 0.852698 -0
    outer loop
      vertex 14.15 24.5085 1.8
      vertex 14.0741 24.555 5
      vertex 14.15 24.5085 5
    endloop
  endfacet
  facet normal 0.522404 0.852698 0
    outer loop
      vertex 14.0741 24.555 5
      vertex 14.15 24.5085 1.8
      vertex 14.0741 24.555 1.8
    endloop
  endfacet
  facet normal 0.0786731 0.9969 -0
    outer loop
      vertex 14.911 24.2831 1.8
      vertex 14.8223 24.2901 5
      vertex 14.911 24.2831 5
    endloop
  endfacet
  facet normal 0.0786731 0.9969 0
    outer loop
      vertex 14.8223 24.2901 5
      vertex 14.911 24.2831 1.8
      vertex 14.8223 24.2901 1.8
    endloop
  endfacet
  facet normal -0.760524 -0.64931 0
    outer loop
      vertex 16.3211 27.0506 1.8
      vertex 16.2633 27.1183 5
      vertex 16.2633 27.1183 1.8
    endloop
  endfacet
  facet normal -0.760524 -0.64931 0
    outer loop
      vertex 16.2633 27.1183 5
      vertex 16.3211 27.0506 1.8
      vertex 16.3211 27.0506 5
    endloop
  endfacet
  facet normal 0.477513 0.878625 -0
    outer loop
      vertex 14.2282 24.466 1.8
      vertex 14.15 24.5085 5
      vertex 14.2282 24.466 5
    endloop
  endfacet
  facet normal 0.477513 0.878625 0
    outer loop
      vertex 14.15 24.5085 5
      vertex 14.2282 24.466 1.8
      vertex 14.15 24.5085 1.8
    endloop
  endfacet
  facet normal -0.972601 -0.232481 0
    outer loop
      vertex 16.6628 26.3342 1.8
      vertex 16.6421 26.4208 5
      vertex 16.6421 26.4208 1.8
    endloop
  endfacet
  facet normal -0.972601 -0.232481 0
    outer loop
      vertex 16.6421 26.4208 5
      vertex 16.6628 26.3342 1.8
      vertex 16.6628 26.3342 5
    endloop
  endfacet
  facet normal -0.566577 0.824009 0
    outer loop
      vertex 15.9992 24.6054 1.8
      vertex 15.9259 24.555 5
      vertex 15.9992 24.6054 5
    endloop
  endfacet
  facet normal -0.566577 0.824009 0
    outer loop
      vertex 15.9259 24.555 5
      vertex 15.9992 24.6054 1.8
      vertex 15.9259 24.555 1.8
    endloop
  endfacet
  facet normal -0.522404 0.852698 0
    outer loop
      vertex 15.9259 24.555 1.8
      vertex 15.85 24.5085 5
      vertex 15.9259 24.555 5
    endloop
  endfacet
  facet normal -0.522404 0.852698 0
    outer loop
      vertex 15.85 24.5085 5
      vertex 15.9259 24.555 1.8
      vertex 15.85 24.5085 1.8
    endloop
  endfacet
  facet normal -0.793208 0.60895 0
    outer loop
      vertex 16.3211 24.9109 1.8
      vertex 16.3753 24.9815 5
      vertex 16.3753 24.9815 1.8
    endloop
  endfacet
  facet normal -0.793208 0.60895 0
    outer loop
      vertex 16.3753 24.9815 5
      vertex 16.3211 24.9109 1.8
      vertex 16.3211 24.9109 5
    endloop
  endfacet
  facet normal 0.233798 -0.972285 0
    outer loop
      vertex 14.56 27.6228 1.8
      vertex 14.6465 27.6436 5
      vertex 14.56 27.6228 5
    endloop
  endfacet
  facet normal 0.233798 -0.972285 0
    outer loop
      vertex 14.6465 27.6436 5
      vertex 14.56 27.6228 1.8
      vertex 14.6465 27.6436 1.8
    endloop
  endfacet
  facet normal 0.999666 0.0258341 0
    outer loop
      vertex 13.3023 25.8918 5
      vertex 13.3 25.9808 1.8
      vertex 13.3 25.9808 5
    endloop
  endfacet
  facet normal 0.999666 0.0258341 0
    outer loop
      vertex 13.3 25.9808 1.8
      vertex 13.3023 25.8918 5
      vertex 13.3023 25.8918 1.8
    endloop
  endfacet
  facet normal -0.90259 -0.430501 0
    outer loop
      vertex 16.553 26.6722 1.8
      vertex 16.5147 26.7525 5
      vertex 16.5147 26.7525 1.8
    endloop
  endfacet
  facet normal -0.90259 -0.430501 0
    outer loop
      vertex 16.5147 26.7525 5
      vertex 16.553 26.6722 1.8
      vertex 16.553 26.6722 5
    endloop
  endfacet
  facet normal 0.334699 -0.942325 0
    outer loop
      vertex 14.3908 27.5678 1.8
      vertex 14.4747 27.5976 5
      vertex 14.3908 27.5678 5
    endloop
  endfacet
  facet normal 0.334699 -0.942325 0
    outer loop
      vertex 14.4747 27.5976 5
      vertex 14.3908 27.5678 1.8
      vertex 14.4747 27.5976 1.8
    endloop
  endfacet
  facet normal 0.333702 0.942679 -0
    outer loop
      vertex 14.4747 24.364 1.8
      vertex 14.3908 24.3937 5
      vertex 14.4747 24.364 5
    endloop
  endfacet
  facet normal 0.333702 0.942679 0
    outer loop
      vertex 14.3908 24.3937 5
      vertex 14.4747 24.364 1.8
      vertex 14.3908 24.3937 1.8
    endloop
  endfacet
  facet normal 0.942679 -0.333702 0
    outer loop
      vertex 13.3832 26.5061 5
      vertex 13.4129 26.59 1.8
      vertex 13.4129 26.59 5
    endloop
  endfacet
  facet normal 0.942679 -0.333702 0
    outer loop
      vertex 13.4129 26.59 1.8
      vertex 13.3832 26.5061 5
      vertex 13.3832 26.5061 1.8
    endloop
  endfacet
  facet normal 0.958719 -0.284356 0
    outer loop
      vertex 13.3579 26.4208 5
      vertex 13.3832 26.5061 1.8
      vertex 13.3832 26.5061 5
    endloop
  endfacet
  facet normal 0.958719 -0.284356 0
    outer loop
      vertex 13.3832 26.5061 1.8
      vertex 13.3579 26.4208 5
      vertex 13.3579 26.4208 1.8
    endloop
  endfacet
  facet normal 0.477513 -0.878625 0
    outer loop
      vertex 14.15 27.453 1.8
      vertex 14.2282 27.4955 5
      vertex 14.15 27.453 5
    endloop
  endfacet
  facet normal 0.477513 -0.878625 0
    outer loop
      vertex 14.2282 27.4955 5
      vertex 14.15 27.453 1.8
      vertex 14.2282 27.4955 1.8
    endloop
  endfacet
  facet normal 0.64931 0.760524 -0
    outer loop
      vertex 13.9302 24.6596 1.8
      vertex 13.8625 24.7174 5
      vertex 13.9302 24.6596 5
    endloop
  endfacet
  facet normal 0.64931 0.760524 0
    outer loop
      vertex 13.8625 24.7174 5
      vertex 13.9302 24.6596 1.8
      vertex 13.8625 24.7174 1.8
    endloop
  endfacet
  facet normal 0.991462 -0.130396 0
    outer loop
      vertex 13.3093 26.1585 5
      vertex 13.3209 26.2467 1.8
      vertex 13.3209 26.2467 5
    endloop
  endfacet
  facet normal 0.991462 -0.130396 0
    outer loop
      vertex 13.3209 26.2467 1.8
      vertex 13.3093 26.1585 5
      vertex 13.3093 26.1585 1.8
    endloop
  endfacet
  facet normal 0.381823 0.924236 -0
    outer loop
      vertex 14.3908 24.3937 1.8
      vertex 14.3085 24.4277 5
      vertex 14.3908 24.3937 5
    endloop
  endfacet
  facet normal 0.381823 0.924236 0
    outer loop
      vertex 14.3085 24.4277 5
      vertex 14.3908 24.3937 1.8
      vertex 14.3085 24.4277 1.8
    endloop
  endfacet
  facet normal -0.566577 -0.824009 0
    outer loop
      vertex 15.9259 27.4065 1.8
      vertex 15.9992 27.3561 5
      vertex 15.9259 27.4065 5
    endloop
  endfacet
  facet normal -0.566577 -0.824009 -0
    outer loop
      vertex 15.9992 27.3561 5
      vertex 15.9259 27.4065 1.8
      vertex 15.9992 27.3561 1.8
    endloop
  endfacet
  facet normal -0.87888 -0.477042 0
    outer loop
      vertex 16.5147 26.7525 1.8
      vertex 16.4722 26.8308 5
      vertex 16.4722 26.8308 1.8
    endloop
  endfacet
  facet normal -0.87888 -0.477042 0
    outer loop
      vertex 16.4722 26.8308 5
      vertex 16.5147 26.7525 1.8
      vertex 16.5147 26.7525 5
    endloop
  endfacet
  facet normal -0.852391 -0.522905 0
    outer loop
      vertex 16.4722 26.8308 1.8
      vertex 16.4257 26.9066 5
      vertex 16.4257 26.9066 1.8
    endloop
  endfacet
  facet normal -0.852391 -0.522905 0
    outer loop
      vertex 16.4257 26.9066 5
      vertex 16.4722 26.8308 1.8
      vertex 16.4722 26.8308 5
    endloop
  endfacet
  facet normal -0.430501 -0.90259 0
    outer loop
      vertex 15.6915 27.5338 1.8
      vertex 15.7718 27.4955 5
      vertex 15.6915 27.5338 5
    endloop
  endfacet
  facet normal -0.430501 -0.90259 -0
    outer loop
      vertex 15.7718 27.4955 5
      vertex 15.6915 27.5338 1.8
      vertex 15.7718 27.4955 1.8
    endloop
  endfacet
  facet normal -0.130396 -0.991462 0
    outer loop
      vertex 15.1777 27.6714 1.8
      vertex 15.2659 27.6598 5
      vertex 15.1777 27.6714 5
    endloop
  endfacet
  facet normal -0.130396 -0.991462 -0
    outer loop
      vertex 15.2659 27.6598 5
      vertex 15.1777 27.6714 1.8
      vertex 15.2659 27.6598 1.8
    endloop
  endfacet
  facet normal 0.760524 -0.64931 0
    outer loop
      vertex 13.6789 27.0506 5
      vertex 13.7367 27.1183 1.8
      vertex 13.7367 27.1183 5
    endloop
  endfacet
  facet normal 0.760524 -0.64931 0
    outer loop
      vertex 13.7367 27.1183 1.8
      vertex 13.6789 27.0506 5
      vertex 13.6789 27.0506 1.8
    endloop
  endfacet
  facet normal 0.824369 0.566052 0
    outer loop
      vertex 13.6247 24.9815 5
      vertex 13.5743 25.0549 1.8
      vertex 13.5743 25.0549 5
    endloop
  endfacet
  facet normal 0.824369 0.566052 0
    outer loop
      vertex 13.5743 25.0549 1.8
      vertex 13.6247 24.9815 5
      vertex 13.6247 24.9815 1.8
    endloop
  endfacet
  facet normal -0.999665 -0.0258631 0
    outer loop
      vertex 16.7 25.9808 1.8
      vertex 16.6977 26.0697 5
      vertex 16.6977 26.0697 1.8
    endloop
  endfacet
  facet normal -0.999665 -0.0258631 0
    outer loop
      vertex 16.6977 26.0697 5
      vertex 16.7 25.9808 1.8
      vertex 16.7 25.9808 5
    endloop
  endfacet
  facet normal 0.60895 0.793208 -0
    outer loop
      vertex 14.0008 24.6054 1.8
      vertex 13.9302 24.6596 5
      vertex 14.0008 24.6054 5
    endloop
  endfacet
  facet normal 0.60895 0.793208 0
    outer loop
      vertex 13.9302 24.6596 5
      vertex 14.0008 24.6054 1.8
      vertex 13.9302 24.6596 1.8
    endloop
  endfacet
  facet normal -0.477513 -0.878625 0
    outer loop
      vertex 15.7718 27.4955 1.8
      vertex 15.85 27.453 5
      vertex 15.7718 27.4955 5
    endloop
  endfacet
  facet normal -0.477513 -0.878625 -0
    outer loop
      vertex 15.85 27.453 5
      vertex 15.7718 27.4955 1.8
      vertex 15.85 27.453 1.8
    endloop
  endfacet
  facet normal -0.824369 -0.566052 0
    outer loop
      vertex 16.4257 26.9066 1.8
      vertex 16.3753 26.98 5
      vertex 16.3753 26.98 1.8
    endloop
  endfacet
  facet normal -0.824369 -0.566052 0
    outer loop
      vertex 16.3753 26.98 5
      vertex 16.4257 26.9066 1.8
      vertex 16.4257 26.9066 5
    endloop
  endfacet
  facet normal 0.283323 -0.959025 0
    outer loop
      vertex 14.4747 27.5976 1.8
      vertex 14.56 27.6228 5
      vertex 14.4747 27.5976 5
    endloop
  endfacet
  facet normal 0.283323 -0.959025 0
    outer loop
      vertex 14.56 27.6228 5
      vertex 14.4747 27.5976 1.8
      vertex 14.56 27.6228 1.8
    endloop
  endfacet
  facet normal -0.793208 -0.60895 0
    outer loop
      vertex 16.3753 26.98 1.8
      vertex 16.3211 27.0506 5
      vertex 16.3211 27.0506 1.8
    endloop
  endfacet
  facet normal -0.793208 -0.60895 0
    outer loop
      vertex 16.3211 27.0506 5
      vertex 16.3753 26.98 1.8
      vertex 16.3753 26.98 5
    endloop
  endfacet
  facet normal -0.60895 -0.793208 0
    outer loop
      vertex 15.9992 27.3561 1.8
      vertex 16.0698 27.3019 5
      vertex 15.9992 27.3561 5
    endloop
  endfacet
  facet normal -0.60895 -0.793208 -0
    outer loop
      vertex 16.0698 27.3019 5
      vertex 15.9992 27.3561 1.8
      vertex 16.0698 27.3019 1.8
    endloop
  endfacet
  facet normal 0.64931 -0.760524 0
    outer loop
      vertex 13.8625 27.2441 1.8
      vertex 13.9302 27.3019 5
      vertex 13.8625 27.2441 5
    endloop
  endfacet
  facet normal 0.64931 -0.760524 0
    outer loop
      vertex 13.9302 27.3019 5
      vertex 13.8625 27.2441 1.8
      vertex 13.9302 27.3019 1.8
    endloop
  endfacet
  facet normal 0.923674 -0.383179 0
    outer loop
      vertex 13.4129 26.59 5
      vertex 13.447 26.6722 1.8
      vertex 13.447 26.6722 5
    endloop
  endfacet
  facet normal 0.923674 -0.383179 0
    outer loop
      vertex 13.447 26.6722 1.8
      vertex 13.4129 26.59 5
      vertex 13.4129 26.59 1.8
    endloop
  endfacet
  facet normal 0.793208 -0.60895 0
    outer loop
      vertex 13.6247 26.98 5
      vertex 13.6789 27.0506 1.8
      vertex 13.6789 27.0506 5
    endloop
  endfacet
  facet normal 0.793208 -0.60895 0
    outer loop
      vertex 13.6789 27.0506 1.8
      vertex 13.6247 26.98 5
      vertex 13.6247 26.98 1.8
    endloop
  endfacet
  facet normal 0.824369 -0.566052 0
    outer loop
      vertex 13.5743 26.9066 5
      vertex 13.6247 26.98 1.8
      vertex 13.6247 26.98 5
    endloop
  endfacet
  facet normal 0.824369 -0.566052 0
    outer loop
      vertex 13.6247 26.98 1.8
      vertex 13.5743 26.9066 5
      vertex 13.5743 26.9066 1.8
    endloop
  endfacet
  facet normal -0.182049 0.983289 0
    outer loop
      vertex 15.3534 24.3179 1.8
      vertex 15.2659 24.3017 5
      vertex 15.3534 24.3179 5
    endloop
  endfacet
  facet normal -0.182049 0.983289 0
    outer loop
      vertex 15.2659 24.3017 5
      vertex 15.3534 24.3179 1.8
      vertex 15.2659 24.3017 1.8
    endloop
  endfacet
  facet normal 0.9969 0.0786731 0
    outer loop
      vertex 13.3093 25.8031 5
      vertex 13.3023 25.8918 1.8
      vertex 13.3023 25.8918 5
    endloop
  endfacet
  facet normal 0.9969 0.0786731 0
    outer loop
      vertex 13.3023 25.8918 1.8
      vertex 13.3093 25.8031 5
      vertex 13.3093 25.8031 1.8
    endloop
  endfacet
  facet normal 0.233798 0.972285 -0
    outer loop
      vertex 14.6465 24.3179 1.8
      vertex 14.56 24.3387 5
      vertex 14.6465 24.3179 5
    endloop
  endfacet
  facet normal 0.233798 0.972285 0
    outer loop
      vertex 14.56 24.3387 5
      vertex 14.6465 24.3179 1.8
      vertex 14.56 24.3387 1.8
    endloop
  endfacet
  facet normal -0.923674 -0.383179 0
    outer loop
      vertex 16.5871 26.59 1.8
      vertex 16.553 26.6722 5
      vertex 16.553 26.6722 1.8
    endloop
  endfacet
  facet normal -0.923674 -0.383179 0
    outer loop
      vertex 16.553 26.6722 5
      vertex 16.5871 26.59 1.8
      vertex 16.5871 26.59 5
    endloop
  endfacet
  facet normal 0.87888 -0.477042 0
    outer loop
      vertex 13.4853 26.7525 5
      vertex 13.5278 26.8308 1.8
      vertex 13.5278 26.8308 5
    endloop
  endfacet
  facet normal 0.87888 -0.477042 0
    outer loop
      vertex 13.5278 26.8308 1.8
      vertex 13.4853 26.7525 5
      vertex 13.4853 26.7525 1.8
    endloop
  endfacet
  facet normal -0.688336 -0.725392 0
    outer loop
      vertex 16.1375 27.2441 1.8
      vertex 16.2021 27.1828 5
      vertex 16.1375 27.2441 5
    endloop
  endfacet
  facet normal -0.688336 -0.725392 -0
    outer loop
      vertex 16.2021 27.1828 5
      vertex 16.1375 27.2441 1.8
      vertex 16.2021 27.1828 1.8
    endloop
  endfacet
  facet normal -0.233543 0.972347 0
    outer loop
      vertex 15.44 24.3387 1.8
      vertex 15.3534 24.3179 5
      vertex 15.44 24.3387 5
    endloop
  endfacet
  facet normal -0.233543 0.972347 0
    outer loop
      vertex 15.3534 24.3179 5
      vertex 15.44 24.3387 1.8
      vertex 15.3534 24.3179 1.8
    endloop
  endfacet
  facet normal 0.923674 0.383179 0
    outer loop
      vertex 13.447 25.2893 5
      vertex 13.4129 25.3715 1.8
      vertex 13.4129 25.3715 5
    endloop
  endfacet
  facet normal 0.923674 0.383179 0
    outer loop
      vertex 13.4129 25.3715 1.8
      vertex 13.447 25.2893 5
      vertex 13.447 25.2893 1.8
    endloop
  endfacet
  facet normal 0.566577 -0.824009 0
    outer loop
      vertex 14.0008 27.3561 1.8
      vertex 14.0741 27.4065 5
      vertex 14.0008 27.3561 5
    endloop
  endfacet
  facet normal 0.566577 -0.824009 0
    outer loop
      vertex 14.0741 27.4065 5
      vertex 14.0008 27.3561 1.8
      vertex 14.0741 27.4065 1.8
    endloop
  endfacet
  facet normal 0.522404 -0.852698 0
    outer loop
      vertex 14.0741 27.4065 1.8
      vertex 14.15 27.453 5
      vertex 14.0741 27.4065 5
    endloop
  endfacet
  facet normal 0.522404 -0.852698 0
    outer loop
      vertex 14.15 27.453 5
      vertex 14.0741 27.4065 1.8
      vertex 14.15 27.453 1.8
    endloop
  endfacet
  facet normal 0.90259 -0.430501 0
    outer loop
      vertex 13.447 26.6722 5
      vertex 13.4853 26.7525 1.8
      vertex 13.4853 26.7525 5
    endloop
  endfacet
  facet normal 0.90259 -0.430501 0
    outer loop
      vertex 13.4853 26.7525 1.8
      vertex 13.447 26.6722 5
      vertex 13.447 26.6722 1.8
    endloop
  endfacet
  facet normal -0.906776 0.022812 -0.420996
    outer loop
      vertex 17.5349 25.949 0
      vertex 16.7 25.9808 1.8
      vertex 17.5357 25.9808 0
    endloop
  endfacet
  facet normal -0.906758 0.0234331 -0.420999
    outer loop
      vertex 16.7 25.9808 1.8
      vertex 17.5349 25.949 0
      vertex 16.6977 25.8918 1.8
    endloop
  endfacet
  facet normal -0.345209 0.838772 -0.42106
    outer loop
      vertex 15.9087 23.6135 0
      vertex 15.6915 24.4277 1.8
      vertex 15.9381 23.6256 0
    endloop
  endfacet
  facet normal -0.346336 0.838338 -0.420999
    outer loop
      vertex 15.6915 24.4277 1.8
      vertex 15.9087 23.6135 0
      vertex 15.6092 24.3937 1.8
    endloop
  endfacet
  facet normal -0.869754 -0.257493 -0.420981
    outer loop
      vertex 17.4206 26.7339 0
      vertex 16.6168 26.5061 1.8
      vertex 17.4116 26.7643 0
    endloop
  endfacet
  facet normal -0.869625 -0.257931 -0.420979
    outer loop
      vertex 16.6168 26.5061 1.8
      vertex 17.4206 26.7339 0
      vertex 16.6421 26.4208 1.8
    endloop
  endfacet
  facet normal 0.513875 -0.747455 -0.421004
    outer loop
      vertex 13.6189 28.1074 0
      vertex 14.0741 27.4065 1.8
      vertex 13.5357 28.0502 0
    endloop
  endfacet
  facet normal -0.773483 -0.473794 -0.421003
    outer loop
      vertex 17.1432 27.3347 0
      vertex 16.4257 26.9066 1.8
      vertex 17.1266 27.3618 0
    endloop
  endfacet
  facet normal -0.77317 -0.474306 -0.421
    outer loop
      vertex 16.4257 26.9066 1.8
      vertex 17.1432 27.3347 0
      vertex 16.4722 26.8308 1.8
    endloop
  endfacet
  facet normal 0.0234332 0.906761 -0.420993
    outer loop
      vertex 14.8991 23.4477 0
      vertex 14.911 24.2831 1.8
      vertex 15 24.2808 1.8
    endloop
  endfacet
  facet normal 0.022812 0.906776 -0.420996
    outer loop
      vertex 14.911 24.2831 1.8
      vertex 14.8991 23.4477 0
      vertex 14.8673 23.4485 0
    endloop
  endfacet
  facet normal -0.690706 -0.587956 -0.42099
    outer loop
      vertex 16.905 27.6533 0
      vertex 16.2633 27.1183 1.8
      vertex 16.8844 27.6775 0
    endloop
  endfacet
  facet normal -0.689847 -0.588968 -0.420985
    outer loop
      vertex 16.2633 27.1183 1.8
      vertex 16.905 27.6533 0
      vertex 16.3211 27.0506 1.8
    endloop
  endfacet
  facet normal 0.904298 0.070943 -0.420965
    outer loop
      vertex 13.3023 25.8918 1.8
      vertex 12.4757 25.7474 0
      vertex 12.4678 25.8481 0
    endloop
  endfacet
  facet normal 0.855072 0.302688 -0.42099
    outer loop
      vertex 13.4129 25.3715 1.8
      vertex 12.6327 25.072 0
      vertex 12.599 25.1672 0
    endloop
  endfacet
  facet normal -0.0713132 0.904251 -0.421005
    outer loop
      vertex 15.1327 23.4485 0
      vertex 15.1777 24.2901 1.8
      vertex 15.1644 23.451 0
    endloop
  endfacet
  facet normal -0.0713612 0.904248 -0.421002
    outer loop
      vertex 15.1777 24.2901 1.8
      vertex 15.1327 23.4485 0
      vertex 15.089 24.2831 1.8
    endloop
  endfacet
  facet normal -0.85524 -0.302185 -0.421009
    outer loop
      vertex 17.4116 26.7643 0
      vertex 16.5871 26.59 1.8
      vertex 17.401 26.7943 0
    endloop
  endfacet
  facet normal -0.855075 -0.30269 -0.420982
    outer loop
      vertex 16.5871 26.59 1.8
      vertex 17.4116 26.7643 0
      vertex 16.6168 26.5061 1.8
    endloop
  endfacet
  facet normal 0.0713612 0.904248 -0.421002
    outer loop
      vertex 14.8673 23.4485 0
      vertex 14.8223 24.2901 1.8
      vertex 14.911 24.2831 1.8
    endloop
  endfacet
  facet normal 0.0713132 0.904251 -0.421005
    outer loop
      vertex 14.8223 24.2901 1.8
      vertex 14.8673 23.4485 0
      vertex 14.8356 23.451 0
    endloop
  endfacet
  facet normal -0.855072 -0.302688 -0.42099
    outer loop
      vertex 17.3673 26.8895 0
      vertex 17.401 26.7943 0
      vertex 16.5871 26.59 1.8
    endloop
  endfacet
  facet normal -0.689847 0.588968 -0.420985
    outer loop
      vertex 16.905 24.3082 0
      vertex 16.2633 24.8432 1.8
      vertex 16.3211 24.9109 1.8
    endloop
  endfacet
  facet normal -0.690706 0.587956 -0.42099
    outer loop
      vertex 16.2633 24.8432 1.8
      vertex 16.905 24.3082 0
      vertex 16.8844 24.284 0
    endloop
  endfacet
  facet normal -0.658225 -0.624102 -0.420994
    outer loop
      vertex 16.793 27.7738 0
      vertex 16.8625 27.7005 0
      vertex 16.2021 27.1828 1.8
    endloop
  endfacet
  facet normal -0.591048 0.688128 -0.420883
    outer loop
      vertex 16.5958 24.0101 0
      vertex 16.1375 24.7174 1.8
      vertex 16.6199 24.0308 0
    endloop
  endfacet
  facet normal -0.588957 0.689834 -0.421021
    outer loop
      vertex 16.1375 24.7174 1.8
      vertex 16.5958 24.0101 0
      vertex 16.0698 24.6596 1.8
    endloop
  endfacet
  facet normal 0.869654 0.257842 -0.420975
    outer loop
      vertex 13.3579 25.5408 1.8
      vertex 12.5794 25.2277 0
      vertex 12.5507 25.3245 0
    endloop
  endfacet
  facet normal 0.0713132 -0.904251 -0.421005
    outer loop
      vertex 14.8673 28.513 0
      vertex 14.8223 27.6714 1.8
      vertex 14.8356 28.5105 0
    endloop
  endfacet
  facet normal 0.0713612 -0.904248 -0.421002
    outer loop
      vertex 14.8223 27.6714 1.8
      vertex 14.8673 28.513 0
      vertex 14.911 27.6784 1.8
    endloop
  endfacet
  facet normal 0.906764 -0.0233656 -0.42099
    outer loop
      vertex 12.4669 26.0817 0
      vertex 13.3 25.9808 1.8
      vertex 12.4643 25.9808 0
    endloop
  endfacet
  facet normal -0.433138 -0.796974 -0.42098
    outer loop
      vertex 16.2399 28.1919 0
      vertex 15.85 27.453 1.8
      vertex 15.7718 27.4955 1.8
    endloop
  endfacet
  facet normal -0.430549 -0.798369 -0.420992
    outer loop
      vertex 15.85 27.453 1.8
      vertex 16.2399 28.1919 0
      vertex 16.2679 28.1768 0
    endloop
  endfacet
  facet normal -0.303088 0.854937 -0.420975
    outer loop
      vertex 15.7836 23.5692 0
      vertex 15.6092 24.3937 1.8
      vertex 15.8135 23.5798 0
    endloop
  endfacet
  facet normal -0.302688 0.855069 -0.420996
    outer loop
      vertex 15.6092 24.3937 1.8
      vertex 15.7836 23.5692 0
      vertex 15.5253 24.364 1.8
    endloop
  endfacet
  facet normal 0.906705 -0.0256615 -0.420983
    outer loop
      vertex 13.3023 26.0697 1.8
      vertex 12.4669 26.0817 0
      vertex 12.4678 26.1135 0
    endloop
  endfacet
  facet normal 0.90676 -0.0234595 -0.420994
    outer loop
      vertex 12.4669 26.0817 0
      vertex 13.3023 26.0697 1.8
      vertex 13.3 25.9808 1.8
    endloop
  endfacet
  facet normal 0.899489 -0.117076 -0.420967
    outer loop
      vertex 13.3209 26.2467 1.8
      vertex 12.4914 26.3459 0
      vertex 12.4955 26.3774 0
    endloop
  endfacet
  facet normal 0.899334 -0.11828 -0.420962
    outer loop
      vertex 12.4914 26.3459 0
      vertex 13.3209 26.2467 1.8
      vertex 13.3093 26.1585 1.8
    endloop
  endfacet
  facet normal 0.881958 -0.211957 -0.420979
    outer loop
      vertex 12.5507 26.6371 0
      vertex 13.3579 26.4208 1.8
      vertex 12.5271 26.5389 0
    endloop
  endfacet
  facet normal 0.433138 0.796974 -0.42098
    outer loop
      vertex 13.7601 23.7696 0
      vertex 14.15 24.5085 1.8
      vertex 14.2282 24.466 1.8
    endloop
  endfacet
  facet normal 0.432755 0.797181 -0.420982
    outer loop
      vertex 14.15 24.5085 1.8
      vertex 13.7601 23.7696 0
      vertex 13.7321 23.7848 0
    endloop
  endfacet
  facet normal -0.906751 -0.0242399 -0.42097
    outer loop
      vertex 17.5322 26.1135 0
      vertex 17.5349 26.0125 0
      vertex 16.6977 26.0697 1.8
    endloop
  endfacet
  facet normal -0.882115 -0.211251 -0.421006
    outer loop
      vertex 17.4803 26.508 0
      vertex 16.6421 26.4208 1.8
      vertex 17.4729 26.5389 0
    endloop
  endfacet
  facet normal -0.882197 -0.210871 -0.421025
    outer loop
      vertex 16.6421 26.4208 1.8
      vertex 17.4803 26.508 0
      vertex 16.6628 26.3342 1.8
    endloop
  endfacet
  facet normal 0.818534 0.390848 -0.421
    outer loop
      vertex 13.447 25.2893 1.8
      vertex 12.727 24.8583 0
      vertex 12.6835 24.9494 0
    endloop
  endfacet
  facet normal 0.212068 0.881918 -0.421009
    outer loop
      vertex 14.3746 23.524 0
      vertex 14.56 24.3387 1.8
      vertex 14.6465 24.3179 1.8
    endloop
  endfacet
  facet normal 0.213949 0.881468 -0.420999
    outer loop
      vertex 14.56 24.3387 1.8
      vertex 14.3746 23.524 0
      vertex 14.3437 23.5315 0
    endloop
  endfacet
  facet normal -0.855072 0.302688 -0.42099
    outer loop
      vertex 17.401 25.1672 0
      vertex 17.3673 25.072 0
      vertex 16.5871 25.3715 1.8
    endloop
  endfacet
  facet normal -0.552353 -0.719485 -0.421008
    outer loop
      vertex 16.4905 28.0322 0
      vertex 16.0698 27.3019 1.8
      vertex 15.9992 27.3561 1.8
    endloop
  endfacet
  facet normal -0.553336 -0.718766 -0.420946
    outer loop
      vertex 16.0698 27.3019 1.8
      vertex 16.4905 28.0322 0
      vertex 16.5157 28.0128 0
    endloop
  endfacet
  facet normal 0.81871 0.390493 -0.420985
    outer loop
      vertex 13.4853 25.209 1.8
      vertex 12.727 24.8583 0
      vertex 13.447 25.2893 1.8
    endloop
  endfacet
  facet normal 0.818586 0.390754 -0.420984
    outer loop
      vertex 12.727 24.8583 0
      vertex 13.4853 25.209 1.8
      vertex 12.7407 24.8296 0
    endloop
  endfacet
  facet normal 0.257926 0.869608 -0.421018
    outer loop
      vertex 14.2469 23.5601 0
      vertex 14.4747 24.364 1.8
      vertex 14.56 24.3387 1.8
    endloop
  endfacet
  facet normal 0.259333 0.869193 -0.421011
    outer loop
      vertex 14.4747 24.364 1.8
      vertex 14.2469 23.5601 0
      vertex 14.2164 23.5692 0
    endloop
  endfacet
  facet normal -0.720112 -0.551514 -0.421036
    outer loop
      vertex 17.0514 27.4712 0
      vertex 16.3211 27.0506 1.8
      vertex 17.0321 27.4964 0
    endloop
  endfacet
  facet normal -0.719494 -0.55236 -0.420983
    outer loop
      vertex 16.3211 27.0506 1.8
      vertex 17.0514 27.4712 0
      vertex 16.3753 26.98 1.8
    endloop
  endfacet
  facet normal 0.837403 -0.34868 -0.420925
    outer loop
      vertex 13.447 26.6722 1.8
      vertex 12.6327 26.8895 0
      vertex 12.6449 26.9188 0
    endloop
  endfacet
  facet normal 0.837834 -0.347569 -0.420986
    outer loop
      vertex 12.6327 26.8895 0
      vertex 13.447 26.6722 1.8
      vertex 13.4129 26.59 1.8
    endloop
  endfacet
  facet normal 0.891915 0.165132 -0.420975
    outer loop
      vertex 13.3371 25.6273 1.8
      vertex 12.5139 25.4848 0
      vertex 13.3209 25.7148 1.8
    endloop
  endfacet
  facet normal 0.891795 0.165782 -0.420972
    outer loop
      vertex 12.5139 25.4848 0
      vertex 13.3371 25.6273 1.8
      vertex 12.5197 25.4536 0
    endloop
  endfacet
  facet normal -0.257014 0.869894 -0.420984
    outer loop
      vertex 15.7531 23.5601 0
      vertex 15.6563 23.5315 0
      vertex 15.44 24.3387 1.8
    endloop
  endfacet
  facet normal -0.213949 0.881468 -0.420999
    outer loop
      vertex 15.6254 23.524 0
      vertex 15.44 24.3387 1.8
      vertex 15.6563 23.5315 0
    endloop
  endfacet
  facet normal -0.211836 0.881973 -0.42101
    outer loop
      vertex 15.44 24.3387 1.8
      vertex 15.6254 23.524 0
      vertex 15.3534 24.3179 1.8
    endloop
  endfacet
  facet normal -0.211836 -0.881973 -0.42101
    outer loop
      vertex 15.6254 28.4375 0
      vertex 15.44 27.6228 1.8
      vertex 15.3534 27.6436 1.8
    endloop
  endfacet
  facet normal -0.21125 -0.882112 -0.421013
    outer loop
      vertex 15.44 27.6228 1.8
      vertex 15.6254 28.4375 0
      vertex 15.6563 28.4301 0
    endloop
  endfacet
  facet normal 0.303079 -0.854912 -0.421033
    outer loop
      vertex 14.1212 28.3587 0
      vertex 14.3908 27.5678 1.8
      vertex 14.0913 28.3481 0
    endloop
  endfacet
  facet normal 0.303588 -0.854732 -0.421031
    outer loop
      vertex 14.3908 27.5678 1.8
      vertex 14.1212 28.3587 0
      vertex 14.4747 27.5976 1.8
    endloop
  endfacet
  facet normal -0.855075 0.30269 -0.420982
    outer loop
      vertex 17.4116 25.1972 0
      vertex 16.5871 25.3715 1.8
      vertex 16.6168 25.4554 1.8
    endloop
  endfacet
  facet normal -0.85524 0.302185 -0.421009
    outer loop
      vertex 16.5871 25.3715 1.8
      vertex 17.4116 25.1972 0
      vertex 17.401 25.1672 0
    endloop
  endfacet
  facet normal -0.904298 0.070943 -0.420965
    outer loop
      vertex 17.5322 25.8481 0
      vertex 17.5243 25.7474 0
      vertex 16.6977 25.8918 1.8
    endloop
  endfacet
  facet normal 0.0242632 0.906725 -0.421023
    outer loop
      vertex 15 24.2808 1.8
      vertex 15 23.445 0
      vertex 14.8991 23.4477 0
    endloop
  endfacet
  facet normal 0.773242 0.474183 -0.421007
    outer loop
      vertex 13.5743 25.0549 1.8
      vertex 12.8734 24.5997 0
      vertex 12.8206 24.6858 0
    endloop
  endfacet
  facet normal 0.899286 0.118587 -0.420978
    outer loop
      vertex 13.3093 25.8031 1.8
      vertex 12.4914 25.6156 0
      vertex 12.4782 25.7157 0
    endloop
  endfacet
  facet normal -0.689708 -0.589125 -0.420992
    outer loop
      vertex 16.905 27.6533 0
      vertex 16.9706 27.5765 0
      vertex 16.3211 27.0506 1.8
    endloop
  endfacet
  facet normal 0.85524 -0.302185 -0.421009
    outer loop
      vertex 13.4129 26.59 1.8
      vertex 12.5884 26.7643 0
      vertex 12.599 26.7943 0
    endloop
  endfacet
  facet normal 0.855075 -0.30269 -0.420982
    outer loop
      vertex 12.5884 26.7643 0
      vertex 13.4129 26.59 1.8
      vertex 13.3832 26.5061 1.8
    endloop
  endfacet
  facet normal -0.0242637 -0.906745 -0.420981
    outer loop
      vertex 15.1009 28.5138 0
      vertex 15 27.6808 1.8
      vertex 15 28.5165 0
    endloop
  endfacet
  facet normal -0.773247 -0.474186 -0.420995
    outer loop
      vertex 17.1432 27.3347 0
      vertex 17.196 27.2486 0
      vertex 16.4722 26.8308 1.8
    endloop
  endfacet
  facet normal 0.0242637 -0.906745 -0.420981
    outer loop
      vertex 15 28.5165 0
      vertex 15 27.6808 1.8
      vertex 14.8991 28.5138 0
    endloop
  endfacet
  facet normal 0.624548 0.657797 -0.421002
    outer loop
      vertex 13.7979 24.7787 1.8
      vertex 13.2802 24.1182 0
      vertex 13.207 24.1877 0
    endloop
  endfacet
  facet normal -0.165261 -0.891872 -0.421015
    outer loop
      vertex 15.4279 28.4795 0
      vertex 15.5272 28.4611 0
      vertex 15.3534 27.6436 1.8
    endloop
  endfacet
  facet normal 0.689708 0.589125 -0.420992
    outer loop
      vertex 13.6789 24.9109 1.8
      vertex 13.095 24.3082 0
      vertex 13.0294 24.385 0
    endloop
  endfacet
  facet normal -0.513918 -0.747424 -0.421006
    outer loop
      vertex 16.4643 28.0502 0
      vertex 15.9992 27.3561 1.8
      vertex 15.9259 27.4065 1.8
    endloop
  endfacet
  facet normal -0.513632 -0.74762 -0.421007
    outer loop
      vertex 15.9992 27.3561 1.8
      vertex 16.4643 28.0502 0
      vertex 16.4905 28.0322 0
    endloop
  endfacet
  facet normal -0.165425 0.891855 -0.420986
    outer loop
      vertex 15.4959 23.4947 0
      vertex 15.3967 23.4763 0
      vertex 15.2659 24.3017 1.8
    endloop
  endfacet
  facet normal -0.432755 0.797181 -0.420982
    outer loop
      vertex 16.2399 23.7696 0
      vertex 15.85 24.5085 1.8
      vertex 16.2679 23.7848 0
    endloop
  endfacet
  facet normal -0.433138 0.796974 -0.42098
    outer loop
      vertex 15.85 24.5085 1.8
      vertex 16.2399 23.7696 0
      vertex 15.7718 24.466 1.8
    endloop
  endfacet
  facet normal -0.0244513 -0.906737 -0.420988
    outer loop
      vertex 15.1009 28.5138 0
      vertex 15.089 27.6784 1.8
      vertex 15 27.6808 1.8
    endloop
  endfacet
  facet normal -0.022812 -0.906776 -0.420996
    outer loop
      vertex 15.089 27.6784 1.8
      vertex 15.1009 28.5138 0
      vertex 15.1327 28.513 0
    endloop
  endfacet
  facet normal 0.65693 -0.625512 -0.420925
    outer loop
      vertex 13.7979 27.1828 1.8
      vertex 13.1156 27.6775 0
      vertex 13.1375 27.7005 0
    endloop
  endfacet
  facet normal 0.657998 -0.624333 -0.421006
    outer loop
      vertex 13.1156 27.6775 0
      vertex 13.7979 27.1828 1.8
      vertex 13.7367 27.1183 1.8
    endloop
  endfacet
  facet normal 0.658225 0.624102 -0.420994
    outer loop
      vertex 13.7979 24.7787 1.8
      vertex 13.207 24.1877 0
      vertex 13.1375 24.261 0
    endloop
  endfacet
  facet normal -0.0713612 -0.904248 -0.421002
    outer loop
      vertex 15.1327 28.513 0
      vertex 15.1777 27.6714 1.8
      vertex 15.089 27.6784 1.8
    endloop
  endfacet
  facet normal -0.0713132 -0.904251 -0.421005
    outer loop
      vertex 15.1777 27.6714 1.8
      vertex 15.1327 28.513 0
      vertex 15.1644 28.5105 0
    endloop
  endfacet
  facet normal 0.625483 -0.6569 -0.421014
    outer loop
      vertex 13.23 27.7957 0
      vertex 13.7979 27.1828 1.8
      vertex 13.207 27.7738 0
    endloop
  endfacet
  facet normal 0.624356 -0.657967 -0.421022
    outer loop
      vertex 13.7979 27.1828 1.8
      vertex 13.23 27.7957 0
      vertex 13.8625 27.2441 1.8
    endloop
  endfacet
  facet normal 0.796951 0.433125 -0.421036
    outer loop
      vertex 13.5278 25.1308 1.8
      vertex 12.7888 24.7408 0
      vertex 13.4853 25.209 1.8
    endloop
  endfacet
  facet normal 0.79651 0.433941 -0.421032
    outer loop
      vertex 12.7888 24.7408 0
      vertex 13.5278 25.1308 1.8
      vertex 12.804 24.7129 0
    endloop
  endfacet
  facet normal -0.869654 -0.257842 -0.420975
    outer loop
      vertex 17.4206 26.7339 0
      vertex 17.4493 26.6371 0
      vertex 16.6421 26.4208 1.8
    endloop
  endfacet
  facet normal -0.906774 -0.0228839 -0.420995
    outer loop
      vertex 16.7 25.9808 1.8
      vertex 17.5349 26.0125 0
      vertex 17.5357 25.9808 0
    endloop
  endfacet
  facet normal -0.906758 -0.0234594 -0.420998
    outer loop
      vertex 17.5349 26.0125 0
      vertex 16.7 25.9808 1.8
      vertex 16.6977 26.0697 1.8
    endloop
  endfacet
  facet normal 0.165781 -0.891788 -0.420989
    outer loop
      vertex 14.6033 28.4853 0
      vertex 14.6465 27.6436 1.8
      vertex 14.5721 28.4795 0
    endloop
  endfacet
  facet normal 0.164945 -0.891922 -0.421032
    outer loop
      vertex 14.6465 27.6436 1.8
      vertex 14.6033 28.4853 0
      vertex 14.7341 27.6598 1.8
    endloop
  endfacet
  facet normal -0.837403 -0.34868 -0.420925
    outer loop
      vertex 17.3673 26.8895 0
      vertex 16.553 26.6722 1.8
      vertex 17.3551 26.9188 0
    endloop
  endfacet
  facet normal -0.837834 -0.347569 -0.420986
    outer loop
      vertex 16.553 26.6722 1.8
      vertex 17.3673 26.8895 0
      vertex 16.5871 26.59 1.8
    endloop
  endfacet
  facet normal -0.906751 0.0242639 -0.420969
    outer loop
      vertex 17.5349 25.949 0
      vertex 17.5322 25.8481 0
      vertex 16.6977 25.8918 1.8
    endloop
  endfacet
  facet normal -0.881958 -0.211957 -0.420979
    outer loop
      vertex 17.4493 26.6371 0
      vertex 17.4729 26.5389 0
      vertex 16.6421 26.4208 1.8
    endloop
  endfacet
  facet normal -0.904292 -0.071013 -0.420968
    outer loop
      vertex 17.5243 26.2141 0
      vertex 17.5322 26.1135 0
      vertex 16.6977 26.0697 1.8
    endloop
  endfacet
  facet normal 0.881938 0.212073 -0.420963
    outer loop
      vertex 13.3579 25.5408 1.8
      vertex 12.5197 25.4536 0
      vertex 13.3371 25.6273 1.8
    endloop
  endfacet
  facet normal 0.882254 0.210603 -0.421039
    outer loop
      vertex 12.5197 25.4536 0
      vertex 13.3579 25.5408 1.8
      vertex 12.5271 25.4226 0
    endloop
  endfacet
  facet normal -0.689708 0.589125 -0.420992
    outer loop
      vertex 16.9706 24.385 0
      vertex 16.905 24.3082 0
      vertex 16.3211 24.9109 1.8
    endloop
  endfacet
  facet normal 0.257014 0.869894 -0.420984
    outer loop
      vertex 14.56 24.3387 1.8
      vertex 14.3437 23.5315 0
      vertex 14.2469 23.5601 0
    endloop
  endfacet
  facet normal -0.118587 0.899281 -0.420988
    outer loop
      vertex 15.3967 23.4763 0
      vertex 15.2966 23.4631 0
      vertex 15.2659 24.3017 1.8
    endloop
  endfacet
  facet normal 0.855075 0.30269 -0.420982
    outer loop
      vertex 13.4129 25.3715 1.8
      vertex 12.5884 25.1972 0
      vertex 13.3832 25.4554 1.8
    endloop
  endfacet
  facet normal 0.85524 0.302185 -0.421009
    outer loop
      vertex 12.5884 25.1972 0
      vertex 13.4129 25.3715 1.8
      vertex 12.599 25.1672 0
    endloop
  endfacet
  facet normal -0.39012 0.818892 -0.420977
    outer loop
      vertex 16.1512 23.7214 0
      vertex 16.0601 23.678 0
      vertex 15.7718 24.466 1.8
    endloop
  endfacet
  facet normal 0.837834 0.347569 -0.420986
    outer loop
      vertex 13.447 25.2893 1.8
      vertex 12.6327 25.072 0
      vertex 13.4129 25.3715 1.8
    endloop
  endfacet
  facet normal 0.837403 0.34868 -0.420925
    outer loop
      vertex 12.6327 25.072 0
      vertex 13.447 25.2893 1.8
      vertex 12.6449 25.0427 0
    endloop
  endfacet
  facet normal -0.796951 0.433125 -0.421036
    outer loop
      vertex 17.2112 24.7408 0
      vertex 16.4722 25.1308 1.8
      vertex 16.5147 25.209 1.8
    endloop
  endfacet
  facet normal -0.79651 0.433941 -0.421032
    outer loop
      vertex 16.4722 25.1308 1.8
      vertex 17.2112 24.7408 0
      vertex 17.196 24.7129 0
    endloop
  endfacet
  facet normal -0.658225 0.624102 -0.420994
    outer loop
      vertex 16.8625 24.261 0
      vertex 16.793 24.1877 0
      vertex 16.2021 24.7787 1.8
    endloop
  endfacet
  facet normal -0.303588 -0.854732 -0.421031
    outer loop
      vertex 15.8788 28.3587 0
      vertex 15.6092 27.5678 1.8
      vertex 15.5253 27.5976 1.8
    endloop
  endfacet
  facet normal -0.303079 -0.854912 -0.421033
    outer loop
      vertex 15.6092 27.5678 1.8
      vertex 15.8788 28.3587 0
      vertex 15.9087 28.3481 0
    endloop
  endfacet
  facet normal 0.891888 0.165264 -0.42098
    outer loop
      vertex 13.3209 25.7148 1.8
      vertex 12.5139 25.4848 0
      vertex 12.4955 25.5841 0
    endloop
  endfacet
  facet normal -0.551824 -0.719887 -0.421014
    outer loop
      vertex 16.5157 28.0128 0
      vertex 16.5958 27.9514 0
      vertex 16.0698 27.3019 1.8
    endloop
  endfacet
  facet normal 0.165264 0.891884 -0.420988
    outer loop
      vertex 14.7341 24.3017 1.8
      vertex 14.6033 23.4763 0
      vertex 14.504 23.4947 0
    endloop
  endfacet
  facet normal -0.16527 0.891889 -0.420975
    outer loop
      vertex 15.4959 23.4947 0
      vertex 15.3534 24.3179 1.8
      vertex 15.5272 23.5005 0
    endloop
  endfacet
  facet normal -0.165132 0.891915 -0.420975
    outer loop
      vertex 15.3534 24.3179 1.8
      vertex 15.4959 23.4947 0
      vertex 15.2659 24.3017 1.8
    endloop
  endfacet
  facet normal -0.773441 0.473847 -0.421021
    outer loop
      vertex 17.196 24.7129 0
      vertex 16.4257 25.0549 1.8
      vertex 16.4722 25.1308 1.8
    endloop
  endfacet
  facet normal -0.773475 0.473789 -0.421024
    outer loop
      vertex 16.4257 25.0549 1.8
      vertex 17.196 24.7129 0
      vertex 17.1794 24.6858 0
    endloop
  endfacet
  facet normal -0.118276 -0.899306 -0.421022
    outer loop
      vertex 15.2651 28.5026 0
      vertex 15.2659 27.6598 1.8
      vertex 15.1777 27.6714 1.8
    endloop
  endfacet
  facet normal -0.119884 -0.899131 -0.42094
    outer loop
      vertex 15.2659 27.6598 1.8
      vertex 15.2651 28.5026 0
      vertex 15.2966 28.4984 0
    endloop
  endfacet
  facet normal 0.433093 -0.796999 -0.420978
    outer loop
      vertex 13.8488 28.2401 0
      vertex 14.2282 27.4955 1.8
      vertex 13.7601 28.1919 0
    endloop
  endfacet
  facet normal -0.473857 -0.773456 -0.420981
    outer loop
      vertex 16.3539 28.124 0
      vertex 15.9259 27.4065 1.8
      vertex 15.85 27.453 1.8
    endloop
  endfacet
  facet normal -0.473799 -0.773491 -0.420981
    outer loop
      vertex 15.9259 27.4065 1.8
      vertex 16.3539 28.124 0
      vertex 16.381 28.1074 0
    endloop
  endfacet
  facet normal 0.257014 -0.869893 -0.420987
    outer loop
      vertex 14.3132 28.421 0
      vertex 14.4747 27.5976 1.8
      vertex 14.2164 28.3924 0
    endloop
  endfacet
  facet normal 0.347535 0.837856 -0.42097
    outer loop
      vertex 14.3085 24.4277 1.8
      vertex 14.0619 23.6256 0
      vertex 13.9686 23.6643 0
    endloop
  endfacet
  facet normal 0.838161 0.346763 -0.421
    outer loop
      vertex 13.447 25.2893 1.8
      vertex 12.6835 24.9494 0
      vertex 12.6449 25.0427 0
    endloop
  endfacet
  facet normal 0.796989 -0.433088 -0.421003
    outer loop
      vertex 12.804 27.2486 0
      vertex 13.5278 26.8308 1.8
      vertex 12.7558 27.1599 0
    endloop
  endfacet
  facet normal -0.624356 -0.657967 -0.421022
    outer loop
      vertex 16.77 27.7957 0
      vertex 16.2021 27.1828 1.8
      vertex 16.1375 27.2441 1.8
    endloop
  endfacet
  facet normal -0.625483 -0.6569 -0.421014
    outer loop
      vertex 16.2021 27.1828 1.8
      vertex 16.77 27.7957 0
      vertex 16.793 27.7738 0
    endloop
  endfacet
  facet normal -0.347535 0.837856 -0.42097
    outer loop
      vertex 16.0314 23.6643 0
      vertex 15.9381 23.6256 0
      vertex 15.6915 24.4277 1.8
    endloop
  endfacet
  facet normal 0.551824 -0.719887 -0.421014
    outer loop
      vertex 13.4843 28.0128 0
      vertex 13.9302 27.3019 1.8
      vertex 13.4042 27.9514 0
    endloop
  endfacet
  facet normal 0.211109 0.882165 -0.420973
    outer loop
      vertex 14.6465 24.3179 1.8
      vertex 14.4728 23.5005 0
      vertex 14.3746 23.524 0
    endloop
  endfacet
  facet normal -0.773242 0.474183 -0.421007
    outer loop
      vertex 17.1794 24.6858 0
      vertex 17.1266 24.5997 0
      vertex 16.4257 25.0549 1.8
    endloop
  endfacet
  facet normal 0.588957 0.689834 -0.421021
    outer loop
      vertex 13.4042 24.0101 0
      vertex 13.8625 24.7174 1.8
      vertex 13.9302 24.6596 1.8
    endloop
  endfacet
  facet normal 0.591048 0.688128 -0.420883
    outer loop
      vertex 13.8625 24.7174 1.8
      vertex 13.4042 24.0101 0
      vertex 13.3801 24.0308 0
    endloop
  endfacet
  facet normal -0.797575 0.43202 -0.42099
    outer loop
      vertex 17.2593 24.8296 0
      vertex 17.2112 24.7408 0
      vertex 16.5147 25.209 1.8
    endloop
  endfacet
  facet normal -0.81871 0.390493 -0.420985
    outer loop
      vertex 17.273 24.8583 0
      vertex 16.5147 25.209 1.8
      vertex 16.553 25.2893 1.8
    endloop
  endfacet
  facet normal -0.818586 0.390754 -0.420984
    outer loop
      vertex 16.5147 25.209 1.8
      vertex 17.273 24.8583 0
      vertex 17.2593 24.8296 0
    endloop
  endfacet
  facet normal 0.899288 -0.118587 -0.420973
    outer loop
      vertex 12.4914 26.3459 0
      vertex 13.3093 26.1585 1.8
      vertex 12.4782 26.2458 0
    endloop
  endfacet
  facet normal 0.904263 -0.0713142 -0.420977
    outer loop
      vertex 13.3093 26.1585 1.8
      vertex 12.4757 26.2141 0
      vertex 12.4782 26.2458 0
    endloop
  endfacet
  facet normal 0.904266 -0.0712822 -0.420977
    outer loop
      vertex 12.4757 26.2141 0
      vertex 13.3093 26.1585 1.8
      vertex 13.3023 26.0697 1.8
    endloop
  endfacet
  facet normal 0.552353 0.719486 -0.421006
    outer loop
      vertex 13.4294 23.9908 0
      vertex 13.9302 24.6596 1.8
      vertex 14.0008 24.6054 1.8
    endloop
  endfacet
  facet normal 0.551521 0.720121 -0.42101
    outer loop
      vertex 13.9302 24.6596 1.8
      vertex 13.4294 23.9908 0
      vertex 13.4042 24.0101 0
    endloop
  endfacet
  facet normal -0.747455 -0.513875 -0.421004
    outer loop
      vertex 17.0694 27.445 0
      vertex 17.1266 27.3618 0
      vertex 16.4257 26.9066 1.8
    endloop
  endfacet
  facet normal 0.591048 -0.688128 -0.420883
    outer loop
      vertex 13.4042 27.9514 0
      vertex 13.8625 27.2441 1.8
      vertex 13.3801 27.9307 0
    endloop
  endfacet
  facet normal 0.588957 -0.689834 -0.421021
    outer loop
      vertex 13.8625 27.2441 1.8
      vertex 13.4042 27.9514 0
      vertex 13.9302 27.3019 1.8
    endloop
  endfacet
  facet normal -0.899288 -0.118587 -0.420973
    outer loop
      vertex 17.5086 26.3459 0
      vertex 17.5218 26.2458 0
      vertex 16.6907 26.1585 1.8
    endloop
  endfacet
  facet normal 0.472529 -0.774265 -0.420987
    outer loop
      vertex 13.6461 28.124 0
      vertex 14.0741 27.4065 1.8
      vertex 13.6189 28.1074 0
    endloop
  endfacet
  facet normal 0.473857 -0.773456 -0.420981
    outer loop
      vertex 14.0741 27.4065 1.8
      vertex 13.6461 28.124 0
      vertex 14.15 27.453 1.8
    endloop
  endfacet
  facet normal -0.657998 0.624333 -0.421006
    outer loop
      vertex 16.8844 24.284 0
      vertex 16.2021 24.7787 1.8
      vertex 16.2633 24.8432 1.8
    endloop
  endfacet
  facet normal -0.65693 0.625512 -0.420925
    outer loop
      vertex 16.2021 24.7787 1.8
      vertex 16.8844 24.284 0
      vertex 16.8625 24.261 0
    endloop
  endfacet
  facet normal -0.904263 -0.0713142 -0.420977
    outer loop
      vertex 17.5243 26.2141 0
      vertex 16.6907 26.1585 1.8
      vertex 17.5218 26.2458 0
    endloop
  endfacet
  facet normal -0.904266 -0.0712822 -0.420977
    outer loop
      vertex 16.6907 26.1585 1.8
      vertex 17.5243 26.2141 0
      vertex 16.6977 26.0697 1.8
    endloop
  endfacet
  facet normal 0.689847 0.588968 -0.420985
    outer loop
      vertex 13.7367 24.8432 1.8
      vertex 13.095 24.3082 0
      vertex 13.6789 24.9109 1.8
    endloop
  endfacet
  facet normal 0.690706 0.587956 -0.42099
    outer loop
      vertex 13.095 24.3082 0
      vertex 13.7367 24.8432 1.8
      vertex 13.1156 24.284 0
    endloop
  endfacet
  facet normal -0.882147 0.211103 -0.421013
    outer loop
      vertex 17.4803 25.4536 0
      vertex 16.6421 25.5408 1.8
      vertex 16.6628 25.6273 1.8
    endloop
  endfacet
  facet normal -0.882254 0.210603 -0.421039
    outer loop
      vertex 16.6421 25.5408 1.8
      vertex 17.4803 25.4536 0
      vertex 17.4729 25.4226 0
    endloop
  endfacet
  facet normal 0.773247 -0.474186 -0.420995
    outer loop
      vertex 12.8568 27.3347 0
      vertex 13.5278 26.8308 1.8
      vertex 12.804 27.2486 0
    endloop
  endfacet
  facet normal 0.838161 -0.346763 -0.421
    outer loop
      vertex 12.6835 27.0121 0
      vertex 13.447 26.6722 1.8
      vertex 12.6449 26.9188 0
    endloop
  endfacet
  facet normal -0.070941 -0.904274 -0.421018
    outer loop
      vertex 15.2651 28.5026 0
      vertex 15.1777 27.6714 1.8
      vertex 15.1644 28.5105 0
    endloop
  endfacet
  facet normal -0.513461 -0.74775 -0.420985
    outer loop
      vertex 16.381 28.1074 0
      vertex 16.4643 28.0502 0
      vertex 15.9259 27.4065 1.8
    endloop
  endfacet
  facet normal -0.022812 0.906776 -0.420996
    outer loop
      vertex 15.1009 23.4477 0
      vertex 15.089 24.2831 1.8
      vertex 15.1327 23.4485 0
    endloop
  endfacet
  facet normal -0.0234332 0.906761 -0.420993
    outer loop
      vertex 15.089 24.2831 1.8
      vertex 15.1009 23.4477 0
      vertex 15 24.2808 1.8
    endloop
  endfacet
  facet normal 0.797575 0.43202 -0.42099
    outer loop
      vertex 13.4853 25.209 1.8
      vertex 12.7888 24.7408 0
      vertex 12.7407 24.8296 0
    endloop
  endfacet
  facet normal -0.39085 -0.81854 -0.420985
    outer loop
      vertex 16.0601 28.2836 0
      vertex 16.1512 28.2401 0
      vertex 15.7718 27.4955 1.8
    endloop
  endfacet
  facet normal -0.838161 0.346763 -0.421
    outer loop
      vertex 17.3551 25.0427 0
      vertex 17.3165 24.9494 0
      vertex 16.553 25.2893 1.8
    endloop
  endfacet
  facet normal -0.624097 -0.658221 -0.421009
    outer loop
      vertex 16.6967 27.8652 0
      vertex 16.77 27.7957 0
      vertex 16.1375 27.2441 1.8
    endloop
  endfacet
  facet normal -0.891715 0.166114 -0.421011
    outer loop
      vertex 17.4861 25.4848 0
      vertex 16.6628 25.6273 1.8
      vertex 16.6791 25.7148 1.8
    endloop
  endfacet
  facet normal -0.891777 0.165779 -0.421013
    outer loop
      vertex 16.6628 25.6273 1.8
      vertex 17.4861 25.4848 0
      vertex 17.4803 25.4536 0
    endloop
  endfacet
  facet normal -0.474583 -0.772994 -0.421012
    outer loop
      vertex 16.2679 28.1768 0
      vertex 16.3539 28.124 0
      vertex 15.85 27.453 1.8
    endloop
  endfacet
  facet normal -0.71946 -0.552394 -0.420996
    outer loop
      vertex 16.9706 27.5765 0
      vertex 17.0321 27.4964 0
      vertex 16.3211 27.0506 1.8
    endloop
  endfacet
  facet normal 0.302688 0.855072 -0.42099
    outer loop
      vertex 14.3908 24.3937 1.8
      vertex 14.1865 23.5798 0
      vertex 14.0913 23.6135 0
    endloop
  endfacet
  facet normal 0.904292 -0.071013 -0.420968
    outer loop
      vertex 12.4757 26.2141 0
      vertex 13.3023 26.0697 1.8
      vertex 12.4678 26.1135 0
    endloop
  endfacet
  facet normal -0.818534 0.390848 -0.421
    outer loop
      vertex 17.3165 24.9494 0
      vertex 17.273 24.8583 0
      vertex 16.553 25.2893 1.8
    endloop
  endfacet
  facet normal -0.837834 0.347569 -0.420986
    outer loop
      vertex 17.3673 25.072 0
      vertex 16.553 25.2893 1.8
      vertex 16.5871 25.3715 1.8
    endloop
  endfacet
  facet normal -0.837403 0.34868 -0.420925
    outer loop
      vertex 16.553 25.2893 1.8
      vertex 17.3673 25.072 0
      vertex 17.3551 25.0427 0
    endloop
  endfacet
  facet normal -0.390489 -0.818703 -0.421004
    outer loop
      vertex 16.0314 28.2973 0
      vertex 15.7718 27.4955 1.8
      vertex 15.6915 27.5338 1.8
    endloop
  endfacet
  facet normal -0.390753 -0.818584 -0.420989
    outer loop
      vertex 15.7718 27.4955 1.8
      vertex 16.0314 28.2973 0
      vertex 16.0601 28.2836 0
    endloop
  endfacet
  facet normal -0.881908 0.212161 -0.420982
    outer loop
      vertex 17.4729 25.4226 0
      vertex 17.4493 25.3245 0
      vertex 16.6421 25.5408 1.8
    endloop
  endfacet
  facet normal 0.473856 0.773455 -0.420985
    outer loop
      vertex 13.7321 23.7848 0
      vertex 14.0741 24.555 1.8
      vertex 14.15 24.5085 1.8
    endloop
  endfacet
  facet normal 0.473797 0.773489 -0.420989
    outer loop
      vertex 14.0741 24.555 1.8
      vertex 13.7321 23.7848 0
      vertex 13.705 23.8014 0
    endloop
  endfacet
  facet normal 0.347526 -0.837833 -0.421025
    outer loop
      vertex 14.0913 28.3481 0
      vertex 14.3908 27.5678 1.8
      vertex 13.998 28.3094 0
    endloop
  endfacet
  facet normal 0.906765 0.0233425 -0.420991
    outer loop
      vertex 13.3 25.9808 1.8
      vertex 12.4669 25.8798 0
      vertex 12.4643 25.9808 0
    endloop
  endfacet
  facet normal 0.855072 -0.302688 -0.42099
    outer loop
      vertex 12.6327 26.8895 0
      vertex 13.4129 26.59 1.8
      vertex 12.599 26.7943 0
    endloop
  endfacet
  facet normal 0.881908 0.212161 -0.420982
    outer loop
      vertex 13.3579 25.5408 1.8
      vertex 12.5507 25.3245 0
      vertex 12.5271 25.4226 0
    endloop
  endfacet
  facet normal -0.473797 0.773489 -0.420989
    outer loop
      vertex 16.2679 23.7848 0
      vertex 15.9259 24.555 1.8
      vertex 16.295 23.8014 0
    endloop
  endfacet
  facet normal -0.473856 0.773455 -0.420985
    outer loop
      vertex 15.9259 24.555 1.8
      vertex 16.2679 23.7848 0
      vertex 15.85 24.5085 1.8
    endloop
  endfacet
  facet normal -0.302688 0.855072 -0.42099
    outer loop
      vertex 15.9087 23.6135 0
      vertex 15.8135 23.5798 0
      vertex 15.6092 24.3937 1.8
    endloop
  endfacet
  facet normal -0.869654 0.257842 -0.420975
    outer loop
      vertex 17.4493 25.3245 0
      vertex 17.4206 25.2277 0
      vertex 16.6421 25.5408 1.8
    endloop
  endfacet
  facet normal 0.906761 0.0234331 -0.420994
    outer loop
      vertex 13.3023 25.8918 1.8
      vertex 12.4669 25.8798 0
      vertex 13.3 25.9808 1.8
    endloop
  endfacet
  facet normal 0.906703 0.0257424 -0.420983
    outer loop
      vertex 12.4669 25.8798 0
      vertex 13.3023 25.8918 1.8
      vertex 12.4678 25.8481 0
    endloop
  endfacet
  facet normal -0.0242632 0.906725 -0.421023
    outer loop
      vertex 15.1009 23.4477 0
      vertex 15 23.445 0
      vertex 15 24.2808 1.8
    endloop
  endfacet
  facet normal 0.165262 -0.891875 -0.421008
    outer loop
      vertex 14.5721 28.4795 0
      vertex 14.6465 27.6436 1.8
      vertex 14.4728 28.4611 0
    endloop
  endfacet
  facet normal -0.747461 0.513879 -0.420987
    outer loop
      vertex 17.1086 24.5735 0
      vertex 17.0514 24.4903 0
      vertex 16.3753 24.9815 1.8
    endloop
  endfacet
  facet normal 0.818699 -0.390498 -0.421004
    outer loop
      vertex 12.727 27.1033 0
      vertex 13.447 26.6722 1.8
      vertex 12.6835 27.0121 0
    endloop
  endfacet
  facet normal -0.869712 0.257655 -0.420968
    outer loop
      vertex 17.4206 25.2277 0
      vertex 16.6168 25.4554 1.8
      vertex 16.6421 25.5408 1.8
    endloop
  endfacet
  facet normal -0.869987 0.256718 -0.420973
    outer loop
      vertex 16.6168 25.4554 1.8
      vertex 17.4206 25.2277 0
      vertex 17.4116 25.1972 0
    endloop
  endfacet
  facet normal 0.070941 -0.904274 -0.421018
    outer loop
      vertex 14.8356 28.5105 0
      vertex 14.8223 27.6714 1.8
      vertex 14.7349 28.5026 0
    endloop
  endfacet
  facet normal 0.473532 0.773645 -0.421
    outer loop
      vertex 14.0741 24.555 1.8
      vertex 13.705 23.8014 0
      vertex 13.6189 23.8541 0
    endloop
  endfacet
  facet normal -0.719494 0.55236 -0.420983
    outer loop
      vertex 17.0514 24.4903 0
      vertex 16.3211 24.9109 1.8
      vertex 16.3753 24.9815 1.8
    endloop
  endfacet
  facet normal -0.720112 0.551514 -0.421036
    outer loop
      vertex 16.3211 24.9109 1.8
      vertex 17.0514 24.4903 0
      vertex 17.0321 24.4651 0
    endloop
  endfacet
  facet normal -0.797697 -0.431729 -0.421058
    outer loop
      vertex 17.2593 27.132 0
      vertex 16.4722 26.8308 1.8
      vertex 17.2442 27.1599 0
    endloop
  endfacet
  facet normal -0.797197 -0.432706 -0.421003
    outer loop
      vertex 16.4722 26.8308 1.8
      vertex 17.2593 27.132 0
      vertex 16.5147 26.7525 1.8
    endloop
  endfacet
  facet normal -0.211954 -0.881943 -0.421014
    outer loop
      vertex 15.5272 28.4611 0
      vertex 15.6254 28.4375 0
      vertex 15.3534 27.6436 1.8
    endloop
  endfacet
  facet normal 0.474583 -0.772994 -0.421012
    outer loop
      vertex 13.7321 28.1768 0
      vertex 14.15 27.453 1.8
      vertex 13.6461 28.124 0
    endloop
  endfacet
  facet normal -0.070941 0.904274 -0.421018
    outer loop
      vertex 15.1777 24.2901 1.8
      vertex 15.2651 23.4589 0
      vertex 15.1644 23.451 0
    endloop
  endfacet
  facet normal -0.119884 0.899131 -0.42094
    outer loop
      vertex 15.2651 23.4589 0
      vertex 15.2659 24.3017 1.8
      vertex 15.2966 23.4631 0
    endloop
  endfacet
  facet normal -0.118276 0.899306 -0.421022
    outer loop
      vertex 15.2659 24.3017 1.8
      vertex 15.2651 23.4589 0
      vertex 15.1777 24.2901 1.8
    endloop
  endfacet
  facet normal -0.74775 0.513441 -0.421009
    outer loop
      vertex 17.1266 24.5997 0
      vertex 16.3753 24.9815 1.8
      vertex 16.4257 25.0549 1.8
    endloop
  endfacet
  facet normal -0.747623 0.513634 -0.420997
    outer loop
      vertex 16.3753 24.9815 1.8
      vertex 17.1266 24.5997 0
      vertex 17.1086 24.5735 0
    endloop
  endfacet
  facet normal -0.891888 0.165264 -0.42098
    outer loop
      vertex 17.5045 25.5841 0
      vertex 17.4861 25.4848 0
      vertex 16.6791 25.7148 1.8
    endloop
  endfacet
  facet normal -0.891871 -0.165267 -0.421015
    outer loop
      vertex 17.4861 26.4767 0
      vertex 16.6628 26.3342 1.8
      vertex 17.4803 26.508 0
    endloop
  endfacet
  facet normal -0.891715 -0.166114 -0.421011
    outer loop
      vertex 16.6628 26.3342 1.8
      vertex 17.4861 26.4767 0
      vertex 16.6791 26.2467 1.8
    endloop
  endfacet
  facet normal 0.119884 -0.899131 -0.42094
    outer loop
      vertex 14.7349 28.5026 0
      vertex 14.7341 27.6598 1.8
      vertex 14.7034 28.4984 0
    endloop
  endfacet
  facet normal 0.118276 -0.899306 -0.421022
    outer loop
      vertex 14.7341 27.6598 1.8
      vertex 14.7349 28.5026 0
      vertex 14.8223 27.6714 1.8
    endloop
  endfacet
  facet normal -0.818579 -0.39075 -0.421002
    outer loop
      vertex 17.273 27.1033 0
      vertex 16.5147 26.7525 1.8
      vertex 17.2593 27.132 0
    endloop
  endfacet
  facet normal -0.818703 -0.39049 -0.421003
    outer loop
      vertex 16.5147 26.7525 1.8
      vertex 17.273 27.1033 0
      vertex 16.553 26.6722 1.8
    endloop
  endfacet
  facet normal -0.71946 0.552394 -0.420996
    outer loop
      vertex 17.0321 24.4651 0
      vertex 16.9706 24.385 0
      vertex 16.3211 24.9109 1.8
    endloop
  endfacet
  facet normal 0.899351 0.118148 -0.420962
    outer loop
      vertex 13.3209 25.7148 1.8
      vertex 12.4914 25.6156 0
      vertex 13.3093 25.8031 1.8
    endloop
  endfacet
  facet normal 0.899489 0.117076 -0.420967
    outer loop
      vertex 12.4914 25.6156 0
      vertex 13.3209 25.7148 1.8
      vertex 12.4955 25.5841 0
    endloop
  endfacet
  facet normal 0.904258 0.071362 -0.42098
    outer loop
      vertex 13.3093 25.8031 1.8
      vertex 12.4757 25.7474 0
      vertex 13.3023 25.8918 1.8
    endloop
  endfacet
  facet normal 0.904262 0.071314 -0.420981
    outer loop
      vertex 12.4757 25.7474 0
      vertex 13.3093 25.8031 1.8
      vertex 12.4782 25.7157 0
    endloop
  endfacet
  facet normal -0.117701 -0.899382 -0.42102
    outer loop
      vertex 15.2966 28.4984 0
      vertex 15.3967 28.4853 0
      vertex 15.2659 27.6598 1.8
    endloop
  endfacet
  facet normal -0.747629 -0.513638 -0.420984
    outer loop
      vertex 17.0694 27.445 0
      vertex 16.3753 26.98 1.8
      vertex 17.0514 27.4712 0
    endloop
  endfacet
  facet normal -0.747759 -0.513448 -0.420985
    outer loop
      vertex 16.3753 26.98 1.8
      vertex 17.0694 27.445 0
      vertex 16.4257 26.9066 1.8
    endloop
  endfacet
  facet normal -0.796989 -0.433088 -0.421003
    outer loop
      vertex 17.196 27.2486 0
      vertex 17.2442 27.1599 0
      vertex 16.4722 26.8308 1.8
    endloop
  endfacet
  facet normal 0.658225 -0.624102 -0.420994
    outer loop
      vertex 13.207 27.7738 0
      vertex 13.7979 27.1828 1.8
      vertex 13.1375 27.7005 0
    endloop
  endfacet
  facet normal -0.899489 -0.117076 -0.420967
    outer loop
      vertex 17.5086 26.3459 0
      vertex 16.6791 26.2467 1.8
      vertex 17.5045 26.3774 0
    endloop
  endfacet
  facet normal -0.899334 -0.11828 -0.420962
    outer loop
      vertex 16.6791 26.2467 1.8
      vertex 17.5086 26.3459 0
      vertex 16.6907 26.1585 1.8
    endloop
  endfacet
  facet normal -0.891888 -0.165264 -0.42098
    outer loop
      vertex 17.4861 26.4767 0
      vertex 17.5045 26.3774 0
      vertex 16.6791 26.2467 1.8
    endloop
  endfacet
  facet normal -0.899286 0.118587 -0.420978
    outer loop
      vertex 17.5218 25.7157 0
      vertex 17.5086 25.6156 0
      vertex 16.6907 25.8031 1.8
    endloop
  endfacet
  facet normal -0.904258 0.071362 -0.42098
    outer loop
      vertex 17.5243 25.7474 0
      vertex 16.6907 25.8031 1.8
      vertex 16.6977 25.8918 1.8
    endloop
  endfacet
  facet normal -0.904262 0.071314 -0.420981
    outer loop
      vertex 16.6907 25.8031 1.8
      vertex 17.5243 25.7474 0
      vertex 17.5218 25.7157 0
    endloop
  endfacet
  facet normal 0.553336 -0.718766 -0.420946
    outer loop
      vertex 13.5095 28.0322 0
      vertex 13.9302 27.3019 1.8
      vertex 13.4843 28.0128 0
    endloop
  endfacet
  facet normal 0.552353 -0.719485 -0.421008
    outer loop
      vertex 13.9302 27.3019 1.8
      vertex 13.5095 28.0322 0
      vertex 14.0008 27.3561 1.8
    endloop
  endfacet
  facet normal -0.624548 0.657797 -0.421002
    outer loop
      vertex 16.793 24.1877 0
      vertex 16.7198 24.1182 0
      vertex 16.2021 24.7787 1.8
    endloop
  endfacet
  facet normal -0.256988 -0.869883 -0.421024
    outer loop
      vertex 15.6563 28.4301 0
      vertex 15.5253 27.5976 1.8
      vertex 15.44 27.6228 1.8
    endloop
  endfacet
  facet normal -0.259348 -0.869242 -0.420899
    outer loop
      vertex 15.5253 27.5976 1.8
      vertex 15.6563 28.4301 0
      vertex 15.6868 28.421 0
    endloop
  endfacet
  facet normal 0.773441 0.473847 -0.421021
    outer loop
      vertex 13.5743 25.0549 1.8
      vertex 12.804 24.7129 0
      vertex 13.5278 25.1308 1.8
    endloop
  endfacet
  facet normal 0.773475 0.473789 -0.421024
    outer loop
      vertex 12.804 24.7129 0
      vertex 13.5743 25.0549 1.8
      vertex 12.8206 24.6858 0
    endloop
  endfacet
  facet normal -0.165127 -0.89189 -0.42103
    outer loop
      vertex 15.3967 28.4853 0
      vertex 15.3534 27.6436 1.8
      vertex 15.2659 27.6598 1.8
    endloop
  endfacet
  facet normal -0.16578 -0.891784 -0.420996
    outer loop
      vertex 15.3534 27.6436 1.8
      vertex 15.3967 28.4853 0
      vertex 15.4279 28.4795 0
    endloop
  endfacet
  facet normal 0.869712 0.257655 -0.420968
    outer loop
      vertex 13.3832 25.4554 1.8
      vertex 12.5794 25.2277 0
      vertex 13.3579 25.5408 1.8
    endloop
  endfacet
  facet normal 0.869987 0.256718 -0.420973
    outer loop
      vertex 12.5794 25.2277 0
      vertex 13.3832 25.4554 1.8
      vertex 12.5884 25.1972 0
    endloop
  endfacet
  facet normal 0.891889 -0.16527 -0.420975
    outer loop
      vertex 13.3371 26.3342 1.8
      vertex 12.5139 26.4767 0
      vertex 12.5197 26.508 0
    endloop
  endfacet
  facet normal 0.891915 -0.165132 -0.420975
    outer loop
      vertex 12.5139 26.4767 0
      vertex 13.3371 26.3342 1.8
      vertex 13.3209 26.2467 1.8
    endloop
  endfacet
  facet normal 0.070941 0.904274 -0.421018
    outer loop
      vertex 14.8223 24.2901 1.8
      vertex 14.8356 23.451 0
      vertex 14.7349 23.4589 0
    endloop
  endfacet
  facet normal 0.390497 0.818718 -0.420966
    outer loop
      vertex 13.9686 23.6643 0
      vertex 14.2282 24.466 1.8
      vertex 14.3085 24.4277 1.8
    endloop
  endfacet
  facet normal 0.39076 0.8186 -0.420952
    outer loop
      vertex 14.2282 24.466 1.8
      vertex 13.9686 23.6643 0
      vertex 13.9399 23.678 0
    endloop
  endfacet
  facet normal 0.71946 0.552394 -0.420996
    outer loop
      vertex 13.6789 24.9109 1.8
      vertex 13.0294 24.385 0
      vertex 12.9679 24.4651 0
    endloop
  endfacet
  facet normal 0.022812 -0.906776 -0.420996
    outer loop
      vertex 14.8991 28.5138 0
      vertex 14.911 27.6784 1.8
      vertex 14.8673 28.513 0
    endloop
  endfacet
  facet normal 0.0244513 -0.906737 -0.420988
    outer loop
      vertex 14.911 27.6784 1.8
      vertex 14.8991 28.5138 0
      vertex 15 27.6808 1.8
    endloop
  endfacet
  facet normal -0.211108 0.882161 -0.420983
    outer loop
      vertex 15.6254 23.524 0
      vertex 15.5272 23.5005 0
      vertex 15.3534 24.3179 1.8
    endloop
  endfacet
  facet normal 0.21125 -0.882112 -0.421013
    outer loop
      vertex 14.3746 28.4375 0
      vertex 14.56 27.6228 1.8
      vertex 14.3437 28.4301 0
    endloop
  endfacet
  facet normal 0.212068 -0.881918 -0.421009
    outer loop
      vertex 14.56 27.6228 1.8
      vertex 14.3746 28.4375 0
      vertex 14.6465 27.6436 1.8
    endloop
  endfacet
  facet normal 0.302687 -0.855069 -0.420996
    outer loop
      vertex 14.2164 28.3924 0
      vertex 14.4747 27.5976 1.8
      vertex 14.1212 28.3587 0
    endloop
  endfacet
  facet normal 0.552391 0.719456 -0.421008
    outer loop
      vertex 14.0008 24.6054 1.8
      vertex 13.5095 23.9293 0
      vertex 13.4294 23.9908 0
    endloop
  endfacet
  facet normal -0.65693 -0.625512 -0.420925
    outer loop
      vertex 16.8844 27.6775 0
      vertex 16.2021 27.1828 1.8
      vertex 16.8625 27.7005 0
    endloop
  endfacet
  facet normal -0.657998 -0.624333 -0.421006
    outer loop
      vertex 16.2021 27.1828 1.8
      vertex 16.8844 27.6775 0
      vertex 16.2633 27.1183 1.8
    endloop
  endfacet
  facet normal 0.433093 0.796999 -0.420978
    outer loop
      vertex 14.2282 24.466 1.8
      vertex 13.8488 23.7214 0
      vertex 13.7601 23.7696 0
    endloop
  endfacet
  facet normal 0.869754 -0.257493 -0.420981
    outer loop
      vertex 13.3832 26.5061 1.8
      vertex 12.5794 26.7339 0
      vertex 12.5884 26.7643 0
    endloop
  endfacet
  facet normal 0.869625 -0.257931 -0.420979
    outer loop
      vertex 12.5794 26.7339 0
      vertex 13.3832 26.5061 1.8
      vertex 13.3579 26.4208 1.8
    endloop
  endfacet
  facet normal -0.433093 0.796999 -0.420978
    outer loop
      vertex 16.2399 23.7696 0
      vertex 16.1512 23.7214 0
      vertex 15.7718 24.466 1.8
    endloop
  endfacet
  facet normal 0.588604 -0.690149 -0.420999
    outer loop
      vertex 13.3801 27.9307 0
      vertex 13.8625 27.2441 1.8
      vertex 13.3033 27.8652 0
    endloop
  endfacet
  facet normal 0.624097 -0.658221 -0.421009
    outer loop
      vertex 13.3033 27.8652 0
      vertex 13.8625 27.2441 1.8
      vertex 13.23 27.7957 0
    endloop
  endfacet
  facet normal 0.118587 0.899281 -0.420988
    outer loop
      vertex 14.7341 24.3017 1.8
      vertex 14.7034 23.4631 0
      vertex 14.6033 23.4763 0
    endloop
  endfacet
  facet normal 0.720112 -0.551514 -0.421036
    outer loop
      vertex 13.6789 27.0506 1.8
      vertex 12.9486 27.4712 0
      vertex 12.9679 27.4964 0
    endloop
  endfacet
  facet normal 0.719494 -0.55236 -0.420983
    outer loop
      vertex 12.9486 27.4712 0
      vertex 13.6789 27.0506 1.8
      vertex 13.6247 26.98 1.8
    endloop
  endfacet
  facet normal 0.118276 0.899306 -0.421022
    outer loop
      vertex 14.7349 23.4589 0
      vertex 14.7341 24.3017 1.8
      vertex 14.8223 24.2901 1.8
    endloop
  endfacet
  facet normal 0.119884 0.899131 -0.42094
    outer loop
      vertex 14.7341 24.3017 1.8
      vertex 14.7349 23.4589 0
      vertex 14.7034 23.4631 0
    endloop
  endfacet
  facet normal 0.747629 -0.513638 -0.420984
    outer loop
      vertex 13.6247 26.98 1.8
      vertex 12.9306 27.445 0
      vertex 12.9486 27.4712 0
    endloop
  endfacet
  facet normal 0.747759 -0.513448 -0.420985
    outer loop
      vertex 12.9306 27.445 0
      vertex 13.6247 26.98 1.8
      vertex 13.5743 26.9066 1.8
    endloop
  endfacet
  facet normal 0.891888 -0.165264 -0.42098
    outer loop
      vertex 12.5139 26.4767 0
      vertex 13.3209 26.2467 1.8
      vertex 12.4955 26.3774 0
    endloop
  endfacet
  facet normal -0.473936 0.773407 -0.420983
    outer loop
      vertex 16.381 23.8541 0
      vertex 16.295 23.8014 0
      vertex 15.9259 24.555 1.8
    endloop
  endfacet
  facet normal 0.882115 -0.211251 -0.421006
    outer loop
      vertex 13.3579 26.4208 1.8
      vertex 12.5197 26.508 0
      vertex 12.5271 26.5389 0
    endloop
  endfacet
  facet normal 0.881988 -0.21184 -0.420975
    outer loop
      vertex 12.5197 26.508 0
      vertex 13.3579 26.4208 1.8
      vertex 13.3371 26.3342 1.8
    endloop
  endfacet
  facet normal -0.259333 0.869193 -0.421011
    outer loop
      vertex 15.7531 23.5601 0
      vertex 15.5253 24.364 1.8
      vertex 15.7836 23.5692 0
    endloop
  endfacet
  facet normal -0.257926 0.869608 -0.421018
    outer loop
      vertex 15.5253 24.364 1.8
      vertex 15.7531 23.5601 0
      vertex 15.44 24.3387 1.8
    endloop
  endfacet
  facet normal 0.589131 0.689714 -0.420975
    outer loop
      vertex 13.8625 24.7174 1.8
      vertex 13.3801 24.0308 0
      vertex 13.3033 24.0964 0
    endloop
  endfacet
  facet normal 0.211955 -0.881947 -0.421005
    outer loop
      vertex 14.4728 28.4611 0
      vertex 14.6465 27.6436 1.8
      vertex 14.3746 28.4375 0
    endloop
  endfacet
  facet normal 0.39012 0.818892 -0.420977
    outer loop
      vertex 14.2282 24.466 1.8
      vertex 13.9399 23.678 0
      vertex 13.8488 23.7214 0
    endloop
  endfacet
  facet normal 0.39085 -0.81854 -0.420985
    outer loop
      vertex 13.9399 28.2836 0
      vertex 14.2282 27.4955 1.8
      vertex 13.8488 28.2401 0
    endloop
  endfacet
  facet normal -0.818699 -0.390498 -0.421004
    outer loop
      vertex 17.273 27.1033 0
      vertex 17.3165 27.0121 0
      vertex 16.553 26.6722 1.8
    endloop
  endfacet
  facet normal -0.838161 -0.346763 -0.421
    outer loop
      vertex 17.3165 27.0121 0
      vertex 17.3551 26.9188 0
      vertex 16.553 26.6722 1.8
    endloop
  endfacet
  facet normal -0.588604 -0.690149 -0.420999
    outer loop
      vertex 16.6199 27.9307 0
      vertex 16.6967 27.8652 0
      vertex 16.1375 27.2441 1.8
    endloop
  endfacet
  facet normal 0.513632 -0.74762 -0.421007
    outer loop
      vertex 13.5357 28.0502 0
      vertex 14.0008 27.3561 1.8
      vertex 13.5095 28.0322 0
    endloop
  endfacet
  facet normal 0.513918 -0.747424 -0.421006
    outer loop
      vertex 14.0008 27.3561 1.8
      vertex 13.5357 28.0502 0
      vertex 14.0741 27.4065 1.8
    endloop
  endfacet
  facet normal -0.257014 -0.869893 -0.420987
    outer loop
      vertex 15.6868 28.421 0
      vertex 15.7836 28.3924 0
      vertex 15.5253 27.5976 1.8
    endloop
  endfacet
  facet normal -0.433093 -0.796999 -0.420978
    outer loop
      vertex 16.1512 28.2401 0
      vertex 16.2399 28.1919 0
      vertex 15.7718 27.4955 1.8
    endloop
  endfacet
  facet normal 0.719494 0.55236 -0.420983
    outer loop
      vertex 13.6789 24.9109 1.8
      vertex 12.9486 24.4903 0
      vertex 13.6247 24.9815 1.8
    endloop
  endfacet
  facet normal 0.720112 0.551514 -0.421036
    outer loop
      vertex 12.9486 24.4903 0
      vertex 13.6789 24.9109 1.8
      vertex 12.9679 24.4651 0
    endloop
  endfacet
  facet normal 0.869654 -0.257842 -0.420975
    outer loop
      vertex 12.5794 26.7339 0
      vertex 13.3579 26.4208 1.8
      vertex 12.5507 26.6371 0
    endloop
  endfacet
  facet normal -0.34634 -0.838347 -0.420978
    outer loop
      vertex 16.002 28.3094 0
      vertex 15.6915 27.5338 1.8
      vertex 15.6092 27.5678 1.8
    endloop
  endfacet
  facet normal -0.345223 -0.838806 -0.420983
    outer loop
      vertex 15.6915 27.5338 1.8
      vertex 16.002 28.3094 0
      vertex 16.0314 28.2973 0
    endloop
  endfacet
  facet normal -0.347526 -0.837833 -0.421025
    outer loop
      vertex 15.9087 28.3481 0
      vertex 16.002 28.3094 0
      vertex 15.6092 27.5678 1.8
    endloop
  endfacet
  facet normal 0.259348 -0.869242 -0.420899
    outer loop
      vertex 14.3437 28.4301 0
      vertex 14.4747 27.5976 1.8
      vertex 14.3132 28.421 0
    endloop
  endfacet
  facet normal 0.256988 -0.869883 -0.421024
    outer loop
      vertex 14.4747 27.5976 1.8
      vertex 14.3437 28.4301 0
      vertex 14.56 27.6228 1.8
    endloop
  endfacet
  facet normal 0.117701 -0.899382 -0.42102
    outer loop
      vertex 14.7034 28.4984 0
      vertex 14.7341 27.6598 1.8
      vertex 14.6033 28.4853 0
    endloop
  endfacet
  facet normal -0.302687 -0.855069 -0.420996
    outer loop
      vertex 15.7836 28.3924 0
      vertex 15.8788 28.3587 0
      vertex 15.5253 27.5976 1.8
    endloop
  endfacet
  facet normal -0.899351 0.118148 -0.420962
    outer loop
      vertex 17.5086 25.6156 0
      vertex 16.6791 25.7148 1.8
      vertex 16.6907 25.8031 1.8
    endloop
  endfacet
  facet normal -0.899489 0.117076 -0.420967
    outer loop
      vertex 16.6791 25.7148 1.8
      vertex 17.5086 25.6156 0
      vertex 17.5045 25.5841 0
    endloop
  endfacet
  facet normal 0.164949 0.891948 -0.420976
    outer loop
      vertex 14.504 23.4947 0
      vertex 14.6465 24.3179 1.8
      vertex 14.7341 24.3017 1.8
    endloop
  endfacet
  facet normal 0.165782 0.891795 -0.420972
    outer loop
      vertex 14.6465 24.3179 1.8
      vertex 14.504 23.4947 0
      vertex 14.4728 23.5005 0
    endloop
  endfacet
  facet normal -0.39076 0.8186 -0.420952
    outer loop
      vertex 16.0314 23.6643 0
      vertex 15.7718 24.466 1.8
      vertex 16.0601 23.678 0
    endloop
  endfacet
  facet normal -0.390497 0.818718 -0.420966
    outer loop
      vertex 15.7718 24.466 1.8
      vertex 16.0314 23.6643 0
      vertex 15.6915 24.4277 1.8
    endloop
  endfacet
  facet normal -0.588957 -0.689834 -0.421021
    outer loop
      vertex 16.5958 27.9514 0
      vertex 16.1375 27.2441 1.8
      vertex 16.0698 27.3019 1.8
    endloop
  endfacet
  facet normal -0.591048 -0.688128 -0.420883
    outer loop
      vertex 16.1375 27.2441 1.8
      vertex 16.5958 27.9514 0
      vertex 16.6199 27.9307 0
    endloop
  endfacet
  facet normal 0.624371 0.657983 -0.420975
    outer loop
      vertex 13.3033 24.0964 0
      vertex 13.7979 24.7787 1.8
      vertex 13.8625 24.7174 1.8
    endloop
  endfacet
  facet normal 0.622526 0.659649 -0.4211
    outer loop
      vertex 13.7979 24.7787 1.8
      vertex 13.3033 24.0964 0
      vertex 13.2802 24.1182 0
    endloop
  endfacet
  facet normal 0.689708 -0.589125 -0.420992
    outer loop
      vertex 13.095 27.6533 0
      vertex 13.6789 27.0506 1.8
      vertex 13.0294 27.5765 0
    endloop
  endfacet
  facet normal 0.797697 -0.431729 -0.421058
    outer loop
      vertex 13.5278 26.8308 1.8
      vertex 12.7407 27.132 0
      vertex 12.7558 27.1599 0
    endloop
  endfacet
  facet normal 0.797197 -0.432706 -0.421003
    outer loop
      vertex 12.7407 27.132 0
      vertex 13.5278 26.8308 1.8
      vertex 13.4853 26.7525 1.8
    endloop
  endfacet
  facet normal 0.818579 -0.39075 -0.421002
    outer loop
      vertex 13.4853 26.7525 1.8
      vertex 12.727 27.1033 0
      vertex 12.7407 27.132 0
    endloop
  endfacet
  facet normal 0.818703 -0.39049 -0.421003
    outer loop
      vertex 12.727 27.1033 0
      vertex 13.4853 26.7525 1.8
      vertex 13.447 26.6722 1.8
    endloop
  endfacet
  facet normal -0.552391 0.719456 -0.421008
    outer loop
      vertex 16.5706 23.9908 0
      vertex 16.4905 23.9293 0
      vertex 15.9992 24.6054 1.8
    endloop
  endfacet
  facet normal 0.71946 -0.552394 -0.420996
    outer loop
      vertex 13.0294 27.5765 0
      vertex 13.6789 27.0506 1.8
      vertex 12.9679 27.4964 0
    endloop
  endfacet
  facet normal 0.345223 -0.838806 -0.420983
    outer loop
      vertex 13.998 28.3094 0
      vertex 14.3085 27.5338 1.8
      vertex 13.9686 28.2973 0
    endloop
  endfacet
  facet normal 0.34634 -0.838347 -0.420978
    outer loop
      vertex 14.3085 27.5338 1.8
      vertex 13.998 28.3094 0
      vertex 14.3908 27.5678 1.8
    endloop
  endfacet
  facet normal 0.513875 0.747455 -0.421004
    outer loop
      vertex 14.0741 24.555 1.8
      vertex 13.6189 23.8541 0
      vertex 13.5357 23.9113 0
    endloop
  endfacet
  facet normal -0.513461 0.74775 -0.420985
    outer loop
      vertex 16.4643 23.9113 0
      vertex 16.381 23.8541 0
      vertex 15.9259 24.555 1.8
    endloop
  endfacet
  facet normal 0.302688 0.855069 -0.420996
    outer loop
      vertex 14.2164 23.5692 0
      vertex 14.3908 24.3937 1.8
      vertex 14.4747 24.364 1.8
    endloop
  endfacet
  facet normal 0.303088 0.854937 -0.420975
    outer loop
      vertex 14.3908 24.3937 1.8
      vertex 14.2164 23.5692 0
      vertex 14.1865 23.5798 0
    endloop
  endfacet
  facet normal 0.74775 0.513441 -0.421009
    outer loop
      vertex 13.6247 24.9815 1.8
      vertex 12.8734 24.5997 0
      vertex 13.5743 25.0549 1.8
    endloop
  endfacet
  facet normal 0.747623 0.513634 -0.420997
    outer loop
      vertex 12.8734 24.5997 0
      vertex 13.6247 24.9815 1.8
      vertex 12.8914 24.5735 0
    endloop
  endfacet
  facet normal 0.773483 -0.473794 -0.421003
    outer loop
      vertex 13.5743 26.9066 1.8
      vertex 12.8568 27.3347 0
      vertex 12.8734 27.3618 0
    endloop
  endfacet
  facet normal 0.77317 -0.474306 -0.421
    outer loop
      vertex 12.8568 27.3347 0
      vertex 13.5743 26.9066 1.8
      vertex 13.5278 26.8308 1.8
    endloop
  endfacet
  facet normal 0.390753 -0.818584 -0.420989
    outer loop
      vertex 13.9686 28.2973 0
      vertex 14.2282 27.4955 1.8
      vertex 13.9399 28.2836 0
    endloop
  endfacet
  facet normal 0.390489 -0.818703 -0.421004
    outer loop
      vertex 14.2282 27.4955 1.8
      vertex 13.9686 28.2973 0
      vertex 14.3085 27.5338 1.8
    endloop
  endfacet
  facet normal 0.346336 0.838338 -0.420999
    outer loop
      vertex 14.0913 23.6135 0
      vertex 14.3085 24.4277 1.8
      vertex 14.3908 24.3937 1.8
    endloop
  endfacet
  facet normal 0.345209 0.838772 -0.42106
    outer loop
      vertex 14.3085 24.4277 1.8
      vertex 14.0913 23.6135 0
      vertex 14.0619 23.6256 0
    endloop
  endfacet
  facet normal -0.622526 0.659649 -0.4211
    outer loop
      vertex 16.6967 24.0964 0
      vertex 16.2021 24.7787 1.8
      vertex 16.7198 24.1182 0
    endloop
  endfacet
  facet normal -0.624371 0.657983 -0.420975
    outer loop
      vertex 16.2021 24.7787 1.8
      vertex 16.6967 24.0964 0
      vertex 16.1375 24.7174 1.8
    endloop
  endfacet
  facet normal -0.589131 0.689714 -0.420975
    outer loop
      vertex 16.6967 24.0964 0
      vertex 16.6199 24.0308 0
      vertex 16.1375 24.7174 1.8
    endloop
  endfacet
  facet normal -0.551521 0.720121 -0.42101
    outer loop
      vertex 16.5706 23.9908 0
      vertex 16.0698 24.6596 1.8
      vertex 16.5958 24.0101 0
    endloop
  endfacet
  facet normal -0.552353 0.719486 -0.421006
    outer loop
      vertex 16.0698 24.6596 1.8
      vertex 16.5706 23.9908 0
      vertex 15.9992 24.6054 1.8
    endloop
  endfacet
  facet normal -0.513632 0.74762 -0.421007
    outer loop
      vertex 16.4643 23.9113 0
      vertex 15.9992 24.6054 1.8
      vertex 16.4905 23.9293 0
    endloop
  endfacet
  facet normal -0.513918 0.747424 -0.421006
    outer loop
      vertex 15.9992 24.6054 1.8
      vertex 16.4643 23.9113 0
      vertex 15.9259 24.555 1.8
    endloop
  endfacet
  facet normal 0.747455 -0.513875 -0.421004
    outer loop
      vertex 12.9306 27.445 0
      vertex 13.5743 26.9066 1.8
      vertex 12.8734 27.3618 0
    endloop
  endfacet
  facet normal 0.747461 0.513879 -0.420987
    outer loop
      vertex 13.6247 24.9815 1.8
      vertex 12.9486 24.4903 0
      vertex 12.8914 24.5735 0
    endloop
  endfacet
  facet normal 0.690706 -0.587956 -0.42099
    outer loop
      vertex 13.7367 27.1183 1.8
      vertex 13.095 27.6533 0
      vertex 13.1156 27.6775 0
    endloop
  endfacet
  facet normal 0.689847 -0.588968 -0.420985
    outer loop
      vertex 13.095 27.6533 0
      vertex 13.7367 27.1183 1.8
      vertex 13.6789 27.0506 1.8
    endloop
  endfacet
  facet normal 0.513918 0.747424 -0.421006
    outer loop
      vertex 13.5357 23.9113 0
      vertex 14.0008 24.6054 1.8
      vertex 14.0741 24.555 1.8
    endloop
  endfacet
  facet normal 0.513632 0.74762 -0.421007
    outer loop
      vertex 14.0008 24.6054 1.8
      vertex 13.5357 23.9113 0
      vertex 13.5095 23.9293 0
    endloop
  endfacet
  facet normal 0.430549 -0.798369 -0.420992
    outer loop
      vertex 13.7601 28.1919 0
      vertex 14.15 27.453 1.8
      vertex 13.7321 28.1768 0
    endloop
  endfacet
  facet normal 0.433138 -0.796974 -0.42098
    outer loop
      vertex 14.15 27.453 1.8
      vertex 13.7601 28.1919 0
      vertex 14.2282 27.4955 1.8
    endloop
  endfacet
  facet normal 0.657998 0.624333 -0.421006
    outer loop
      vertex 13.7979 24.7787 1.8
      vertex 13.1156 24.284 0
      vertex 13.7367 24.8432 1.8
    endloop
  endfacet
  facet normal 0.65693 0.625512 -0.420925
    outer loop
      vertex 13.1156 24.284 0
      vertex 13.7979 24.7787 1.8
      vertex 13.1375 24.261 0
    endloop
  endfacet
  facet normal 0.182246 0.983253 -0
    outer loop
      vertex -0.719598 -4.54337 0
      vertex -0.956393 -4.49948 5
      vertex -0.719598 -4.54337 5
    endloop
  endfacet
  facet normal 0.182246 0.983253 0
    outer loop
      vertex -0.956393 -4.49948 5
      vertex -0.719598 -4.54337 0
      vertex -0.956393 -4.49948 0
    endloop
  endfacet
  facet normal 0.522521 -0.852626 0
    outer loop
      vertex -2.50534 3.85788 0
      vertex -2.3 3.98372 5
      vertex -2.50534 3.85788 5
    endloop
  endfacet
  facet normal 0.522521 -0.852626 0
    outer loop
      vertex -2.3 3.98372 5
      vertex -2.50534 3.85788 0
      vertex -2.3 3.98372 0
    endloop
  endfacet
  facet normal -0.333813 -0.942639 0
    outer loop
      vertex 1.42148 4.37486 0
      vertex 1.64849 4.29447 5
      vertex 1.42148 4.37486 5
    endloop
  endfacet
  facet normal -0.333813 -0.942639 -0
    outer loop
      vertex 1.64849 4.29447 5
      vertex 1.42148 4.37486 0
      vertex 1.64849 4.29447 0
    endloop
  endfacet
  facet normal 0.923883 -0.382675 0
    outer loop
      vertex -4.29447 1.64849 5
      vertex -4.20231 1.87099 0
      vertex -4.20231 1.87099 5
    endloop
  endfacet
  facet normal 0.923883 -0.382675 0
    outer loop
      vertex -4.20231 1.87099 0
      vertex -4.29447 1.64849 5
      vertex -4.29447 1.64849 0
    endloop
  endfacet
  facet normal -0.996916 0.0784793 0
    outer loop
      vertex 4.5748 -0.48083 0
      vertex 4.5937 -0.240745 5
      vertex 4.5937 -0.240745 0
    endloop
  endfacet
  facet normal -0.996916 0.0784793 0
    outer loop
      vertex 4.5937 -0.240745 5
      vertex 4.5748 -0.48083 0
      vertex 4.5748 -0.48083 5
    endloop
  endfacet
  facet normal 0.824135 -0.566393 0
    outer loop
      vertex -3.85788 2.50534 5
      vertex -3.72148 2.70381 0
      vertex -3.72148 2.70381 5
    endloop
  endfacet
  facet normal 0.824135 -0.566393 0
    outer loop
      vertex -3.72148 2.70381 0
      vertex -3.85788 2.50534 5
      vertex -3.85788 2.50534 0
    endloop
  endfacet
  facet normal 0.566393 -0.824135 0
    outer loop
      vertex -2.70381 3.72148 0
      vertex -2.50534 3.85788 5
      vertex -2.70381 3.72148 5
    endloop
  endfacet
  facet normal 0.566393 -0.824135 0
    outer loop
      vertex -2.50534 3.85788 5
      vertex -2.70381 3.72148 0
      vertex -2.50534 3.85788 0
    endloop
  endfacet
  facet normal 0.983253 0.182246 0
    outer loop
      vertex -4.49948 -0.956393 5
      vertex -4.54337 -0.719598 0
      vertex -4.54337 -0.719598 5
    endloop
  endfacet
  facet normal 0.983253 0.182246 0
    outer loop
      vertex -4.54337 -0.719598 0
      vertex -4.49948 -0.956393 5
      vertex -4.49948 -0.956393 0
    endloop
  endfacet
  facet normal -0.522521 -0.852626 0
    outer loop
      vertex 2.3 3.98372 0
      vertex 2.50534 3.85788 5
      vertex 2.3 3.98372 5
    endloop
  endfacet
  facet normal -0.522521 -0.852626 -0
    outer loop
      vertex 2.50534 3.85788 5
      vertex 2.3 3.98372 0
      vertex 2.50534 3.85788 0
    endloop
  endfacet
  facet normal -0.430511 -0.902586 0
    outer loop
      vertex 1.87099 4.20231 0
      vertex 2.08836 4.09863 5
      vertex 1.87099 4.20231 5
    endloop
  endfacet
  facet normal -0.430511 -0.902586 -0
    outer loop
      vertex 2.08836 4.09863 5
      vertex 1.87099 4.20231 0
      vertex 2.08836 4.09863 0
    endloop
  endfacet
  facet normal -0.649429 0.760422 0
    outer loop
      vertex 3.078 -3.41847 0
      vertex 2.89487 -3.57487 5
      vertex 3.078 -3.41847 5
    endloop
  endfacet
  facet normal -0.649429 0.760422 0
    outer loop
      vertex 2.89487 -3.57487 5
      vertex 3.078 -3.41847 0
      vertex 2.89487 -3.57487 0
    endloop
  endfacet
  facet normal -0.824135 0.566393 0
    outer loop
      vertex 3.72148 -2.70381 0
      vertex 3.85788 -2.50534 5
      vertex 3.85788 -2.50534 0
    endloop
  endfacet
  facet normal -0.824135 0.566393 0
    outer loop
      vertex 3.85788 -2.50534 5
      vertex 3.72148 -2.70381 0
      vertex 3.72148 -2.70381 5
    endloop
  endfacet
  facet normal -0.725363 -0.688366 0
    outer loop
      vertex 3.41847 3.078 0
      vertex 3.25269 3.25269 5
      vertex 3.25269 3.25269 0
    endloop
  endfacet
  facet normal -0.725363 -0.688366 0
    outer loop
      vertex 3.25269 3.25269 5
      vertex 3.41847 3.078 0
      vertex 3.41847 3.078 5
    endloop
  endfacet
  facet normal -0.983253 0.182246 0
    outer loop
      vertex 4.49948 -0.956393 0
      vertex 4.54337 -0.719598 5
      vertex 4.54337 -0.719598 0
    endloop
  endfacet
  facet normal -0.983253 0.182246 0
    outer loop
      vertex 4.54337 -0.719598 5
      vertex 4.49948 -0.956393 0
      vertex 4.49948 -0.956393 5
    endloop
  endfacet
  facet normal -0.130508 -0.991447 0
    outer loop
      vertex 0.48083 4.5748 0
      vertex 0.719598 4.54337 5
      vertex 0.48083 4.5748 5
    endloop
  endfacet
  facet normal -0.130508 -0.991447 -0
    outer loop
      vertex 0.719598 4.54337 5
      vertex 0.48083 4.5748 0
      vertex 0.719598 4.54337 0
    endloop
  endfacet
  facet normal -0.852626 -0.522521 0
    outer loop
      vertex 3.98372 2.3 0
      vertex 3.85788 2.50534 5
      vertex 3.85788 2.50534 0
    endloop
  endfacet
  facet normal -0.852626 -0.522521 0
    outer loop
      vertex 3.85788 2.50534 5
      vertex 3.98372 2.3 0
      vertex 3.98372 2.3 5
    endloop
  endfacet
  facet normal 0.608773 0.793344 -0
    outer loop
      vertex -2.70381 -3.72148 0
      vertex -2.89487 -3.57487 5
      vertex -2.70381 -3.72148 5
    endloop
  endfacet
  facet normal 0.608773 0.793344 0
    outer loop
      vertex -2.89487 -3.57487 5
      vertex -2.70381 -3.72148 0
      vertex -2.89487 -3.57487 0
    endloop
  endfacet
  facet normal 0.477155 -0.878819 0
    outer loop
      vertex -2.3 3.98372 0
      vertex -2.08836 4.09863 5
      vertex -2.3 3.98372 5
    endloop
  endfacet
  facet normal 0.477155 -0.878819 0
    outer loop
      vertex -2.08836 4.09863 5
      vertex -2.3 3.98372 0
      vertex -2.08836 4.09863 0
    endloop
  endfacet
  facet normal 0.999658 0.0261598 0
    outer loop
      vertex -4.5937 -0.240745 5
      vertex -4.6 0 0
      vertex -4.6 0 5
    endloop
  endfacet
  facet normal 0.999658 0.0261598 0
    outer loop
      vertex -4.6 0 0
      vertex -4.5937 -0.240745 5
      vertex -4.5937 -0.240745 0
    endloop
  endfacet
  facet normal 0.0784793 0.996916 -0
    outer loop
      vertex -0.240745 -4.5937 0
      vertex -0.48083 -4.5748 5
      vertex -0.240745 -4.5937 5
    endloop
  endfacet
  facet normal 0.0784793 0.996916 0
    outer loop
      vertex -0.48083 -4.5748 5
      vertex -0.240745 -4.5937 0
      vertex -0.48083 -4.5748 0
    endloop
  endfacet
  facet normal -0.902586 0.430511 0
    outer loop
      vertex 4.09863 -2.08836 0
      vertex 4.20231 -1.87099 5
      vertex 4.20231 -1.87099 0
    endloop
  endfacet
  facet normal -0.902586 0.430511 0
    outer loop
      vertex 4.20231 -1.87099 5
      vertex 4.09863 -2.08836 0
      vertex 4.09863 -2.08836 5
    endloop
  endfacet
  facet normal 0.902586 -0.430511 0
    outer loop
      vertex -4.20231 1.87099 5
      vertex -4.09863 2.08836 0
      vertex -4.09863 2.08836 5
    endloop
  endfacet
  facet normal 0.902586 -0.430511 0
    outer loop
      vertex -4.09863 2.08836 0
      vertex -4.20231 1.87099 5
      vertex -4.20231 1.87099 0
    endloop
  endfacet
  facet normal 0.852626 -0.522521 0
    outer loop
      vertex -3.98372 2.3 5
      vertex -3.85788 2.50534 0
      vertex -3.85788 2.50534 5
    endloop
  endfacet
  facet normal 0.852626 -0.522521 0
    outer loop
      vertex -3.85788 2.50534 0
      vertex -3.98372 2.3 5
      vertex -3.98372 2.3 0
    endloop
  endfacet
  facet normal -0.0784793 -0.996916 0
    outer loop
      vertex 0.240745 4.5937 0
      vertex 0.48083 4.5748 5
      vertex 0.240745 4.5937 5
    endloop
  endfacet
  facet normal -0.0784793 -0.996916 -0
    outer loop
      vertex 0.48083 4.5748 5
      vertex 0.240745 4.5937 0
      vertex 0.48083 4.5748 0
    endloop
  endfacet
  facet normal 0.649429 -0.760422 0
    outer loop
      vertex -3.078 3.41847 0
      vertex -2.89487 3.57487 5
      vertex -3.078 3.41847 5
    endloop
  endfacet
  facet normal 0.649429 -0.760422 0
    outer loop
      vertex -2.89487 3.57487 5
      vertex -3.078 3.41847 0
      vertex -2.89487 3.57487 0
    endloop
  endfacet
  facet normal -0.999658 0.0261598 0
    outer loop
      vertex 4.5937 -0.240745 0
      vertex 4.6 0 5
      vertex 4.6 0 0
    endloop
  endfacet
  facet normal -0.999658 0.0261598 0
    outer loop
      vertex 4.6 0 5
      vertex 4.5937 -0.240745 0
      vertex 4.5937 -0.240745 5
    endloop
  endfacet
  facet normal -0.991447 -0.130508 0
    outer loop
      vertex 4.5748 0.48083 0
      vertex 4.54337 0.719598 5
      vertex 4.54337 0.719598 0
    endloop
  endfacet
  facet normal -0.991447 -0.130508 0
    outer loop
      vertex 4.54337 0.719598 5
      vertex 4.5748 0.48083 0
      vertex 4.5748 0.48083 5
    endloop
  endfacet
  facet normal 0.28402 0.958818 -0
    outer loop
      vertex -1.19057 -4.44326 0
      vertex -1.42148 -4.37486 5
      vertex -1.19057 -4.44326 5
    endloop
  endfacet
  facet normal 0.28402 0.958818 0
    outer loop
      vertex -1.42148 -4.37486 5
      vertex -1.19057 -4.44326 0
      vertex -1.42148 -4.37486 0
    endloop
  endfacet
  facet normal 0.130508 0.991447 -0
    outer loop
      vertex -0.48083 -4.5748 0
      vertex -0.719598 -4.54337 5
      vertex -0.48083 -4.5748 5
    endloop
  endfacet
  facet normal 0.130508 0.991447 0
    outer loop
      vertex -0.719598 -4.54337 5
      vertex -0.48083 -4.5748 0
      vertex -0.719598 -4.54337 0
    endloop
  endfacet
  facet normal -0.991447 0.130508 0
    outer loop
      vertex 4.54337 -0.719598 0
      vertex 4.5748 -0.48083 5
      vertex 4.5748 -0.48083 0
    endloop
  endfacet
  facet normal -0.991447 0.130508 0
    outer loop
      vertex 4.5748 -0.48083 5
      vertex 4.54337 -0.719598 0
      vertex 4.54337 -0.719598 5
    endloop
  endfacet
  facet normal -0.477155 0.878819 0
    outer loop
      vertex 2.3 -3.98372 0
      vertex 2.08836 -4.09863 5
      vertex 2.3 -3.98372 5
    endloop
  endfacet
  facet normal -0.477155 0.878819 0
    outer loop
      vertex 2.08836 -4.09863 5
      vertex 2.3 -3.98372 0
      vertex 2.08836 -4.09863 0
    endloop
  endfacet
  facet normal -0.28402 -0.958818 0
    outer loop
      vertex 1.19057 4.44326 0
      vertex 1.42148 4.37486 5
      vertex 1.19057 4.44326 5
    endloop
  endfacet
  facet normal -0.28402 -0.958818 -0
    outer loop
      vertex 1.42148 4.37486 5
      vertex 1.19057 4.44326 0
      vertex 1.42148 4.37486 0
    endloop
  endfacet
  facet normal -0.28402 0.958818 0
    outer loop
      vertex 1.42148 -4.37486 0
      vertex 1.19057 -4.44326 5
      vertex 1.42148 -4.37486 5
    endloop
  endfacet
  facet normal -0.28402 0.958818 0
    outer loop
      vertex 1.19057 -4.44326 5
      vertex 1.42148 -4.37486 0
      vertex 1.19057 -4.44326 0
    endloop
  endfacet
  facet normal -0.996916 -0.0784793 0
    outer loop
      vertex 4.5937 0.240745 0
      vertex 4.5748 0.48083 5
      vertex 4.5748 0.48083 0
    endloop
  endfacet
  facet normal -0.996916 -0.0784793 0
    outer loop
      vertex 4.5748 0.48083 5
      vertex 4.5937 0.240745 0
      vertex 4.5937 0.240745 5
    endloop
  endfacet
  facet normal 0.760422 0.649429 0
    outer loop
      vertex -3.41847 -3.078 5
      vertex -3.57487 -2.89487 0
      vertex -3.57487 -2.89487 5
    endloop
  endfacet
  facet normal 0.760422 0.649429 0
    outer loop
      vertex -3.57487 -2.89487 0
      vertex -3.41847 -3.078 5
      vertex -3.41847 -3.078 0
    endloop
  endfacet
  facet normal -0.0784793 0.996916 0
    outer loop
      vertex 0.48083 -4.5748 0
      vertex 0.240745 -4.5937 5
      vertex 0.48083 -4.5748 5
    endloop
  endfacet
  facet normal -0.0784793 0.996916 0
    outer loop
      vertex 0.240745 -4.5937 5
      vertex 0.48083 -4.5748 0
      vertex 0.240745 -4.5937 0
    endloop
  endfacet
  facet normal -0.793344 0.608773 0
    outer loop
      vertex 3.57487 -2.89487 0
      vertex 3.72148 -2.70381 5
      vertex 3.72148 -2.70381 0
    endloop
  endfacet
  facet normal -0.793344 0.608773 0
    outer loop
      vertex 3.72148 -2.70381 5
      vertex 3.57487 -2.89487 0
      vertex 3.57487 -2.89487 5
    endloop
  endfacet
  facet normal 0.958818 0.28402 0
    outer loop
      vertex -4.37486 -1.42148 5
      vertex -4.44326 -1.19057 0
      vertex -4.44326 -1.19057 5
    endloop
  endfacet
  facet normal 0.958818 0.28402 0
    outer loop
      vertex -4.44326 -1.19057 0
      vertex -4.37486 -1.42148 5
      vertex -4.37486 -1.42148 0
    endloop
  endfacet
  facet normal 0.942639 0.333813 0
    outer loop
      vertex -4.29447 -1.64849 5
      vertex -4.37486 -1.42148 0
      vertex -4.37486 -1.42148 5
    endloop
  endfacet
  facet normal 0.942639 0.333813 0
    outer loop
      vertex -4.37486 -1.42148 0
      vertex -4.29447 -1.64849 5
      vertex -4.29447 -1.64849 0
    endloop
  endfacet
  facet normal -0.0261598 0.999658 0
    outer loop
      vertex 0.240745 -4.5937 0
      vertex 0 -4.6 5
      vertex 0.240745 -4.5937 5
    endloop
  endfacet
  facet normal -0.0261598 0.999658 0
    outer loop
      vertex 0 -4.6 5
      vertex 0.240745 -4.5937 0
      vertex 0 -4.6 0
    endloop
  endfacet
  facet normal 0.942639 -0.333813 0
    outer loop
      vertex -4.37486 1.42148 5
      vertex -4.29447 1.64849 0
      vertex -4.29447 1.64849 5
    endloop
  endfacet
  facet normal 0.942639 -0.333813 0
    outer loop
      vertex -4.29447 1.64849 0
      vertex -4.37486 1.42148 5
      vertex -4.37486 1.42148 0
    endloop
  endfacet
  facet normal -0.566393 0.824135 0
    outer loop
      vertex 2.70381 -3.72148 0
      vertex 2.50534 -3.85788 5
      vertex 2.70381 -3.72148 5
    endloop
  endfacet
  facet normal -0.566393 0.824135 0
    outer loop
      vertex 2.50534 -3.85788 5
      vertex 2.70381 -3.72148 0
      vertex 2.50534 -3.85788 0
    endloop
  endfacet
  facet normal -0.972371 0.233442 0
    outer loop
      vertex 4.44326 -1.19057 0
      vertex 4.49948 -0.956393 5
      vertex 4.49948 -0.956393 0
    endloop
  endfacet
  facet normal -0.972371 0.233442 0
    outer loop
      vertex 4.49948 -0.956393 5
      vertex 4.44326 -1.19057 0
      vertex 4.44326 -1.19057 5
    endloop
  endfacet
  facet normal 0.991447 -0.130508 0
    outer loop
      vertex -4.5748 0.48083 5
      vertex -4.54337 0.719598 0
      vertex -4.54337 0.719598 5
    endloop
  endfacet
  facet normal 0.991447 -0.130508 0
    outer loop
      vertex -4.54337 0.719598 0
      vertex -4.5748 0.48083 5
      vertex -4.5748 0.48083 0
    endloop
  endfacet
  facet normal -0.0261598 -0.999658 0
    outer loop
      vertex 0 4.6 0
      vertex 0.240745 4.5937 5
      vertex 0 4.6 5
    endloop
  endfacet
  facet normal -0.0261598 -0.999658 -0
    outer loop
      vertex 0.240745 4.5937 5
      vertex 0 4.6 0
      vertex 0.240745 4.5937 0
    endloop
  endfacet
  facet normal 0.996916 0.0784793 0
    outer loop
      vertex -4.5748 -0.48083 5
      vertex -4.5937 -0.240745 0
      vertex -4.5937 -0.240745 5
    endloop
  endfacet
  facet normal 0.996916 0.0784793 0
    outer loop
      vertex -4.5937 -0.240745 0
      vertex -4.5748 -0.48083 5
      vertex -4.5748 -0.48083 0
    endloop
  endfacet
  facet normal 0.793344 0.608773 0
    outer loop
      vertex -3.57487 -2.89487 5
      vertex -3.72148 -2.70381 0
      vertex -3.72148 -2.70381 5
    endloop
  endfacet
  facet normal 0.793344 0.608773 0
    outer loop
      vertex -3.72148 -2.70381 0
      vertex -3.57487 -2.89487 5
      vertex -3.57487 -2.89487 0
    endloop
  endfacet
  facet normal 0.649429 0.760422 -0
    outer loop
      vertex -2.89487 -3.57487 0
      vertex -3.078 -3.41847 5
      vertex -2.89487 -3.57487 5
    endloop
  endfacet
  facet normal 0.649429 0.760422 0
    outer loop
      vertex -3.078 -3.41847 5
      vertex -2.89487 -3.57487 0
      vertex -3.078 -3.41847 0
    endloop
  endfacet
  facet normal -0.430511 0.902586 0
    outer loop
      vertex 2.08836 -4.09863 0
      vertex 1.87099 -4.20231 5
      vertex 2.08836 -4.09863 5
    endloop
  endfacet
  facet normal -0.430511 0.902586 0
    outer loop
      vertex 1.87099 -4.20231 5
      vertex 2.08836 -4.09863 0
      vertex 1.87099 -4.20231 0
    endloop
  endfacet
  facet normal -0.824135 -0.566393 0
    outer loop
      vertex 3.85788 2.50534 0
      vertex 3.72148 2.70381 5
      vertex 3.72148 2.70381 0
    endloop
  endfacet
  facet normal -0.824135 -0.566393 0
    outer loop
      vertex 3.72148 2.70381 5
      vertex 3.85788 2.50534 0
      vertex 3.85788 2.50534 5
    endloop
  endfacet
  facet normal 0.999658 -0.0261598 0
    outer loop
      vertex -4.6 0 5
      vertex -4.5937 0.240745 0
      vertex -4.5937 0.240745 5
    endloop
  endfacet
  facet normal 0.999658 -0.0261598 0
    outer loop
      vertex -4.5937 0.240745 0
      vertex -4.6 0 5
      vertex -4.6 0 0
    endloop
  endfacet
  facet normal 0.991447 0.130508 0
    outer loop
      vertex -4.54337 -0.719598 5
      vertex -4.5748 -0.48083 0
      vertex -4.5748 -0.48083 5
    endloop
  endfacet
  facet normal 0.991447 0.130508 0
    outer loop
      vertex -4.5748 -0.48083 0
      vertex -4.54337 -0.719598 5
      vertex -4.54337 -0.719598 0
    endloop
  endfacet
  facet normal 0.996916 -0.0784793 0
    outer loop
      vertex -4.5937 0.240745 5
      vertex -4.5748 0.48083 0
      vertex -4.5748 0.48083 5
    endloop
  endfacet
  facet normal 0.996916 -0.0784793 0
    outer loop
      vertex -4.5748 0.48083 0
      vertex -4.5937 0.240745 5
      vertex -4.5937 0.240745 0
    endloop
  endfacet
  facet normal -0.608773 -0.793344 0
    outer loop
      vertex 2.70381 3.72148 0
      vertex 2.89487 3.57487 5
      vertex 2.70381 3.72148 5
    endloop
  endfacet
  facet normal -0.608773 -0.793344 -0
    outer loop
      vertex 2.89487 3.57487 5
      vertex 2.70381 3.72148 0
      vertex 2.89487 3.57487 0
    endloop
  endfacet
  facet normal -0.760422 -0.649429 0
    outer loop
      vertex 3.57487 2.89487 0
      vertex 3.41847 3.078 5
      vertex 3.41847 3.078 0
    endloop
  endfacet
  facet normal -0.760422 -0.649429 0
    outer loop
      vertex 3.41847 3.078 5
      vertex 3.57487 2.89487 0
      vertex 3.57487 2.89487 5
    endloop
  endfacet
  facet normal 0.878819 -0.477155 0
    outer loop
      vertex -4.09863 2.08836 5
      vertex -3.98372 2.3 0
      vertex -3.98372 2.3 5
    endloop
  endfacet
  facet normal 0.878819 -0.477155 0
    outer loop
      vertex -3.98372 2.3 0
      vertex -4.09863 2.08836 5
      vertex -4.09863 2.08836 0
    endloop
  endfacet
  facet normal -0.649429 -0.760422 0
    outer loop
      vertex 2.89487 3.57487 0
      vertex 3.078 3.41847 5
      vertex 2.89487 3.57487 5
    endloop
  endfacet
  facet normal -0.649429 -0.760422 -0
    outer loop
      vertex 3.078 3.41847 5
      vertex 2.89487 3.57487 0
      vertex 3.078 3.41847 0
    endloop
  endfacet
  facet normal 0.430511 -0.902586 0
    outer loop
      vertex -2.08836 4.09863 0
      vertex -1.87099 4.20231 5
      vertex -2.08836 4.09863 5
    endloop
  endfacet
  facet normal 0.430511 -0.902586 0
    outer loop
      vertex -1.87099 4.20231 5
      vertex -2.08836 4.09863 0
      vertex -1.87099 4.20231 0
    endloop
  endfacet
  facet normal -0.688366 -0.725363 0
    outer loop
      vertex 3.078 3.41847 0
      vertex 3.25269 3.25269 5
      vertex 3.078 3.41847 5
    endloop
  endfacet
  facet normal -0.688366 -0.725363 -0
    outer loop
      vertex 3.25269 3.25269 5
      vertex 3.078 3.41847 0
      vertex 3.25269 3.25269 0
    endloop
  endfacet
  facet normal -0.999658 -0.0261598 0
    outer loop
      vertex 4.6 0 0
      vertex 4.5937 0.240745 5
      vertex 4.5937 0.240745 0
    endloop
  endfacet
  facet normal -0.999658 -0.0261598 0
    outer loop
      vertex 4.5937 0.240745 5
      vertex 4.6 0 0
      vertex 4.6 0 5
    endloop
  endfacet
  facet normal 0.852626 0.522521 0
    outer loop
      vertex -3.85788 -2.50534 5
      vertex -3.98372 -2.3 0
      vertex -3.98372 -2.3 5
    endloop
  endfacet
  facet normal 0.852626 0.522521 0
    outer loop
      vertex -3.98372 -2.3 0
      vertex -3.85788 -2.50534 5
      vertex -3.85788 -2.50534 0
    endloop
  endfacet
  facet normal 0.130508 -0.991447 0
    outer loop
      vertex -0.719598 4.54337 0
      vertex -0.48083 4.5748 5
      vertex -0.719598 4.54337 5
    endloop
  endfacet
  facet normal 0.130508 -0.991447 0
    outer loop
      vertex -0.48083 4.5748 5
      vertex -0.719598 4.54337 0
      vertex -0.48083 4.5748 0
    endloop
  endfacet
  facet normal 0.760422 -0.649429 0
    outer loop
      vertex -3.57487 2.89487 5
      vertex -3.41847 3.078 0
      vertex -3.41847 3.078 5
    endloop
  endfacet
  facet normal 0.760422 -0.649429 0
    outer loop
      vertex -3.41847 3.078 0
      vertex -3.57487 2.89487 5
      vertex -3.57487 2.89487 0
    endloop
  endfacet
  facet normal -0.333813 0.942639 0
    outer loop
      vertex 1.64849 -4.29447 0
      vertex 1.42148 -4.37486 5
      vertex 1.64849 -4.29447 5
    endloop
  endfacet
  facet normal -0.333813 0.942639 0
    outer loop
      vertex 1.42148 -4.37486 5
      vertex 1.64849 -4.29447 0
      vertex 1.42148 -4.37486 0
    endloop
  endfacet
  facet normal -0.878819 0.477155 0
    outer loop
      vertex 3.98372 -2.3 0
      vertex 4.09863 -2.08836 5
      vertex 4.09863 -2.08836 0
    endloop
  endfacet
  facet normal -0.878819 0.477155 0
    outer loop
      vertex 4.09863 -2.08836 5
      vertex 3.98372 -2.3 0
      vertex 3.98372 -2.3 5
    endloop
  endfacet
  facet normal -0.852626 0.522521 0
    outer loop
      vertex 3.85788 -2.50534 0
      vertex 3.98372 -2.3 5
      vertex 3.98372 -2.3 0
    endloop
  endfacet
  facet normal -0.852626 0.522521 0
    outer loop
      vertex 3.98372 -2.3 5
      vertex 3.85788 -2.50534 0
      vertex 3.85788 -2.50534 5
    endloop
  endfacet
  facet normal 0.923883 0.382675 0
    outer loop
      vertex -4.20231 -1.87099 5
      vertex -4.29447 -1.64849 0
      vertex -4.29447 -1.64849 5
    endloop
  endfacet
  facet normal 0.923883 0.382675 0
    outer loop
      vertex -4.29447 -1.64849 0
      vertex -4.20231 -1.87099 5
      vertex -4.20231 -1.87099 0
    endloop
  endfacet
  facet normal -0.902586 -0.430511 0
    outer loop
      vertex 4.20231 1.87099 0
      vertex 4.09863 2.08836 5
      vertex 4.09863 2.08836 0
    endloop
  endfacet
  facet normal -0.902586 -0.430511 0
    outer loop
      vertex 4.09863 2.08836 5
      vertex 4.20231 1.87099 0
      vertex 4.20231 1.87099 5
    endloop
  endfacet
  facet normal 0.0261598 0.999658 -0
    outer loop
      vertex 0 -4.6 0
      vertex -0.240745 -4.5937 5
      vertex 0 -4.6 5
    endloop
  endfacet
  facet normal 0.0261598 0.999658 0
    outer loop
      vertex -0.240745 -4.5937 5
      vertex 0 -4.6 0
      vertex -0.240745 -4.5937 0
    endloop
  endfacet
  facet normal -0.760422 0.649429 0
    outer loop
      vertex 3.41847 -3.078 0
      vertex 3.57487 -2.89487 5
      vertex 3.57487 -2.89487 0
    endloop
  endfacet
  facet normal -0.760422 0.649429 0
    outer loop
      vertex 3.57487 -2.89487 5
      vertex 3.41847 -3.078 0
      vertex 3.41847 -3.078 5
    endloop
  endfacet
  facet normal -0.942639 0.333813 0
    outer loop
      vertex 4.29447 -1.64849 0
      vertex 4.37486 -1.42148 5
      vertex 4.37486 -1.42148 0
    endloop
  endfacet
  facet normal -0.942639 0.333813 0
    outer loop
      vertex 4.37486 -1.42148 5
      vertex 4.29447 -1.64849 0
      vertex 4.29447 -1.64849 5
    endloop
  endfacet
  facet normal -0.382675 -0.923883 0
    outer loop
      vertex 1.64849 4.29447 0
      vertex 1.87099 4.20231 5
      vertex 1.64849 4.29447 5
    endloop
  endfacet
  facet normal -0.382675 -0.923883 -0
    outer loop
      vertex 1.87099 4.20231 5
      vertex 1.64849 4.29447 0
      vertex 1.87099 4.20231 0
    endloop
  endfacet
  facet normal -0.958818 0.28402 0
    outer loop
      vertex 4.37486 -1.42148 0
      vertex 4.44326 -1.19057 5
      vertex 4.44326 -1.19057 0
    endloop
  endfacet
  facet normal -0.958818 0.28402 0
    outer loop
      vertex 4.44326 -1.19057 5
      vertex 4.37486 -1.42148 0
      vertex 4.37486 -1.42148 5
    endloop
  endfacet
  facet normal -0.608773 0.793344 0
    outer loop
      vertex 2.89487 -3.57487 0
      vertex 2.70381 -3.72148 5
      vertex 2.89487 -3.57487 5
    endloop
  endfacet
  facet normal -0.608773 0.793344 0
    outer loop
      vertex 2.70381 -3.72148 5
      vertex 2.89487 -3.57487 0
      vertex 2.70381 -3.72148 0
    endloop
  endfacet
  facet normal -0.983253 -0.182246 0
    outer loop
      vertex 4.54337 0.719598 0
      vertex 4.49948 0.956393 5
      vertex 4.49948 0.956393 0
    endloop
  endfacet
  facet normal -0.983253 -0.182246 0
    outer loop
      vertex 4.49948 0.956393 5
      vertex 4.54337 0.719598 0
      vertex 4.54337 0.719598 5
    endloop
  endfacet
  facet normal 0.0784793 -0.996916 0
    outer loop
      vertex -0.48083 4.5748 0
      vertex -0.240745 4.5937 5
      vertex -0.48083 4.5748 5
    endloop
  endfacet
  facet normal 0.0784793 -0.996916 0
    outer loop
      vertex -0.240745 4.5937 5
      vertex -0.48083 4.5748 0
      vertex -0.240745 4.5937 0
    endloop
  endfacet
  facet normal 0.233442 -0.972371 0
    outer loop
      vertex -1.19057 4.44326 0
      vertex -0.956393 4.49948 5
      vertex -1.19057 4.44326 5
    endloop
  endfacet
  facet normal 0.233442 -0.972371 0
    outer loop
      vertex -0.956393 4.49948 5
      vertex -1.19057 4.44326 0
      vertex -0.956393 4.49948 0
    endloop
  endfacet
  facet normal -0.477155 -0.878819 0
    outer loop
      vertex 2.08836 4.09863 0
      vertex 2.3 3.98372 5
      vertex 2.08836 4.09863 5
    endloop
  endfacet
  facet normal -0.477155 -0.878819 -0
    outer loop
      vertex 2.3 3.98372 5
      vertex 2.08836 4.09863 0
      vertex 2.3 3.98372 0
    endloop
  endfacet
  facet normal 0.902586 0.430511 0
    outer loop
      vertex -4.09863 -2.08836 5
      vertex -4.20231 -1.87099 0
      vertex -4.20231 -1.87099 5
    endloop
  endfacet
  facet normal 0.902586 0.430511 0
    outer loop
      vertex -4.20231 -1.87099 0
      vertex -4.09863 -2.08836 5
      vertex -4.09863 -2.08836 0
    endloop
  endfacet
  facet normal -0.233442 -0.972371 0
    outer loop
      vertex 0.956393 4.49948 0
      vertex 1.19057 4.44326 5
      vertex 0.956393 4.49948 5
    endloop
  endfacet
  facet normal -0.233442 -0.972371 -0
    outer loop
      vertex 1.19057 4.44326 5
      vertex 0.956393 4.49948 0
      vertex 1.19057 4.44326 0
    endloop
  endfacet
  facet normal -0.382675 0.923883 0
    outer loop
      vertex 1.87099 -4.20231 0
      vertex 1.64849 -4.29447 5
      vertex 1.87099 -4.20231 5
    endloop
  endfacet
  facet normal -0.382675 0.923883 0
    outer loop
      vertex 1.64849 -4.29447 5
      vertex 1.87099 -4.20231 0
      vertex 1.64849 -4.29447 0
    endloop
  endfacet
  facet normal -0.566393 -0.824135 0
    outer loop
      vertex 2.50534 3.85788 0
      vertex 2.70381 3.72148 5
      vertex 2.50534 3.85788 5
    endloop
  endfacet
  facet normal -0.566393 -0.824135 -0
    outer loop
      vertex 2.70381 3.72148 5
      vertex 2.50534 3.85788 0
      vertex 2.70381 3.72148 0
    endloop
  endfacet
  facet normal 0.477155 0.878819 -0
    outer loop
      vertex -2.08836 -4.09863 0
      vertex -2.3 -3.98372 5
      vertex -2.08836 -4.09863 5
    endloop
  endfacet
  facet normal 0.477155 0.878819 0
    outer loop
      vertex -2.3 -3.98372 5
      vertex -2.08836 -4.09863 0
      vertex -2.3 -3.98372 0
    endloop
  endfacet
  facet normal 0.430511 0.902586 -0
    outer loop
      vertex -1.87099 -4.20231 0
      vertex -2.08836 -4.09863 5
      vertex -1.87099 -4.20231 5
    endloop
  endfacet
  facet normal 0.430511 0.902586 0
    outer loop
      vertex -2.08836 -4.09863 5
      vertex -1.87099 -4.20231 0
      vertex -2.08836 -4.09863 0
    endloop
  endfacet
  facet normal 0.382675 0.923883 -0
    outer loop
      vertex -1.64849 -4.29447 0
      vertex -1.87099 -4.20231 5
      vertex -1.64849 -4.29447 5
    endloop
  endfacet
  facet normal 0.382675 0.923883 0
    outer loop
      vertex -1.87099 -4.20231 5
      vertex -1.64849 -4.29447 0
      vertex -1.87099 -4.20231 0
    endloop
  endfacet
  facet normal 0.725363 -0.688366 0
    outer loop
      vertex -3.41847 3.078 5
      vertex -3.25269 3.25269 0
      vertex -3.25269 3.25269 5
    endloop
  endfacet
  facet normal 0.725363 -0.688366 0
    outer loop
      vertex -3.25269 3.25269 0
      vertex -3.41847 3.078 5
      vertex -3.41847 3.078 0
    endloop
  endfacet
  facet normal 0.688366 0.725363 -0
    outer loop
      vertex -3.078 -3.41847 0
      vertex -3.25269 -3.25269 5
      vertex -3.078 -3.41847 5
    endloop
  endfacet
  facet normal 0.688366 0.725363 0
    outer loop
      vertex -3.25269 -3.25269 5
      vertex -3.078 -3.41847 0
      vertex -3.25269 -3.25269 0
    endloop
  endfacet
  facet normal 0.972371 -0.233442 0
    outer loop
      vertex -4.49948 0.956393 5
      vertex -4.44326 1.19057 0
      vertex -4.44326 1.19057 5
    endloop
  endfacet
  facet normal 0.972371 -0.233442 0
    outer loop
      vertex -4.44326 1.19057 0
      vertex -4.49948 0.956393 5
      vertex -4.49948 0.956393 0
    endloop
  endfacet
  facet normal 0.382675 -0.923883 0
    outer loop
      vertex -1.87099 4.20231 0
      vertex -1.64849 4.29447 5
      vertex -1.87099 4.20231 5
    endloop
  endfacet
  facet normal 0.382675 -0.923883 0
    outer loop
      vertex -1.64849 4.29447 5
      vertex -1.87099 4.20231 0
      vertex -1.64849 4.29447 0
    endloop
  endfacet
  facet normal 0.725363 0.688366 0
    outer loop
      vertex -3.25269 -3.25269 5
      vertex -3.41847 -3.078 0
      vertex -3.41847 -3.078 5
    endloop
  endfacet
  facet normal 0.725363 0.688366 0
    outer loop
      vertex -3.41847 -3.078 0
      vertex -3.25269 -3.25269 5
      vertex -3.25269 -3.25269 0
    endloop
  endfacet
  facet normal -0.923883 -0.382675 0
    outer loop
      vertex 4.29447 1.64849 0
      vertex 4.20231 1.87099 5
      vertex 4.20231 1.87099 0
    endloop
  endfacet
  facet normal -0.923883 -0.382675 0
    outer loop
      vertex 4.20231 1.87099 5
      vertex 4.29447 1.64849 0
      vertex 4.29447 1.64849 5
    endloop
  endfacet
  facet normal -0.942639 -0.333813 0
    outer loop
      vertex 4.37486 1.42148 0
      vertex 4.29447 1.64849 5
      vertex 4.29447 1.64849 0
    endloop
  endfacet
  facet normal -0.942639 -0.333813 0
    outer loop
      vertex 4.29447 1.64849 5
      vertex 4.37486 1.42148 0
      vertex 4.37486 1.42148 5
    endloop
  endfacet
  facet normal 0.233442 0.972371 -0
    outer loop
      vertex -0.956393 -4.49948 0
      vertex -1.19057 -4.44326 5
      vertex -0.956393 -4.49948 5
    endloop
  endfacet
  facet normal 0.233442 0.972371 0
    outer loop
      vertex -1.19057 -4.44326 5
      vertex -0.956393 -4.49948 0
      vertex -1.19057 -4.44326 0
    endloop
  endfacet
  facet normal 0.983253 -0.182246 0
    outer loop
      vertex -4.54337 0.719598 5
      vertex -4.49948 0.956393 0
      vertex -4.49948 0.956393 5
    endloop
  endfacet
  facet normal 0.983253 -0.182246 0
    outer loop
      vertex -4.49948 0.956393 0
      vertex -4.54337 0.719598 5
      vertex -4.54337 0.719598 0
    endloop
  endfacet
  facet normal -0.182246 0.983253 0
    outer loop
      vertex 0.956393 -4.49948 0
      vertex 0.719598 -4.54337 5
      vertex 0.956393 -4.49948 5
    endloop
  endfacet
  facet normal -0.182246 0.983253 0
    outer loop
      vertex 0.719598 -4.54337 5
      vertex 0.956393 -4.49948 0
      vertex 0.719598 -4.54337 0
    endloop
  endfacet
  facet normal 0.28402 -0.958818 0
    outer loop
      vertex -1.42148 4.37486 0
      vertex -1.19057 4.44326 5
      vertex -1.42148 4.37486 5
    endloop
  endfacet
  facet normal 0.28402 -0.958818 0
    outer loop
      vertex -1.19057 4.44326 5
      vertex -1.42148 4.37486 0
      vertex -1.19057 4.44326 0
    endloop
  endfacet
  facet normal -0.130508 0.991447 0
    outer loop
      vertex 0.719598 -4.54337 0
      vertex 0.48083 -4.5748 5
      vertex 0.719598 -4.54337 5
    endloop
  endfacet
  facet normal -0.130508 0.991447 0
    outer loop
      vertex 0.48083 -4.5748 5
      vertex 0.719598 -4.54337 0
      vertex 0.48083 -4.5748 0
    endloop
  endfacet
  facet normal 0.688366 -0.725363 0
    outer loop
      vertex -3.25269 3.25269 0
      vertex -3.078 3.41847 5
      vertex -3.25269 3.25269 5
    endloop
  endfacet
  facet normal 0.688366 -0.725363 0
    outer loop
      vertex -3.078 3.41847 5
      vertex -3.25269 3.25269 0
      vertex -3.078 3.41847 0
    endloop
  endfacet
  facet normal -0.958818 -0.28402 0
    outer loop
      vertex 4.44326 1.19057 0
      vertex 4.37486 1.42148 5
      vertex 4.37486 1.42148 0
    endloop
  endfacet
  facet normal -0.958818 -0.28402 0
    outer loop
      vertex 4.37486 1.42148 5
      vertex 4.44326 1.19057 0
      vertex 4.44326 1.19057 5
    endloop
  endfacet
  facet normal -0.972371 -0.233442 0
    outer loop
      vertex 4.49948 0.956393 0
      vertex 4.44326 1.19057 5
      vertex 4.44326 1.19057 0
    endloop
  endfacet
  facet normal -0.972371 -0.233442 0
    outer loop
      vertex 4.44326 1.19057 5
      vertex 4.49948 0.956393 0
      vertex 4.49948 0.956393 5
    endloop
  endfacet
  facet normal -0.878819 -0.477155 0
    outer loop
      vertex 4.09863 2.08836 0
      vertex 3.98372 2.3 5
      vertex 3.98372 2.3 0
    endloop
  endfacet
  facet normal -0.878819 -0.477155 0
    outer loop
      vertex 3.98372 2.3 5
      vertex 4.09863 2.08836 0
      vertex 4.09863 2.08836 5
    endloop
  endfacet
  facet normal 0.878819 0.477155 0
    outer loop
      vertex -3.98372 -2.3 5
      vertex -4.09863 -2.08836 0
      vertex -4.09863 -2.08836 5
    endloop
  endfacet
  facet normal 0.878819 0.477155 0
    outer loop
      vertex -4.09863 -2.08836 0
      vertex -3.98372 -2.3 5
      vertex -3.98372 -2.3 0
    endloop
  endfacet
  facet normal -0.522521 0.852626 0
    outer loop
      vertex 2.50534 -3.85788 0
      vertex 2.3 -3.98372 5
      vertex 2.50534 -3.85788 5
    endloop
  endfacet
  facet normal -0.522521 0.852626 0
    outer loop
      vertex 2.3 -3.98372 5
      vertex 2.50534 -3.85788 0
      vertex 2.3 -3.98372 0
    endloop
  endfacet
  facet normal -0.182246 -0.983253 0
    outer loop
      vertex 0.719598 4.54337 0
      vertex 0.956393 4.49948 5
      vertex 0.719598 4.54337 5
    endloop
  endfacet
  facet normal -0.182246 -0.983253 -0
    outer loop
      vertex 0.956393 4.49948 5
      vertex 0.719598 4.54337 0
      vertex 0.956393 4.49948 0
    endloop
  endfacet
  facet normal -0.688366 0.725363 0
    outer loop
      vertex 3.25269 -3.25269 0
      vertex 3.078 -3.41847 5
      vertex 3.25269 -3.25269 5
    endloop
  endfacet
  facet normal -0.688366 0.725363 0
    outer loop
      vertex 3.078 -3.41847 5
      vertex 3.25269 -3.25269 0
      vertex 3.078 -3.41847 0
    endloop
  endfacet
  facet normal 0.333813 0.942639 -0
    outer loop
      vertex -1.42148 -4.37486 0
      vertex -1.64849 -4.29447 5
      vertex -1.42148 -4.37486 5
    endloop
  endfacet
  facet normal 0.333813 0.942639 0
    outer loop
      vertex -1.64849 -4.29447 5
      vertex -1.42148 -4.37486 0
      vertex -1.64849 -4.29447 0
    endloop
  endfacet
  facet normal 0.824135 0.566393 0
    outer loop
      vertex -3.72148 -2.70381 5
      vertex -3.85788 -2.50534 0
      vertex -3.85788 -2.50534 5
    endloop
  endfacet
  facet normal 0.824135 0.566393 0
    outer loop
      vertex -3.85788 -2.50534 0
      vertex -3.72148 -2.70381 5
      vertex -3.72148 -2.70381 0
    endloop
  endfacet
  facet normal -0.923883 0.382675 0
    outer loop
      vertex 4.20231 -1.87099 0
      vertex 4.29447 -1.64849 5
      vertex 4.29447 -1.64849 0
    endloop
  endfacet
  facet normal -0.923883 0.382675 0
    outer loop
      vertex 4.29447 -1.64849 5
      vertex 4.20231 -1.87099 0
      vertex 4.20231 -1.87099 5
    endloop
  endfacet
  facet normal -0.725363 0.688366 0
    outer loop
      vertex 3.25269 -3.25269 0
      vertex 3.41847 -3.078 5
      vertex 3.41847 -3.078 0
    endloop
  endfacet
  facet normal -0.725363 0.688366 0
    outer loop
      vertex 3.41847 -3.078 5
      vertex 3.25269 -3.25269 0
      vertex 3.25269 -3.25269 5
    endloop
  endfacet
  facet normal -0.793344 -0.608773 0
    outer loop
      vertex 3.72148 2.70381 0
      vertex 3.57487 2.89487 5
      vertex 3.57487 2.89487 0
    endloop
  endfacet
  facet normal -0.793344 -0.608773 0
    outer loop
      vertex 3.57487 2.89487 5
      vertex 3.72148 2.70381 0
      vertex 3.72148 2.70381 5
    endloop
  endfacet
  facet normal 0.333813 -0.942639 0
    outer loop
      vertex -1.64849 4.29447 0
      vertex -1.42148 4.37486 5
      vertex -1.64849 4.29447 5
    endloop
  endfacet
  facet normal 0.333813 -0.942639 0
    outer loop
      vertex -1.42148 4.37486 5
      vertex -1.64849 4.29447 0
      vertex -1.42148 4.37486 0
    endloop
  endfacet
  facet normal 0.0261598 -0.999658 0
    outer loop
      vertex -0.240745 4.5937 0
      vertex 0 4.6 5
      vertex -0.240745 4.5937 5
    endloop
  endfacet
  facet normal 0.0261598 -0.999658 0
    outer loop
      vertex 0 4.6 5
      vertex -0.240745 4.5937 0
      vertex 0 4.6 0
    endloop
  endfacet
  facet normal 0.793344 -0.608773 0
    outer loop
      vertex -3.72148 2.70381 5
      vertex -3.57487 2.89487 0
      vertex -3.57487 2.89487 5
    endloop
  endfacet
  facet normal 0.793344 -0.608773 0
    outer loop
      vertex -3.57487 2.89487 0
      vertex -3.72148 2.70381 5
      vertex -3.72148 2.70381 0
    endloop
  endfacet
  facet normal 0.958818 -0.28402 0
    outer loop
      vertex -4.44326 1.19057 5
      vertex -4.37486 1.42148 0
      vertex -4.37486 1.42148 5
    endloop
  endfacet
  facet normal 0.958818 -0.28402 0
    outer loop
      vertex -4.37486 1.42148 0
      vertex -4.44326 1.19057 5
      vertex -4.44326 1.19057 0
    endloop
  endfacet
  facet normal 0.566393 0.824135 -0
    outer loop
      vertex -2.50534 -3.85788 0
      vertex -2.70381 -3.72148 5
      vertex -2.50534 -3.85788 5
    endloop
  endfacet
  facet normal 0.566393 0.824135 0
    outer loop
      vertex -2.70381 -3.72148 5
      vertex -2.50534 -3.85788 0
      vertex -2.70381 -3.72148 0
    endloop
  endfacet
  facet normal 0.522521 0.852626 -0
    outer loop
      vertex -2.3 -3.98372 0
      vertex -2.50534 -3.85788 5
      vertex -2.3 -3.98372 5
    endloop
  endfacet
  facet normal 0.522521 0.852626 0
    outer loop
      vertex -2.50534 -3.85788 5
      vertex -2.3 -3.98372 0
      vertex -2.50534 -3.85788 0
    endloop
  endfacet
  facet normal 0.608773 -0.793344 0
    outer loop
      vertex -2.89487 3.57487 0
      vertex -2.70381 3.72148 5
      vertex -2.89487 3.57487 5
    endloop
  endfacet
  facet normal 0.608773 -0.793344 0
    outer loop
      vertex -2.70381 3.72148 5
      vertex -2.89487 3.57487 0
      vertex -2.70381 3.72148 0
    endloop
  endfacet
  facet normal 0.182246 -0.983253 0
    outer loop
      vertex -0.956393 4.49948 0
      vertex -0.719598 4.54337 5
      vertex -0.956393 4.49948 5
    endloop
  endfacet
  facet normal 0.182246 -0.983253 0
    outer loop
      vertex -0.719598 4.54337 5
      vertex -0.956393 4.49948 0
      vertex -0.719598 4.54337 0
    endloop
  endfacet
  facet normal -0.233442 0.972371 0
    outer loop
      vertex 1.19057 -4.44326 0
      vertex 0.956393 -4.49948 5
      vertex 1.19057 -4.44326 5
    endloop
  endfacet
  facet normal -0.233442 0.972371 0
    outer loop
      vertex 0.956393 -4.49948 5
      vertex 1.19057 -4.44326 0
      vertex 0.956393 -4.49948 0
    endloop
  endfacet
  facet normal 0.972371 0.233442 0
    outer loop
      vertex -4.44326 -1.19057 5
      vertex -4.49948 -0.956393 0
      vertex -4.49948 -0.956393 5
    endloop
  endfacet
  facet normal 0.972371 0.233442 0
    outer loop
      vertex -4.49948 -0.956393 0
      vertex -4.44326 -1.19057 5
      vertex -4.44326 -1.19057 0
    endloop
  endfacet
  facet normal -0 0 1
    outer loop
      vertex -1.1 -5.9 2.5
      vertex 1.1 -9.1 2.5
      vertex 1.1 -5.9 2.5
    endloop
  endfacet
  facet normal 0 0 1
    outer loop
      vertex 1.1 -9.1 2.5
      vertex -1.1 -5.9 2.5
      vertex -1.1 -9.1 2.5
    endloop
  endfacet
  facet normal 0 1 -0
    outer loop
      vertex 1.1 -9.1 2.5
      vertex -1.1 -9.1 5
      vertex 1.1 -9.1 5
    endloop
  endfacet
  facet normal 0 1 0
    outer loop
      vertex -1.1 -9.1 5
      vertex 1.1 -9.1 2.5
      vertex -1.1 -9.1 2.5
    endloop
  endfacet
  facet normal 0 -1 0
    outer loop
      vertex -1.1 -5.9 2.5
      vertex 1.1 -5.9 5
      vertex -1.1 -5.9 5
    endloop
  endfacet
  facet normal 0 -1 -0
    outer loop
      vertex 1.1 -5.9 5
      vertex -1.1 -5.9 2.5
      vertex 1.1 -5.9 2.5
    endloop
  endfacet
  facet normal 1 -0 0
    outer loop
      vertex -1.1 -9.1 5
      vertex -1.1 -5.9 2.5
      vertex -1.1 -5.9 5
    endloop
  endfacet
  facet normal 1 0 0
    outer loop
      vertex -1.1 -5.9 2.5
      vertex -1.1 -9.1 5
      vertex -1.1 -9.1 2.5
    endloop
  endfacet
  facet normal -1 0 0
    outer loop
      vertex 1.1 -9.1 2.5
      vertex 1.1 -5.9 5
      vertex 1.1 -5.9 2.5
    endloop
  endfacet
  facet normal -1 -0 0
    outer loop
      vertex 1.1 -5.9 5
      vertex 1.1 -9.1 2.5
      vertex 1.1 -9.1 5
    endloop
  endfacet
endsolid OpenSCAD_Model
